Country,Type,Age Category,Capacity (GW),Capacity %
World,Coal,0-9 years,597.6256,6.942440889460166
World,Coal,10-19 years,837.5892,9.730027479830564
World,Coal,20-29 years,322.1688,3.742540229917049
World,Coal,30-39 years,157.8351,1.8335239521734585
World,Coal,40-49 years,177.1165,2.0575103071188243
World,Coal,50+ years,130.12609999999998,1.5116366457962687
World,Oil and gas,0-9 years,580.47884,6.743252019797019
World,Oil and gas,10-19 years,633.1788,7.355451960992504
World,Oil and gas,20-29 years,565.2868000000001,6.5667705576737205
World,Oil and gas,30-39 years,172.20759999999999,2.000485059066748
World,Oil and gas,40-49 years,115.32469999999999,1.3396931337023161
World,Oil and gas,50+ years,150.0327,1.7428857653288454
World,Utility-scale solar,0-9 years,988.7484596650205,11.486000157572224
World,Utility-scale solar,10-19 years,135.35428288759965,1.572370909282384
World,Utility-scale solar,20-29 years,0.38429199999999997,0.004464207179699842
World,Utility-scale solar,30-39 years,0.0,0.0
World,Utility-scale solar,40-49 years,0.005,5.808352996809513e-05
World,Utility-scale solar,50+ years,0.0,0.0
World,Wind,0-9 years,679.9846,7.899181178388637
World,Wind,10-19 years,346.879,4.029591358360574
World,Wind,20-29 years,37.8879,0.44013259501563834
World,Wind,30-39 years,0.961,0.011163654459867884
World,Wind,40-49 years,0.1846,0.0021444439264220725
World,Wind,50+ years,0.023,0.0002671842378532376
World,Hydropower,0-9 years,176.007,2.044621571818904
World,Hydropower,10-19 years,296.357,3.442692138150954
World,Hydropower,20-29 years,108.237,1.2573574066313427
World,Hydropower,30-39 years,107.818,1.2524900068200162
World,Hydropower,40-49 years,187.326,2.1761110669606776
World,Hydropower,50+ years,393.992,4.576889227837948
World,Nuclear,0-9 years,65.306,0.7586406016192841
World,Nuclear,10-19 years,42.416,0.4927342014253446
World,Nuclear,20-29 years,31.193,0.3623599100589583
World,Nuclear,30-39 years,87.893,1.021027139897157
World,Nuclear,40-49 years,142.674,1.6574019109336011
World,Nuclear,50+ years,38.319,0.4451405569694875
World,Bioenergy,0-9 years,43.89580600000001,0.509924672654938
World,Bioenergy,10-19 years,32.211079,0.374186634480236
World,Bioenergy,20-29 years,11.464345,0.13317792527441633
World,Bioenergy,30-39 years,8.369489999999999,0.09722590464653451
World,Bioenergy,40-49 years,5.6176,0.06525800758975425
World,Bioenergy,50+ years,6.4015,0.0743643434181522
World,Geothermal,0-9 years,3.6763600000000003,0.04270719324670125
World,Geothermal,10-19 years,3.71125,0.04311250011881861
World,Geothermal,20-29 years,2.52895,0.029378068622562835
World,Geothermal,30-39 years,2.5345999999999997,0.029443703011426785
World,Geothermal,40-49 years,2.948,0.034246049269188894
World,Geothermal,50+ years,0.6432,0.007471865295095758
BRICS,Coal,0-9 years,511.8368,11.752847572612126
BRICS,Coal,10-19 years,740.1809,16.99610753634529
BRICS,Coal,20-29 years,253.4039,5.818685586900836
BRICS,Coal,30-39 years,90.8043,2.0850573793008693
BRICS,Coal,40-49 years,40.0076,0.9186584953368668
BRICS,Coal,50+ years,23.251099999999997,0.5338940736491823
BRICS,Oil and gas,0-9 years,215.4893,4.948086765994328
BRICS,Oil and gas,10-19 years,163.7546,3.760149432620065
BRICS,Oil and gas,20-29 years,71.0539,1.6315467276671485
BRICS,Oil and gas,30-39 years,38.4838,0.8836688479900049
BRICS,Oil and gas,40-49 years,36.624900000000004,0.8409846010723767
BRICS,Oil and gas,50+ years,33.8061,0.7762590347635863
BRICS,Utility-scale solar,0-9 years,600.4222239834014,13.786954899854198
BRICS,Utility-scale solar,10-19 years,67.9425170910187,1.5601028434656066
BRICS,Utility-scale solar,20-29 years,0.0,0.0
BRICS,Utility-scale solar,30-39 years,0.0,0.0
BRICS,Utility-scale solar,40-49 years,0.0,0.0
BRICS,Utility-scale solar,50+ years,0.0,0.0
BRICS,Wind,0-9 years,420.30740000000003,9.651140374902536
BRICS,Wind,10-19 years,165.63670000000002,3.803366400248054
BRICS,Wind,20-29 years,1.701,0.03905853139323555
BRICS,Wind,30-39 years,0.145,0.00332950443975259
BRICS,Wind,40-49 years,0.0,0.0
BRICS,Wind,50+ years,0.0,0.0
BRICS,Hydropower,0-9 years,128.843,2.958505796765813
BRICS,Hydropower,10-19 years,227.761,5.2298707634654455
BRICS,Hydropower,20-29 years,74.714,1.715590308356379
BRICS,Hydropower,30-39 years,41.891,0.9619053136943154
BRICS,Hydropower,40-49 years,58.566,1.3447983242658632
BRICS,Hydropower,50+ years,76.274,1.7514111837082
BRICS,Nuclear,0-9 years,46.69,1.0721004296003338
BRICS,Nuclear,10-19 years,33.404,0.7670259745206586
BRICS,Nuclear,20-29 years,10.165,0.23340974227644878
BRICS,Nuclear,30-39 years,8.22,0.18874845858459507
BRICS,Nuclear,40-49 years,13.48,0.30952910239906833
BRICS,Nuclear,50+ years,1.457,0.033455779094617395
BRICS,Bioenergy,0-9 years,32.1871,0.7390833955362798
BRICS,Bioenergy,10-19 years,18.7409,0.4303304121031677
BRICS,Bioenergy,20-29 years,4.248,0.09754299903495862
BRICS,Bioenergy,30-39 years,0.9773999999999999,0.022443156133890904
BRICS,Bioenergy,40-49 years,0.6377999999999999,0.014645227114994493
BRICS,Bioenergy,50+ years,0.6703,0.015391495351490763
BRICS,Geothermal,0-9 years,1.0045,0.023065429032630872
BRICS,Geothermal,10-19 years,0.67345,0.01546382596518194
BRICS,Geothermal,20-29 years,0.52895,0.012145802575221602
BRICS,Geothermal,30-39 years,0.275,0.00631457738573767
BRICS,Geothermal,40-49 years,0.03,0.0006888629875350185
BRICS,Geothermal,50+ years,0.012,0.0002755451950140074
EU27,Coal,0-9 years,6.874,0.8027485787440953
EU27,Coal,10-19 years,14.6,1.7049940718160885
EU27,Coal,20-29 years,8.983600000000001,1.0491085440799324
EU27,Coal,30-39 years,9.494,1.1087132683439687
EU27,Coal,40-49 years,20.2602,2.365994581767693
EU27,Coal,50+ years,18.4161,2.1506398168474155
EU27,Oil and gas,0-9 years,24.1095,2.8155174366061635
EU27,Oil and gas,10-19 years,68.5588,8.006325176083893
EU27,Oil and gas,20-29 years,71.0395,8.296022353751988
EU27,Oil and gas,30-39 years,14.2623,1.6655573253741502
EU27,Oil and gas,40-49 years,5.6833,0.6636981375583818
EU27,Oil and gas,50+ years,14.2466,1.663723872844869
EU27,Utility-scale solar,0-9 years,97.71653953660626,11.41137812522576
EU27,Utility-scale solar,10-19 years,17.49562305675863,2.043146136609749
EU27,Utility-scale solar,20-29 years,0.375492,0.04385011191879224
EU27,Utility-scale solar,30-39 years,0.0,0.0
EU27,Utility-scale solar,40-49 years,0.005,0.0005839020793890713
EU27,Utility-scale solar,50+ years,0.0,0.0
EU27,Wind,0-9 years,85.8696,10.027887599261561
EU27,Wind,10-19 years,73.8271,8.621559441052982
EU27,Wind,20-29 years,25.4085,2.967215196831444
EU27,Wind,30-39 years,0.343,0.040055682646090295
EU27,Wind,40-49 years,0.0,0.0
EU27,Wind,50+ years,0.023,0.0026859495651897283
EU27,Hydropower,0-9 years,3.289,0.38409078782213113
EU27,Hydropower,10-19 years,4.587,0.5356717676315341
EU27,Hydropower,20-29 years,3.213,0.37521547621541723
EU27,Hydropower,30-39 years,11.851,1.383964708567977
EU27,Hydropower,40-49 years,16.731,1.9538531380517106
EU27,Hydropower,50+ years,80.5135,9.402400013778399
EU27,Nuclear,0-9 years,3.841,0.4485535773866846
EU27,Nuclear,10-19 years,0.705,0.08233019319385906
EU27,Nuclear,20-29 years,9.406,1.0984365917467211
EU27,Nuclear,30-39 years,27.006,3.153771911196252
EU27,Nuclear,40-49 years,59.005,6.890628438870432
EU27,Nuclear,50+ years,2.432,0.2840099714148443
EU27,Bioenergy,0-9 years,3.028366,0.3536538409102329
EU27,Bioenergy,10-19 years,4.775829,0.5577232967813258
EU27,Bioenergy,20-29 years,3.952705,0.46159853374231585
EU27,Bioenergy,30-39 years,1.99939,0.23348959570194308
EU27,Bioenergy,40-49 years,1.7972000000000001,0.20987776341560785
EU27,Bioenergy,50+ years,1.6750999999999998,0.1956188746369267
EU27,Geothermal,0-9 years,0.0517,0.006037547500882998
EU27,Geothermal,10-19 years,0.111,0.012962626162437384
EU27,Geothermal,20-29 years,0.398,0.04647860551937008
EU27,Geothermal,30-39 years,0.32,0.037369733080900566
EU27,Geothermal,40-49 years,0.038,0.004437655803356942
EU27,Geothermal,50+ years,0.0,0.0
G7,Coal,0-9 years,18.17,0.6911797425459988
G7,Coal,10-19 years,40.214,1.5297249403822122
G7,Coal,20-29 years,31.6939,1.2056236456950264
G7,Coal,30-39 years,33.770300000000006,1.28460909519544
G7,Coal,40-49 years,101.3394,3.8549114145165655
G7,Coal,50+ years,93.979,3.5749246573874753
G7,Oil and gas,0-9 years,149.1088,5.672040836287442
G7,Oil and gas,10-19 years,214.0788,8.143474401131336
G7,Oil and gas,20-29 years,360.6175,13.717749631677586
G7,Oil and gas,30-39 years,77.89439999999999,2.9630727208461773
G7,Oil and gas,40-49 years,35.5121,1.3508664906586552
G7,Oil and gas,50+ years,94.641,3.6001068802584415
G7,Utility-scale solar,0-9 years,252.09260548624485,9.589504796793218
G7,Utility-scale solar,10-19 years,59.98490417389336,2.2818024558920214
G7,Utility-scale solar,20-29 years,0.38429199999999997,0.014618318416207319
G7,Utility-scale solar,30-39 years,0.0,0.0
G7,Utility-scale solar,40-49 years,0.005,0.00019019805793780926
G7,Utility-scale solar,50+ years,0.0,0.0
G7,Wind,0-9 years,200.3932,7.622879492788599
G7,Wind,10-19 years,159.1594,6.054361756509392
G7,Wind,20-29 years,34.6082,1.316482485744658
G7,Wind,30-39 years,0.6996,0.02661251226665827
G7,Wind,40-49 years,0.1846,0.007022112299063917
G7,Wind,50+ years,0.023,0.0008749110665139225
G7,Hydropower,0-9 years,6.898,0.2623972407310016
G7,Hydropower,10-19 years,12.367,0.47043587650337737
G7,Hydropower,20-29 years,8.275,0.31477778588707434
G7,Hydropower,30-39 years,30.651,1.1659521347703583
G7,Hydropower,40-49 years,55.517,2.111845116506671
G7,Hydropower,50+ years,227.2495,8.644482713467637
G7,Nuclear,0-9 years,9.342,0.3553660514510028
G7,Nuclear,10-19 years,1.923,0.07315017308288144
G7,Nuclear,20-29 years,10.586,0.40268732826592973
G7,Nuclear,30-39 years,65.934,2.508103750414303
G7,Nuclear,40-49 years,117.117,4.455085190300482
G7,Nuclear,50+ years,35.74,1.3595357181394605
G7,Bioenergy,0-9 years,7.8383959999999995,0.29816953930949847
G7,Bioenergy,10-19 years,8.837479,0.3361742685732345
G7,Bioenergy,20-29 years,5.227645000000001,0.19885758531765976
G7,Bioenergy,30-39 years,6.64179,0.25265111184615247
G7,Bioenergy,40-49 years,4.8019,0.18266241088231325
G7,Bioenergy,50+ years,5.6975,0.21673068702013362
G7,Geothermal,0-9 years,0.49360000000000004,0.01877635227962053
G7,Geothermal,10-19 years,0.694,0.026399490441767925
G7,Geothermal,20-29 years,0.5812999999999999,0.0221124262158497
G7,Geothermal,30-39 years,1.4122999999999999,0.0537233434451136
G7,Geothermal,40-49 years,1.635,0.06219476494566362
G7,Geothermal,50+ years,0.3782,0.01438658110241589
G20,Coal,0-9 years,549.3068000000001,7.292234953775736
G20,Coal,10-19 years,805.8036,10.697317378554793
G20,Coal,20-29 years,303.2658,4.025956836952977
G20,Coal,30-39 years,141.2276,1.8748445152287543
G20,Coal,40-49 years,158.756,2.1075399982698575
G20,Coal,50+ years,118.9001,1.578439344328944
G20,Oil and gas,0-9 years,422.3476,5.606808310698671
G20,Oil and gas,10-19 years,465.1752,6.175359294786846
G20,Oil and gas,20-29 years,473.7605,6.289332077844785
G20,Oil and gas,30-39 years,132.04109999999997,1.7528905973037239
G20,Oil and gas,40-49 years,87.292,1.1588310459382472
G20,Oil and gas,50+ years,131.74220000000003,1.7489225979494771
G20,Utility-scale solar,0-9 years,913.4106584883067,12.12583774855826
G20,Utility-scale solar,10-19 years,129.05494257509474,1.7132483399142817
G20,Utility-scale solar,20-29 years,0.38429199999999997,0.005101607252734511
G20,Utility-scale solar,30-39 years,0.0,0.0
G20,Utility-scale solar,40-49 years,0.005,6.637670381811891e-05
G20,Utility-scale solar,50+ years,0.0,0.0
G20,Wind,0-9 years,647.9205999999999,8.601366752771579
G20,Wind,10-19 years,339.52410000000003,4.507298124962678
G20,Wind,20-29 years,37.237199999999994,0.49433651908321147
G20,Wind,30-39 years,0.9276,0.01231420609233742
G20,Wind,40-49 years,0.1846,0.00245062790496495
G20,Wind,50+ years,0.023,0.000305332837563347
G20,Hydropower,0-9 years,149.452,1.9840262278051017
G20,Hydropower,10-19 years,250.615,3.326999525475574
G20,Hydropower,20-29 years,86.123,1.143312172585571
G20,Hydropower,30-39 years,86.765,1.1518349413558175
G20,Hydropower,40-49 years,129.452,1.7185194125326257
G20,Hydropower,50+ years,328.5505,4.361619845558976
G20,Nuclear,0-9 years,54.71,0.7262938931778571
G20,Nuclear,10-19 years,40.751,0.5409834114584328
G20,Nuclear,20-29 years,28.868,0.38323253716429134
G20,Nuclear,30-39 years,80.893,1.0738821403918186
G20,Nuclear,40-49 years,135.051,1.7928480454681552
G20,Nuclear,50+ years,37.559,0.4986085237409456
G20,Bioenergy,0-9 years,41.247606,0.5475760253336929
G20,Bioenergy,10-19 years,28.951179,0.3843367667336688
G20,Bioenergy,20-29 years,9.697445,0.12873688691149962
G20,Bioenergy,30-39 years,7.86209,0.10437192386427892
G20,Bioenergy,40-49 years,5.5097,0.07314314500533795
G20,Bioenergy,50+ years,6.4015,0.08498209389833765
G20,Geothermal,0-9 years,2.8562600000000002,0.03791782480950807
G20,Geothermal,10-19 years,2.66045,0.03531838033458289
G20,Geothermal,20-29 years,1.35775,0.018024593921810193
G20,Geothermal,30-39 years,1.9073,0.02532005743845964
G20,Geothermal,40-49 years,1.915,0.025422277562339543
G20,Geothermal,50+ years,0.3902,0.005180037965966
OECD,Coal,0-9 years,34.916,1.1066884310707121
OECD,Coal,10-19 years,66.49419999999999,2.1075828237284377
OECD,Coal,20-29 years,49.0089,1.553373314512012
OECD,Coal,30-39 years,50.2473,1.5926253179785597
OECD,Coal,40-49 years,117.6484,3.728953007617698
OECD,Coal,50+ years,93.365,2.9592726935192184
OECD,Oil and gas,0-9 years,191.7416,6.077391753780159
OECD,Oil and gas,10-19 years,272.1277,8.625288617364
OECD,Oil and gas,20-29 years,408.44319999999993,12.945909158824062
OECD,Oil and gas,30-39 years,90.6541,2.8733487140316027
OECD,Oil and gas,40-49 years,42.3461,1.3421909431482266
OECD,Oil and gas,50+ years,95.03379999999999,3.0121665431517877
OECD,Utility-scale solar,0-9 years,310.22062877456705,9.83267215443623
OECD,Utility-scale solar,10-19 years,61.767540596585725,1.9577678598330843
OECD,Utility-scale solar,20-29 years,0.38429199999999997,0.012180419021452229
OECD,Utility-scale solar,30-39 years,0.0,0.0
OECD,Utility-scale solar,40-49 years,0.005,0.0001584786961666159
OECD,Utility-scale solar,50+ years,0.0,0.0
OECD,Wind,0-9 years,229.5732,7.276492282159548
OECD,Wind,10-19 years,169.5229,5.373153632476722
OECD,Wind,20-29 years,35.9274,1.138745501731295
OECD,Wind,30-39 years,0.8056,0.02553408752636515
OECD,Wind,40-49 years,0.1846,0.005851033462471458
OECD,Wind,50+ years,0.023,0.0007290020023664331
OECD,Hydropower,0-9 years,15.551,0.49290044081740875
OECD,Hydropower,10-19 years,31.725,1.0055473271771778
OECD,Hydropower,20-29 years,18.124,0.5744535778647493
OECD,Hydropower,30-39 years,46.801,1.483392291858758
OECD,Hydropower,40-49 years,73.728,2.3368634621944513
OECD,Hydropower,50+ years,269.969,8.556867025081024
OECD,Nuclear,0-9 years,13.688,0.43385127862572764
OECD,Nuclear,10-19 years,6.897,0.21860551349222995
OECD,Nuclear,20-29 years,18.703,0.5928054108808434
OECD,Nuclear,30-39 years,69.887,2.2151201277992567
OECD,Nuclear,40-49 years,123.25,3.9064998605070818
OECD,Nuclear,50+ years,36.5,1.1568944820162959
OECD,Bioenergy,0-9 years,9.446005999999999,0.29939814297240613
OECD,Bioenergy,10-19 years,10.411379,0.32999635384329706
OECD,Bioenergy,20-29 years,5.701944999999999,0.18072736184275093
OECD,Bioenergy,30-39 years,6.9686900000000005,0.2208777810378669
OECD,Bioenergy,40-49 years,4.8694,0.15433923262274388
OECD,Bioenergy,50+ years,5.7075,0.18090343167419204
OECD,Geothermal,0-9 years,2.1436599999999997,0.06794488836490556
OECD,Geothermal,10-19 years,2.4255,0.07687801551042536
OECD,Geothermal,20-29 years,1.3168,0.04173694942243996
OECD,Geothermal,30-39 years,1.8224,0.05776231517880816
OECD,Geothermal,40-49 years,1.923,0.060950906545680465
OECD,Geothermal,50+ years,0.5712,0.0181046062500742
African Union,Coal,0-9 years,11.545,4.384421306611098
African Union,Coal,10-19 years,2.9493,1.1200496976689573
African Union,Coal,20-29 years,4.279,1.625027178084789
African Union,Coal,30-39 years,14.016,5.322827980377752
African Union,Coal,40-49 years,13.0313,4.948870452389883
African Union,Coal,50+ years,7.062,2.6819214610036877
African Union,Oil and gas,0-9 years,47.412600000000005,18.00578723619137
African Union,Oil and gas,10-19 years,51.5414,19.57377326397274
African Union,Oil and gas,20-29 years,14.0108,5.320853186891881
African Union,Oil and gas,30-39 years,9.533,3.6203281347703418
African Union,Oil and gas,40-49 years,7.199,2.7339496739968205
African Union,Oil and gas,50+ years,0.997,0.37862867411790946
African Union,Utility-scale solar,0-9 years,12.473764825212607,4.73713644636797
African Union,Utility-scale solar,10-19 years,2.071650375959509,0.7867464745089443
African Union,Utility-scale solar,20-29 years,0.0,0.0
African Union,Utility-scale solar,30-39 years,0.0,0.0
African Union,Utility-scale solar,40-49 years,0.0,0.0
African Union,Utility-scale solar,50+ years,0.0,0.0
African Union,Wind,0-9 years,8.152,3.0958685570804394
African Union,Wind,10-19 years,3.0375,1.1535452333331495
African Union,Wind,20-29 years,0.245,0.09304315462275609
African Union,Wind,30-39 years,0.0,0.0
African Union,Wind,40-49 years,0.0,0.0
African Union,Wind,50+ years,0.0,0.0
African Union,Hydropower,0-9 years,15.606,5.9266590654805364
African Union,Hydropower,10-19 years,7.755,2.9451006697937694
African Union,Hydropower,20-29 years,2.365,0.8981512680931354
African Union,Hydropower,30-39 years,2.211,0.8396669994731172
African Union,Hydropower,40-49 years,6.66,2.529254733826757
African Union,Hydropower,50+ years,12.609,4.788494435258496
African Union,Nuclear,0-9 years,0.0,0.0
African Union,Nuclear,10-19 years,0.0,0.0
African Union,Nuclear,20-29 years,0.0,0.0
African Union,Nuclear,30-39 years,0.0,0.0
African Union,Nuclear,40-49 years,1.94,0.7367498774210074
African Union,Nuclear,50+ years,0.0,0.0
African Union,Bioenergy,0-9 years,0.256,0.09722060238132882
African Union,Bioenergy,10-19 years,0.37839999999999996,0.14370420289490163
African Union,Bioenergy,20-29 years,0.041,0.015570487100134691
African Union,Bioenergy,30-39 years,0.0295,0.011203155352535936
African Union,Bioenergy,40-49 years,0.0345,0.013101995242796266
African Union,Bioenergy,50+ years,0.045700000000000005,0.017355396596979402
African Union,Geothermal,0-9 years,0.317,0.1203864490425048
African Union,Geothermal,10-19 years,0.4055,0.15399591510011262
African Union,Geothermal,20-29 years,0.129,0.04899006916871647
African Union,Geothermal,30-39 years,0.0,0.0
African Union,Geothermal,40-49 years,0.0,0.0
African Union,Geothermal,50+ years,0.0,0.0
Afghanistan,Oil and gas,0-9 years,0.0,0.0
Afghanistan,Oil and gas,10-19 years,0.105,16.553365143429918
Afghanistan,Oil and gas,20-29 years,0.0,0.0
Afghanistan,Oil and gas,30-39 years,0.0,0.0
Afghanistan,Oil and gas,40-49 years,0.0,0.0
Afghanistan,Oil and gas,50+ years,0.0,0.0
Afghanistan,Utility-scale solar,0-9 years,0.06987211170784102,11.015415032784926
Afghanistan,Utility-scale solar,10-19 years,0.01044,1.645877448546746
Afghanistan,Utility-scale solar,20-29 years,0.0,0.0
Afghanistan,Utility-scale solar,30-39 years,0.0,0.0
Afghanistan,Utility-scale solar,40-49 years,0.0,0.0
Afghanistan,Utility-scale solar,50+ years,0.0,0.0
Afghanistan,Hydropower,0-9 years,0.1,15.765109660409445
Afghanistan,Hydropower,10-19 years,0.042,6.621346057371967
Afghanistan,Hydropower,20-29 years,0.0,0.0
Afghanistan,Hydropower,30-39 years,0.0,0.0
Afghanistan,Hydropower,40-49 years,0.0,0.0
Afghanistan,Hydropower,50+ years,0.212,33.422032480068026
Albania,Oil and gas,0-9 years,0.1102,5.007649671867726
Albania,Oil and gas,10-19 years,0.0,0.0
Albania,Oil and gas,20-29 years,0.0,0.0
Albania,Oil and gas,30-39 years,0.0,0.0
Albania,Oil and gas,40-49 years,0.0,0.0
Albania,Oil and gas,50+ years,0.0,0.0
Albania,Utility-scale solar,0-9 years,0.3204331756609924,14.560953602126151
Albania,Utility-scale solar,10-19 years,0.0,0.0
Albania,Utility-scale solar,20-29 years,0.0,0.0
Albania,Utility-scale solar,30-39 years,0.0,0.0
Albania,Utility-scale solar,40-49 years,0.0,0.0
Albania,Utility-scale solar,50+ years,0.0,0.0
Albania,Hydropower,0-9 years,0.269,12.223754643669857
Albania,Hydropower,10-19 years,0.151,6.861661528602782
Albania,Hydropower,20-29 years,0.0,0.0
Albania,Hydropower,30-39 years,0.0,0.0
Albania,Hydropower,40-49 years,1.1,49.98561378452357
Albania,Hydropower,50+ years,0.25,11.360366769209904
Algeria,Oil and gas,0-9 years,9.6896,35.77663070194552
Algeria,Oil and gas,10-19 years,10.116,37.351015127650356
Algeria,Oil and gas,20-29 years,2.877,10.622664148106965
Algeria,Oil and gas,30-39 years,1.992,7.3550041651126445
Algeria,Oil and gas,40-49 years,1.204,4.445494485339168
Algeria,Oil and gas,50+ years,0.395,1.458447111053963
Algeria,Utility-scale solar,0-9 years,0.268681875,0.9920463402185115
Algeria,Utility-scale solar,10-19 years,0.151319375,0.5587121653550412
Algeria,Utility-scale solar,20-29 years,0.0,0.0
Algeria,Utility-scale solar,30-39 years,0.0,0.0
Algeria,Utility-scale solar,40-49 years,0.0,0.0
Algeria,Utility-scale solar,50+ years,0.0,0.0
Algeria,Wind,0-9 years,0.0,0.0
Algeria,Wind,10-19 years,0.01,0.03692271167225223
Algeria,Wind,20-29 years,0.0,0.0
Algeria,Wind,30-39 years,0.0,0.0
Algeria,Wind,40-49 years,0.0,0.0
Algeria,Wind,50+ years,0.0,0.0
Algeria,Hydropower,0-9 years,0.0,0.0
Algeria,Hydropower,10-19 years,0.0,0.0
Algeria,Hydropower,20-29 years,0.0,0.0
Algeria,Hydropower,30-39 years,0.0,0.0
Algeria,Hydropower,40-49 years,0.0,0.0
Algeria,Hydropower,50+ years,0.196,0.7236851487761436
Andorra,Utility-scale solar,0-9 years,0.0033,4.97737556561086
Andorra,Utility-scale solar,10-19 years,0.0,0.0
Andorra,Utility-scale solar,20-29 years,0.0,0.0
Andorra,Utility-scale solar,30-39 years,0.0,0.0
Andorra,Utility-scale solar,40-49 years,0.0,0.0
Andorra,Utility-scale solar,50+ years,0.0,0.0
Andorra,Hydropower,0-9 years,0.0,0.0
Andorra,Hydropower,10-19 years,0.0,0.0
Andorra,Hydropower,20-29 years,0.0,0.0
Andorra,Hydropower,30-39 years,0.0,0.0
Andorra,Hydropower,40-49 years,0.0,0.0
Andorra,Hydropower,50+ years,0.045,67.87330316742081
Angola,Oil and gas,0-9 years,0.804,15.396774102615746
Angola,Oil and gas,10-19 years,0.0,0.0
Angola,Oil and gas,20-29 years,0.0,0.0
Angola,Oil and gas,30-39 years,0.0,0.0
Angola,Oil and gas,40-49 years,0.0,0.0
Angola,Oil and gas,50+ years,0.0,0.0
Angola,Utility-scale solar,0-9 years,0.48887306666666663,9.362025089949844
Angola,Utility-scale solar,10-19 years,0.0,0.0
Angola,Utility-scale solar,20-29 years,0.0,0.0
Angola,Utility-scale solar,30-39 years,0.0,0.0
Angola,Utility-scale solar,40-49 years,0.0,0.0
Angola,Utility-scale solar,50+ years,0.0,0.0
Angola,Wind,0-9 years,0.0,0.0
Angola,Wind,10-19 years,0.05,0.9575108272770985
Angola,Wind,20-29 years,0.0,0.0
Angola,Wind,30-39 years,0.0,0.0
Angola,Wind,40-49 years,0.0,0.0
Angola,Wind,50+ years,0.0,0.0
Angola,Hydropower,0-9 years,2.77,53.04609983115126
Angola,Hydropower,10-19 years,0.11,2.106523820009617
Angola,Hydropower,20-29 years,0.52,9.958112603681824
Angola,Hydropower,30-39 years,0.0,0.0
Angola,Hydropower,40-49 years,0.0,0.0
Angola,Hydropower,50+ years,0.254,4.86415500256766
Angola,Bioenergy,0-9 years,0.0,0.0
Angola,Bioenergy,10-19 years,0.1,1.915021654554197
Angola,Bioenergy,20-29 years,0.0,0.0
Angola,Bioenergy,30-39 years,0.0,0.0
Angola,Bioenergy,40-49 years,0.0,0.0
Angola,Bioenergy,50+ years,0.0,0.0
Anguilla,Utility-scale solar,0-9 years,0.0012,100.0
Anguilla,Utility-scale solar,10-19 years,0.0,0.0
Anguilla,Utility-scale solar,20-29 years,0.0,0.0
Anguilla,Utility-scale solar,30-39 years,0.0,0.0
Anguilla,Utility-scale solar,40-49 years,0.0,0.0
Anguilla,Utility-scale solar,50+ years,0.0,0.0
Antigua and Barbuda,Utility-scale solar,0-9 years,0.010299999999999998,100.0
Antigua and Barbuda,Utility-scale solar,10-19 years,0.0,0.0
Antigua and Barbuda,Utility-scale solar,20-29 years,0.0,0.0
Antigua and Barbuda,Utility-scale solar,30-39 years,0.0,0.0
Antigua and Barbuda,Utility-scale solar,40-49 years,0.0,0.0
Antigua and Barbuda,Utility-scale solar,50+ years,0.0,0.0
Argentina,Coal,0-9 years,0.0,0.0
Argentina,Coal,10-19 years,0.0,0.0
Argentina,Coal,20-29 years,0.0,0.0
Argentina,Coal,30-39 years,0.0,0.0
Argentina,Coal,40-49 years,0.375,0.8694989697881331
Argentina,Coal,50+ years,0.15,0.3477995879152533
Argentina,Oil and gas,0-9 years,7.3372,17.01250090967864
Argentina,Oil and gas,10-19 years,4.827,11.192190739112851
Argentina,Oil and gas,20-29 years,7.233,16.770896129273513
Argentina,Oil and gas,30-39 years,1.077,2.4972010412315186
Argentina,Oil and gas,40-49 years,0.436,1.0109374688736694
Argentina,Oil and gas,50+ years,2.106,4.883106214330156
Argentina,Utility-scale solar,0-9 years,2.6962441304347826,6.251683983227585
Argentina,Utility-scale solar,10-19 years,0.029765,0.06901503156198342
Argentina,Utility-scale solar,20-29 years,0.0,0.0
Argentina,Utility-scale solar,30-39 years,0.0,0.0
Argentina,Utility-scale solar,40-49 years,0.0,0.0
Argentina,Utility-scale solar,50+ years,0.0,0.0
Argentina,Wind,0-9 years,4.466,10.355153064196807
Argentina,Wind,10-19 years,0.183,0.424315497256609
Argentina,Wind,20-29 years,0.018,0.04173595054983039
Argentina,Wind,30-39 years,0.0,0.0
Argentina,Wind,40-49 years,0.0,0.0
Argentina,Wind,50+ years,0.0,0.0
Argentina,Hydropower,0-9 years,0.0,0.0
Argentina,Hydropower,10-19 years,0.19,0.44054614469265413
Argentina,Hydropower,20-29 years,0.516,1.1964305824284713
Argentina,Hydropower,30-39 years,3.154,7.3130660018980596
Argentina,Hydropower,40-49 years,3.604,8.35646476564382
Argentina,Hydropower,50+ years,2.396,5.555518750966312
Argentina,Nuclear,0-9 years,0.0,0.0
Argentina,Nuclear,10-19 years,0.745,1.7274046199790913
Argentina,Nuclear,20-29 years,0.0,0.0
Argentina,Nuclear,30-39 years,0.0,0.0
Argentina,Nuclear,40-49 years,0.656,1.5210435311493744
Argentina,Nuclear,50+ years,0.362,0.8393563388354779
Argentina,Bioenergy,0-9 years,0.108,0.25041570329898233
Argentina,Bioenergy,10-19 years,0.122,0.28287699817107265
Argentina,Bioenergy,20-29 years,0.0,0.0
Argentina,Bioenergy,30-39 years,0.0,0.0
Argentina,Bioenergy,40-49 years,0.0,0.0
Argentina,Bioenergy,50+ years,0.0,0.0
Armenia,Oil and gas,0-9 years,0.254,9.077589753902867
Armenia,Oil and gas,10-19 years,0.673,24.052038993608775
Armenia,Oil and gas,20-29 years,0.0,0.0
Armenia,Oil and gas,30-39 years,0.0,0.0
Armenia,Oil and gas,40-49 years,0.0,0.0
Armenia,Oil and gas,50+ years,0.2,7.147708467640052
Armenia,Hydropower,0-9 years,0.0,0.0
Armenia,Hydropower,10-19 years,0.0,0.0
Armenia,Hydropower,20-29 years,0.0,0.0
Armenia,Hydropower,30-39 years,0.076,2.71612921770322
Armenia,Hydropower,40-49 years,0.171,6.111290739832245
Armenia,Hydropower,50+ years,0.713,25.481580687136784
Armenia,Nuclear,0-9 years,0.0,0.0
Armenia,Nuclear,10-19 years,0.0,0.0
Armenia,Nuclear,20-29 years,0.0,0.0
Armenia,Nuclear,30-39 years,0.0,0.0
Armenia,Nuclear,40-49 years,0.448,16.010866967513714
Armenia,Nuclear,50+ years,0.0,0.0
Australia,Coal,0-9 years,0.0,0.0
Australia,Coal,10-19 years,1.33,1.7523594754503145
Australia,Coal,20-29 years,2.595,3.4190773224011775
Australia,Coal,30-39 years,5.696,7.5048417835827
Australia,Coal,40-49 years,12.008,15.821302692637124
Australia,Coal,50+ years,1.0,1.3175635153761762
Australia,Oil and gas,0-9 years,1.3894000000000002,1.8306227482636594
Australia,Oil and gas,10-19 years,8.1413,10.726679847732063
Australia,Oil and gas,20-29 years,4.4635,5.880944750881563
Australia,Oil and gas,30-39 years,0.9611000000000001,1.266310294628043
Australia,Oil and gas,40-49 years,0.95,1.2516853396073673
Australia,Oil and gas,50+ years,0.956,1.2595907206996244
Australia,Utility-scale solar,0-9 years,11.724137464285713,15.447295772197814
Australia,Utility-scale solar,10-19 years,0.24934096428571428,0.3285225574315713
Australia,Utility-scale solar,20-29 years,0.0,0.0
Australia,Utility-scale solar,30-39 years,0.0,0.0
Australia,Utility-scale solar,40-49 years,0.0,0.0
Australia,Utility-scale solar,50+ years,0.0,0.0
Australia,Wind,0-9 years,10.1492,13.372215630255887
Australia,Wind,10-19 years,3.384,4.458634936032981
Australia,Wind,20-29 years,0.699,0.9209768972479472
Australia,Wind,30-39 years,0.0,0.0
Australia,Wind,40-49 years,0.0,0.0
Australia,Wind,50+ years,0.0,0.0
Australia,Hydropower,0-9 years,0.0,0.0
Australia,Hydropower,10-19 years,0.14,0.18445889215266467
Australia,Hydropower,20-29 years,0.03,0.03952690546128529
Australia,Hydropower,30-39 years,0.237,0.3122625531441538
Australia,Hydropower,40-49 years,1.827,2.407188542592274
Australia,Hydropower,50+ years,5.967,7.861901496249643
Australia,Bioenergy,0-9 years,0.0,0.0
Australia,Bioenergy,10-19 years,0.176,0.23189117870620704
Australia,Bioenergy,20-29 years,0.128,0.16864812996815057
Australia,Bioenergy,30-39 years,0.012,0.015810762184514115
Australia,Bioenergy,40-49 years,0.0,0.0
Australia,Bioenergy,50+ years,0.0,0.0
Austria,Oil and gas,0-9 years,0.246,1.1393750222317078
Austria,Oil and gas,10-19 years,2.597,12.028280214372948
Austria,Oil and gas,20-29 years,1.379,6.386984372591566
Austria,Oil and gas,30-39 years,0.194,0.898531521597363
Austria,Oil and gas,40-49 years,0.0,0.0
Austria,Oil and gas,50+ years,0.31,1.435797792243209
Austria,Utility-scale solar,0-9 years,0.826784,3.8293375543935784
Austria,Utility-scale solar,10-19 years,0.0,0.0
Austria,Utility-scale solar,20-29 years,0.0,0.0
Austria,Utility-scale solar,30-39 years,0.0,0.0
Austria,Utility-scale solar,40-49 years,0.0,0.0
Austria,Utility-scale solar,50+ years,0.0,0.0
Austria,Wind,0-9 years,1.024,4.74276432018402
Austria,Wind,10-19 years,1.399,6.4796164882201595
Austria,Wind,20-29 years,0.667,3.0892810562136144
Austria,Wind,30-39 years,0.0,0.0
Austria,Wind,40-49 years,0.0,0.0
Austria,Wind,50+ years,0.0,0.0
Austria,Hydropower,0-9 years,0.986,4.56676330048969
Austria,Hydropower,10-19 years,1.575,7.294779105751788
Austria,Hydropower,20-29 years,0.204,0.94484757941166
Austria,Hydropower,30-39 years,0.763,3.533915211230866
Austria,Hydropower,40-49 years,2.804,12.987022611128896
Austria,Hydropower,50+ years,6.18,28.623323729235583
Austria,Bioenergy,0-9 years,0.111,0.5141082417386974
Austria,Bioenergy,10-19 years,0.029,0.1343165676614615
Austria,Bioenergy,20-29 years,0.0655,0.3033701786836458
Austria,Bioenergy,30-39 years,0.0,0.0
Austria,Bioenergy,40-49 years,0.0,0.0
Austria,Bioenergy,50+ years,0.0,0.0
Azerbaijan,Oil and gas,0-9 years,2.0643000000000002,23.86639535690337
Azerbaijan,Oil and gas,10-19 years,1.9955999999999998,23.07212060952205
Azerbaijan,Oil and gas,20-29 years,0.681,7.873378500242792
Azerbaijan,Oil and gas,30-39 years,2.4,27.74758942816843
Azerbaijan,Oil and gas,40-49 years,0.0,0.0
Azerbaijan,Oil and gas,50+ years,0.0,0.0
Azerbaijan,Utility-scale solar,0-9 years,0.2841,3.284620898559438
Azerbaijan,Utility-scale solar,10-19 years,0.0174,0.2011700233542211
Azerbaijan,Utility-scale solar,20-29 years,0.0,0.0
Azerbaijan,Utility-scale solar,30-39 years,0.0,0.0
Azerbaijan,Utility-scale solar,40-49 years,0.0,0.0
Azerbaijan,Utility-scale solar,50+ years,0.0,0.0
Azerbaijan,Wind,0-9 years,0.05,0.578074779753509
Azerbaijan,Wind,10-19 years,0.0,0.0
Azerbaijan,Wind,20-29 years,0.0,0.0
Azerbaijan,Wind,30-39 years,0.0,0.0
Azerbaijan,Wind,40-49 years,0.0,0.0
Azerbaijan,Wind,50+ years,0.0,0.0
Azerbaijan,Hydropower,0-9 years,0.091,1.0520960991513864
Azerbaijan,Hydropower,10-19 years,0.025,0.2890373898767545
Azerbaijan,Hydropower,20-29 years,0.15,1.7342243392605268
Azerbaijan,Hydropower,30-39 years,0.0,0.0
Azerbaijan,Hydropower,40-49 years,0.38,4.393368326126668
Azerbaijan,Hydropower,50+ years,0.474,5.480148912063265
Azerbaijan,Bioenergy,0-9 years,0.0,0.0
Azerbaijan,Bioenergy,10-19 years,0.037,0.42777533701759657
Azerbaijan,Bioenergy,20-29 years,0.0,0.0
Azerbaijan,Bioenergy,30-39 years,0.0,0.0
Azerbaijan,Bioenergy,40-49 years,0.0,0.0
Azerbaijan,Bioenergy,50+ years,0.0,0.0
Bahrain,Oil and gas,0-9 years,3.9728999999999997,42.749233335126696
Bahrain,Oil and gas,10-19 years,2.168,23.328132565771774
Bahrain,Oil and gas,20-29 years,1.647,17.722063808037877
Bahrain,Oil and gas,30-39 years,0.794,8.54360574595147
Bahrain,Oil and gas,40-49 years,0.7,7.532146123634799
Bahrain,Oil and gas,50+ years,0.0,0.0
Bahrain,Utility-scale solar,0-9 years,0.0075,0.08070156561037284
Bahrain,Utility-scale solar,10-19 years,0.0040999999999999995,0.04411685586700381
Bahrain,Utility-scale solar,20-29 years,0.0,0.0
Bahrain,Utility-scale solar,30-39 years,0.0,0.0
Bahrain,Utility-scale solar,40-49 years,0.0,0.0
Bahrain,Utility-scale solar,50+ years,0.0,0.0
Bangladesh,Coal,0-9 years,7.105,24.33709681788955
Bangladesh,Coal,10-19 years,0.0,0.0
Bangladesh,Coal,20-29 years,0.125,0.42816848729573453
Bangladesh,Coal,30-39 years,0.0,0.0
Bangladesh,Coal,40-49 years,0.0,0.0
Bangladesh,Coal,50+ years,0.0,0.0
Bangladesh,Oil and gas,0-9 years,11.5544,39.57783975687868
Bangladesh,Oil and gas,10-19 years,6.8093,23.32422144434276
Bangladesh,Oil and gas,20-29 years,1.554,5.322990634060572
Bangladesh,Oil and gas,30-39 years,0.457,1.5653839895532053
Bangladesh,Oil and gas,40-49 years,0.15,0.5138021847548815
Bangladesh,Oil and gas,50+ years,0.0,0.0
Bangladesh,Utility-scale solar,0-9 years,1.042164865735768,3.5697772325987684
Bangladesh,Utility-scale solar,10-19 years,0.0,0.0
Bangladesh,Utility-scale solar,20-29 years,0.0,0.0
Bangladesh,Utility-scale solar,30-39 years,0.0,0.0
Bangladesh,Utility-scale solar,40-49 years,0.0,0.0
Bangladesh,Utility-scale solar,50+ years,0.0,0.0
Bangladesh,Wind,0-9 years,0.06,0.20552087390195256
Bangladesh,Wind,10-19 years,0.0,0.0
Bangladesh,Wind,20-29 years,0.0,0.0
Bangladesh,Wind,30-39 years,0.0,0.0
Bangladesh,Wind,40-49 years,0.0,0.0
Bangladesh,Wind,50+ years,0.0,0.0
Bangladesh,Hydropower,0-9 years,0.0,0.0
Bangladesh,Hydropower,10-19 years,0.0,0.0
Bangladesh,Hydropower,20-29 years,0.0,0.0
Bangladesh,Hydropower,30-39 years,0.0,0.0
Bangladesh,Hydropower,40-49 years,0.0,0.0
Bangladesh,Hydropower,50+ years,0.23,0.7878300166241515
Bangladesh,Bioenergy,0-9 years,0.042,0.1438646117313668
Bangladesh,Bioenergy,10-19 years,0.0,0.0
Bangladesh,Bioenergy,20-29 years,0.0,0.0
Bangladesh,Bioenergy,30-39 years,0.0,0.0
Bangladesh,Bioenergy,40-49 years,0.0,0.0
Bangladesh,Bioenergy,50+ years,0.0,0.0
Barbados,Oil and gas,0-9 years,0.0,0.0
Barbados,Oil and gas,10-19 years,0.0,0.0
Barbados,Oil and gas,20-29 years,0.06,44.71247395222389
Barbados,Oil and gas,30-39 years,0.0,0.0
Barbados,Oil and gas,40-49 years,0.05,37.260394960186574
Barbados,Oil and gas,50+ years,0.0,0.0
Barbados,Utility-scale solar,0-9 years,0.0146,10.880035328374479
Barbados,Utility-scale solar,10-19 years,0.00959074074074074,7.147095759215047
Barbados,Utility-scale solar,20-29 years,0.0,0.0
Barbados,Utility-scale solar,30-39 years,0.0,0.0
Barbados,Utility-scale solar,40-49 years,0.0,0.0
Barbados,Utility-scale solar,50+ years,0.0,0.0
Belarus,Oil and gas,0-9 years,1.1232,9.437171797324567
Belarus,Oil and gas,10-19 years,2.046,17.190574694912808
Belarus,Oil and gas,20-29 years,2.072,17.4090277457768
Belarus,Oil and gas,30-39 years,0.484,4.066587562237438
Belarus,Oil and gas,40-49 years,1.48,12.435019818412002
Belarus,Oil and gas,50+ years,2.01,16.888101239870355
Belarus,Utility-scale solar,0-9 years,0.2179277339055794,1.8310376284442547
Belarus,Utility-scale solar,10-19 years,0.040743124463519305,0.3423253784918172
Belarus,Utility-scale solar,20-29 years,0.0,0.0
Belarus,Utility-scale solar,30-39 years,0.0,0.0
Belarus,Utility-scale solar,40-49 years,0.0,0.0
Belarus,Utility-scale solar,50+ years,0.0,0.0
Belarus,Nuclear,0-9 years,2.388,20.06407251781612
Belarus,Nuclear,10-19 years,0.0,0.0
Belarus,Nuclear,20-29 years,0.0,0.0
Belarus,Nuclear,30-39 years,0.0,0.0
Belarus,Nuclear,40-49 years,0.0,0.0
Belarus,Nuclear,50+ years,0.0,0.0
Belgium,Oil and gas,0-9 years,0.8987999999999999,5.42047673015629
Belgium,Oil and gas,10-19 years,2.108,12.712911601212125
Belgium,Oil and gas,20-29 years,1.8982,11.447651234070618
Belgium,Oil and gas,30-39 years,0.823,4.963342622294867
Belgium,Oil and gas,40-49 years,0.05,0.3015396489851074
Belgium,Oil and gas,50+ years,0.0,0.0
Belgium,Utility-scale solar,0-9 years,0.8387673554987213,5.058432279145024
Belgium,Utility-scale solar,10-19 years,0.0384,0.23158245042056244
Belgium,Utility-scale solar,20-29 years,0.0,0.0
Belgium,Utility-scale solar,30-39 years,0.0,0.0
Belgium,Utility-scale solar,40-49 years,0.0,0.0
Belgium,Utility-scale solar,50+ years,0.0,0.0
Belgium,Wind,0-9 years,2.388,14.401533635528729
Belgium,Wind,10-19 years,1.46,8.804957750365135
Belgium,Wind,20-29 years,0.047,0.2834472700460009
Belgium,Wind,30-39 years,0.0,0.0
Belgium,Wind,40-49 years,0.0,0.0
Belgium,Wind,50+ years,0.0,0.0
Belgium,Hydropower,0-9 years,0.0,0.0
Belgium,Hydropower,10-19 years,0.0,0.0
Belgium,Hydropower,20-29 years,0.0,0.0
Belgium,Hydropower,30-39 years,0.0,0.0
Belgium,Hydropower,40-49 years,0.144,0.8684341890771092
Belgium,Hydropower,50+ years,1.164,7.0198430283733
Belgium,Nuclear,0-9 years,0.0,0.0
Belgium,Nuclear,10-19 years,0.0,0.0
Belgium,Nuclear,20-29 years,0.0,0.0
Belgium,Nuclear,30-39 years,0.0,0.0
Belgium,Nuclear,40-49 years,2.179,13.141097902770978
Belgium,Nuclear,50+ years,1.917,11.561030142089017
Belgium,Bioenergy,0-9 years,0.02,0.12061585959404295
Belgium,Bioenergy,10-19 years,0.126,0.7598799154424707
Belgium,Bioenergy,20-29 years,0.04,0.2412317191880859
Belgium,Bioenergy,30-39 years,0.042,0.25329330514749016
Belgium,Bioenergy,40-49 years,0.0185,0.11156967012448972
Belgium,Bioenergy,50+ years,0.0,0.0
Belize,Utility-scale solar,0-9 years,0.004200000000000001,13.249211356466878
Belize,Utility-scale solar,10-19 years,0.0,0.0
Belize,Utility-scale solar,20-29 years,0.0,0.0
Belize,Utility-scale solar,30-39 years,0.0,0.0
Belize,Utility-scale solar,40-49 years,0.0,0.0
Belize,Utility-scale solar,50+ years,0.0,0.0
Belize,Bioenergy,0-9 years,0.0,0.0
Belize,Bioenergy,10-19 years,0.0275,86.75078864353313
Belize,Bioenergy,20-29 years,0.0,0.0
Belize,Bioenergy,30-39 years,0.0,0.0
Belize,Bioenergy,40-49 years,0.0,0.0
Belize,Bioenergy,50+ years,0.0,0.0
Benin,Oil and gas,0-9 years,0.1274,83.78822755672476
Benin,Oil and gas,10-19 years,0.0,0.0
Benin,Oil and gas,20-29 years,0.0,0.0
Benin,Oil and gas,30-39 years,0.0,0.0
Benin,Oil and gas,40-49 years,0.0,0.0
Benin,Oil and gas,50+ years,0.0,0.0
Benin,Utility-scale solar,0-9 years,0.02465,16.211772443275237
Benin,Utility-scale solar,10-19 years,0.0,0.0
Benin,Utility-scale solar,20-29 years,0.0,0.0
Benin,Utility-scale solar,30-39 years,0.0,0.0
Benin,Utility-scale solar,40-49 years,0.0,0.0
Benin,Utility-scale solar,50+ years,0.0,0.0
Bermuda,Oil and gas,0-9 years,0.056,46.666666666666664
Bermuda,Oil and gas,10-19 years,0.0,0.0
Bermuda,Oil and gas,20-29 years,0.058,48.333333333333336
Bermuda,Oil and gas,30-39 years,0.0,0.0
Bermuda,Oil and gas,40-49 years,0.0,0.0
Bermuda,Oil and gas,50+ years,0.0,0.0
Bermuda,Utility-scale solar,0-9 years,0.006,5.0
Bermuda,Utility-scale solar,10-19 years,0.0,0.0
Bermuda,Utility-scale solar,20-29 years,0.0,0.0
Bermuda,Utility-scale solar,30-39 years,0.0,0.0
Bermuda,Utility-scale solar,40-49 years,0.0,0.0
Bermuda,Utility-scale solar,50+ years,0.0,0.0
Bhutan,Utility-scale solar,0-9 years,0.015137999999999999,0.43510777669641154
Bhutan,Utility-scale solar,10-19 years,0.0,0.0
Bhutan,Utility-scale solar,20-29 years,0.0,0.0
Bhutan,Utility-scale solar,30-39 years,0.0,0.0
Bhutan,Utility-scale solar,40-49 years,0.0,0.0
Bhutan,Utility-scale solar,50+ years,0.0,0.0
Bhutan,Hydropower,0-9 years,1.858,53.40403283801908
Bhutan,Hydropower,10-19 years,0.126,3.6215867263672785
Bhutan,Hydropower,20-29 years,1.144,32.88170805527116
Bhutan,Hydropower,30-39 years,0.0,0.0
Bhutan,Hydropower,40-49 years,0.336,9.657564603646076
Bhutan,Hydropower,50+ years,0.0,0.0
Bolivia,Oil and gas,0-9 years,1.4484000000000001,46.62792512153867
Bolivia,Oil and gas,10-19 years,0.3098,9.973302404482656
Bolivia,Oil and gas,20-29 years,0.062,1.9959481894058253
Bolivia,Oil and gas,30-39 years,0.125,4.024089091544003
Bolivia,Oil and gas,40-49 years,0.0,0.0
Bolivia,Oil and gas,50+ years,0.0,0.0
Bolivia,Utility-scale solar,0-9 years,0.16609305555555556,5.346986024338585
Bolivia,Utility-scale solar,10-19 years,0.0,0.0
Bolivia,Utility-scale solar,20-29 years,0.0,0.0
Bolivia,Utility-scale solar,30-39 years,0.0,0.0
Bolivia,Utility-scale solar,40-49 years,0.0,0.0
Bolivia,Utility-scale solar,50+ years,0.0,0.0
Bolivia,Wind,0-9 years,0.108,3.4768129750940178
Bolivia,Wind,10-19 years,0.024,0.7726251055764485
Bolivia,Wind,20-29 years,0.0,0.0
Bolivia,Wind,30-39 years,0.0,0.0
Bolivia,Wind,40-49 years,0.0,0.0
Bolivia,Wind,50+ years,0.0,0.0
Bolivia,Hydropower,0-9 years,0.447,14.390142591361352
Bolivia,Hydropower,10-19 years,0.0,0.0
Bolivia,Hydropower,20-29 years,0.123,3.9597036660792986
Bolivia,Hydropower,30-39 years,0.0,0.0
Bolivia,Hydropower,40-49 years,0.0,0.0
Bolivia,Hydropower,50+ years,0.161,5.183026749908675
Bolivia,Bioenergy,0-9 years,0.0,0.0
Bolivia,Bioenergy,10-19 years,0.03,0.9657813819705605
Bolivia,Bioenergy,20-29 years,0.0,0.0
Bolivia,Bioenergy,30-39 years,0.0,0.0
Bolivia,Bioenergy,40-49 years,0.0,0.0
Bolivia,Bioenergy,50+ years,0.0,0.0
Bolivia,Geothermal,0-9 years,0.005,0.1609635636617601
Bolivia,Geothermal,10-19 years,0.0,0.0
Bolivia,Geothermal,20-29 years,0.0,0.0
Bolivia,Geothermal,30-39 years,0.0,0.0
Bolivia,Geothermal,40-49 years,0.0,0.0
Bolivia,Geothermal,50+ years,0.0,0.0
Bosnia and Herzegovina,Coal,0-9 years,0.0,0.0
Bosnia and Herzegovina,Coal,10-19 years,0.3,6.2945485167746025
Bosnia and Herzegovina,Coal,20-29 years,0.0,0.0
Bosnia and Herzegovina,Coal,30-39 years,0.23,4.825820529527195
Bosnia and Herzegovina,Coal,40-49 years,0.94,19.722918685893752
Bosnia and Herzegovina,Coal,50+ years,0.52,10.910550762409311
Bosnia and Herzegovina,Utility-scale solar,0-9 years,0.5020288772183992,10.533483748243643
Bosnia and Herzegovina,Utility-scale solar,10-19 years,0.0,0.0
Bosnia and Herzegovina,Utility-scale solar,20-29 years,0.0,0.0
Bosnia and Herzegovina,Utility-scale solar,30-39 years,0.0,0.0
Bosnia and Herzegovina,Utility-scale solar,40-49 years,0.0,0.0
Bosnia and Herzegovina,Utility-scale solar,50+ years,0.0,0.0
Bosnia and Herzegovina,Wind,0-9 years,0.244,5.119566126976677
Bosnia and Herzegovina,Wind,10-19 years,0.0,0.0
Bosnia and Herzegovina,Wind,20-29 years,0.0,0.0
Bosnia and Herzegovina,Wind,30-39 years,0.0,0.0
Bosnia and Herzegovina,Wind,40-49 years,0.0,0.0
Bosnia and Herzegovina,Wind,50+ years,0.0,0.0
Bosnia and Herzegovina,Hydropower,0-9 years,0.035,0.7343639936237036
Bosnia and Herzegovina,Hydropower,10-19 years,0.06,1.2589097033549206
Bosnia and Herzegovina,Hydropower,20-29 years,0.03,0.6294548516774603
Bosnia and Herzegovina,Hydropower,30-39 years,0.315,6.6092759426133325
Bosnia and Herzegovina,Hydropower,40-49 years,0.874,18.338118012203342
Bosnia and Herzegovina,Hydropower,50+ years,0.716,15.022989126702052
Botswana,Coal,0-9 years,0.0,0.0
Botswana,Coal,10-19 years,0.6,65.16072980017377
Botswana,Coal,20-29 years,0.0,0.0
Botswana,Coal,30-39 years,0.066,7.167680278019114
Botswana,Coal,40-49 years,0.066,7.167680278019114
Botswana,Coal,50+ years,0.0,0.0
Botswana,Oil and gas,0-9 years,0.0,0.0
Botswana,Oil and gas,10-19 years,0.07,7.602085143353605
Botswana,Oil and gas,20-29 years,0.0,0.0
Botswana,Oil and gas,30-39 years,0.0,0.0
Botswana,Oil and gas,40-49 years,0.0,0.0
Botswana,Oil and gas,50+ years,0.0,0.0
Botswana,Utility-scale solar,0-9 years,0.11880000000000002,12.901824500434406
Botswana,Utility-scale solar,10-19 years,0.0,0.0
Botswana,Utility-scale solar,20-29 years,0.0,0.0
Botswana,Utility-scale solar,30-39 years,0.0,0.0
Botswana,Utility-scale solar,40-49 years,0.0,0.0
Botswana,Utility-scale solar,50+ years,0.0,0.0
Brazil,Coal,0-9 years,0.345,0.16626356677717694
Brazil,Coal,10-19 years,1.795,0.8650524706232829
Brazil,Coal,20-29 years,0.0,0.0
Brazil,Coal,30-39 years,0.363,0.17493818765250788
Brazil,Coal,40-49 years,0.262,0.1262639260742619
Brazil,Coal,50+ years,0.232,0.11180622461537694
Brazil,Oil and gas,0-9 years,9.0074,4.340876670692009
Brazil,Oil and gas,10-19 years,6.2428,3.0085512889175656
Brazil,Oil and gas,20-29 years,7.0336,3.3896562993737724
Brazil,Oil and gas,30-39 years,0.27,0.13011931312996453
Brazil,Oil and gas,40-49 years,0.0756,0.03643340767639007
Brazil,Oil and gas,50+ years,0.3599,0.17344422516842312
Brazil,Utility-scale solar,0-9 years,21.481333148148146,10.352356719825837
Brazil,Utility-scale solar,10-19 years,0.034166833333333334,0.01646579587096041
Brazil,Utility-scale solar,20-29 years,0.0,0.0
Brazil,Utility-scale solar,30-39 years,0.0,0.0
Brazil,Utility-scale solar,40-49 years,0.0,0.0
Brazil,Utility-scale solar,50+ years,0.0,0.0
Brazil,Wind,0-9 years,24.6049,11.857676620857276
Brazil,Wind,10-19 years,9.8956,4.768921018551397
Brazil,Wind,20-29 years,0.2093,0.10086656384482068
Brazil,Wind,30-39 years,0.0,0.0
Brazil,Wind,40-49 years,0.0,0.0
Brazil,Wind,50+ years,0.0,0.0
Brazil,Hydropower,0-9 years,2.044,0.9850513927320279
Brazil,Hydropower,10-19 years,28.079,13.531926642134351
Brazil,Hydropower,20-29 years,14.108,6.798975072731629
Brazil,Hydropower,30-39 years,9.062,4.367189687347181
Brazil,Hydropower,40-49 years,29.927,14.422521052001663
Brazil,Hydropower,50+ years,19.403,9.350759380224822
Brazil,Nuclear,0-9 years,0.0,0.0
Brazil,Nuclear,10-19 years,0.0,0.0
Brazil,Nuclear,20-29 years,1.35,0.6505965656498227
Brazil,Nuclear,30-39 years,0.0,0.0
Brazil,Nuclear,40-49 years,0.64,0.30843096445621226
Brazil,Nuclear,50+ years,0.0,0.0
Brazil,Bioenergy,0-9 years,3.5496,1.7106352366152673
Brazil,Bioenergy,10-19 years,8.663200000000002,4.1749986426204035
Brazil,Bioenergy,20-29 years,2.7996,1.3491927001431434
Brazil,Bioenergy,30-39 years,0.8134,0.39199647888856726
Brazil,Bioenergy,40-49 years,0.6058,0.2919491847930834
Brazil,Bioenergy,50+ years,0.6483,0.3124309285265037
Brunei,Coal,0-9 years,0.22,27.120315581854044
Brunei,Coal,10-19 years,0.0,0.0
Brunei,Coal,20-29 years,0.0,0.0
Brunei,Coal,30-39 years,0.0,0.0
Brunei,Coal,40-49 years,0.0,0.0
Brunei,Coal,50+ years,0.0,0.0
Brunei,Oil and gas,0-9 years,0.0,0.0
Brunei,Oil and gas,10-19 years,0.212,26.13412228796844
Brunei,Oil and gas,20-29 years,0.0,0.0
Brunei,Oil and gas,30-39 years,0.374,46.10453648915187
Brunei,Oil and gas,40-49 years,0.0,0.0
Brunei,Oil and gas,50+ years,0.0,0.0
Brunei,Utility-scale solar,0-9 years,0.0052,0.641025641025641
Brunei,Utility-scale solar,10-19 years,0.0,0.0
Brunei,Utility-scale solar,20-29 years,0.0,0.0
Brunei,Utility-scale solar,30-39 years,0.0,0.0
Brunei,Utility-scale solar,40-49 years,0.0,0.0
Brunei,Utility-scale solar,50+ years,0.0,0.0
Bulgaria,Coal,0-9 years,0.053,0.41207334786398037
Bulgaria,Coal,10-19 years,0.121,0.9407712281422947
Bulgaria,Coal,20-29 years,0.0,0.0
Bulgaria,Coal,30-39 years,0.464,3.607585536016734
Bulgaria,Coal,40-49 years,1.016,7.899368328864227
Bulgaria,Coal,50+ years,1.771,13.769469793719043
Bulgaria,Oil and gas,0-9 years,0.21,1.6327434538006769
Bulgaria,Oil and gas,10-19 years,0.093,0.7230721009688712
Bulgaria,Oil and gas,20-29 years,0.0,0.0
Bulgaria,Oil and gas,30-39 years,0.0,0.0
Bulgaria,Oil and gas,40-49 years,0.151,1.174020292970963
Bulgaria,Oil and gas,50+ years,0.307,2.3869154300800375
Bulgaria,Utility-scale solar,0-9 years,3.1163349012875536,24.22940671394206
Bulgaria,Utility-scale solar,10-19 years,0.210453,1.63626551467959
Bulgaria,Utility-scale solar,20-29 years,0.0,0.0
Bulgaria,Utility-scale solar,30-39 years,0.0,0.0
Bulgaria,Utility-scale solar,40-49 years,0.0,0.0
Bulgaria,Utility-scale solar,50+ years,0.0,0.0
Bulgaria,Wind,0-9 years,0.0,0.0
Bulgaria,Wind,10-19 years,0.608,4.727181047194342
Bulgaria,Wind,20-29 years,0.0,0.0
Bulgaria,Wind,30-39 years,0.0,0.0
Bulgaria,Wind,40-49 years,0.0,0.0
Bulgaria,Wind,50+ years,0.0,0.0
Bulgaria,Hydropower,0-9 years,0.0,0.0
Bulgaria,Hydropower,10-19 years,0.085,0.660872350347893
Bulgaria,Hydropower,20-29 years,0.0,0.0
Bulgaria,Hydropower,30-39 years,0.864,6.717573067065643
Bulgaria,Hydropower,40-49 years,0.148,1.1506953864880962
Bulgaria,Hydropower,50+ years,1.415,11.001580891085515
Bulgaria,Nuclear,0-9 years,0.0,0.0
Bulgaria,Nuclear,10-19 years,0.0,0.0
Bulgaria,Nuclear,20-29 years,0.0,0.0
Bulgaria,Nuclear,30-39 years,2.08,16.171935161454325
Bulgaria,Nuclear,40-49 years,0.0,0.0
Bulgaria,Nuclear,50+ years,0.0,0.0
Burkina Faso,Oil and gas,0-9 years,0.0549,15.22397462851933
Burkina Faso,Oil and gas,10-19 years,0.111,30.78071372979318
Burkina Faso,Oil and gas,20-29 years,0.0,0.0
Burkina Faso,Oil and gas,30-39 years,0.0,0.0
Burkina Faso,Oil and gas,40-49 years,0.0,0.0
Burkina Faso,Oil and gas,50+ years,0.0,0.0
Burkina Faso,Utility-scale solar,0-9 years,0.19471541968911915,53.99531164168749
Burkina Faso,Utility-scale solar,10-19 years,0.0,0.0
Burkina Faso,Utility-scale solar,20-29 years,0.0,0.0
Burkina Faso,Utility-scale solar,30-39 years,0.0,0.0
Burkina Faso,Utility-scale solar,40-49 years,0.0,0.0
Burkina Faso,Utility-scale solar,50+ years,0.0,0.0
Burundi,Utility-scale solar,0-9 years,0.014,27.450980392156865
Burundi,Utility-scale solar,10-19 years,0.0,0.0
Burundi,Utility-scale solar,20-29 years,0.0,0.0
Burundi,Utility-scale solar,30-39 years,0.0,0.0
Burundi,Utility-scale solar,40-49 years,0.0,0.0
Burundi,Utility-scale solar,50+ years,0.0,0.0
Burundi,Hydropower,0-9 years,0.035,68.62745098039215
Burundi,Hydropower,10-19 years,0.0,0.0
Burundi,Hydropower,20-29 years,0.0,0.0
Burundi,Hydropower,30-39 years,0.0,0.0
Burundi,Hydropower,40-49 years,0.0,0.0
Burundi,Hydropower,50+ years,0.0,0.0
Cabo Verde,Utility-scale solar,0-9 years,0.0073965440414507765,28.95863797944582
Cabo Verde,Utility-scale solar,10-19 years,0.003971740932642487,15.549992965901513
Cabo Verde,Utility-scale solar,20-29 years,0.0,0.0
Cabo Verde,Utility-scale solar,30-39 years,0.0,0.0
Cabo Verde,Utility-scale solar,40-49 years,0.0,0.0
Cabo Verde,Utility-scale solar,50+ years,0.0,0.0
Cabo Verde,Wind,0-9 years,0.013,50.897052951090856
Cabo Verde,Wind,10-19 years,0.0,0.0
Cabo Verde,Wind,20-29 years,0.0,0.0
Cabo Verde,Wind,30-39 years,0.0,0.0
Cabo Verde,Wind,40-49 years,0.0,0.0
Cabo Verde,Wind,50+ years,0.0,0.0
Cambodia,Coal,0-9 years,1.085,26.71752384426908
Cambodia,Coal,10-19 years,0.37,9.111044997584848
Cambodia,Coal,20-29 years,0.0,0.0
Cambodia,Coal,30-39 years,0.0,0.0
Cambodia,Coal,40-49 years,0.0,0.0
Cambodia,Coal,50+ years,0.0,0.0
Cambodia,Oil and gas,0-9 years,0.8005,19.71186897450452
Cambodia,Oil and gas,10-19 years,0.0,0.0
Cambodia,Oil and gas,20-29 years,0.0,0.0
Cambodia,Oil and gas,30-39 years,0.0,0.0
Cambodia,Oil and gas,40-49 years,0.0,0.0
Cambodia,Oil and gas,50+ years,0.0,0.0
Cambodia,Utility-scale solar,0-9 years,0.49850507788161996,12.275411340821565
Cambodia,Utility-scale solar,10-19 years,0.0,0.0
Cambodia,Utility-scale solar,20-29 years,0.0,0.0
Cambodia,Utility-scale solar,30-39 years,0.0,0.0
Cambodia,Utility-scale solar,40-49 years,0.0,0.0
Cambodia,Utility-scale solar,50+ years,0.0,0.0
Cambodia,Hydropower,0-9 years,0.4,9.849778375767404
Cambodia,Hydropower,10-19 years,0.898,22.11275245359782
Cambodia,Hydropower,20-29 years,0.0,0.0
Cambodia,Hydropower,30-39 years,0.0,0.0
Cambodia,Hydropower,40-49 years,0.0,0.0
Cambodia,Hydropower,50+ years,0.0,0.0
Cambodia,Bioenergy,0-9 years,0.009,0.22162001345476656
Cambodia,Bioenergy,10-19 years,0.0,0.0
Cambodia,Bioenergy,20-29 years,0.0,0.0
Cambodia,Bioenergy,30-39 years,0.0,0.0
Cambodia,Bioenergy,40-49 years,0.0,0.0
Cambodia,Bioenergy,50+ years,0.0,0.0
Cameroon,Oil and gas,0-9 years,0.0,0.0
Cameroon,Oil and gas,10-19 years,0.364,18.765984574201475
Cameroon,Oil and gas,20-29 years,0.0,0.0
Cameroon,Oil and gas,30-39 years,0.0,0.0
Cameroon,Oil and gas,40-49 years,0.0,0.0
Cameroon,Oil and gas,50+ years,0.0,0.0
Cameroon,Utility-scale solar,0-9 years,0.0616530518134715,3.1785170859451934
Cameroon,Utility-scale solar,10-19 years,0.0,0.0
Cameroon,Utility-scale solar,20-29 years,0.0,0.0
Cameroon,Utility-scale solar,30-39 years,0.0,0.0
Cameroon,Utility-scale solar,40-49 years,0.0,0.0
Cameroon,Utility-scale solar,50+ years,0.0,0.0
Cameroon,Hydropower,0-9 years,0.661,34.077790669085644
Cameroon,Hydropower,10-19 years,0.0,0.0
Cameroon,Hydropower,20-29 years,0.0,0.0
Cameroon,Hydropower,30-39 years,0.0,0.0
Cameroon,Hydropower,40-49 years,0.468,24.127694452544755
Cameroon,Hydropower,50+ years,0.276,14.229153138680239
Canada,Coal,0-9 years,0.0,0.0
Canada,Coal,10-19 years,0.11,0.0724135191452471
Canada,Coal,20-29 years,0.0,0.0
Canada,Coal,30-39 years,1.113,0.7326931528060003
Canada,Coal,40-49 years,1.5557999999999998,1.024190482601595
Canada,Coal,50+ years,0.452,0.2975537332150154
Canada,Oil and gas,0-9 years,8.609200000000001,5.667476991138741
Canada,Oil and gas,10-19 years,6.835,4.499512757797854
Canada,Oil and gas,20-29 years,7.098,4.672646899026945
Canada,Oil and gas,30-39 years,1.7774,1.170070808443293
Canada,Oil and gas,40-49 years,0.0,0.0
Canada,Oil and gas,50+ years,4.2329,2.7865380471810584
Canada,Utility-scale solar,0-9 years,2.33110793814433,1.5345793573495632
Canada,Utility-scale solar,10-19 years,1.5911810309278351,1.0474819822422436
Canada,Utility-scale solar,20-29 years,0.0,0.0
Canada,Utility-scale solar,30-39 years,0.0,0.0
Canada,Utility-scale solar,40-49 years,0.0,0.0
Canada,Utility-scale solar,50+ years,0.0,0.0
Canada,Wind,0-9 years,6.284,4.136786857352116
Canada,Wind,10-19 years,10.033,6.604771250766038
Canada,Wind,20-29 years,1.392,0.916360169547127
Canada,Wind,30-39 years,0.0,0.0
Canada,Wind,40-49 years,0.0,0.0
Canada,Wind,50+ years,0.0,0.0
Canada,Hydropower,0-9 years,3.478,2.289583814428813
Canada,Hydropower,10-19 years,4.402,2.897857375248889
Canada,Hydropower,20-29 years,2.069,1.3620324646501478
Canada,Hydropower,30-39 years,7.711,5.076187692081822
Canada,Hydropower,40-49 years,17.303,11.39064656154737
Canada,Hydropower,50+ years,45.949,30.248443556408724
Canada,Nuclear,0-9 years,0.0,0.0
Canada,Nuclear,10-19 years,0.0,0.0
Canada,Nuclear,20-29 years,0.0,0.0
Canada,Nuclear,30-39 years,4.608,3.0334681474663516
Canada,Nuclear,40-49 years,8.937,5.883269278191576
Canada,Nuclear,50+ years,1.084,0.7136023159404351
Canada,Bioenergy,0-9 years,0.24530000000000002,0.16148214769390104
Canada,Bioenergy,10-19 years,0.5317999999999999,0.3500864498312946
Canada,Bioenergy,20-29 years,0.294,0.19354158753366044
Canada,Bioenergy,30-39 years,0.617,0.40617401193288605
Canada,Bioenergy,40-49 years,0.205,0.13495246749796053
Canada,Bioenergy,50+ years,0.0878,0.05779915437229724
Canada,Geothermal,0-9 years,0.01,0.006583047195022464
Canada,Geothermal,10-19 years,0.0,0.0
Canada,Geothermal,20-29 years,0.0,0.0
Canada,Geothermal,30-39 years,0.0,0.0
Canada,Geothermal,40-49 years,0.0,0.0
Canada,Geothermal,50+ years,0.0,0.0
Cayman Islands,Oil and gas,0-9 years,0.068,93.278463648834
Cayman Islands,Oil and gas,10-19 years,0.0,0.0
Cayman Islands,Oil and gas,20-29 years,0.0,0.0
Cayman Islands,Oil and gas,30-39 years,0.0,0.0
Cayman Islands,Oil and gas,40-49 years,0.0,0.0
Cayman Islands,Oil and gas,50+ years,0.0,0.0
Cayman Islands,Utility-scale solar,0-9 years,0.004900000000000001,6.721536351165981
Cayman Islands,Utility-scale solar,10-19 years,0.0,0.0
Cayman Islands,Utility-scale solar,20-29 years,0.0,0.0
Cayman Islands,Utility-scale solar,30-39 years,0.0,0.0
Cayman Islands,Utility-scale solar,40-49 years,0.0,0.0
Cayman Islands,Utility-scale solar,50+ years,0.0,0.0
Central African Republic,Oil and gas,0-9 years,0.05,54.04740881880088
Central African Republic,Oil and gas,10-19 years,0.0,0.0
Central African Republic,Oil and gas,20-29 years,0.0,0.0
Central African Republic,Oil and gas,30-39 years,0.0,0.0
Central African Republic,Oil and gas,40-49 years,0.0,0.0
Central African Republic,Oil and gas,50+ years,0.0,0.0
Central African Republic,Utility-scale solar,0-9 years,0.042511373056994824,45.95259118119912
Central African Republic,Utility-scale solar,10-19 years,0.0,0.0
Central African Republic,Utility-scale solar,20-29 years,0.0,0.0
Central African Republic,Utility-scale solar,30-39 years,0.0,0.0
Central African Republic,Utility-scale solar,40-49 years,0.0,0.0
Central African Republic,Utility-scale solar,50+ years,0.0,0.0
Chad,Utility-scale solar,0-9 years,0.11192681347150259,65.1014296208397
Chad,Utility-scale solar,10-19 years,0.0,0.0
Chad,Utility-scale solar,20-29 years,0.0,0.0
Chad,Utility-scale solar,30-39 years,0.0,0.0
Chad,Utility-scale solar,40-49 years,0.0,0.0
Chad,Utility-scale solar,50+ years,0.0,0.0
Chile,Coal,0-9 years,0.0,0.0
Chile,Coal,10-19 years,2.813,7.611642013946601
Chile,Coal,20-29 years,0.0,0.0
Chile,Coal,30-39 years,0.304,0.8225876900959
Chile,Coal,40-49 years,0.0,0.0
Chile,Coal,50+ years,0.0,0.0
Chile,Oil and gas,0-9 years,0.8092999999999999,2.189869136824381
Chile,Oil and gas,10-19 years,2.5733,6.963042443828223
Chile,Oil and gas,20-29 years,3.5566,9.623734798010124
Chile,Oil and gas,30-39 years,0.0,0.0
Chile,Oil and gas,40-49 years,0.0,0.0
Chile,Oil and gas,50+ years,0.05,0.13529402797629933
Chile,Utility-scale solar,0-9 years,10.899320486666667,29.492259416914653
Chile,Utility-scale solar,10-19 years,1.4367994666666666,3.887807744790639
Chile,Utility-scale solar,20-29 years,0.0,0.0
Chile,Utility-scale solar,30-39 years,0.0,0.0
Chile,Utility-scale solar,40-49 years,0.0,0.0
Chile,Utility-scale solar,50+ years,0.0,0.0
Chile,Wind,0-9 years,4.7718,12.911920853946105
Chile,Wind,10-19 years,1.24,3.3552918938122236
Chile,Wind,20-29 years,0.0,0.0
Chile,Wind,30-39 years,0.0,0.0
Chile,Wind,40-49 years,0.0,0.0
Chile,Wind,50+ years,0.0,0.0
Chile,Hydropower,0-9 years,0.187,0.5059996646313595
Chile,Hydropower,10-19 years,1.075,2.908821601490436
Chile,Hydropower,20-29 years,1.045,2.8276451847046564
Chile,Hydropower,30-39 years,1.568,4.2428207173367465
Chile,Hydropower,40-49 years,0.889,2.4055278174186023
Chile,Hydropower,50+ years,1.431,3.872115080681687
Chile,Bioenergy,0-9 years,0.184,0.4978820229527815
Chile,Bioenergy,10-19 years,0.424,1.1472933572390183
Chile,Bioenergy,20-29 years,0.2,0.5411761119051973
Chile,Bioenergy,30-39 years,0.0835,0.22594102672041988
Chile,Bioenergy,40-49 years,0.0,0.0
Chile,Bioenergy,50+ years,0.0,0.0
Chile,Geothermal,0-9 years,0.081,0.21917632532160491
Chile,Geothermal,10-19 years,0.0,0.0
Chile,Geothermal,20-29 years,0.0,0.0
Chile,Geothermal,30-39 years,0.0,0.0
Chile,Geothermal,40-49 years,0.0,0.0
Chile,Geothermal,50+ years,0.0,0.0
China,Coal,0-9 years,408.2718,13.419224841267516
China,Coal,10-19 years,577.8062,18.99154267445948
China,Coal,20-29 years,222.9598,7.328323158160904
China,Coal,30-39 years,45.275,1.4881150368171077
China,Coal,40-49 years,4.82,0.1584254992260289
China,Coal,50+ years,0.125,0.004108545104409463
China,Oil and gas,0-9 years,121.3449,3.9884079587204466
China,Oil and gas,10-19 years,52.4294,1.7232684375770042
China,Oil and gas,20-29 years,16.21,0.5327961291398192
China,Oil and gas,30-39 years,0.252,0.008282826930489477
China,Oil and gas,40-49 years,0.0,0.0
China,Oil and gas,50+ years,0.0,0.0
China,Utility-scale solar,0-9 years,479.2136042311282,15.750965661041727
China,Utility-scale solar,10-19 years,59.576330886769476,1.9581763408281203
China,Utility-scale solar,20-29 years,0.0,0.0
China,Utility-scale solar,30-39 years,0.0,0.0
China,Utility-scale solar,40-49 years,0.0,0.0
China,Utility-scale solar,50+ years,0.0,0.0
China,Wind,0-9 years,370.4196,12.175085073258492
China,Wind,10-19 years,143.60060000000001,4.7199163369620925
China,Wind,20-29 years,0.9455,0.03107703516975318
China,Wind,30-39 years,0.0,0.0
China,Wind,40-49 years,0.0,0.0
China,Wind,50+ years,0.0,0.0
China,Hydropower,0-9 years,111.824,3.6754715820438704
China,Hydropower,10-19 years,175.721,5.775661234335482
China,Hydropower,20-29 years,39.448,1.296591098229956
China,Hydropower,30-39 years,24.337,0.7999172976481048
China,Hydropower,40-49 years,7.175,0.2358304889931032
China,Hydropower,50+ years,9.727,0.3197105458447268
China,Nuclear,0-9 years,30.83,1.01333156455155
China,Nuclear,10-19 years,26.639,0.8755802642909096
China,Nuclear,20-29 years,4.814,0.15822828906101724
China,Nuclear,30-39 years,2.34,0.07691196435454514
China,Nuclear,40-49 years,0.0,0.0
China,Nuclear,50+ years,0.0,0.0
China,Bioenergy,0-9 years,27.877,0.9162712950049808
China,Bioenergy,10-19 years,6.648,0.21850886283291288
China,Bioenergy,20-29 years,0.5105,0.016779298206408246
China,Bioenergy,30-39 years,0.0,0.0
China,Bioenergy,40-49 years,0.0,0.0
China,Bioenergy,50+ years,0.0,0.0
China,Geothermal,0-9 years,0.016,0.0005258937733644113
China,Geothermal,10-19 years,0.0,0.0
China,Geothermal,20-29 years,0.0,0.0
China,Geothermal,30-39 years,0.0,0.0
China,Geothermal,40-49 years,0.0,0.0
China,Geothermal,50+ years,0.0,0.0
Colombia,Coal,0-9 years,0.27,1.2884016062896946
Colombia,Coal,10-19 years,0.334,1.593800505558363
Colombia,Coal,20-29 years,0.165,0.7873565371770357
Colombia,Coal,30-39 years,0.13,0.6203415141394826
Colombia,Coal,40-49 years,0.507,2.419331905143982
Colombia,Coal,50+ years,0.207,0.9877745648220992
Colombia,Oil and gas,0-9 years,1.07,5.105887847148049
Colombia,Oil and gas,10-19 years,0.45,2.1473360104828245
Colombia,Oil and gas,20-29 years,2.249,10.731908194613048
Colombia,Oil and gas,30-39 years,0.26,1.2406830282789651
Colombia,Oil and gas,40-49 years,0.198,0.9448278446124426
Colombia,Oil and gas,50+ years,0.132,0.6298852297416285
Colombia,Utility-scale solar,0-9 years,2.5158986481481485,12.005510590874612
Colombia,Utility-scale solar,10-19 years,0.0,0.0
Colombia,Utility-scale solar,20-29 years,0.0,0.0
Colombia,Utility-scale solar,30-39 years,0.0,0.0
Colombia,Utility-scale solar,40-49 years,0.0,0.0
Colombia,Utility-scale solar,50+ years,0.0,0.0
Colombia,Wind,0-9 years,0.08,0.3817486240858355
Colombia,Wind,10-19 years,0.0,0.0
Colombia,Wind,20-29 years,0.0,0.0
Colombia,Wind,30-39 years,0.0,0.0
Colombia,Wind,40-49 years,0.0,0.0
Colombia,Wind,50+ years,0.0,0.0
Colombia,Hydropower,0-9 years,1.255,5.988681540346544
Colombia,Hydropower,10-19 years,2.144,10.23086312550039
Colombia,Hydropower,20-29 years,1.141,5.444689751024228
Colombia,Hydropower,30-39 years,2.47,11.78648876865017
Colombia,Hydropower,40-49 years,2.341,11.17091911231176
Colombia,Hydropower,50+ years,2.766,13.198958677767761
Colombia,Bioenergy,0-9 years,0.087,0.41515162869334604
Colombia,Bioenergy,10-19 years,0.11,0.5249043581180237
Colombia,Bioenergy,20-29 years,0.0345,0.16462909413701654
Colombia,Bioenergy,30-39 years,0.0,0.0
Colombia,Bioenergy,40-49 years,0.0,0.0
Colombia,Bioenergy,50+ years,0.0,0.0
Cook Islands,Utility-scale solar,0-9 years,0.0,0.0
Cook Islands,Utility-scale solar,10-19 years,0.0010298697318007663,100.0
Cook Islands,Utility-scale solar,20-29 years,0.0,0.0
Cook Islands,Utility-scale solar,30-39 years,0.0,0.0
Cook Islands,Utility-scale solar,40-49 years,0.0,0.0
Cook Islands,Utility-scale solar,50+ years,0.0,0.0
Costa Rica,Oil and gas,0-9 years,0.0,0.0
Costa Rica,Oil and gas,10-19 years,0.2024,7.40226017627912
Costa Rica,Oil and gas,20-29 years,0.0,0.0
Costa Rica,Oil and gas,30-39 years,0.0,0.0
Costa Rica,Oil and gas,40-49 years,0.0,0.0
Costa Rica,Oil and gas,50+ years,0.0,0.0
Costa Rica,Utility-scale solar,0-9 years,0.0218,0.7972790110814467
Costa Rica,Utility-scale solar,10-19 years,0.0,0.0
Costa Rica,Utility-scale solar,20-29 years,0.0,0.0
Costa Rica,Utility-scale solar,30-39 years,0.0,0.0
Costa Rica,Utility-scale solar,40-49 years,0.0,0.0
Costa Rica,Utility-scale solar,50+ years,0.0,0.0
Costa Rica,Wind,0-9 years,0.0554,2.0261127162345023
Costa Rica,Wind,10-19 years,0.211,7.71678308890758
Costa Rica,Wind,20-29 years,0.037200000000000004,1.3604944592765973
Costa Rica,Wind,30-39 years,0.023,0.8411659291226272
Costa Rica,Wind,40-49 years,0.0,0.0
Costa Rica,Wind,50+ years,0.0,0.0
Costa Rica,Hydropower,0-9 years,0.0,0.0
Costa Rica,Hydropower,10-19 years,0.708,25.89328164429653
Costa Rica,Hydropower,20-29 years,0.26,9.508832242255787
Costa Rica,Hydropower,30-39 years,0.065,2.3772080605639467
Costa Rica,Hydropower,40-49 years,0.331,12.105474893025637
Costa Rica,Hydropower,50+ years,0.404,14.775262407197454
Costa Rica,Geothermal,0-9 years,0.055,2.011483743554109
Costa Rica,Geothermal,10-19 years,0.035,1.280035109534433
Costa Rica,Geothermal,20-29 years,0.084,3.072084262882639
Costa Rica,Geothermal,30-39 years,0.06,2.1943459020590277
Costa Rica,Geothermal,40-49 years,0.0,0.0
Costa Rica,Geothermal,50+ years,0.0,0.0
Croatia,Coal,0-9 years,0.0,0.0
Croatia,Coal,10-19 years,0.0,0.0
Croatia,Coal,20-29 years,0.217,4.340434043404341
Croatia,Coal,30-39 years,0.0,0.0
Croatia,Coal,40-49 years,0.0,0.0
Croatia,Coal,50+ years,0.0,0.0
Croatia,Oil and gas,0-9 years,0.385,7.700770077007702
Croatia,Oil and gas,10-19 years,0.1,2.0002000200020005
Croatia,Oil and gas,20-29 years,0.24780000000000002,4.956495649564957
Croatia,Oil and gas,30-39 years,0.0,0.0
Croatia,Oil and gas,40-49 years,0.638,12.761276127612762
Croatia,Oil and gas,50+ years,0.05,1.0001000100010002
Croatia,Utility-scale solar,0-9 years,0.2716,5.432543254325433
Croatia,Utility-scale solar,10-19 years,0.0,0.0
Croatia,Utility-scale solar,20-29 years,0.0,0.0
Croatia,Utility-scale solar,30-39 years,0.0,0.0
Croatia,Utility-scale solar,40-49 years,0.0,0.0
Croatia,Utility-scale solar,50+ years,0.0,0.0
Croatia,Wind,0-9 years,0.636,12.721272127212721
Croatia,Wind,10-19 years,0.343,6.860686068606861
Croatia,Wind,20-29 years,0.011,0.22002200220022
Croatia,Wind,30-39 years,0.0,0.0
Croatia,Wind,40-49 years,0.0,0.0
Croatia,Wind,50+ years,0.0,0.0
Croatia,Hydropower,0-9 years,0.0,0.0
Croatia,Hydropower,10-19 years,0.042,0.8400840084008401
Croatia,Hydropower,20-29 years,0.0,0.0
Croatia,Hydropower,30-39 years,0.076,1.5201520152015202
Croatia,Hydropower,40-49 years,0.317,6.34063406340634
Croatia,Hydropower,50+ years,1.441,28.822882288228826
Croatia,Geothermal,0-9 years,0.0361,0.7220722072207221
Croatia,Geothermal,10-19 years,0.0,0.0
Croatia,Geothermal,20-29 years,0.0,0.0
Croatia,Geothermal,30-39 years,0.0,0.0
Croatia,Geothermal,40-49 years,0.0,0.0
Croatia,Geothermal,50+ years,0.0,0.0
Cuba,Oil and gas,0-9 years,0.084,3.6157060243521153
Cuba,Oil and gas,10-19 years,0.313,13.472809352645381
Cuba,Oil and gas,20-29 years,0.173,7.446632645391856
Cuba,Oil and gas,30-39 years,0.58,24.965589215764602
Cuba,Oil and gas,40-49 years,0.158,6.800970855328978
Cuba,Oil and gas,50+ years,0.125,5.380514917190647
Cuba,Utility-scale solar,0-9 years,0.8301977222222222,35.73512982907491
Cuba,Utility-scale solar,10-19 years,0.0,0.0
Cuba,Utility-scale solar,20-29 years,0.0,0.0
Cuba,Utility-scale solar,30-39 years,0.0,0.0
Cuba,Utility-scale solar,40-49 years,0.0,0.0
Cuba,Utility-scale solar,50+ years,0.0,0.0
Cuba,Bioenergy,0-9 years,0.06,2.582647160251511
Cuba,Bioenergy,10-19 years,0.0,0.0
Cuba,Bioenergy,20-29 years,0.0,0.0
Cuba,Bioenergy,30-39 years,0.0,0.0
Cuba,Bioenergy,40-49 years,0.0,0.0
Cuba,Bioenergy,50+ years,0.0,0.0
Curaçao,Wind,0-9 years,0.0395,56.83453237410072
Curaçao,Wind,10-19 years,0.03,43.16546762589928
Curaçao,Wind,20-29 years,0.0,0.0
Curaçao,Wind,30-39 years,0.0,0.0
Curaçao,Wind,40-49 years,0.0,0.0
Curaçao,Wind,50+ years,0.0,0.0
Cyprus,Oil and gas,0-9 years,0.0,0.0
Cyprus,Oil and gas,10-19 years,0.76,31.60214561936047
Cyprus,Oil and gas,20-29 years,0.463,19.252359765478815
Cyprus,Oil and gas,30-39 years,0.39,16.216890515198138
Cyprus,Oil and gas,40-49 years,0.24,9.979624932429623
Cyprus,Oil and gas,50+ years,0.0,0.0
Cyprus,Utility-scale solar,0-9 years,0.38489999999999996,16.004823485384005
Cyprus,Utility-scale solar,10-19 years,0.011,0.45739947606969106
Cyprus,Utility-scale solar,20-29 years,0.0,0.0
Cyprus,Utility-scale solar,30-39 years,0.0,0.0
Cyprus,Utility-scale solar,40-49 years,0.0,0.0
Cyprus,Utility-scale solar,50+ years,0.0,0.0
Cyprus,Wind,0-9 years,0.0,0.0
Cyprus,Wind,10-19 years,0.156,6.486756206079254
Cyprus,Wind,20-29 years,0.0,0.0
Cyprus,Wind,30-39 years,0.0,0.0
Cyprus,Wind,40-49 years,0.0,0.0
Cyprus,Wind,50+ years,0.0,0.0
Czech Republic,Coal,0-9 years,0.66,3.7233631446848143
Czech Republic,Coal,10-19 years,0.885,4.992691489463728
Czech Republic,Coal,20-29 years,0.6116,3.4503165140745953
Czech Republic,Coal,30-39 years,0.038,0.21437545378488326
Czech Republic,Coal,40-49 years,1.355,7.6441773652241265
Czech Republic,Coal,50+ years,3.364,18.9778691192723
Czech Republic,Oil and gas,0-9 years,0.123,0.6938994951458064
Czech Republic,Oil and gas,10-19 years,0.977,5.511705745995552
Czech Republic,Oil and gas,20-29 years,0.172,0.9703310013421031
Czech Republic,Oil and gas,30-39 years,0.466,2.628920038519884
Czech Republic,Oil and gas,40-49 years,0.0,0.0
Czech Republic,Oil and gas,50+ years,0.081,0.45695820412040905
Czech Republic,Utility-scale solar,0-9 years,2.5988,14.661024455161964
Czech Republic,Utility-scale solar,10-19 years,0.20031000000000002,1.1300407144118412
Czech Republic,Utility-scale solar,20-29 years,0.0,0.0
Czech Republic,Utility-scale solar,30-39 years,0.0,0.0
Czech Republic,Utility-scale solar,40-49 years,0.0,0.0
Czech Republic,Utility-scale solar,50+ years,0.0,0.0
Czech Republic,Wind,0-9 years,0.053,0.2989973434368109
Czech Republic,Wind,10-19 years,0.098,0.5528630123925937
Czech Republic,Wind,20-29 years,0.0,0.0
Czech Republic,Wind,30-39 years,0.0,0.0
Czech Republic,Wind,40-49 years,0.0,0.0
Czech Republic,Wind,50+ years,0.0,0.0
Czech Republic,Hydropower,0-9 years,0.0,0.0
Czech Republic,Hydropower,10-19 years,0.0,0.0
Czech Republic,Hydropower,20-29 years,0.0,0.0
Czech Republic,Hydropower,30-39 years,0.65,3.666948551583529
Czech Republic,Hydropower,40-49 years,0.472,2.6627687943806553
Czech Republic,Hydropower,50+ years,0.697,3.932097139159569
Czech Republic,Nuclear,0-9 years,0.0,0.0
Czech Republic,Nuclear,10-19 years,0.0,0.0
Czech Republic,Nuclear,20-29 years,2.164,12.208117947118089
Czech Republic,Nuclear,30-39 years,0.5,2.8207296550642535
Czech Republic,Nuclear,40-49 years,1.5,8.46218896519276
Czech Republic,Nuclear,50+ years,0.0,0.0
Czech Republic,Bioenergy,0-9 years,0.0075,0.0423109448259638
Czech Republic,Bioenergy,10-19 years,0.0,0.0
Czech Republic,Bioenergy,20-29 years,0.0,0.0
Czech Republic,Bioenergy,30-39 years,0.022699999999999998,0.1280611263399171
Czech Republic,Bioenergy,40-49 years,0.0,0.0
Czech Republic,Bioenergy,50+ years,0.03,0.1692437793038552
Côte d'Ivoire,Oil and gas,0-9 years,0.643,24.099907798175455
Côte d'Ivoire,Oil and gas,10-19 years,0.915,34.294581081384976
Côte d'Ivoire,Oil and gas,20-29 years,0.111,4.160326229545063
Côte d'Ivoire,Oil and gas,30-39 years,0.0,0.0
Côte d'Ivoire,Oil and gas,40-49 years,0.0,0.0
Côte d'Ivoire,Oil and gas,50+ years,0.0,0.0
Côte d'Ivoire,Utility-scale solar,0-9 years,0.03306,1.2391025689077457
Côte d'Ivoire,Utility-scale solar,10-19 years,0.0,0.0
Côte d'Ivoire,Utility-scale solar,20-29 years,0.0,0.0
Côte d'Ivoire,Utility-scale solar,30-39 years,0.0,0.0
Côte d'Ivoire,Utility-scale solar,40-49 years,0.0,0.0
Côte d'Ivoire,Utility-scale solar,50+ years,0.0,0.0
Côte d'Ivoire,Hydropower,0-9 years,0.387,14.504921178684139
Côte d'Ivoire,Hydropower,10-19 years,0.0,0.0
Côte d'Ivoire,Hydropower,20-29 years,0.0,0.0
Côte d'Ivoire,Hydropower,30-39 years,0.0,0.0
Côte d'Ivoire,Hydropower,40-49 years,0.375,14.055156180895482
Côte d'Ivoire,Hydropower,50+ years,0.204,7.646004962407142
DR Congo,Utility-scale solar,0-9 years,0.03084269430051813,1.0570375970152126
DR Congo,Utility-scale solar,10-19 years,0.0,0.0
DR Congo,Utility-scale solar,20-29 years,0.0,0.0
DR Congo,Utility-scale solar,30-39 years,0.0,0.0
DR Congo,Utility-scale solar,40-49 years,0.0,0.0
DR Congo,Utility-scale solar,50+ years,0.0,0.0
DR Congo,Hydropower,0-9 years,0.465,15.93643142271837
DR Congo,Hydropower,10-19 years,0.064,2.1934013140945714
DR Congo,Hydropower,20-29 years,0.0,0.0
DR Congo,Hydropower,30-39 years,0.04,1.3708758213091068
DR Congo,Hydropower,40-49 years,1.424,48.80317923860421
DR Congo,Hydropower,50+ years,0.894,30.639074606258543
Denmark,Coal,0-9 years,0.0,0.0
Denmark,Coal,10-19 years,0.0,0.0
Denmark,Coal,20-29 years,0.411,3.5473551058959765
Denmark,Coal,30-39 years,0.0,0.0
Denmark,Coal,40-49 years,0.0,0.0
Denmark,Coal,50+ years,0.0,0.0
Denmark,Oil and gas,0-9 years,0.362,3.1244344241711524
Denmark,Oil and gas,10-19 years,0.025,0.21577585802286964
Denmark,Oil and gas,20-29 years,0.382,3.297055110589448
Denmark,Oil and gas,30-39 years,0.2562,2.211270993018368
Denmark,Oil and gas,40-49 years,0.0,0.0
Denmark,Oil and gas,50+ years,0.126,1.0875103244352629
Denmark,Utility-scale solar,0-9 years,2.6182956975308644,22.598600027692406
Denmark,Utility-scale solar,10-19 years,0.14790620370370372,1.2765835204428801
Denmark,Utility-scale solar,20-29 years,0.21924000000000002,1.8922679645173575
Denmark,Utility-scale solar,30-39 years,0.0,0.0
Denmark,Utility-scale solar,40-49 years,0.0,0.0
Denmark,Utility-scale solar,50+ years,0.0,0.0
Denmark,Wind,0-9 years,2.2626,19.52857825450179
Denmark,Wind,10-19 years,2.069,17.857610009972692
Denmark,Wind,20-29 years,0.522,4.5053999155175175
Denmark,Wind,30-39 years,0.024,0.20714482370195486
Denmark,Wind,40-49 years,0.0,0.0
Denmark,Wind,50+ years,0.0,0.0
Denmark,Bioenergy,0-9 years,0.384,3.3143171792312778
Denmark,Bioenergy,10-19 years,0.099,0.8544723977705637
Denmark,Bioenergy,20-29 years,0.624,5.385765416250826
Denmark,Bioenergy,30-39 years,0.25,2.157758580228696
Denmark,Bioenergy,40-49 years,0.414,3.573248208858721
Denmark,Bioenergy,50+ years,0.163,1.40685859430911
Djibouti,Oil and gas,0-9 years,0.0,0.0
Djibouti,Oil and gas,10-19 years,0.0,0.0
Djibouti,Oil and gas,20-29 years,0.108,34.12031815510635
Djibouti,Oil and gas,30-39 years,0.0,0.0
Djibouti,Oil and gas,40-49 years,0.0,0.0
Djibouti,Oil and gas,50+ years,0.0,0.0
Djibouti,Utility-scale solar,0-9 years,0.1359869170984456,42.96219329936143
Djibouti,Utility-scale solar,10-19 years,0.013540025906735751,4.277685108946352
Djibouti,Utility-scale solar,20-29 years,0.0,0.0
Djibouti,Utility-scale solar,30-39 years,0.0,0.0
Djibouti,Utility-scale solar,40-49 years,0.0,0.0
Djibouti,Utility-scale solar,50+ years,0.0,0.0
Djibouti,Wind,0-9 years,0.059,18.639803436585872
Djibouti,Wind,10-19 years,0.0,0.0
Djibouti,Wind,20-29 years,0.0,0.0
Djibouti,Wind,30-39 years,0.0,0.0
Djibouti,Wind,40-49 years,0.0,0.0
Djibouti,Wind,50+ years,0.0,0.0
Dominican Republic,Coal,0-9 years,0.752,10.950466316761812
Dominican Republic,Coal,10-19 years,0.0,0.0
Dominican Republic,Coal,20-29 years,0.052,0.7572130963718274
Dominican Republic,Coal,30-39 years,0.132,1.922156321559254
Dominican Republic,Coal,40-49 years,0.128,1.8639091602998827
Dominican Republic,Coal,50+ years,0.0,0.0
Dominican Republic,Oil and gas,0-9 years,2.2967,33.444063816099536
Dominican Republic,Oil and gas,10-19 years,0.22269999999999998,3.2429107031154993
Dominican Republic,Oil and gas,20-29 years,0.8687999999999999,12.651283425535453
Dominican Republic,Oil and gas,30-39 years,0.0,0.0
Dominican Republic,Oil and gas,40-49 years,0.0,0.0
Dominican Republic,Oil and gas,50+ years,0.198,2.8832344823388816
Dominican Republic,Utility-scale solar,0-9 years,1.045096,15.218468810880987
Dominican Republic,Utility-scale solar,10-19 years,0.03,0.43685370944528507
Dominican Republic,Utility-scale solar,20-29 years,0.0,0.0
Dominican Republic,Utility-scale solar,30-39 years,0.0,0.0
Dominican Republic,Utility-scale solar,40-49 years,0.0,0.0
Dominican Republic,Utility-scale solar,50+ years,0.0,0.0
Dominican Republic,Wind,0-9 years,0.33,4.805390803898135
Dominican Republic,Wind,10-19 years,0.1272,1.8522597280480086
Dominican Republic,Wind,20-29 years,0.0,0.0
Dominican Republic,Wind,30-39 years,0.0,0.0
Dominican Republic,Wind,40-49 years,0.0,0.0
Dominican Republic,Wind,50+ years,0.0,0.0
Dominican Republic,Hydropower,0-9 years,0.0,0.0
Dominican Republic,Hydropower,10-19 years,0.14,2.0386506440779972
Dominican Republic,Hydropower,20-29 years,0.052,0.7572130963718274
Dominican Republic,Hydropower,30-39 years,0.158,2.3007628697451676
Dominican Republic,Hydropower,40-49 years,0.0,0.0
Dominican Republic,Hydropower,50+ years,0.134,1.9512799021889398
Dominican Republic,Bioenergy,0-9 years,0.037,0.5387862416491849
Dominican Republic,Bioenergy,10-19 years,0.0,0.0
Dominican Republic,Bioenergy,20-29 years,0.007,0.10193253220389985
Dominican Republic,Bioenergy,30-39 years,0.0,0.0
Dominican Republic,Bioenergy,40-49 years,0.0,0.0
Dominican Republic,Bioenergy,50+ years,0.0,0.0
Ecuador,Oil and gas,0-9 years,0.32274,4.564357478155382
Ecuador,Oil and gas,10-19 years,0.4678,6.6158716870579655
Ecuador,Oil and gas,20-29 years,0.48460000000000003,6.8534660529035705
Ecuador,Oil and gas,30-39 years,0.0,0.0
Ecuador,Oil and gas,40-49 years,0.2785,3.9386923147619566
Ecuador,Oil and gas,50+ years,0.0,0.0
Ecuador,Utility-scale solar,0-9 years,0.013100000000000002,0.1852670352724655
Ecuador,Utility-scale solar,10-19 years,0.0038362962962962964,0.05425490391156905
Ecuador,Utility-scale solar,20-29 years,0.0,0.0
Ecuador,Utility-scale solar,30-39 years,0.0,0.0
Ecuador,Utility-scale solar,40-49 years,0.0,0.0
Ecuador,Utility-scale solar,50+ years,0.0,0.0
Ecuador,Wind,0-9 years,0.05,0.7071260888262041
Ecuador,Wind,10-19 years,0.016,0.22628034842438532
Ecuador,Wind,20-29 years,0.0,0.0
Ecuador,Wind,30-39 years,0.0,0.0
Ecuador,Wind,40-49 years,0.0,0.0
Ecuador,Wind,50+ years,0.0,0.0
Ecuador,Hydropower,0-9 years,0.96,13.57682090546312
Ecuador,Hydropower,10-19 years,2.578,36.45942113987908
Ecuador,Hydropower,20-29 years,0.07,0.9899765243566857
Ecuador,Hydropower,30-39 years,0.388,5.487298449291344
Ecuador,Hydropower,40-49 years,1.172,16.575035522086225
Ecuador,Hydropower,50+ years,0.118,1.6688175696298417
Ecuador,Bioenergy,0-9 years,0.0,0.0
Ecuador,Bioenergy,10-19 years,0.043,0.6081284363905355
Ecuador,Bioenergy,20-29 years,0.03,0.4242756532957225
Ecuador,Bioenergy,30-39 years,0.0,0.0
Ecuador,Bioenergy,40-49 years,0.0,0.0
Ecuador,Bioenergy,50+ years,0.0,0.0
Egypt,Oil and gas,0-9 years,24.7077,38.923154764259884
Egypt,Oil and gas,10-19 years,16.094,25.35360445431985
Egypt,Oil and gas,20-29 years,6.6698,10.507236919934295
Egypt,Oil and gas,30-39 years,4.697,7.399396055793485
Egypt,Oil and gas,40-49 years,2.05,3.2294575078511056
Egypt,Oil and gas,50+ years,0.0,0.0
Egypt,Utility-scale solar,0-9 years,3.257432631578947,5.131580618717958
Egypt,Utility-scale solar,10-19 years,0.02,0.03150690251562054
Egypt,Utility-scale solar,20-29 years,0.0,0.0
Egypt,Utility-scale solar,30-39 years,0.0,0.0
Egypt,Utility-scale solar,40-49 years,0.0,0.0
Egypt,Utility-scale solar,50+ years,0.0,0.0
Egypt,Wind,0-9 years,2.499,3.9367874693267866
Egypt,Wind,10-19 years,0.2,0.3150690251562054
Egypt,Wind,20-29 years,0.225,0.3544526533007311
Egypt,Wind,30-39 years,0.0,0.0
Egypt,Wind,40-49 years,0.0,0.0
Egypt,Wind,50+ years,0.0,0.0
Egypt,Hydropower,0-9 years,0.032,0.050411044024992864
Egypt,Hydropower,10-19 years,0.064,0.10082208804998573
Egypt,Hydropower,20-29 years,0.0,0.0
Egypt,Hydropower,30-39 years,0.086,0.13547968081716832
Egypt,Hydropower,40-49 years,0.27,0.42534318396087734
Egypt,Hydropower,50+ years,2.422,3.8154858946416472
El Salvador,Oil and gas,0-9 years,0.378,13.508172801904223
El Salvador,Oil and gas,10-19 years,0.12459999999999999,4.452693997664725
El Salvador,Oil and gas,20-29 years,0.283,10.113261647986494
El Salvador,Oil and gas,30-39 years,0.1439,5.142397000513274
El Salvador,Oil and gas,40-49 years,0.0,0.0
El Salvador,Oil and gas,50+ years,0.0,0.0
El Salvador,Utility-scale solar,0-9 years,0.6899052037037037,24.654388117890377
El Salvador,Utility-scale solar,10-19 years,0.005899462962962962,0.21082265910618408
El Salvador,Utility-scale solar,20-29 years,0.0,0.0
El Salvador,Utility-scale solar,30-39 years,0.0,0.0
El Salvador,Utility-scale solar,40-49 years,0.0,0.0
El Salvador,Utility-scale solar,50+ years,0.0,0.0
El Salvador,Wind,0-9 years,0.054,1.9297389717006033
El Salvador,Wind,10-19 years,0.0,0.0
El Salvador,Wind,20-29 years,0.0,0.0
El Salvador,Wind,30-39 years,0.0,0.0
El Salvador,Wind,40-49 years,0.0,0.0
El Salvador,Wind,50+ years,0.0,0.0
El Salvador,Hydropower,0-9 years,0.067,2.3943057611840817
El Salvador,Hydropower,10-19 years,0.0,0.0
El Salvador,Hydropower,20-29 years,0.0,0.0
El Salvador,Hydropower,30-39 years,0.0,0.0
El Salvador,Hydropower,40-49 years,0.18,6.4324632390020104
El Salvador,Hydropower,50+ years,0.352,12.579039222937267
El Salvador,Bioenergy,0-9 years,0.0,0.0
El Salvador,Bioenergy,10-19 years,0.154,5.503329660035053
El Salvador,Bioenergy,20-29 years,0.045,1.6081158097505026
El Salvador,Bioenergy,30-39 years,0.0,0.0
El Salvador,Bioenergy,40-49 years,0.0,0.0
El Salvador,Bioenergy,50+ years,0.0,0.0
El Salvador,Geothermal,0-9 years,0.0135,0.4824347429251508
El Salvador,Geothermal,10-19 years,0.0448,1.6009686283738338
El Salvador,Geothermal,20-29 years,0.0562,2.008357966843961
El Salvador,Geothermal,30-39 years,0.0092,0.32877034332676935
El Salvador,Geothermal,40-49 years,0.035,1.2507567409170575
El Salvador,Geothermal,50+ years,0.06,2.14415441300067
Equatorial Guinea,Oil and gas,0-9 years,0.0,0.0
Equatorial Guinea,Oil and gas,10-19 years,0.0,0.0
Equatorial Guinea,Oil and gas,20-29 years,0.154,55.29358087886135
Equatorial Guinea,Oil and gas,30-39 years,0.0,0.0
Equatorial Guinea,Oil and gas,40-49 years,0.0,0.0
Equatorial Guinea,Oil and gas,50+ years,0.0,0.0
Equatorial Guinea,Hydropower,0-9 years,0.0,0.0
Equatorial Guinea,Hydropower,10-19 years,0.12,43.08590717833352
Equatorial Guinea,Hydropower,20-29 years,0.0,0.0
Equatorial Guinea,Hydropower,30-39 years,0.0,0.0
Equatorial Guinea,Hydropower,40-49 years,0.0,0.0
Equatorial Guinea,Hydropower,50+ years,0.0,0.0
Eritrea,Oil and gas,0-9 years,0.0,0.0
Eritrea,Oil and gas,10-19 years,0.0,0.0
Eritrea,Oil and gas,20-29 years,0.088,79.42238267148015
Eritrea,Oil and gas,30-39 years,0.0,0.0
Eritrea,Oil and gas,40-49 years,0.0,0.0
Eritrea,Oil and gas,50+ years,0.0,0.0
Eritrea,Utility-scale solar,0-9 years,0.0228,20.577617328519857
Eritrea,Utility-scale solar,10-19 years,0.0,0.0
Eritrea,Utility-scale solar,20-29 years,0.0,0.0
Eritrea,Utility-scale solar,30-39 years,0.0,0.0
Eritrea,Utility-scale solar,40-49 years,0.0,0.0
Eritrea,Utility-scale solar,50+ years,0.0,0.0
Estonia,Oil and gas,0-9 years,0.0,0.0
Estonia,Oil and gas,10-19 years,0.2511,11.148792603592215
Estonia,Oil and gas,20-29 years,0.0,0.0
Estonia,Oil and gas,30-39 years,0.0,0.0
Estonia,Oil and gas,40-49 years,0.207,9.190760927692507
Estonia,Oil and gas,50+ years,0.0,0.0
Estonia,Utility-scale solar,0-9 years,1.0011618271604938,44.45139615151645
Estonia,Utility-scale solar,10-19 years,0.0,0.0
Estonia,Utility-scale solar,20-29 years,0.0,0.0
Estonia,Utility-scale solar,30-39 years,0.0,0.0
Estonia,Utility-scale solar,40-49 years,0.0,0.0
Estonia,Utility-scale solar,50+ years,0.0,0.0
Estonia,Wind,0-9 years,0.429,19.047519024058385
Estonia,Wind,10-19 years,0.241,10.700354510018812
Estonia,Wind,20-29 years,0.018,0.799196602408044
Estonia,Wind,30-39 years,0.0,0.0
Estonia,Wind,40-49 years,0.0,0.0
Estonia,Wind,50+ years,0.0,0.0
Estonia,Bioenergy,0-9 years,0.01,0.44399811244891335
Estonia,Bioenergy,10-19 years,0.095,4.217982068264678
Estonia,Bioenergy,20-29 years,0.0,0.0
Estonia,Bioenergy,30-39 years,0.0,0.0
Estonia,Bioenergy,40-49 years,0.0,0.0
Estonia,Bioenergy,50+ years,0.0,0.0
Eswatini,Utility-scale solar,0-9 years,0.013726683937823832,12.62494489915055
Eswatini,Utility-scale solar,10-19 years,0.0,0.0
Eswatini,Utility-scale solar,20-29 years,0.0,0.0
Eswatini,Utility-scale solar,30-39 years,0.0,0.0
Eswatini,Utility-scale solar,40-49 years,0.0,0.0
Eswatini,Utility-scale solar,50+ years,0.0,0.0
Eswatini,Bioenergy,0-9 years,0.025,22.993435552855118
Eswatini,Bioenergy,10-19 years,0.0,0.0
Eswatini,Bioenergy,20-29 years,0.0,0.0
Eswatini,Bioenergy,30-39 years,0.0,0.0
Eswatini,Bioenergy,40-49 years,0.0,0.0
Eswatini,Bioenergy,50+ years,0.0,0.0
Ethiopia,Utility-scale solar,0-9 years,0.0015,0.014800927524791552
Ethiopia,Utility-scale solar,10-19 years,0.0,0.0
Ethiopia,Utility-scale solar,20-29 years,0.0,0.0
Ethiopia,Utility-scale solar,30-39 years,0.0,0.0
Ethiopia,Utility-scale solar,40-49 years,0.0,0.0
Ethiopia,Utility-scale solar,50+ years,0.0,0.0
Ethiopia,Wind,0-9 years,0.34,3.3548769056194185
Ethiopia,Wind,10-19 years,0.324,3.197000345354976
Ethiopia,Wind,20-29 years,0.0,0.0
Ethiopia,Wind,30-39 years,0.0,0.0
Ethiopia,Wind,40-49 years,0.0,0.0
Ethiopia,Wind,50+ years,0.0,0.0
Ethiopia,Hydropower,0-9 years,5.404,53.3228082293157
Ethiopia,Hydropower,10-19 years,3.147,31.05234594701268
Ethiopia,Hydropower,20-29 years,0.257,2.5358922492476195
Ethiopia,Hydropower,30-39 years,0.153,1.5096946075287383
Ethiopia,Hydropower,40-49 years,0.0,0.0
Ethiopia,Hydropower,50+ years,0.24,2.3681484039666483
Ethiopia,Bioenergy,0-9 years,0.206,2.0326607134047068
Ethiopia,Bioenergy,10-19 years,0.031,0.3058858355123588
Ethiopia,Bioenergy,20-29 years,0.0,0.0
Ethiopia,Bioenergy,30-39 years,0.0,0.0
Ethiopia,Bioenergy,40-49 years,0.0,0.0
Ethiopia,Bioenergy,50+ years,0.0,0.0
Faroe Islands,Wind,0-9 years,0.025,67.56756756756756
Faroe Islands,Wind,10-19 years,0.012,32.432432432432435
Faroe Islands,Wind,20-29 years,0.0,0.0
Faroe Islands,Wind,30-39 years,0.0,0.0
Faroe Islands,Wind,40-49 years,0.0,0.0
Faroe Islands,Wind,50+ years,0.0,0.0
Fiji,Wind,0-9 years,0.0,0.0
Fiji,Wind,10-19 years,0.01,5.608524957936063
Fiji,Wind,20-29 years,0.0,0.0
Fiji,Wind,30-39 years,0.0,0.0
Fiji,Wind,40-49 years,0.0,0.0
Fiji,Wind,50+ years,0.0,0.0
Fiji,Hydropower,0-9 years,0.0,0.0
Fiji,Hydropower,10-19 years,0.04,22.434099831744252
Fiji,Hydropower,20-29 years,0.0,0.0
Fiji,Hydropower,30-39 years,0.0,0.0
Fiji,Hydropower,40-49 years,0.08,44.868199663488504
Fiji,Hydropower,50+ years,0.0,0.0
Fiji,Bioenergy,0-9 years,0.012,6.730229949523276
Fiji,Bioenergy,10-19 years,0.024,13.460459899046551
Fiji,Bioenergy,20-29 years,0.0,0.0
Fiji,Bioenergy,30-39 years,0.0,0.0
Fiji,Bioenergy,40-49 years,0.0,0.0
Fiji,Bioenergy,50+ years,0.0,0.0
Finland,Coal,0-9 years,0.0,0.0
Finland,Coal,10-19 years,0.0,0.0
Finland,Coal,20-29 years,0.0,0.0
Finland,Coal,30-39 years,0.614,2.654660020967405
Finland,Coal,40-49 years,0.039200000000000006,0.16948318049173008
Finland,Coal,50+ years,0.0,0.0
Finland,Oil and gas,0-9 years,0.031,0.1340300662051947
Finland,Oil and gas,10-19 years,0.898,3.8825483694278984
Finland,Oil and gas,20-29 years,0.637,2.7541016829906138
Finland,Oil and gas,30-39 years,0.4,1.7294202090992867
Finland,Oil and gas,40-49 years,0.0,0.0
Finland,Oil and gas,50+ years,0.564,2.4384824948299944
Finland,Utility-scale solar,0-9 years,0.19273876543209878,0.8333157900377965
Finland,Utility-scale solar,10-19 years,0.0,0.0
Finland,Utility-scale solar,20-29 years,0.0,0.0
Finland,Utility-scale solar,30-39 years,0.0,0.0
Finland,Utility-scale solar,40-49 years,0.0,0.0
Finland,Utility-scale solar,50+ years,0.0,0.0
Finland,Wind,0-9 years,7.2269,31.245867272849086
Finland,Wind,10-19 years,1.313,5.676821836368409
Finland,Wind,20-29 years,0.0115,0.04972083101160449
Finland,Wind,30-39 years,0.0,0.0
Finland,Wind,40-49 years,0.0,0.0
Finland,Wind,50+ years,0.0,0.0
Finland,Hydropower,0-9 years,0.0,0.0
Finland,Hydropower,10-19 years,0.0,0.0
Finland,Hydropower,20-29 years,0.0,0.0
Finland,Hydropower,30-39 years,0.0,0.0
Finland,Hydropower,40-49 years,0.041,0.17726557143267688
Finland,Hydropower,50+ years,2.504,10.826170508961534
Finland,Nuclear,0-9 years,1.72,7.4365068991269325
Finland,Nuclear,10-19 years,0.0,0.0
Finland,Nuclear,20-29 years,0.0,0.0
Finland,Nuclear,30-39 years,0.0,0.0
Finland,Nuclear,40-49 years,2.902,12.546943617015325
Finland,Nuclear,50+ years,0.0,0.0
Finland,Bioenergy,0-9 years,0.909,3.9301074251781287
Finland,Bioenergy,10-19 years,0.9067999999999999,3.920595614028083
Finland,Bioenergy,20-29 years,0.768,3.3204868014706306
Finland,Bioenergy,30-39 years,0.537,2.321746630715792
Finland,Bioenergy,40-49 years,0.263,1.1370937874827811
Finland,Bioenergy,50+ years,0.134,0.5793557700482611
France,Coal,0-9 years,0.0,0.0
France,Coal,10-19 years,0.0,0.0
France,Coal,20-29 years,0.0,0.0
France,Coal,30-39 years,0.0,0.0
France,Coal,40-49 years,1.907,1.3701770502777715
France,Coal,50+ years,0.0,0.0
France,Oil and gas,0-9 years,0.5205,0.3739785813684216
France,Oil and gas,10-19 years,7.09,5.094155892223073
France,Oil and gas,20-29 years,2.6923000000000004,1.934414091485498
France,Oil and gas,30-39 years,0.38189999999999996,0.27439465941325686
France,Oil and gas,40-49 years,0.594,0.42678823695070595
France,Oil and gas,50+ years,0.312,0.2241715992064314
France,Utility-scale solar,0-9 years,9.170043224719102,6.588664277171096
France,Utility-scale solar,10-19 years,2.976336426966292,2.1384938993890694
France,Utility-scale solar,20-29 years,0.0,0.0
France,Utility-scale solar,30-39 years,0.0,0.0
France,Utility-scale solar,40-49 years,0.0,0.0
France,Utility-scale solar,50+ years,0.0,0.0
France,Wind,0-9 years,10.6565,7.656681560715821
France,Wind,10-19 years,10.0293,7.206039166413661
France,Wind,20-29 years,1.2802,0.9198220554617741
France,Wind,30-39 years,0.0,0.0
France,Wind,40-49 years,0.0,0.0
France,Wind,50+ years,0.023,0.016525470454320262
France,Hydropower,0-9 years,0.097,0.0696943753943072
France,Hydropower,10-19 years,0.055,0.03951742934728759
France,Hydropower,20-29 years,0.035,0.02514745503918301
France,Hydropower,30-39 years,2.656,1.9083325881162878
France,Hydropower,40-49 years,2.659,1.9104880842625034
France,Hydropower,50+ years,15.653,11.246660392238047
France,Nuclear,0-9 years,1.65,1.1855228804186275
France,Nuclear,10-19 years,0.0,0.0
France,Nuclear,20-29 years,6.242,4.484868981559439
France,Nuclear,30-39 years,21.061,15.132301445149524
France,Nuclear,40-49 years,36.737,26.39548730784189
France,Nuclear,50+ years,0.0,0.0
France,Bioenergy,0-9 years,0.1394,0.1001587209274889
France,Bioenergy,10-19 years,0.218939,0.15730739025210538
France,Bioenergy,20-29 years,0.09090000000000001,0.0653115332303353
France,Bioenergy,30-39 years,0.1603,0.1151753440794582
France,Bioenergy,40-49 years,0.012,0.008621984584862746
France,Bioenergy,50+ years,0.064,0.04598391778593465
France,Geothermal,0-9 years,0.0,0.0
France,Geothermal,10-19 years,0.0017,0.0012214478161888891
France,Geothermal,20-29 years,0.0,0.0
France,Geothermal,30-39 years,0.0,0.0
France,Geothermal,40-49 years,0.0,0.0
France,Geothermal,50+ years,0.0,0.0
French Guiana,Utility-scale solar,0-9 years,0.01584537037037037,9.656195866225039
French Guiana,Utility-scale solar,10-19 years,0.02175,13.254487284381824
French Guiana,Utility-scale solar,20-29 years,0.0,0.0
French Guiana,Utility-scale solar,30-39 years,0.0,0.0
French Guiana,Utility-scale solar,40-49 years,0.0,0.0
French Guiana,Utility-scale solar,50+ years,0.0,0.0
French Guiana,Hydropower,0-9 years,0.0,0.0
French Guiana,Hydropower,10-19 years,0.0,0.0
French Guiana,Hydropower,20-29 years,0.0,0.0
French Guiana,Hydropower,30-39 years,0.116,70.6905988500364
French Guiana,Hydropower,40-49 years,0.0,0.0
French Guiana,Hydropower,50+ years,0.0,0.0
French Guiana,Bioenergy,0-9 years,0.0105,6.398717999356743
French Guiana,Bioenergy,10-19 years,0.0,0.0
French Guiana,Bioenergy,20-29 years,0.0,0.0
French Guiana,Bioenergy,30-39 years,0.0,0.0
French Guiana,Bioenergy,40-49 years,0.0,0.0
French Guiana,Bioenergy,50+ years,0.0,0.0
French Polynesia,Utility-scale solar,0-9 years,0.016885961685823757,100.0
French Polynesia,Utility-scale solar,10-19 years,0.0,0.0
French Polynesia,Utility-scale solar,20-29 years,0.0,0.0
French Polynesia,Utility-scale solar,30-39 years,0.0,0.0
French Polynesia,Utility-scale solar,40-49 years,0.0,0.0
French Polynesia,Utility-scale solar,50+ years,0.0,0.0
Gabon,Oil and gas,0-9 years,0.0,0.0
Gabon,Oil and gas,10-19 years,0.225,27.12248514290536
Gabon,Oil and gas,20-29 years,0.0,0.0
Gabon,Oil and gas,30-39 years,0.0,0.0
Gabon,Oil and gas,40-49 years,0.0,0.0
Gabon,Oil and gas,50+ years,0.0,0.0
Gabon,Hydropower,0-9 years,0.0,0.0
Gabon,Hydropower,10-19 years,0.16,19.287100546066036
Gabon,Hydropower,20-29 years,0.0,0.0
Gabon,Hydropower,30-39 years,0.0,0.0
Gabon,Hydropower,40-49 years,0.164,19.76927805971769
Gabon,Hydropower,50+ years,0.0,0.0
Georgia,Oil and gas,0-9 years,0.255,6.105152269680138
Georgia,Oil and gas,10-19 years,0.2312,5.535338057843324
Georgia,Oil and gas,20-29 years,0.11,2.633595096724765
Georgia,Oil and gas,30-39 years,0.3,7.182532081976632
Georgia,Oil and gas,40-49 years,0.0,0.0
Georgia,Oil and gas,50+ years,0.272,6.512162420992147
Georgia,Utility-scale solar,0-9 years,0.0129,0.30884887952499523
Georgia,Utility-scale solar,10-19 years,0.0,0.0
Georgia,Utility-scale solar,20-29 years,0.0,0.0
Georgia,Utility-scale solar,30-39 years,0.0,0.0
Georgia,Utility-scale solar,40-49 years,0.0,0.0
Georgia,Utility-scale solar,50+ years,0.0,0.0
Georgia,Wind,0-9 years,0.0,0.0
Georgia,Wind,10-19 years,0.0207,0.49559471365638763
Georgia,Wind,20-29 years,0.0,0.0
Georgia,Wind,30-39 years,0.0,0.0
Georgia,Wind,40-49 years,0.0,0.0
Georgia,Wind,50+ years,0.0,0.0
Georgia,Hydropower,0-9 years,0.353,8.451446083125838
Georgia,Hydropower,10-19 years,0.193,4.620762306071634
Georgia,Hydropower,20-29 years,0.0,0.0
Georgia,Hydropower,30-39 years,0.046,1.1013215859030836
Georgia,Hydropower,40-49 years,1.522,36.43937942922811
Georgia,Hydropower,50+ years,0.861,20.613867075272935
Germany,Coal,0-9 years,1.1,0.7019822823250893
Germany,Coal,10-19 years,7.127,4.548207023755374
Germany,Coal,20-29 years,5.735,3.659880353758534
Germany,Coal,30-39 years,4.6174,2.9466663549162426
Germany,Coal,40-49 years,4.329,2.7626193638048284
Germany,Coal,50+ years,5.2646999999999995,3.3597510197789977
Germany,Oil and gas,0-9 years,6.4823,4.1367815897417515
Germany,Oil and gas,10-19 years,9.945799999999998,6.347068530498976
Germany,Oil and gas,20-29 years,6.3868,4.07583676432171
Germany,Oil and gas,30-39 years,3.0828,1.9673372545016232
Germany,Oil and gas,40-49 years,1.807,1.1531654401467604
Germany,Oil and gas,50+ years,7.362100000000001,4.698239782459582
Germany,Utility-scale solar,0-9 years,23.20079660102302,14.80595286340574
Germany,Utility-scale solar,10-19 years,9.555134,6.097758884765509
Germany,Utility-scale solar,20-29 years,0.131718,0.084057911148451
Germany,Utility-scale solar,30-39 years,0.0,0.0
Germany,Utility-scale solar,40-49 years,0.0,0.0
Germany,Utility-scale solar,50+ years,0.0,0.0
Germany,Wind,0-9 years,20.944200000000002,13.365870288611942
Germany,Wind,10-19 years,19.203,12.254696152262444
Germany,Wind,20-29 years,8.647,5.518218904786406
Germany,Wind,30-39 years,0.122,0.07785621676696444
Germany,Wind,40-49 years,0.0,0.0
Germany,Wind,50+ years,0.0,0.0
Germany,Hydropower,0-9 years,0.0,0.0
Germany,Hydropower,10-19 years,0.14,0.08934319956864772
Germany,Hydropower,20-29 years,1.06,0.6764556538769042
Germany,Hydropower,30-39 years,0.184,0.1174224908616513
Germany,Hydropower,40-49 years,1.167,0.7447393849757993
Germany,Hydropower,50+ years,4.8915,3.121587576357431
Germany,Bioenergy,0-9 years,0.134966,0.08613067337844364
Germany,Bioenergy,10-19 years,0.72966,0.46564399283756785
Germany,Bioenergy,20-29 years,0.831305,0.5305103465529621
Germany,Bioenergy,30-39 years,0.2102,0.13414243249521252
Germany,Bioenergy,40-49 years,0.1447,0.09234257841130947
Germany,Bioenergy,50+ years,0.1525,0.09732027095870556
Germany,Geothermal,0-9 years,0.012199999999999999,0.007785621676696444
Germany,Geothermal,10-19 years,0.032299999999999995,0.02061275247190944
Germany,Geothermal,20-29 years,0.0,0.0
Germany,Geothermal,30-39 years,0.0,0.0
Germany,Geothermal,40-49 years,0.0,0.0
Germany,Geothermal,50+ years,0.0,0.0
Ghana,Oil and gas,0-9 years,2.477,41.91165888032796
Ghana,Oil and gas,10-19 years,1.172,19.8306274556901
Ghana,Oil and gas,20-29 years,0.33,5.583709095885437
Ghana,Oil and gas,30-39 years,0.0,0.0
Ghana,Oil and gas,40-49 years,0.0,0.0
Ghana,Oil and gas,50+ years,0.0,0.0
Ghana,Utility-scale solar,0-9 years,0.2790366683937824,4.721392676957368
Ghana,Utility-scale solar,10-19 years,0.02,0.3384066118718447
Ghana,Utility-scale solar,20-29 years,0.0,0.0
Ghana,Utility-scale solar,30-39 years,0.0,0.0
Ghana,Utility-scale solar,40-49 years,0.0,0.0
Ghana,Utility-scale solar,50+ years,0.0,0.0
Ghana,Hydropower,0-9 years,0.0,0.0
Ghana,Hydropower,10-19 years,0.404,6.835813559811263
Ghana,Hydropower,20-29 years,0.0,0.0
Ghana,Hydropower,30-39 years,0.0,0.0
Ghana,Hydropower,40-49 years,0.16,2.7072528949747574
Ghana,Hydropower,50+ years,1.02,17.25873720546408
Greece,Coal,0-9 years,0.66,2.987229457205353
Greece,Coal,10-19 years,0.0,0.0
Greece,Coal,20-29 years,0.0,0.0
Greece,Coal,30-39 years,0.0,0.0
Greece,Coal,40-49 years,0.0,0.0
Greece,Coal,50+ years,0.0,0.0
Greece,Oil and gas,0-9 years,1.764,7.984049640167033
Greece,Oil and gas,10-19 years,3.5776,16.192594100148288
Greece,Oil and gas,20-29 years,2.317,10.486985836886063
Greece,Oil and gas,30-39 years,0.273,1.2356267300258506
Greece,Oil and gas,40-49 years,0.184,0.8328033638269468
Greece,Oil and gas,50+ years,0.093,0.4209277871516633
Greece,Utility-scale solar,0-9 years,3.5953500079681278,16.27293250419074
Greece,Utility-scale solar,10-19 years,0.0,0.0
Greece,Utility-scale solar,20-29 years,0.0,0.0
Greece,Utility-scale solar,30-39 years,0.0,0.0
Greece,Utility-scale solar,40-49 years,0.0,0.0
Greece,Utility-scale solar,50+ years,0.0,0.0
Greece,Wind,0-9 years,2.6528,12.006851975870243
Greece,Wind,10-19 years,1.4844000000000002,6.71855061556913
Greece,Wind,20-29 years,0.5684,2.5726382173871554
Greece,Wind,30-39 years,0.0,0.0
Greece,Wind,40-49 years,0.0,0.0
Greece,Wind,50+ years,0.0,0.0
Greece,Hydropower,0-9 years,0.0,0.0
Greece,Hydropower,10-19 years,0.154,0.697020206681249
Greece,Hydropower,20-29 years,0.5,2.263052619094964
Greece,Hydropower,30-39 years,0.36,1.6293978857483742
Greece,Hydropower,40-49 years,0.723,3.2723740872113183
Greece,Hydropower,50+ years,1.382,6.25507743917848
Guadeloupe,Oil and gas,0-9 years,0.0,0.0
Guadeloupe,Oil and gas,10-19 years,0.2112,61.79052077238152
Guadeloupe,Oil and gas,20-29 years,0.0,0.0
Guadeloupe,Oil and gas,30-39 years,0.0,0.0
Guadeloupe,Oil and gas,40-49 years,0.0,0.0
Guadeloupe,Oil and gas,50+ years,0.0,0.0
Guadeloupe,Utility-scale solar,0-9 years,0.0366,10.708016383850207
Guadeloupe,Utility-scale solar,10-19 years,0.0,0.0
Guadeloupe,Utility-scale solar,20-29 years,0.0,0.0
Guadeloupe,Utility-scale solar,30-39 years,0.0,0.0
Guadeloupe,Utility-scale solar,40-49 years,0.0,0.0
Guadeloupe,Utility-scale solar,50+ years,0.0,0.0
Guadeloupe,Wind,0-9 years,0.041,11.995318899941488
Guadeloupe,Wind,10-19 years,0.0,0.0
Guadeloupe,Wind,20-29 years,0.0,0.0
Guadeloupe,Wind,30-39 years,0.0,0.0
Guadeloupe,Wind,40-49 years,0.0,0.0
Guadeloupe,Wind,50+ years,0.0,0.0
Guadeloupe,Bioenergy,0-9 years,0.0,0.0
Guadeloupe,Bioenergy,10-19 years,0.038,11.11761263897016
Guadeloupe,Bioenergy,20-29 years,0.0,0.0
Guadeloupe,Bioenergy,30-39 years,0.0,0.0
Guadeloupe,Bioenergy,40-49 years,0.0,0.0
Guadeloupe,Bioenergy,50+ years,0.0,0.0
Guadeloupe,Geothermal,0-9 years,0.0,0.0
Guadeloupe,Geothermal,10-19 years,0.0,0.0
Guadeloupe,Geothermal,20-29 years,0.01,2.9256875365710946
Guadeloupe,Geothermal,30-39 years,0.0,0.0
Guadeloupe,Geothermal,40-49 years,0.005,1.4628437682855473
Guadeloupe,Geothermal,50+ years,0.0,0.0
Guatemala,Coal,0-9 years,0.0,0.0
Guatemala,Coal,10-19 years,0.0,0.0
Guatemala,Coal,20-29 years,0.139,4.469238563214945
Guatemala,Coal,30-39 years,0.0,0.0
Guatemala,Coal,40-49 years,0.0,0.0
Guatemala,Coal,50+ years,0.0,0.0
Guatemala,Oil and gas,0-9 years,0.0,0.0
Guatemala,Oil and gas,10-19 years,0.3,9.645838625643764
Guatemala,Oil and gas,20-29 years,0.227,7.298684560070448
Guatemala,Oil and gas,30-39 years,0.129,4.147710609026819
Guatemala,Oil and gas,40-49 years,0.0,0.0
Guatemala,Oil and gas,50+ years,0.0,0.0
Guatemala,Utility-scale solar,0-9 years,0.2292919814814815,7.37237817174823
Guatemala,Utility-scale solar,10-19 years,0.0938575,3.017780996021199
Guatemala,Utility-scale solar,20-29 years,0.0,0.0
Guatemala,Utility-scale solar,30-39 years,0.0,0.0
Guatemala,Utility-scale solar,40-49 years,0.0,0.0
Guatemala,Utility-scale solar,50+ years,0.0,0.0
Guatemala,Wind,0-9 years,0.03,0.9645838625643764
Guatemala,Wind,10-19 years,0.076,2.4436124518297535
Guatemala,Wind,20-29 years,0.0,0.0
Guatemala,Wind,30-39 years,0.0,0.0
Guatemala,Wind,40-49 years,0.0,0.0
Guatemala,Wind,50+ years,0.0,0.0
Guatemala,Hydropower,0-9 years,0.056,1.8005565434535027
Guatemala,Hydropower,10-19 years,0.301,9.677991421062577
Guatemala,Hydropower,20-29 years,0.155,4.983683289915946
Guatemala,Hydropower,30-39 years,0.0,0.0
Guatemala,Hydropower,40-49 years,0.38,12.218062259148768
Guatemala,Hydropower,50+ years,0.06,1.929167725128753
Guatemala,Bioenergy,0-9 years,0.0,0.0
Guatemala,Bioenergy,10-19 years,0.493,15.851328141474585
Guatemala,Bioenergy,20-29 years,0.3275,10.53004049966111
Guatemala,Bioenergy,30-39 years,0.0,0.0
Guatemala,Bioenergy,40-49 years,0.04,1.2861118167525019
Guatemala,Bioenergy,50+ years,0.0,0.0
Guatemala,Geothermal,0-9 years,0.0,0.0
Guatemala,Geothermal,10-19 years,0.0,0.0
Guatemala,Geothermal,20-29 years,0.046,1.4790285892653772
Guatemala,Geothermal,30-39 years,0.0,0.0
Guatemala,Geothermal,40-49 years,0.0,0.0
Guatemala,Geothermal,50+ years,0.0,0.0
Guinea,Oil and gas,0-9 years,0.05,5.44069640914037
Guinea,Oil and gas,10-19 years,0.0,0.0
Guinea,Oil and gas,20-29 years,0.0,0.0
Guinea,Oil and gas,30-39 years,0.0,0.0
Guinea,Oil and gas,40-49 years,0.0,0.0
Guinea,Oil and gas,50+ years,0.0,0.0
Guinea,Hydropower,0-9 years,0.45,48.96626768226333
Guinea,Hydropower,10-19 years,0.24,26.115342763873777
Guinea,Hydropower,20-29 years,0.08,8.705114254624592
Guinea,Hydropower,30-39 years,0.0,0.0
Guinea,Hydropower,40-49 years,0.0,0.0
Guinea,Hydropower,50+ years,0.0,0.0
Guinea-Bissau,Utility-scale solar,0-9 years,0.0,0.0
Guinea-Bissau,Utility-scale solar,10-19 years,0.009026683937823833,100.0
Guinea-Bissau,Utility-scale solar,20-29 years,0.0,0.0
Guinea-Bissau,Utility-scale solar,30-39 years,0.0,0.0
Guinea-Bissau,Utility-scale solar,40-49 years,0.0,0.0
Guinea-Bissau,Utility-scale solar,50+ years,0.0,0.0
Guyana,Oil and gas,0-9 years,0.072,67.28488694564167
Guyana,Oil and gas,10-19 years,0.0,0.0
Guyana,Oil and gas,20-29 years,0.0,0.0
Guyana,Oil and gas,30-39 years,0.0,0.0
Guyana,Oil and gas,40-49 years,0.0,0.0
Guyana,Oil and gas,50+ years,0.0,0.0
Guyana,Utility-scale solar,0-9 years,0.005007685185185185,4.679743493674303
Guyana,Utility-scale solar,10-19 years,0.0,0.0
Guyana,Utility-scale solar,20-29 years,0.0,0.0
Guyana,Utility-scale solar,30-39 years,0.0,0.0
Guyana,Utility-scale solar,40-49 years,0.0,0.0
Guyana,Utility-scale solar,50+ years,0.0,0.0
Guyana,Bioenergy,0-9 years,0.0,0.0
Guyana,Bioenergy,10-19 years,0.03,28.035369560684032
Guyana,Bioenergy,20-29 years,0.0,0.0
Guyana,Bioenergy,30-39 years,0.0,0.0
Guyana,Bioenergy,40-49 years,0.0,0.0
Guyana,Bioenergy,50+ years,0.0,0.0
Honduras,Oil and gas,0-9 years,0.371,12.915142306185935
Honduras,Oil and gas,10-19 years,0.0,0.0
Honduras,Oil and gas,20-29 years,0.6487999999999999,22.58583376887718
Honduras,Oil and gas,30-39 years,0.08,2.784936346347371
Honduras,Oil and gas,40-49 years,0.0,0.0
Honduras,Oil and gas,50+ years,0.0,0.0
Honduras,Utility-scale solar,0-9 years,0.21227885185185183,7.3897886260388885
Honduras,Utility-scale solar,10-19 years,0.40267748148148147,14.017889425417476
Honduras,Utility-scale solar,20-29 years,0.0,0.0
Honduras,Utility-scale solar,30-39 years,0.0,0.0
Honduras,Utility-scale solar,40-49 years,0.0,0.0
Honduras,Utility-scale solar,50+ years,0.0,0.0
Honduras,Wind,0-9 years,0.059,2.053890555431186
Honduras,Wind,10-19 years,0.176,6.126859961964216
Honduras,Wind,20-29 years,0.0,0.0
Honduras,Wind,30-39 years,0.0,0.0
Honduras,Wind,40-49 years,0.0,0.0
Honduras,Wind,50+ years,0.0,0.0
Honduras,Hydropower,0-9 years,0.165,5.743931214341453
Honduras,Hydropower,10-19 years,0.039,1.3576564688443433
Honduras,Hydropower,20-29 years,0.03,1.0443511298802641
Honduras,Hydropower,30-39 years,0.0,0.0
Honduras,Hydropower,40-49 years,0.3,10.44351129880264
Honduras,Hydropower,50+ years,0.109,3.794475771898293
Honduras,Bioenergy,0-9 years,0.0,0.0
Honduras,Bioenergy,10-19 years,0.063,2.193137372748555
Honduras,Bioenergy,20-29 years,0.09209999999999999,3.206157968732411
Honduras,Bioenergy,30-39 years,0.0,0.0
Honduras,Bioenergy,40-49 years,0.0,0.0
Honduras,Bioenergy,50+ years,0.0,0.0
Honduras,Geothermal,0-9 years,0.035,1.218409651526975
Honduras,Geothermal,10-19 years,0.0,0.0
Honduras,Geothermal,20-29 years,0.0,0.0
Honduras,Geothermal,30-39 years,0.0,0.0
Honduras,Geothermal,40-49 years,0.0,0.0
Honduras,Geothermal,50+ years,0.0,0.0
Hong Kong,Coal,0-9 years,0.0,0.0
Hong Kong,Coal,10-19 years,0.0,0.0
Hong Kong,Coal,20-29 years,0.35,3.4292151437363154
Hong Kong,Coal,30-39 years,2.7325,26.772372515027094
Hong Kong,Coal,40-49 years,1.0275,10.067195886254469
Hong Kong,Coal,50+ years,0.0,0.0
Hong Kong,Oil and gas,0-9 years,2.29,22.436864797589035
Hong Kong,Oil and gas,10-19 years,0.0,0.0
Hong Kong,Oil and gas,20-29 years,2.325,22.779786311962667
Hong Kong,Oil and gas,30-39 years,1.4805,14.505580058004613
Hong Kong,Oil and gas,40-49 years,0.0,0.0
Hong Kong,Oil and gas,50+ years,0.0,0.0
Hong Kong,Utility-scale solar,0-9 years,0.0009170759101471727,0.008985287425806999
Hong Kong,Utility-scale solar,10-19 years,0.0,0.0
Hong Kong,Utility-scale solar,20-29 years,0.0,0.0
Hong Kong,Utility-scale solar,30-39 years,0.0,0.0
Hong Kong,Utility-scale solar,40-49 years,0.0,0.0
Hong Kong,Utility-scale solar,50+ years,0.0,0.0
Hungary,Coal,0-9 years,0.0,0.0
Hungary,Coal,10-19 years,0.0,0.0
Hungary,Coal,20-29 years,0.0,0.0
Hungary,Coal,30-39 years,0.0,0.0
Hungary,Coal,40-49 years,0.0,0.0
Hungary,Coal,50+ years,0.884,8.535978285434695
Hungary,Oil and gas,0-9 years,0.114,1.1007935797958768
Hungary,Oil and gas,10-19 years,1.099,10.612036352593586
Hungary,Oil and gas,20-29 years,1.45,14.00132184828089
Hungary,Oil and gas,30-39 years,0.297,2.8678569578892583
Hungary,Oil and gas,40-49 years,0.0,0.0
Hungary,Oil and gas,50+ years,0.0645,0.6228174201476672
Hungary,Utility-scale solar,0-9 years,3.864470051502146,37.31564756146495
Hungary,Utility-scale solar,10-19 years,0.0,0.0
Hungary,Utility-scale solar,20-29 years,0.0,0.0
Hungary,Utility-scale solar,30-39 years,0.0,0.0
Hungary,Utility-scale solar,40-49 years,0.0,0.0
Hungary,Utility-scale solar,50+ years,0.0,0.0
Hungary,Wind,0-9 years,0.0,0.0
Hungary,Wind,10-19 years,0.319,3.0802908066217958
Hungary,Wind,20-29 years,0.0,0.0
Hungary,Wind,30-39 years,0.0,0.0
Hungary,Wind,40-49 years,0.0,0.0
Hungary,Wind,50+ years,0.0,0.0
Hungary,Nuclear,0-9 years,0.0,0.0
Hungary,Nuclear,10-19 years,0.0,0.0
Hungary,Nuclear,20-29 years,0.0,0.0
Hungary,Nuclear,30-39 years,0.506,4.885978520848366
Hungary,Nuclear,40-49 years,1.521,14.686903814644989
Hungary,Nuclear,50+ years,0.0,0.0
Hungary,Bioenergy,0-9 years,0.0,0.0
Hungary,Bioenergy,10-19 years,0.04,0.38624336133188664
Hungary,Bioenergy,20-29 years,0.05,0.48280420166485827
Hungary,Bioenergy,30-39 years,0.06,0.57936504199783
Hungary,Bioenergy,40-49 years,0.024,0.231746016799132
Hungary,Bioenergy,50+ years,0.035,0.3379629411654008
Hungary,Geothermal,0-9 years,0.0034,0.032830685713210364
Hungary,Geothermal,10-19 years,0.0,0.0
Hungary,Geothermal,20-29 years,0.0,0.0
Hungary,Geothermal,30-39 years,0.0,0.0
Hungary,Geothermal,40-49 years,0.0,0.0
Hungary,Geothermal,50+ years,0.0,0.0
Iceland,Hydropower,0-9 years,0.1,3.613500036135
Iceland,Hydropower,10-19 years,0.785,28.36597528365975
Iceland,Hydropower,20-29 years,0.215,7.76902507769025
Iceland,Hydropower,30-39 years,0.15,5.4202500542025005
Iceland,Hydropower,40-49 years,0.36,13.008600130086002
Iceland,Hydropower,50+ years,0.318,11.4909301149093
Iceland,Geothermal,0-9 years,0.175,6.323625063236251
Iceland,Geothermal,10-19 years,0.243,8.780805087808051
Iceland,Geothermal,20-29 years,0.34,12.285900122859001
Iceland,Geothermal,30-39 years,0.008400000000000001,0.30353400303534006
Iceland,Geothermal,40-49 years,0.038,1.3731300137313
Iceland,Geothermal,50+ years,0.005,0.18067500180675003
India,Coal,0-9 years,60.002,12.522096412429514
India,Coal,10-19 years,138.3965,28.882609182073953
India,Coal,20-29 years,18.7482,3.912649044357039
India,Coal,30-39 years,23.9645,5.001262949162813
India,Coal,40-49 years,12.8715,2.6862131924366937
India,Coal,50+ years,0.335,0.06991270787913549
India,Oil and gas,0-9 years,1.0092,0.2106146411690255
India,Oil and gas,10-19 years,13.2719,2.7697745304510395
India,Oil and gas,20-29 years,8.17,1.705035293649364
India,Oil and gas,30-39 years,4.912100000000001,1.0251289921585118
India,Oil and gas,40-49 years,0.0,0.0
India,Oil and gas,50+ years,0.0,0.0
India,Utility-scale solar,0-9 years,82.57254281818182,17.232447954880453
India,Utility-scale solar,10-19 years,6.561837068181818,1.3694202928306813
India,Utility-scale solar,20-29 years,0.0,0.0
India,Utility-scale solar,30-39 years,0.0,0.0
India,Utility-scale solar,40-49 years,0.0,0.0
India,Utility-scale solar,50+ years,0.0,0.0
India,Wind,0-9 years,16.5177,3.447155626672228
India,Wind,10-19 years,10.0715,2.1018681713573524
India,Wind,20-29 years,0.3212,0.06703272170381588
India,Wind,30-39 years,0.145,0.030260724305894465
India,Wind,40-49 years,0.0,0.0
India,Wind,50+ years,0.0,0.0
India,Hydropower,0-9 years,7.422,1.5489316951610257
India,Hydropower,10-19 years,9.996,2.086111725253249
India,Hydropower,20-29 years,11.91,2.4855532860910556
India,Hydropower,30-39 years,5.166,1.078116563891385
India,Hydropower,40-49 years,5.945,1.2406896965416732
India,Hydropower,50+ years,10.756,2.244719659546213
India,Nuclear,0-9 years,3.1,0.6469534161949851
India,Nuclear,10-19 years,1.88,0.3923459427247007
India,Nuclear,20-29 years,1.96,0.40904151475553896
India,Nuclear,30-39 years,0.88,0.1836512923392216
India,Nuclear,40-49 years,0.42,0.08765175316190121
India,Nuclear,50+ years,0.16,0.033391144061676654
India,Bioenergy,0-9 years,0.1285,0.026817262574534057
India,Bioenergy,10-19 years,0.9332,0.19475384773972906
India,Bioenergy,20-29 years,0.4029,0.08408307464030951
India,Bioenergy,30-39 years,0.144,0.03005202965550899
India,Bioenergy,40-49 years,0.0,0.0
India,Bioenergy,50+ years,0.0,0.0
Indonesia,Coal,0-9 years,33.583,34.18055813632168
Indonesia,Coal,10-19 years,16.662,16.958474813667387
Indonesia,Coal,20-29 years,6.754,6.874177103079434
Indonesia,Coal,30-39 years,2.811,2.86101744695829
Indonesia,Coal,40-49 years,0.8,0.8142347767935367
Indonesia,Coal,50+ years,0.0,0.0
Indonesia,Oil and gas,0-9 years,9.3796,9.546495640515824
Indonesia,Oil and gas,10-19 years,5.5992,5.698829202777964
Indonesia,Oil and gas,20-29 years,2.893,2.944476511579628
Indonesia,Oil and gas,30-39 years,5.9557,6.061672575186583
Indonesia,Oil and gas,40-49 years,1.7185,1.7490780798996162
Indonesia,Oil and gas,50+ years,0.0,0.0
Indonesia,Utility-scale solar,0-9 years,0.8788601557632398,0.8944981284507683
Indonesia,Utility-scale solar,10-19 years,0.0,0.0
Indonesia,Utility-scale solar,20-29 years,0.0,0.0
Indonesia,Utility-scale solar,30-39 years,0.0,0.0
Indonesia,Utility-scale solar,40-49 years,0.0,0.0
Indonesia,Utility-scale solar,50+ years,0.0,0.0
Indonesia,Wind,0-9 years,0.147,0.1496156402358124
Indonesia,Wind,10-19 years,0.01,0.01017793470991921
Indonesia,Wind,20-29 years,0.0,0.0
Indonesia,Wind,30-39 years,0.0,0.0
Indonesia,Wind,40-49 years,0.0,0.0
Indonesia,Wind,50+ years,0.0,0.0
Indonesia,Hydropower,0-9 years,0.905,0.9211030912476886
Indonesia,Hydropower,10-19 years,0.512,0.5211102571478635
Indonesia,Hydropower,20-29 years,0.747,0.7602917228309649
Indonesia,Hydropower,30-39 years,0.457,0.4651316162433079
Indonesia,Hydropower,40-49 years,2.599,2.6452452311080026
Indonesia,Hydropower,50+ years,0.322,0.32772949765939857
Indonesia,Bioenergy,0-9 years,0.015,0.015266902064878815
Indonesia,Bioenergy,10-19 years,2.415,2.457971232445489
Indonesia,Bioenergy,20-29 years,0.535,0.5445195069806777
Indonesia,Bioenergy,30-39 years,0.0,0.0
Indonesia,Bioenergy,40-49 years,0.0,0.0
Indonesia,Bioenergy,50+ years,0.0,0.0
Indonesia,Geothermal,0-9 years,0.9835,1.0009998787205543
Indonesia,Geothermal,10-19 years,0.67345,0.6854330130395093
Indonesia,Geothermal,20-29 years,0.46695,0.4752586612796775
Indonesia,Geothermal,30-39 years,0.275,0.27989320452277827
Indonesia,Geothermal,40-49 years,0.03,0.03053380412975763
Indonesia,Geothermal,50+ years,0.0,0.0
Iran,Oil and gas,0-9 years,24.347,26.46546690192863
Iran,Oil and gas,10-19 years,23.637400000000003,25.694123602400616
Iran,Oil and gas,20-29 years,15.5297,16.880961159357664
Iran,Oil and gas,30-39 years,5.453,5.927473241722463
Iran,Oil and gas,40-49 years,5.8368,6.344668222498748
Iran,Oil and gas,50+ years,1.3542,1.4720308571319567
Iran,Utility-scale solar,0-9 years,0.8012541353383458,0.8709723908009379
Iran,Utility-scale solar,10-19 years,0.0,0.0
Iran,Utility-scale solar,20-29 years,0.0,0.0
Iran,Utility-scale solar,30-39 years,0.0,0.0
Iran,Utility-scale solar,40-49 years,0.0,0.0
Iran,Utility-scale solar,50+ years,0.0,0.0
Iran,Wind,0-9 years,0.329,0.35762675527722176
Iran,Wind,10-19 years,0.018,0.019566205455896633
Iran,Wind,20-29 years,0.0,0.0
Iran,Wind,30-39 years,0.0,0.0
Iran,Wind,40-49 years,0.0,0.0
Iran,Wind,50+ years,0.0,0.0
Iran,Hydropower,0-9 years,0.616,0.6695990311573514
Iran,Hydropower,10-19 years,5.147,5.594847748972221
Iran,Hydropower,20-29 years,4.705,5.114388703888537
Iran,Hydropower,30-39 years,0.0,0.0
Iran,Hydropower,40-49 years,1.032,1.1217957794714069
Iran,Hydropower,50+ years,0.797,0.8663480971305343
Iran,Nuclear,0-9 years,0.0,0.0
Iran,Nuclear,10-19 years,1.0,1.0870114142164795
Iran,Nuclear,20-29 years,0.0,0.0
Iran,Nuclear,30-39 years,0.0,0.0
Iran,Nuclear,40-49 years,0.0,0.0
Iran,Nuclear,50+ years,0.0,0.0
Iran,Geothermal,0-9 years,0.005,0.005435057071082398
Iran,Geothermal,10-19 years,0.0,0.0
Iran,Geothermal,20-29 years,0.0,0.0
Iran,Geothermal,30-39 years,0.0,0.0
Iran,Geothermal,40-49 years,0.0,0.0
Iran,Geothermal,50+ years,0.0,0.0
Iraq,Oil and gas,0-9 years,19.0458,39.97267406901371
Iraq,Oil and gas,10-19 years,14.659600000000001,30.76706742600014
Iraq,Oil and gas,20-29 years,1.327,2.785062244147329
Iraq,Oil and gas,30-39 years,0.0,0.0
Iraq,Oil and gas,40-49 years,3.161,6.634198759419522
Iraq,Oil and gas,50+ years,0.805,1.6895064857110775
Iraq,Utility-scale solar,0-9 years,0.72175,1.5147842311328823
Iraq,Utility-scale solar,10-19 years,0.0,0.0
Iraq,Utility-scale solar,20-29 years,0.0,0.0
Iraq,Utility-scale solar,30-39 years,0.0,0.0
Iraq,Utility-scale solar,40-49 years,0.0,0.0
Iraq,Utility-scale solar,50+ years,0.0,0.0
Iraq,Hydropower,0-9 years,0.038,0.07975310118884589
Iraq,Hydropower,10-19 years,0.0,0.0
Iraq,Hydropower,20-29 years,0.0,0.0
Iraq,Hydropower,30-39 years,0.0,0.0
Iraq,Hydropower,40-49 years,1.824,3.8281488570646025
Iraq,Hydropower,50+ years,0.724,1.5195064542295902
Iraq,Bioenergy,0-9 years,0.1,0.20987658207591026
Iraq,Bioenergy,10-19 years,0.0,0.0
Iraq,Bioenergy,20-29 years,0.0,0.0
Iraq,Bioenergy,30-39 years,0.0,0.0
Iraq,Bioenergy,40-49 years,0.0,0.0
Iraq,Bioenergy,50+ years,0.0,0.0
Ireland,Oil and gas,0-9 years,2.3491999999999997,18.731544050337224
Ireland,Oil and gas,10-19 years,1.852,14.767077976002273
Ireland,Oil and gas,20-29 years,1.774,14.145138406818592
Ireland,Oil and gas,30-39 years,0.245,1.9535281339743829
Ireland,Oil and gas,40-49 years,0.27,2.152867739481973
Ireland,Oil and gas,50+ years,0.0,0.0
Ireland,Utility-scale solar,0-9 years,0.7651190185185185,6.10074093271344
Ireland,Utility-scale solar,10-19 years,0.0,0.0
Ireland,Utility-scale solar,20-29 years,0.0,0.0
Ireland,Utility-scale solar,30-39 years,0.0,0.0
Ireland,Utility-scale solar,40-49 years,0.0,0.0
Ireland,Utility-scale solar,50+ years,0.0,0.0
Ireland,Wind,0-9 years,2.3211,18.50748633374669
Ireland,Wind,10-19 years,1.644,13.108572458179124
Ireland,Wind,20-29 years,0.35,2.7907544771062613
Ireland,Wind,30-39 years,0.0,0.0
Ireland,Wind,40-49 years,0.0,0.0
Ireland,Wind,50+ years,0.0,0.0
Ireland,Hydropower,0-9 years,0.0,0.0
Ireland,Hydropower,10-19 years,0.0,0.0
Ireland,Hydropower,20-29 years,0.0,0.0
Ireland,Hydropower,30-39 years,0.0,0.0
Ireland,Hydropower,40-49 years,0.0,0.0
Ireland,Hydropower,50+ years,0.46,3.6678487413396574
Ireland,Bioenergy,0-9 years,0.068,0.542203726980645
Ireland,Bioenergy,10-19 years,0.017,0.13555093174516125
Ireland,Bioenergy,20-29 years,0.0384,0.3061856340596583
Ireland,Bioenergy,30-39 years,0.0,0.0
Ireland,Bioenergy,40-49 years,0.0,0.0
Ireland,Bioenergy,50+ years,0.0,0.0
Israel,Coal,0-9 years,0.0,0.0
Israel,Coal,10-19 years,0.0,0.0
Israel,Coal,20-29 years,0.0,0.0
Israel,Coal,30-39 years,1.15,5.688206935922547
Israel,Coal,40-49 years,1.5,7.419400351203322
Israel,Coal,50+ years,0.0,0.0
Israel,Oil and gas,0-9 years,3.245,16.050636093103186
Israel,Oil and gas,10-19 years,7.169,35.459787411851075
Israel,Oil and gas,20-29 years,1.932,9.556187652349877
Israel,Oil and gas,30-39 years,0.66,3.2645361545294613
Israel,Oil and gas,40-49 years,0.456,2.25549770676581
Israel,Oil and gas,50+ years,0.456,2.25549770676581
Israel,Utility-scale solar,0-9 years,2.4761932857142854,12.247912889117252
Israel,Utility-scale solar,10-19 years,0.148074,0.7324135250693872
Israel,Utility-scale solar,20-29 years,0.0,0.0
Israel,Utility-scale solar,30-39 years,0.0,0.0
Israel,Utility-scale solar,40-49 years,0.0,0.0
Israel,Utility-scale solar,50+ years,0.0,0.0
Israel,Wind,0-9 years,0.309,1.5283964723478842
Israel,Wind,10-19 years,0.0,0.0
Israel,Wind,20-29 years,0.0,0.0
Israel,Wind,30-39 years,0.0,0.0
Israel,Wind,40-49 years,0.0,0.0
Israel,Wind,50+ years,0.0,0.0
Israel,Hydropower,0-9 years,0.644,3.1853958841166263
Israel,Hydropower,10-19 years,0.0,0.0
Israel,Hydropower,20-29 years,0.0,0.0
Israel,Hydropower,30-39 years,0.0,0.0
Israel,Hydropower,40-49 years,0.0,0.0
Israel,Hydropower,50+ years,0.0,0.0
Italy,Coal,0-9 years,0.0,0.0
Italy,Coal,10-19 years,0.0,0.0
Italy,Coal,20-29 years,0.35,0.4144639010505013
Italy,Coal,30-39 years,0.64,0.7578768476352025
Italy,Coal,40-49 years,0.24,0.2842038178632009
Italy,Coal,50+ years,0.0,0.0
Italy,Oil and gas,0-9 years,4.8558,5.750153744917212
Italy,Oil and gas,10-19 years,13.842600000000001,16.39216570480477
Italy,Oil and gas,20-29 years,25.566,30.274811697877478
Italy,Oil and gas,30-39 years,1.8320999999999998,2.1695408946132098
Italy,Oil and gas,40-49 years,0.545,0.6453795030643521
Italy,Oil and gas,50+ years,2.051,2.428758460155938
Italy,Utility-scale solar,0-9 years,1.2294933476702508,1.4559445976887213
Italy,Utility-scale solar,10-19 years,0.405639,0.4803506353092123
Italy,Utility-scale solar,20-29 years,0.0,0.0
Italy,Utility-scale solar,30-39 years,0.0,0.0
Italy,Utility-scale solar,40-49 years,0.0,0.0
Italy,Utility-scale solar,50+ years,0.0,0.0
Italy,Wind,0-9 years,2.0609,2.440481867642795
Italy,Wind,10-19 years,5.221,6.18261722109905
Italy,Wind,20-29 years,0.9468,1.1211840614703275
Italy,Wind,30-39 years,0.017,0.020131103765310066
Italy,Wind,40-49 years,0.0,0.0
Italy,Wind,50+ years,0.0,0.0
Italy,Hydropower,0-9 years,0.0,0.0
Italy,Hydropower,10-19 years,0.0,0.0
Italy,Hydropower,20-29 years,0.198,0.23446814973714075
Italy,Hydropower,30-39 years,1.485,1.7585111230285555
Italy,Hydropower,40-49 years,0.438,0.5186719676003416
Italy,Hydropower,50+ years,11.396,13.494944618204324
Italy,Bioenergy,0-9 years,0.078,0.09236624080554029
Italy,Bioenergy,10-19 years,0.45298,0.5364110225653032
Italy,Bioenergy,20-29 years,0.217,0.25696761865131085
Italy,Bioenergy,30-39 years,0.0,0.0
Italy,Bioenergy,40-49 years,0.0,0.0
Italy,Bioenergy,50+ years,0.063,0.07460350218909025
Italy,Geothermal,0-9 years,0.0,0.0
Italy,Geothermal,10-19 years,0.077,0.0911820582311103
Italy,Geothermal,20-29 years,0.389,0.4606470214532715
Italy,Geothermal,30-39 years,0.315,0.3730175109454512
Italy,Geothermal,40-49 years,0.038,0.04499893782834014
Italy,Geothermal,50+ years,0.0,0.0
Jamaica,Oil and gas,0-9 years,0.344,38.91226641328447
Jamaica,Oil and gas,10-19 years,0.0655,7.409167006017828
Jamaica,Oil and gas,20-29 years,0.1701,19.241210804940952
Jamaica,Oil and gas,30-39 years,0.13440000000000002,15.202931994027422
Jamaica,Oil and gas,40-49 years,0.0,0.0
Jamaica,Oil and gas,50+ years,0.0,0.0
Jamaica,Utility-scale solar,0-9 years,0.05074,5.7395592959594595
Jamaica,Utility-scale solar,10-19 years,0.02,2.262341070539795
Jamaica,Utility-scale solar,20-29 years,0.0,0.0
Jamaica,Utility-scale solar,30-39 years,0.0,0.0
Jamaica,Utility-scale solar,40-49 years,0.0,0.0
Jamaica,Utility-scale solar,50+ years,0.0,0.0
Jamaica,Wind,0-9 years,0.0,0.0
Jamaica,Wind,10-19 years,0.0783,8.857065291163297
Jamaica,Wind,20-29 years,0.021,2.3754581240667845
Jamaica,Wind,30-39 years,0.0,0.0
Jamaica,Wind,40-49 years,0.0,0.0
Jamaica,Wind,50+ years,0.0,0.0
Japan,Coal,0-9 years,11.296,4.4987828799894185
Japan,Coal,10-19 years,4.5235,1.8015442951161593
Japan,Coal,20-29 years,19.0593,7.590620798918407
Japan,Coal,30-39 years,10.9559,4.363333512294269
Japan,Coal,40-49 years,4.658,1.8551107166245318
Japan,Coal,50+ years,2.367,0.9426893658759696
Japan,Oil and gas,0-9 years,13.985700000000001,5.569991831149789
Japan,Oil and gas,10-19 years,26.0785,10.38611095394866
Japan,Oil and gas,20-29 years,17.2317,6.862754687775643
Japan,Oil and gas,30-39 years,18.923,7.536337503367544
Japan,Oil and gas,40-49 years,14.073799999999999,5.605078832896164
Japan,Oil and gas,50+ years,8.949,3.5640587812522404
Japan,Utility-scale solar,0-9 years,18.772287511494255,7.476314241762529
Japan,Utility-scale solar,10-19 years,12.198543086206897,4.85823271928478
Japan,Utility-scale solar,20-29 years,0.0,0.0
Japan,Utility-scale solar,30-39 years,0.0,0.0
Japan,Utility-scale solar,40-49 years,0.0,0.0
Japan,Utility-scale solar,50+ years,0.0,0.0
Japan,Wind,0-9 years,3.0547,1.216575076443314
Japan,Wind,10-19 years,1.549,0.6169099398993989
Japan,Wind,20-29 years,0.725,0.2887409337811906
Japan,Wind,30-39 years,0.0,0.0
Japan,Wind,40-49 years,0.0,0.0
Japan,Wind,50+ years,0.0,0.0
Japan,Hydropower,0-9 years,0.0,0.0
Japan,Hydropower,10-19 years,1.762,0.701740034927528
Japan,Hydropower,20-29 years,2.232,0.8889238126891272
Japan,Hydropower,30-39 years,6.764,2.693853346339273
Japan,Hydropower,40-49 years,10.257,4.084987252129202
Japan,Hydropower,50+ years,19.273,7.675729678296393
Japan,Nuclear,0-9 years,3.001,1.195188334175659
Japan,Nuclear,10-19 years,0.0,0.0
Japan,Nuclear,20-29 years,1.18,0.46995076118869633
Japan,Nuclear,30-39 years,4.43,1.7643066712423092
Japan,Nuclear,40-49 years,3.52,1.4018870164272976
Japan,Nuclear,50+ years,2.478,0.9868965984962624
Japan,Bioenergy,0-9 years,3.06643,1.2212467056202154
Japan,Bioenergy,10-19 years,0.6768,0.2695446399767031
Japan,Bioenergy,20-29 years,0.27104,0.10794530026490193
Japan,Bioenergy,30-39 years,0.062,0.024692328130253537
Japan,Bioenergy,40-49 years,0.2,0.07965267138791463
Japan,Bioenergy,50+ years,0.099,0.03942807233701774
Japan,Geothermal,0-9 years,0.10640000000000001,0.04237522117837059
Japan,Geothermal,10-19 years,0.007,0.002787843498577012
Japan,Geothermal,20-29 years,0.0053,0.0021107957917797376
Japan,Geothermal,30-39 years,0.3163,0.125970699799987
Japan,Geothermal,40-49 years,0.13,0.05177423640214451
Japan,Geothermal,50+ years,0.0482,0.019196293804487428
Jordan,Oil and gas,0-9 years,1.167,17.013846113312965
Jordan,Oil and gas,10-19 years,2.3658,34.4913085988653
Jordan,Oil and gas,20-29 years,0.6,8.747478721497668
Jordan,Oil and gas,30-39 years,0.39,5.685861168973484
Jordan,Oil and gas,40-49 years,0.0,0.0
Jordan,Oil and gas,50+ years,0.0,0.0
Jordan,Utility-scale solar,0-9 years,1.436135,20.937600589496753
Jordan,Utility-scale solar,10-19 years,0.20551142857142854,2.996178080755265
Jordan,Utility-scale solar,20-29 years,0.0,0.0
Jordan,Utility-scale solar,30-39 years,0.0,0.0
Jordan,Utility-scale solar,40-49 years,0.0,0.0
Jordan,Utility-scale solar,50+ years,0.0,0.0
Jordan,Wind,0-9 years,0.541,7.8873099805503974
Jordan,Wind,10-19 years,0.08,1.1663304961996892
Jordan,Wind,20-29 years,0.0,0.0
Jordan,Wind,30-39 years,0.0,0.0
Jordan,Wind,40-49 years,0.0,0.0
Jordan,Wind,50+ years,0.0,0.0
Jordan,Bioenergy,0-9 years,0.0,0.0
Jordan,Bioenergy,10-19 years,0.013,0.18952870563244947
Jordan,Bioenergy,20-29 years,0.0,0.0
Jordan,Bioenergy,30-39 years,0.0,0.0
Jordan,Bioenergy,40-49 years,0.0,0.0
Jordan,Bioenergy,50+ years,0.0,0.0
Kazakhstan,Coal,0-9 years,0.43,1.8235545074669564
Kazakhstan,Coal,10-19 years,1.249,5.296789720526113
Kazakhstan,Coal,20-29 years,0.15,0.63612366539545
Kazakhstan,Coal,30-39 years,1.38,5.852337721638139
Kazakhstan,Coal,40-49 years,5.38,22.815635465516802
Kazakhstan,Coal,50+ years,4.702,19.940356497929372
Kazakhstan,Oil and gas,0-9 years,1.5897999999999999,6.742062688304575
Kazakhstan,Oil and gas,10-19 years,0.9,3.8167419923727
Kazakhstan,Oil and gas,20-29 years,0.0,0.0
Kazakhstan,Oil and gas,30-39 years,0.35,1.4842885525893832
Kazakhstan,Oil and gas,40-49 years,0.77,3.265434815696643
Kazakhstan,Oil and gas,50+ years,1.55,6.573277875752982
Kazakhstan,Utility-scale solar,0-9 years,1.1266206451612901,4.77780036206791
Kazakhstan,Utility-scale solar,10-19 years,0.0435,0.18447586296468046
Kazakhstan,Utility-scale solar,20-29 years,0.0,0.0
Kazakhstan,Utility-scale solar,30-39 years,0.0,0.0
Kazakhstan,Utility-scale solar,40-49 years,0.0,0.0
Kazakhstan,Utility-scale solar,50+ years,0.0,0.0
Kazakhstan,Wind,0-9 years,1.3212000000000002,5.602977244803123
Kazakhstan,Wind,10-19 years,0.09670000000000001,0.41008772295826673
Kazakhstan,Wind,20-29 years,0.0,0.0
Kazakhstan,Wind,30-39 years,0.0,0.0
Kazakhstan,Wind,40-49 years,0.0,0.0
Kazakhstan,Wind,50+ years,0.0,0.0
Kazakhstan,Hydropower,0-9 years,0.0,0.0
Kazakhstan,Hydropower,10-19 years,0.3,1.2722473307909
Kazakhstan,Hydropower,20-29 years,0.0,0.0
Kazakhstan,Hydropower,30-39 years,0.702,2.977058754050706
Kazakhstan,Hydropower,40-49 years,0.0,0.0
Kazakhstan,Hydropower,50+ years,1.496,6.344273356210621
Kenya,Oil and gas,0-9 years,0.0,0.0
Kenya,Oil and gas,10-19 years,0.4521,14.387626436469834
Kenya,Oil and gas,20-29 years,0.053,1.6866715353525792
Kenya,Oil and gas,30-39 years,0.06,1.9094394739840523
Kenya,Oil and gas,40-49 years,0.0,0.0
Kenya,Oil and gas,50+ years,0.0,0.0
Kenya,Utility-scale solar,0-9 years,0.24468341968911914,7.786803003063512
Kenya,Utility-scale solar,10-19 years,0.0,0.0
Kenya,Utility-scale solar,20-29 years,0.0,0.0
Kenya,Utility-scale solar,30-39 years,0.0,0.0
Kenya,Utility-scale solar,40-49 years,0.0,0.0
Kenya,Utility-scale solar,50+ years,0.0,0.0
Kenya,Wind,0-9 years,0.607,19.317162678471995
Kenya,Wind,10-19 years,0.0255,0.8115117764432223
Kenya,Wind,20-29 years,0.0,0.0
Kenya,Wind,30-39 years,0.0,0.0
Kenya,Wind,40-49 years,0.0,0.0
Kenya,Wind,50+ years,0.0,0.0
Kenya,Hydropower,0-9 years,0.0,0.0
Kenya,Hydropower,10-19 years,0.132,4.200766842764915
Kenya,Hydropower,20-29 years,0.0,0.0
Kenya,Hydropower,30-39 years,0.271,8.624301624161303
Kenya,Hydropower,40-49 years,0.265,8.433357676762897
Kenya,Hydropower,50+ years,0.094,2.9914551759083485
Kenya,Bioenergy,0-9 years,0.0,0.0
Kenya,Bioenergy,10-19 years,0.0,0.0
Kenya,Bioenergy,20-29 years,0.0,0.0
Kenya,Bioenergy,30-39 years,0.0095,0.3023279167141416
Kenya,Bioenergy,40-49 years,0.0025,0.07955997808266883
Kenya,Bioenergy,50+ years,0.0057,0.18139675002848496
Kenya,Geothermal,0-9 years,0.317,10.088205220882408
Kenya,Geothermal,10-19 years,0.4055,12.904628445008887
Kenya,Geothermal,20-29 years,0.129,4.1052948690657125
Kenya,Geothermal,30-39 years,0.0,0.0
Kenya,Geothermal,40-49 years,0.0,0.0
Kenya,Geothermal,50+ years,0.0,0.0
Kiribati,Utility-scale solar,0-9 years,0.0041406130268199235,100.0
Kiribati,Utility-scale solar,10-19 years,0.0,0.0
Kiribati,Utility-scale solar,20-29 years,0.0,0.0
Kiribati,Utility-scale solar,30-39 years,0.0,0.0
Kiribati,Utility-scale solar,40-49 years,0.0,0.0
Kiribati,Utility-scale solar,50+ years,0.0,0.0
Kosovo,Coal,0-9 years,0.0,0.0
Kosovo,Coal,10-19 years,0.0,0.0
Kosovo,Coal,20-29 years,0.0,0.0
Kosovo,Coal,30-39 years,0.0,0.0
Kosovo,Coal,40-49 years,0.68,46.04238607894915
Kosovo,Coal,50+ years,0.61,41.30272868846909
Kosovo,Utility-scale solar,0-9 years,0.0169,1.1442887128444714
Kosovo,Utility-scale solar,10-19 years,0.0,0.0
Kosovo,Utility-scale solar,20-29 years,0.0,0.0
Kosovo,Utility-scale solar,30-39 years,0.0,0.0
Kosovo,Utility-scale solar,40-49 years,0.0,0.0
Kosovo,Utility-scale solar,50+ years,0.0,0.0
Kosovo,Wind,0-9 years,0.135,9.140767824497258
Kosovo,Wind,10-19 years,0.0,0.0
Kosovo,Wind,20-29 years,0.0,0.0
Kosovo,Wind,30-39 years,0.0,0.0
Kosovo,Wind,40-49 years,0.0,0.0
Kosovo,Wind,50+ years,0.0,0.0
Kosovo,Hydropower,0-9 years,0.0,0.0
Kosovo,Hydropower,10-19 years,0.0,0.0
Kosovo,Hydropower,20-29 years,0.0,0.0
Kosovo,Hydropower,30-39 years,0.035,2.3698286952400296
Kosovo,Hydropower,40-49 years,0.0,0.0
Kosovo,Hydropower,50+ years,0.0,0.0
Kuwait,Oil and gas,0-9 years,1.685,8.618573153016756
Kuwait,Oil and gas,10-19 years,8.7705,44.86005687746793
Kuwait,Oil and gas,20-29 years,2.4,12.275712502813183
Kuwait,Oil and gas,30-39 years,2.4,12.275712502813183
Kuwait,Oil and gas,40-49 years,3.45,17.646336722793954
Kuwait,Oil and gas,50+ years,0.804,4.112363688442417
Kuwait,Utility-scale solar,0-9 years,0.031299999999999994,0.16009575055752193
Kuwait,Utility-scale solar,10-19 years,0.0,0.0
Kuwait,Utility-scale solar,20-29 years,0.0,0.0
Kuwait,Utility-scale solar,30-39 years,0.0,0.0
Kuwait,Utility-scale solar,40-49 years,0.0,0.0
Kuwait,Utility-scale solar,50+ years,0.0,0.0
Kuwait,Wind,0-9 years,0.01,0.051148802095054936
Kuwait,Wind,10-19 years,0.0,0.0
Kuwait,Wind,20-29 years,0.0,0.0
Kuwait,Wind,30-39 years,0.0,0.0
Kuwait,Wind,40-49 years,0.0,0.0
Kuwait,Wind,50+ years,0.0,0.0
Kyrgyzstan,Coal,0-9 years,0.3,7.515030060120241
Kyrgyzstan,Coal,10-19 years,0.0,0.0
Kyrgyzstan,Coal,20-29 years,0.1,2.50501002004008
Kyrgyzstan,Coal,30-39 years,0.0,0.0
Kyrgyzstan,Coal,40-49 years,0.0,0.0
Kyrgyzstan,Coal,50+ years,0.413,10.345691382765532
Kyrgyzstan,Hydropower,0-9 years,0.025,0.62625250501002
Kyrgyzstan,Hydropower,10-19 years,0.12,3.006012024048096
Kyrgyzstan,Hydropower,20-29 years,0.0,0.0
Kyrgyzstan,Hydropower,30-39 years,0.24,6.012024048096192
Kyrgyzstan,Hydropower,40-49 years,1.25,31.312625250501004
Kyrgyzstan,Hydropower,50+ years,1.544,38.677354709418836
Laos,Coal,0-9 years,0.0,0.0
Laos,Coal,10-19 years,1.878,13.773727594456101
Laos,Coal,20-29 years,0.0,0.0
Laos,Coal,30-39 years,0.0,0.0
Laos,Coal,40-49 years,0.0,0.0
Laos,Coal,50+ years,0.0,0.0
Laos,Utility-scale solar,0-9 years,1.0416532710280373,7.6397488833942155
Laos,Utility-scale solar,10-19 years,0.0,0.0
Laos,Utility-scale solar,20-29 years,0.0,0.0
Laos,Utility-scale solar,30-39 years,0.0,0.0
Laos,Utility-scale solar,40-49 years,0.0,0.0
Laos,Utility-scale solar,50+ years,0.0,0.0
Laos,Wind,0-9 years,0.85,6.234115258406648
Laos,Wind,10-19 years,0.0,0.0
Laos,Wind,20-29 years,0.0,0.0
Laos,Wind,30-39 years,0.0,0.0
Laos,Wind,40-49 years,0.0,0.0
Laos,Wind,50+ years,0.0,0.0
Laos,Hydropower,0-9 years,6.154,45.13499447086413
Laos,Hydropower,10-19 years,2.739,20.088519638559777
Laos,Hydropower,20-29 years,0.652,4.781933115860158
Laos,Hydropower,30-39 years,0.045,0.33004139603329313
Laos,Hydropower,40-49 years,0.0,0.0
Laos,Hydropower,50+ years,0.275,2.0169196424256803
Latvia,Oil and gas,0-9 years,0.0,0.0
Latvia,Oil and gas,10-19 years,0.881,26.668761968845338
Latvia,Oil and gas,20-29 years,0.206,6.235828564792439
Latvia,Oil and gas,30-39 years,0.0,0.0
Latvia,Oil and gas,40-49 years,0.0,0.0
Latvia,Oil and gas,50+ years,0.0,0.0
Latvia,Utility-scale solar,0-9 years,0.5574904320987654,16.875799811067775
Latvia,Utility-scale solar,10-19 years,0.0,0.0
Latvia,Utility-scale solar,20-29 years,0.0,0.0
Latvia,Utility-scale solar,30-39 years,0.0,0.0
Latvia,Utility-scale solar,40-49 years,0.0,0.0
Latvia,Utility-scale solar,50+ years,0.0,0.0
Latvia,Wind,0-9 years,0.059,1.7859897345764753
Latvia,Wind,10-19 years,0.021,0.6356912614594235
Latvia,Wind,20-29 years,0.02,0.6054202490089747
Latvia,Wind,30-39 years,0.0,0.0
Latvia,Wind,40-49 years,0.0,0.0
Latvia,Wind,50+ years,0.0,0.0
Latvia,Hydropower,0-9 years,0.0,0.0
Latvia,Hydropower,10-19 years,0.0,0.0
Latvia,Hydropower,20-29 years,0.0,0.0
Latvia,Hydropower,30-39 years,0.0,0.0
Latvia,Hydropower,40-49 years,0.0,0.0
Latvia,Hydropower,50+ years,1.536,46.496275123889255
Latvia,Bioenergy,0-9 years,0.0,0.0
Latvia,Bioenergy,10-19 years,0.023,0.696233286360321
Latvia,Bioenergy,20-29 years,0.0,0.0
Latvia,Bioenergy,30-39 years,0.0,0.0
Latvia,Bioenergy,40-49 years,0.0,0.0
Latvia,Bioenergy,50+ years,0.0,0.0
Lebanon,Oil and gas,0-9 years,0.27,9.377930603313537
Lebanon,Oil and gas,10-19 years,0.198,6.877149109096593
Lebanon,Oil and gas,20-29 years,0.93,32.30176096696884
Lebanon,Oil and gas,30-39 years,0.172,5.974089125073808
Lebanon,Oil and gas,40-49 years,0.726,25.21621340002084
Lebanon,Oil and gas,50+ years,0.19,6.599284498628045
Lebanon,Utility-scale solar,0-9 years,0.0050999999999999995,0.1771386891737001
Lebanon,Utility-scale solar,10-19 years,0.0,0.0
Lebanon,Utility-scale solar,20-29 years,0.0,0.0
Lebanon,Utility-scale solar,30-39 years,0.0,0.0
Lebanon,Utility-scale solar,40-49 years,0.0,0.0
Lebanon,Utility-scale solar,50+ years,0.0,0.0
Lebanon,Hydropower,0-9 years,0.0,0.0
Lebanon,Hydropower,10-19 years,0.0,0.0
Lebanon,Hydropower,20-29 years,0.0,0.0
Lebanon,Hydropower,30-39 years,0.0,0.0
Lebanon,Hydropower,40-49 years,0.0,0.0
Lebanon,Hydropower,50+ years,0.19,6.599284498628045
Lesotho,Utility-scale solar,0-9 years,0.029200000000000004,100.0
Lesotho,Utility-scale solar,10-19 years,0.0,0.0
Lesotho,Utility-scale solar,20-29 years,0.0,0.0
Lesotho,Utility-scale solar,30-39 years,0.0,0.0
Lesotho,Utility-scale solar,40-49 years,0.0,0.0
Lesotho,Utility-scale solar,50+ years,0.0,0.0
Liberia,Hydropower,0-9 years,0.0,0.0
Liberia,Hydropower,10-19 years,0.0,0.0
Liberia,Hydropower,20-29 years,0.0,0.0
Liberia,Hydropower,30-39 years,0.0,0.0
Liberia,Hydropower,40-49 years,0.0,0.0
Liberia,Hydropower,50+ years,0.088,100.0
Libya,Oil and gas,0-9 years,3.382,22.176594741911025
Libya,Oil and gas,10-19 years,7.547,49.48751050183398
Libya,Oil and gas,20-29 years,0.624,4.091719431978853
Libya,Oil and gas,30-39 years,1.827,11.98008237536116
Libya,Oil and gas,40-49 years,1.055,6.917891026823221
Libya,Oil and gas,50+ years,0.26,1.7048830966578554
Libya,Utility-scale solar,0-9 years,0.4553125,2.985594557488576
Libya,Utility-scale solar,10-19 years,0.0,0.0
Libya,Utility-scale solar,20-29 years,0.0,0.0
Libya,Utility-scale solar,30-39 years,0.0,0.0
Libya,Utility-scale solar,40-49 years,0.0,0.0
Libya,Utility-scale solar,50+ years,0.0,0.0
Lithuania,Oil and gas,0-9 years,0.0,0.0
Lithuania,Oil and gas,10-19 years,1.127,25.379513202771015
Lithuania,Oil and gas,20-29 years,0.021,0.4729101839025655
Lithuania,Oil and gas,30-39 years,0.0,0.0
Lithuania,Oil and gas,40-49 years,0.0,0.0
Lithuania,Oil and gas,50+ years,0.0,0.0
Lithuania,Utility-scale solar,0-9 years,0.8395895061728395,18.90716322699341
Lithuania,Utility-scale solar,10-19 years,0.0,0.0
Lithuania,Utility-scale solar,20-29 years,0.0,0.0
Lithuania,Utility-scale solar,30-39 years,0.0,0.0
Lithuania,Utility-scale solar,40-49 years,0.0,0.0
Lithuania,Utility-scale solar,50+ years,0.0,0.0
Lithuania,Wind,0-9 years,0.89,20.04238398444206
Lithuania,Wind,10-19 years,0.338,7.611602007574625
Lithuania,Wind,20-29 years,0.03,0.675585977003665
Lithuania,Wind,30-39 years,0.0,0.0
Lithuania,Wind,40-49 years,0.0,0.0
Lithuania,Wind,50+ years,0.0,0.0
Lithuania,Hydropower,0-9 years,0.0,0.0
Lithuania,Hydropower,10-19 years,0.0,0.0
Lithuania,Hydropower,20-29 years,0.0,0.0
Lithuania,Hydropower,30-39 years,0.9,20.267579310109948
Lithuania,Hydropower,40-49 years,0.0,0.0
Lithuania,Hydropower,50+ years,0.101,2.2744727892456718
Lithuania,Bioenergy,0-9 years,0.124,2.7924220382818152
Lithuania,Bioenergy,10-19 years,0.02,0.4503906513357766
Lithuania,Bioenergy,20-29 years,0.0,0.0
Lithuania,Bioenergy,30-39 years,0.0,0.0
Lithuania,Bioenergy,40-49 years,0.0,0.0
Lithuania,Bioenergy,50+ years,0.0,0.0
Luxembourg,Wind,0-9 years,0.056600000000000004,3.6950949552129484
Luxembourg,Wind,10-19 years,0.062,4.047630516311004
Luxembourg,Wind,20-29 years,0.013,0.8486967211619847
Luxembourg,Wind,30-39 years,0.0,0.0
Luxembourg,Wind,40-49 years,0.0,0.0
Luxembourg,Wind,50+ years,0.0,0.0
Luxembourg,Hydropower,0-9 years,0.0,0.0
Luxembourg,Hydropower,10-19 years,0.0,0.0
Luxembourg,Hydropower,20-29 years,0.0,0.0
Luxembourg,Hydropower,30-39 years,0.0,0.0
Luxembourg,Hydropower,40-49 years,0.0,0.0
Luxembourg,Hydropower,50+ years,1.294,84.47796593720062
Luxembourg,Bioenergy,0-9 years,0.0,0.0
Luxembourg,Bioenergy,10-19 years,0.0178,1.162061664360256
Luxembourg,Bioenergy,20-29 years,0.0,0.0
Luxembourg,Bioenergy,30-39 years,0.0,0.0
Luxembourg,Bioenergy,40-49 years,0.0,0.0
Luxembourg,Bioenergy,50+ years,0.0,0.0
Macao,Oil and gas,0-9 years,0.0,0.0
Macao,Oil and gas,10-19 years,0.0,0.0
Macao,Oil and gas,20-29 years,0.136,29.190813479287403
Macao,Oil and gas,30-39 years,0.0,0.0
Macao,Oil and gas,40-49 years,0.2712,58.20991629104958
Macao,Oil and gas,50+ years,0.0,0.0
Macao,Bioenergy,0-9 years,0.03,6.439150032195751
Macao,Bioenergy,10-19 years,0.0,0.0
Macao,Bioenergy,20-29 years,0.0,0.0
Macao,Bioenergy,30-39 years,0.0287,6.1601201974672675
Macao,Bioenergy,40-49 years,0.0,0.0
Macao,Bioenergy,50+ years,0.0,0.0
Madagascar,Coal,0-9 years,0.0,0.0
Madagascar,Coal,10-19 years,0.12,23.473184152329043
Madagascar,Coal,20-29 years,0.0,0.0
Madagascar,Coal,30-39 years,0.0,0.0
Madagascar,Coal,40-49 years,0.0,0.0
Madagascar,Coal,50+ years,0.0,0.0
Madagascar,Oil and gas,0-9 years,0.171,33.44928741706889
Madagascar,Oil and gas,10-19 years,0.0,0.0
Madagascar,Oil and gas,20-29 years,0.0,0.0
Madagascar,Oil and gas,30-39 years,0.0,0.0
Madagascar,Oil and gas,40-49 years,0.0,0.0
Madagascar,Oil and gas,50+ years,0.0,0.0
Madagascar,Utility-scale solar,0-9 years,0.08416670984455958,16.463838997308276
Madagascar,Utility-scale solar,10-19 years,0.0,0.0
Madagascar,Utility-scale solar,20-29 years,0.0,0.0
Madagascar,Utility-scale solar,30-39 years,0.0,0.0
Madagascar,Utility-scale solar,40-49 years,0.0,0.0
Madagascar,Utility-scale solar,50+ years,0.0,0.0
Madagascar,Wind,0-9 years,0.016,3.129757886977206
Madagascar,Wind,10-19 years,0.0,0.0
Madagascar,Wind,20-29 years,0.0,0.0
Madagascar,Wind,30-39 years,0.0,0.0
Madagascar,Wind,40-49 years,0.0,0.0
Madagascar,Wind,50+ years,0.0,0.0
Madagascar,Hydropower,0-9 years,0.0,0.0
Madagascar,Hydropower,10-19 years,0.0,0.0
Madagascar,Hydropower,20-29 years,0.0,0.0
Madagascar,Hydropower,30-39 years,0.0,0.0
Madagascar,Hydropower,40-49 years,0.091,17.800497982182858
Madagascar,Hydropower,50+ years,0.024,4.694636830465809
Malawi,Utility-scale solar,0-9 years,0.10087,22.322791953437935
Malawi,Utility-scale solar,10-19 years,0.0,0.0
Malawi,Utility-scale solar,20-29 years,0.0,0.0
Malawi,Utility-scale solar,30-39 years,0.0,0.0
Malawi,Utility-scale solar,40-49 years,0.0,0.0
Malawi,Utility-scale solar,50+ years,0.0,0.0
Malawi,Hydropower,0-9 years,0.0,0.0
Malawi,Hydropower,10-19 years,0.0,0.0
Malawi,Hydropower,20-29 years,0.13,28.769336313541505
Malawi,Hydropower,30-39 years,0.1,22.130258702724234
Malawi,Hydropower,40-49 years,0.0,0.0
Malawi,Hydropower,50+ years,0.121,26.777613030296326
Malaysia,Coal,0-9 years,3.6,8.937949077174283
Malaysia,Coal,10-19 years,5.07,12.58761161702045
Malaysia,Coal,20-29 years,4.01,9.955882166519132
Malaysia,Coal,30-39 years,0.6,1.489658179529047
Malaysia,Coal,40-49 years,0.0,0.0
Malaysia,Coal,50+ years,0.0,0.0
Malaysia,Oil and gas,0-9 years,7.7782,19.311432086688058
Malaysia,Oil and gas,10-19 years,3.429,8.513396496008504
Malaysia,Oil and gas,20-29 years,3.5478,8.808348815555258
Malaysia,Oil and gas,30-39 years,2.414,5.993391408971867
Malaysia,Oil and gas,40-49 years,0.564,1.4002786887573044
Malaysia,Oil and gas,50+ years,0.104,0.2582074177850348
Malaysia,Utility-scale solar,0-9 years,2.4933364705882353,6.190365112883085
Malaysia,Utility-scale solar,10-19 years,0.01653,0.041040082846025255
Malaysia,Utility-scale solar,20-29 years,0.0,0.0
Malaysia,Utility-scale solar,30-39 years,0.0,0.0
Malaysia,Utility-scale solar,40-49 years,0.0,0.0
Malaysia,Utility-scale solar,50+ years,0.0,0.0
Malaysia,Hydropower,0-9 years,0.0,0.0
Malaysia,Hydropower,10-19 years,3.981,9.883882021175229
Malaysia,Hydropower,20-29 years,0.654,1.6237274156866617
Malaysia,Hydropower,30-39 years,0.0,0.0
Malaysia,Hydropower,40-49 years,1.123,2.788143559351867
Malaysia,Hydropower,50+ years,0.441,1.0948987619538497
Malaysia,Bioenergy,0-9 years,0.0,0.0
Malaysia,Bioenergy,10-19 years,0.0259,0.06430357808300387
Malaysia,Bioenergy,20-29 years,0.0195,0.04841389083469404
Malaysia,Bioenergy,30-39 years,0.0,0.0
Malaysia,Bioenergy,40-49 years,0.0,0.0
Malaysia,Bioenergy,50+ years,0.0,0.0
Maldives,Oil and gas,0-9 years,0.08,55.59416261292564
Maldives,Oil and gas,10-19 years,0.0,0.0
Maldives,Oil and gas,20-29 years,0.0,0.0
Maldives,Oil and gas,30-39 years,0.062,43.08547602501737
Maldives,Oil and gas,40-49 years,0.0,0.0
Maldives,Oil and gas,50+ years,0.0,0.0
Maldives,Utility-scale solar,0-9 years,0.0019,1.320361362056984
Maldives,Utility-scale solar,10-19 years,0.0,0.0
Maldives,Utility-scale solar,20-29 years,0.0,0.0
Maldives,Utility-scale solar,30-39 years,0.0,0.0
Maldives,Utility-scale solar,40-49 years,0.0,0.0
Maldives,Utility-scale solar,50+ years,0.0,0.0
Mali,Oil and gas,0-9 years,0.19,22.150577657708396
Mali,Oil and gas,10-19 years,0.0,0.0
Mali,Oil and gas,20-29 years,0.0,0.0
Mali,Oil and gas,30-39 years,0.0,0.0
Mali,Oil and gas,40-49 years,0.0,0.0
Mali,Oil and gas,50+ years,0.0,0.0
Mali,Utility-scale solar,0-9 years,0.15376544041450776,17.926280678806776
Mali,Utility-scale solar,10-19 years,0.0,0.0
Mali,Utility-scale solar,20-29 years,0.0,0.0
Mali,Utility-scale solar,30-39 years,0.0,0.0
Mali,Utility-scale solar,40-49 years,0.0,0.0
Mali,Utility-scale solar,50+ years,0.0,0.0
Mali,Hydropower,0-9 years,0.14,16.321478274100926
Mali,Hydropower,10-19 years,0.062,7.228083235673266
Mali,Hydropower,20-29 years,0.2,23.316397534429893
Mali,Hydropower,30-39 years,0.0,0.0
Mali,Hydropower,40-49 years,0.048,5.595935408263173
Mali,Hydropower,50+ years,0.0,0.0
Malta,Oil and gas,0-9 years,0.3578,63.159752868490735
Malta,Oil and gas,10-19 years,0.0,0.0
Malta,Oil and gas,20-29 years,0.115,20.30008826125331
Malta,Oil and gas,30-39 years,0.075,13.239187996469552
Malta,Oil and gas,40-49 years,0.0,0.0
Malta,Oil and gas,50+ years,0.0,0.0
Malta,Utility-scale solar,0-9 years,0.018699999999999998,3.300970873786407
Malta,Utility-scale solar,10-19 years,0.0,0.0
Malta,Utility-scale solar,20-29 years,0.0,0.0
Malta,Utility-scale solar,30-39 years,0.0,0.0
Malta,Utility-scale solar,40-49 years,0.0,0.0
Malta,Utility-scale solar,50+ years,0.0,0.0
Martinique,Oil and gas,0-9 years,0.0,0.0
Martinique,Oil and gas,10-19 years,0.2196,61.31509144213319
Martinique,Oil and gas,20-29 years,0.0,0.0
Martinique,Oil and gas,30-39 years,0.06,16.752757224626556
Martinique,Oil and gas,40-49 years,0.0,0.0
Martinique,Oil and gas,50+ years,0.0,0.0
Martinique,Utility-scale solar,0-9 years,0.0202,5.64009493229094
Martinique,Utility-scale solar,10-19 years,0.00435,1.214574898785425
Martinique,Utility-scale solar,20-29 years,0.0,0.0
Martinique,Utility-scale solar,30-39 years,0.0,0.0
Martinique,Utility-scale solar,40-49 years,0.0,0.0
Martinique,Utility-scale solar,50+ years,0.0,0.0
Martinique,Wind,0-9 years,0.014,3.908976685746196
Martinique,Wind,10-19 years,0.0,0.0
Martinique,Wind,20-29 years,0.0,0.0
Martinique,Wind,30-39 years,0.0,0.0
Martinique,Wind,40-49 years,0.0,0.0
Martinique,Wind,50+ years,0.0,0.0
Martinique,Bioenergy,0-9 years,0.04,11.168504816417704
Martinique,Bioenergy,10-19 years,0.0,0.0
Martinique,Bioenergy,20-29 years,0.0,0.0
Martinique,Bioenergy,30-39 years,0.0,0.0
Martinique,Bioenergy,40-49 years,0.0,0.0
Martinique,Bioenergy,50+ years,0.0,0.0
Mauritania,Oil and gas,0-9 years,0.0,0.0
Mauritania,Oil and gas,10-19 years,0.18,26.77646920266704
Mauritania,Oil and gas,20-29 years,0.0,0.0
Mauritania,Oil and gas,30-39 years,0.0,0.0
Mauritania,Oil and gas,40-49 years,0.0,0.0
Mauritania,Oil and gas,50+ years,0.0,0.0
Mauritania,Utility-scale solar,0-9 years,0.1114,16.57165927320616
Mauritania,Utility-scale solar,10-19 years,0.010832020725388601,1.6113514964223277
Mauritania,Utility-scale solar,20-29 years,0.0,0.0
Mauritania,Utility-scale solar,30-39 years,0.0,0.0
Mauritania,Utility-scale solar,40-49 years,0.0,0.0
Mauritania,Utility-scale solar,50+ years,0.0,0.0
Mauritania,Wind,0-9 years,0.1,14.875816223703914
Mauritania,Wind,10-19 years,0.03,4.462744867111174
Mauritania,Wind,20-29 years,0.0,0.0
Mauritania,Wind,30-39 years,0.0,0.0
Mauritania,Wind,40-49 years,0.0,0.0
Mauritania,Wind,50+ years,0.0,0.0
Mauritius,Coal,0-9 years,0.0,0.0
Mauritius,Coal,10-19 years,0.09,21.67665128957637
Mauritius,Coal,20-29 years,0.105,25.289426504505762
Mauritius,Coal,30-39 years,0.0,0.0
Mauritius,Coal,40-49 years,0.0,0.0
Mauritius,Coal,50+ years,0.0,0.0
Mauritius,Utility-scale solar,0-9 years,0.0803265725388601,19.346790024574794
Mauritius,Utility-scale solar,10-19 years,0.013540025906735751,3.261138000357122
Mauritius,Utility-scale solar,20-29 years,0.0,0.0
Mauritius,Utility-scale solar,30-39 years,0.0,0.0
Mauritius,Utility-scale solar,40-49 years,0.0,0.0
Mauritius,Utility-scale solar,50+ years,0.0,0.0
Mauritius,Hydropower,0-9 years,0.0,0.0
Mauritius,Hydropower,10-19 years,0.0,0.0
Mauritius,Hydropower,20-29 years,0.0,0.0
Mauritius,Hydropower,30-39 years,0.0,0.0
Mauritius,Hydropower,40-49 years,0.03,7.2255504298587905
Mauritius,Hydropower,50+ years,0.0,0.0
Mauritius,Bioenergy,0-9 years,0.0,0.0
Mauritius,Bioenergy,10-19 years,0.016300000000000002,3.925882400223276
Mauritius,Bioenergy,20-29 years,0.041,9.874918920807014
Mauritius,Bioenergy,30-39 years,0.0,0.0
Mauritius,Bioenergy,40-49 years,0.0,0.0
Mauritius,Bioenergy,50+ years,0.0,0.0
Mayotte,Utility-scale solar,0-9 years,0.013254746113989638,100.0
Mayotte,Utility-scale solar,10-19 years,0.0,0.0
Mayotte,Utility-scale solar,20-29 years,0.0,0.0
Mayotte,Utility-scale solar,30-39 years,0.0,0.0
Mayotte,Utility-scale solar,40-49 years,0.0,0.0
Mayotte,Utility-scale solar,50+ years,0.0,0.0
Mexico,Coal,0-9 years,0.0,0.0
Mexico,Coal,10-19 years,0.678,0.699182945660672
Mexico,Coal,20-29 years,0.0,0.0
Mexico,Coal,30-39 years,3.8,3.9187244742043563
Mexico,Coal,40-49 years,0.9,0.9281189544168211
Mexico,Coal,50+ years,0.0,0.0
Mexico,Oil and gas,0-9 years,16.858900000000002,17.385627378464164
Mexico,Oil and gas,10-19 years,8.943100000000001,9.222511801383416
Mexico,Oil and gas,20-29 years,17.265099999999997,17.804518399890952
Mexico,Oil and gas,30-39 years,5.6885,5.866227413555652
Mexico,Oil and gas,40-49 years,4.964,5.119091655250112
Mexico,Oil and gas,50+ years,0.5558,0.5731650165165213
Mexico,Utility-scale solar,0-9 years,12.143011388888889,12.52239892636345
Mexico,Utility-scale solar,10-19 years,0.29567,0.30490770139157947
Mexico,Utility-scale solar,20-29 years,0.0,0.0
Mexico,Utility-scale solar,30-39 years,0.0,0.0
Mexico,Utility-scale solar,40-49 years,0.0,0.0
Mexico,Utility-scale solar,50+ years,0.0,0.0
Mexico,Wind,0-9 years,4.007,4.132191833720225
Mexico,Wind,10-19 years,3.641,3.754756792257384
Mexico,Wind,20-29 years,0.0,0.0
Mexico,Wind,30-39 years,0.083,0.08559319246288462
Mexico,Wind,40-49 years,0.0,0.0
Mexico,Wind,50+ years,0.0,0.0
Mexico,Hydropower,0-9 years,0.0,0.0
Mexico,Hydropower,10-19 years,1.607,1.6572079552753682
Mexico,Hydropower,20-29 years,0.03,0.030937298480560704
Mexico,Hydropower,30-39 years,2.526,2.604920532063211
Mexico,Hydropower,40-49 years,3.033,3.1277608763846874
Mexico,Hydropower,50+ years,5.01,5.166528846253638
Mexico,Nuclear,0-9 years,0.0,0.0
Mexico,Nuclear,10-19 years,0.0,0.0
Mexico,Nuclear,20-29 years,0.0,0.0
Mexico,Nuclear,30-39 years,1.608,1.658239198558054
Mexico,Nuclear,40-49 years,0.0,0.0
Mexico,Nuclear,50+ years,0.0,0.0
Mexico,Bioenergy,0-9 years,0.123,0.1268429237702989
Mexico,Bioenergy,10-19 years,0.2243,0.23130786830632555
Mexico,Bioenergy,20-29 years,0.0128,0.013199914018372567
Mexico,Bioenergy,30-39 years,0.16240000000000002,0.16747390910810198
Mexico,Bioenergy,40-49 years,0.0675,0.06960892158126158
Mexico,Bioenergy,50+ years,0.01,0.010312432826853568
Mexico,Geothermal,0-9 years,0.025,0.025781082067133924
Mexico,Geothermal,10-19 years,0.176,0.1814988177526228
Mexico,Geothermal,20-29 years,0.11,0.11343676109538926
Mexico,Geothermal,30-39 years,0.22,0.22687352219077853
Mexico,Geothermal,40-49 years,0.25,0.2578108206713392
Mexico,Geothermal,50+ years,0.0,0.0
Micronesia,Utility-scale solar,0-9 years,0.00174,46.51162790697675
Micronesia,Utility-scale solar,10-19 years,0.0020009999999999997,53.48837209302326
Micronesia,Utility-scale solar,20-29 years,0.0,0.0
Micronesia,Utility-scale solar,30-39 years,0.0,0.0
Micronesia,Utility-scale solar,40-49 years,0.0,0.0
Micronesia,Utility-scale solar,50+ years,0.0,0.0
Moldova,Oil and gas,0-9 years,0.0,0.0
Moldova,Oil and gas,10-19 years,0.0,0.0
Moldova,Oil and gas,20-29 years,0.0,0.0
Moldova,Oil and gas,30-39 years,0.0,0.0
Moldova,Oil and gas,40-49 years,0.66,47.2204335694355
Moldova,Oil and gas,50+ years,0.508,36.34542462617157
Moldova,Utility-scale solar,0-9 years,0.1657,11.855190670387064
Moldova,Utility-scale solar,10-19 years,0.0,0.0
Moldova,Utility-scale solar,20-29 years,0.0,0.0
Moldova,Utility-scale solar,30-39 years,0.0,0.0
Moldova,Utility-scale solar,40-49 years,0.0,0.0
Moldova,Utility-scale solar,50+ years,0.0,0.0
Moldova,Hydropower,0-9 years,0.0,0.0
Moldova,Hydropower,10-19 years,0.0,0.0
Moldova,Hydropower,20-29 years,0.0,0.0
Moldova,Hydropower,30-39 years,0.0,0.0
Moldova,Hydropower,40-49 years,0.016,1.1447377835014667
Moldova,Hydropower,50+ years,0.048,3.4342133505043995
Mongolia,Coal,0-9 years,0.42,25.702681334983673
Mongolia,Coal,10-19 years,0.175,10.709450556243198
Mongolia,Coal,20-29 years,0.0,0.0
Mongolia,Coal,30-39 years,0.16,9.79149765142235
Mongolia,Coal,40-49 years,0.54,33.04630457355044
Mongolia,Coal,50+ years,0.0,0.0
Mongolia,Utility-scale solar,0-9 years,0.18407075910147175,11.264552533984936
Mongolia,Utility-scale solar,10-19 years,0.0,0.0
Mongolia,Utility-scale solar,20-29 years,0.0,0.0
Mongolia,Utility-scale solar,30-39 years,0.0,0.0
Mongolia,Utility-scale solar,40-49 years,0.0,0.0
Mongolia,Utility-scale solar,50+ years,0.0,0.0
Mongolia,Wind,0-9 years,0.105,6.425670333745918
Mongolia,Wind,10-19 years,0.05,3.0598430160694847
Mongolia,Wind,20-29 years,0.0,0.0
Mongolia,Wind,30-39 years,0.0,0.0
Mongolia,Wind,40-49 years,0.0,0.0
Mongolia,Wind,50+ years,0.0,0.0
Montenegro,Coal,0-9 years,0.0,0.0
Montenegro,Coal,10-19 years,0.0,0.0
Montenegro,Coal,20-29 years,0.0,0.0
Montenegro,Coal,30-39 years,0.0,0.0
Montenegro,Coal,40-49 years,0.225,22.301516503122212
Montenegro,Coal,50+ years,0.0,0.0
Montenegro,Utility-scale solar,0-9 years,0.0169,1.6750916840122907
Montenegro,Utility-scale solar,10-19 years,0.0,0.0
Montenegro,Utility-scale solar,20-29 years,0.0,0.0
Montenegro,Utility-scale solar,30-39 years,0.0,0.0
Montenegro,Utility-scale solar,40-49 years,0.0,0.0
Montenegro,Utility-scale solar,50+ years,0.0,0.0
Montenegro,Wind,0-9 years,0.118,11.695906432748538
Montenegro,Wind,10-19 years,0.0,0.0
Montenegro,Wind,20-29 years,0.0,0.0
Montenegro,Wind,30-39 years,0.0,0.0
Montenegro,Wind,40-49 years,0.0,0.0
Montenegro,Wind,50+ years,0.0,0.0
Montenegro,Hydropower,0-9 years,0.0,0.0
Montenegro,Hydropower,10-19 years,0.0,0.0
Montenegro,Hydropower,20-29 years,0.0,0.0
Montenegro,Hydropower,30-39 years,0.0,0.0
Montenegro,Hydropower,40-49 years,0.0,0.0
Montenegro,Hydropower,50+ years,0.649,64.32748538011695
Morocco,Coal,0-9 years,1.736,16.496563671236125
Morocco,Coal,10-19 years,0.7,6.651840190014567
Morocco,Coal,20-29 years,0.696,6.613829674643055
Morocco,Coal,30-39 years,0.66,6.271735036299448
Morocco,Coal,40-49 years,0.3,2.8507886528633857
Morocco,Coal,50+ years,0.0,0.0
Morocco,Oil and gas,0-9 years,0.0,0.0
Morocco,Oil and gas,10-19 years,1.201,11.412657240296422
Morocco,Oil and gas,20-29 years,0.4,3.801051537151181
Morocco,Oil and gas,30-39 years,0.0,0.0
Morocco,Oil and gas,40-49 years,0.3,2.8507886528633857
Morocco,Oil and gas,50+ years,0.0,0.0
Morocco,Utility-scale solar,0-9 years,0.76822375,7.300145164533861
Morocco,Utility-scale solar,10-19 years,0.18,1.7104731917180316
Morocco,Utility-scale solar,20-29 years,0.0,0.0
Morocco,Utility-scale solar,30-39 years,0.0,0.0
Morocco,Utility-scale solar,40-49 years,0.0,0.0
Morocco,Utility-scale solar,50+ years,0.0,0.0
Morocco,Wind,0-9 years,0.842,8.001213485703236
Morocco,Wind,10-19 years,0.775,7.364537353230413
Morocco,Wind,20-29 years,0.01,0.09502628842877953
Morocco,Wind,30-39 years,0.0,0.0
Morocco,Wind,40-49 years,0.0,0.0
Morocco,Wind,50+ years,0.0,0.0
Morocco,Hydropower,0-9 years,0.35,3.3259200950072834
Morocco,Hydropower,10-19 years,0.0,0.0
Morocco,Hydropower,20-29 years,0.798,7.583097816616606
Morocco,Hydropower,30-39 years,0.307,2.9173070547635316
Morocco,Hydropower,40-49 years,0.164,1.5584311302319842
Morocco,Hydropower,50+ years,0.302,2.8697939105491415
Morocco,Bioenergy,0-9 years,0.0,0.0
Morocco,Bioenergy,10-19 years,0.0046,0.04371209267723858
Morocco,Bioenergy,20-29 years,0.0,0.0
Morocco,Bioenergy,30-39 years,0.0,0.0
Morocco,Bioenergy,40-49 years,0.0,0.0
Morocco,Bioenergy,50+ years,0.0,0.0
Mozambique,Oil and gas,0-9 years,0.246,8.4019234256896
Mozambique,Oil and gas,10-19 years,0.4116,14.057852365909914
Mozambique,Oil and gas,20-29 years,0.0,0.0
Mozambique,Oil and gas,30-39 years,0.0,0.0
Mozambique,Oil and gas,40-49 years,0.0,0.0
Mozambique,Oil and gas,50+ years,0.0,0.0
Mozambique,Utility-scale solar,0-9 years,0.099301,3.3915422686764343
Mozambique,Utility-scale solar,10-19 years,0.0,0.0
Mozambique,Utility-scale solar,20-29 years,0.0,0.0
Mozambique,Utility-scale solar,30-39 years,0.0,0.0
Mozambique,Utility-scale solar,40-49 years,0.0,0.0
Mozambique,Utility-scale solar,50+ years,0.0,0.0
Mozambique,Hydropower,0-9 years,0.0,0.0
Mozambique,Hydropower,10-19 years,0.0,0.0
Mozambique,Hydropower,20-29 years,0.0,0.0
Mozambique,Hydropower,30-39 years,0.0,0.0
Mozambique,Hydropower,40-49 years,0.0,0.0
Mozambique,Hydropower,50+ years,2.171,74.14868193972406
Myanmar,Coal,0-9 years,0.06,0.8495739258038771
Myanmar,Coal,10-19 years,0.0,0.0
Myanmar,Coal,20-29 years,0.12,1.6991478516077543
Myanmar,Coal,30-39 years,0.0,0.0
Myanmar,Coal,40-49 years,0.0,0.0
Myanmar,Coal,50+ years,0.0,0.0
Myanmar,Oil and gas,0-9 years,1.884,26.676621270241746
Myanmar,Oil and gas,10-19 years,0.8555,12.113508225420281
Myanmar,Oil and gas,20-29 years,0.092,1.302680019565945
Myanmar,Oil and gas,30-39 years,0.15419999999999998,2.183404989315964
Myanmar,Oil and gas,40-49 years,0.0,0.0
Myanmar,Oil and gas,50+ years,0.054299999999999994,0.7688644028525088
Myanmar,Utility-scale solar,0-9 years,0.3028636363636364,4.288417475478208
Myanmar,Utility-scale solar,10-19 years,0.0,0.0
Myanmar,Utility-scale solar,20-29 years,0.0,0.0
Myanmar,Utility-scale solar,30-39 years,0.0,0.0
Myanmar,Utility-scale solar,40-49 years,0.0,0.0
Myanmar,Utility-scale solar,50+ years,0.0,0.0
Myanmar,Wind,0-9 years,0.21,2.9735087403135703
Myanmar,Wind,10-19 years,0.0,0.0
Myanmar,Wind,20-29 years,0.0,0.0
Myanmar,Wind,30-39 years,0.0,0.0
Myanmar,Wind,40-49 years,0.0,0.0
Myanmar,Wind,50+ years,0.0,0.0
Myanmar,Hydropower,0-9 years,0.131,1.854903071338465
Myanmar,Hydropower,10-19 years,2.474,35.03076487397987
Myanmar,Hydropower,20-29 years,0.385,5.451432690574879
Myanmar,Hydropower,30-39 years,0.0,0.0
Myanmar,Hydropower,40-49 years,0.056,0.7929356640836186
Myanmar,Hydropower,50+ years,0.168,2.378806992250856
Namibia,Coal,0-9 years,0.0,0.0
Namibia,Coal,10-19 years,0.0,0.0
Namibia,Coal,20-29 years,0.0,0.0
Namibia,Coal,30-39 years,0.0,0.0
Namibia,Coal,40-49 years,0.03,4.003111461595004
Namibia,Coal,50+ years,0.09,12.009334384785012
Namibia,Utility-scale solar,0-9 years,0.2601165958549223,34.7091908739305
Namibia,Utility-scale solar,10-19 years,0.02592683678756477,3.45960058357345
Namibia,Utility-scale solar,20-29 years,0.0,0.0
Namibia,Utility-scale solar,30-39 years,0.0,0.0
Namibia,Utility-scale solar,40-49 years,0.0,0.0
Namibia,Utility-scale solar,50+ years,0.0,0.0
Namibia,Hydropower,0-9 years,0.0,0.0
Namibia,Hydropower,10-19 years,0.0,0.0
Namibia,Hydropower,20-29 years,0.0,0.0
Namibia,Hydropower,30-39 years,0.0,0.0
Namibia,Hydropower,40-49 years,0.332,44.30110017498471
Namibia,Hydropower,50+ years,0.0,0.0
Nauru,Utility-scale solar,0-9 years,0.005617471264367816,100.0
Nauru,Utility-scale solar,10-19 years,0.0,0.0
Nauru,Utility-scale solar,20-29 years,0.0,0.0
Nauru,Utility-scale solar,30-39 years,0.0,0.0
Nauru,Utility-scale solar,40-49 years,0.0,0.0
Nauru,Utility-scale solar,50+ years,0.0,0.0
Nepal,Utility-scale solar,0-9 years,0.03175,0.9421784352419247
Nepal,Utility-scale solar,10-19 years,0.0,0.0
Nepal,Utility-scale solar,20-29 years,0.0,0.0
Nepal,Utility-scale solar,30-39 years,0.0,0.0
Nepal,Utility-scale solar,40-49 years,0.0,0.0
Nepal,Utility-scale solar,50+ years,0.0,0.0
Nepal,Hydropower,0-9 years,2.474,73.41573067050462
Nepal,Hydropower,10-19 years,0.209,6.202056471356292
Nepal,Hydropower,20-29 years,0.286,8.487024645013873
Nepal,Hydropower,30-39 years,0.081,2.403667819042391
Nepal,Hydropower,40-49 years,0.121,3.5906642728904847
Nepal,Hydropower,50+ years,0.035,1.0386218971170824
Netherlands,Coal,0-9 years,0.0,0.0
Netherlands,Coal,10-19 years,3.5,8.951343256532654
Netherlands,Coal,20-29 years,0.0,0.0
Netherlands,Coal,30-39 years,0.0,0.0
Netherlands,Coal,40-49 years,0.0,0.0
Netherlands,Coal,50+ years,0.0,0.0
Netherlands,Oil and gas,0-9 years,0.19,0.485930062497487
Netherlands,Oil and gas,10-19 years,7.5934,19.4203228240443
Netherlands,Oil and gas,20-29 years,2.369,6.0587806213502455
Netherlands,Oil and gas,30-39 years,3.4533,8.831906762224062
Netherlands,Oil and gas,40-49 years,0.4343,1.1107338218034664
Netherlands,Oil and gas,50+ years,0.0,0.0
Netherlands,Utility-scale solar,0-9 years,6.371439904761904,16.295127321683868
Netherlands,Utility-scale solar,10-19 years,0.0,0.0
Netherlands,Utility-scale solar,20-29 years,0.0,0.0
Netherlands,Utility-scale solar,30-39 years,0.0,0.0
Netherlands,Utility-scale solar,40-49 years,0.0,0.0
Netherlands,Utility-scale solar,50+ years,0.0,0.0
Netherlands,Wind,0-9 years,8.9173,22.806232348993895
Netherlands,Wind,10-19 years,1.845,4.718636659515071
Netherlands,Wind,20-29 years,0.084,0.2148322381567837
Netherlands,Wind,30-39 years,0.031,0.07928332598643209
Netherlands,Wind,40-49 years,0.0,0.0
Netherlands,Wind,50+ years,0.0,0.0
Netherlands,Nuclear,0-9 years,0.0,0.0
Netherlands,Nuclear,10-19 years,0.0,0.0
Netherlands,Nuclear,20-29 years,0.0,0.0
Netherlands,Nuclear,30-39 years,0.0,0.0
Netherlands,Nuclear,40-49 years,0.0,0.0
Netherlands,Nuclear,50+ years,0.515,1.317126222032662
Netherlands,Bioenergy,0-9 years,0.5,1.2787633223618078
Netherlands,Bioenergy,10-19 years,0.334,0.8542138993376877
Netherlands,Bioenergy,20-29 years,0.192,0.4910451157869342
Netherlands,Bioenergy,30-39 years,0.3272,0.8368227181535671
Netherlands,Bioenergy,40-49 years,0.083,0.2122747115120601
Netherlands,Bioenergy,50+ years,0.171,0.4373370562477383
New Caledonia,Coal,0-9 years,0.0,0.0
New Caledonia,Coal,10-19 years,0.37,44.44444444444444
New Caledonia,Coal,20-29 years,0.0,0.0
New Caledonia,Coal,30-39 years,0.0,0.0
New Caledonia,Coal,40-49 years,0.0,0.0
New Caledonia,Coal,50+ years,0.0,0.0
New Caledonia,Oil and gas,0-9 years,0.198,23.783783783783786
New Caledonia,Oil and gas,10-19 years,0.0,0.0
New Caledonia,Oil and gas,20-29 years,0.0,0.0
New Caledonia,Oil and gas,30-39 years,0.055,6.606606606606606
New Caledonia,Oil and gas,40-49 years,0.0,0.0
New Caledonia,Oil and gas,50+ years,0.0,0.0
New Caledonia,Utility-scale solar,0-9 years,0.11,13.213213213213212
New Caledonia,Utility-scale solar,10-19 years,0.0,0.0
New Caledonia,Utility-scale solar,20-29 years,0.0,0.0
New Caledonia,Utility-scale solar,30-39 years,0.0,0.0
New Caledonia,Utility-scale solar,40-49 years,0.0,0.0
New Caledonia,Utility-scale solar,50+ years,0.0,0.0
New Caledonia,Wind,0-9 years,0.02,2.4024024024024024
New Caledonia,Wind,10-19 years,0.0,0.0
New Caledonia,Wind,20-29 years,0.0115,1.3813813813813813
New Caledonia,Wind,30-39 years,0.0,0.0
New Caledonia,Wind,40-49 years,0.0,0.0
New Caledonia,Wind,50+ years,0.0,0.0
New Caledonia,Hydropower,0-9 years,0.0,0.0
New Caledonia,Hydropower,10-19 years,0.0,0.0
New Caledonia,Hydropower,20-29 years,0.0,0.0
New Caledonia,Hydropower,30-39 years,0.0,0.0
New Caledonia,Hydropower,40-49 years,0.0,0.0
New Caledonia,Hydropower,50+ years,0.068,8.168168168168167
New Zealand,Coal,0-9 years,0.0,0.0
New Zealand,Coal,10-19 years,0.0,0.0
New Zealand,Coal,20-29 years,0.0,0.0
New Zealand,Coal,30-39 years,0.0,0.0
New Zealand,Coal,40-49 years,0.75,7.533830322616877
New Zealand,Coal,50+ years,0.0,0.0
New Zealand,Oil and gas,0-9 years,0.1,1.0045107096822503
New Zealand,Oil and gas,10-19 years,0.713,7.162161360034445
New Zealand,Oil and gas,20-29 years,0.051,0.5123004619379476
New Zealand,Oil and gas,30-39 years,0.182,1.8282094916216955
New Zealand,Oil and gas,40-49 years,0.0,0.0
New Zealand,Oil and gas,50+ years,0.0,0.0
New Zealand,Utility-scale solar,0-9 years,0.26939545454545455,2.7061061923062697
New Zealand,Utility-scale solar,10-19 years,0.0,0.0
New Zealand,Utility-scale solar,20-29 years,0.0,0.0
New Zealand,Utility-scale solar,30-39 years,0.0,0.0
New Zealand,Utility-scale solar,40-49 years,0.0,0.0
New Zealand,Utility-scale solar,50+ years,0.0,0.0
New Zealand,Wind,0-9 years,0.574,5.765891473576117
New Zealand,Wind,10-19 years,0.5,5.022553548411252
New Zealand,Wind,20-29 years,0.159,1.5971720283947781
New Zealand,Wind,30-39 years,0.0,0.0
New Zealand,Wind,40-49 years,0.0,0.0
New Zealand,Wind,50+ years,0.0,0.0
New Zealand,Hydropower,0-9 years,0.0,0.0
New Zealand,Hydropower,10-19 years,0.0,0.0
New Zealand,Hydropower,20-29 years,0.0,0.0
New Zealand,Hydropower,30-39 years,0.432,4.339486265827321
New Zealand,Hydropower,40-49 years,1.0,10.045107096822504
New Zealand,Hydropower,50+ years,3.693,37.09658050856551
New Zealand,Bioenergy,0-9 years,0.0155,0.15569916000074882
New Zealand,Bioenergy,10-19 years,0.0,0.0
New Zealand,Bioenergy,20-29 years,0.039,0.39175917677607763
New Zealand,Bioenergy,30-39 years,0.01,0.10045107096822503
New Zealand,Bioenergy,40-49 years,0.0,0.0
New Zealand,Bioenergy,50+ years,0.0,0.0
New Zealand,Geothermal,0-9 years,0.329,3.3048402348546038
New Zealand,Geothermal,10-19 years,0.566,5.685530616801538
New Zealand,Geothermal,20-29 years,0.193,1.938705669686743
New Zealand,Geothermal,30-39 years,0.1217,1.2224895336832988
New Zealand,Geothermal,40-49 years,0.0,0.0
New Zealand,Geothermal,50+ years,0.188,1.8884801342026307
Nicaragua,Oil and gas,0-9 years,0.148,14.223758913408757
Nicaragua,Oil and gas,10-19 years,0.0,0.0
Nicaragua,Oil and gas,20-29 years,0.126,12.109416372226374
Nicaragua,Oil and gas,30-39 years,0.0,0.0
Nicaragua,Oil and gas,40-49 years,0.053,5.093643394666649
Nicaragua,Oil and gas,50+ years,0.053,5.093643394666649
Nicaragua,Utility-scale solar,0-9 years,0.054172185185185184,5.2062979857203215
Nicaragua,Utility-scale solar,10-19 years,0.0013427037037037038,0.12904252549744935
Nicaragua,Utility-scale solar,20-29 years,0.0,0.0
Nicaragua,Utility-scale solar,30-39 years,0.0,0.0
Nicaragua,Utility-scale solar,40-49 years,0.0,0.0
Nicaragua,Utility-scale solar,50+ years,0.0,0.0
Nicaragua,Wind,0-9 years,0.0,0.0
Nicaragua,Wind,10-19 years,0.189,18.16412455833956
Nicaragua,Wind,20-29 years,0.0,0.0
Nicaragua,Wind,30-39 years,0.0,0.0
Nicaragua,Wind,40-49 years,0.0,0.0
Nicaragua,Wind,50+ years,0.0,0.0
Nicaragua,Hydropower,0-9 years,0.0,0.0
Nicaragua,Hydropower,10-19 years,0.0,0.0
Nicaragua,Hydropower,20-29 years,0.0,0.0
Nicaragua,Hydropower,30-39 years,0.0,0.0
Nicaragua,Hydropower,40-49 years,0.0,0.0
Nicaragua,Hydropower,50+ years,0.104,9.99507383104399
Nicaragua,Bioenergy,0-9 years,0.04,3.84425916578615
Nicaragua,Bioenergy,10-19 years,0.042,4.036472124075457
Nicaragua,Bioenergy,20-29 years,0.015,1.4415971871698063
Nicaragua,Bioenergy,30-39 years,0.0,0.0
Nicaragua,Bioenergy,40-49 years,0.0,0.0
Nicaragua,Bioenergy,50+ years,0.0,0.0
Nicaragua,Geothermal,0-9 years,0.0104,0.999507383104399
Nicaragua,Geothermal,10-19 years,0.072,6.919666498415071
Nicaragua,Geothermal,20-29 years,0.0,0.0
Nicaragua,Geothermal,30-39 years,0.035,3.3637267700628817
Nicaragua,Geothermal,40-49 years,0.035,3.3637267700628817
Nicaragua,Geothermal,50+ years,0.0,0.0
Niger,Coal,0-9 years,0.03,11.009174311926607
Niger,Coal,10-19 years,0.0,0.0
Niger,Coal,20-29 years,0.0,0.0
Niger,Coal,30-39 years,0.0,0.0
Niger,Coal,40-49 years,0.0,0.0
Niger,Coal,50+ years,0.0,0.0
Niger,Oil and gas,0-9 years,0.189,69.35779816513762
Niger,Oil and gas,10-19 years,0.0,0.0
Niger,Oil and gas,20-29 years,0.0,0.0
Niger,Oil and gas,30-39 years,0.0,0.0
Niger,Oil and gas,40-49 years,0.0,0.0
Niger,Oil and gas,50+ years,0.0,0.0
Niger,Utility-scale solar,0-9 years,0.0535,19.63302752293578
Niger,Utility-scale solar,10-19 years,0.0,0.0
Niger,Utility-scale solar,20-29 years,0.0,0.0
Niger,Utility-scale solar,30-39 years,0.0,0.0
Niger,Utility-scale solar,40-49 years,0.0,0.0
Niger,Utility-scale solar,50+ years,0.0,0.0
Nigeria,Coal,0-9 years,0.06,0.4179496928204022
Nigeria,Coal,10-19 years,0.2845,1.9817781267900736
Nigeria,Coal,20-29 years,0.0,0.0
Nigeria,Coal,30-39 years,0.0,0.0
Nigeria,Coal,40-49 years,0.0,0.0
Nigeria,Coal,50+ years,0.0,0.0
Nigeria,Oil and gas,0-9 years,1.724,12.009087840372889
Nigeria,Oil and gas,10-19 years,5.318,37.04427444031498
Nigeria,Oil and gas,20-29 years,0.936,6.520015207998274
Nigeria,Oil and gas,30-39 years,0.6,4.1794969282040215
Nigeria,Oil and gas,40-49 years,2.25,15.67311348076508
Nigeria,Oil and gas,50+ years,0.0,0.0
Nigeria,Utility-scale solar,0-9 years,0.14529473575129534,1.0120981695945899
Nigeria,Utility-scale solar,10-19 years,0.0,0.0
Nigeria,Utility-scale solar,20-29 years,0.0,0.0
Nigeria,Utility-scale solar,30-39 years,0.0,0.0
Nigeria,Utility-scale solar,40-49 years,0.0,0.0
Nigeria,Utility-scale solar,50+ years,0.0,0.0
Nigeria,Wind,0-9 years,0.01,0.0696582821367337
Nigeria,Wind,10-19 years,0.0,0.0
Nigeria,Wind,20-29 years,0.0,0.0
Nigeria,Wind,30-39 years,0.0,0.0
Nigeria,Wind,40-49 years,0.0,0.0
Nigeria,Wind,50+ years,0.0,0.0
Nigeria,Hydropower,0-9 years,0.78,5.433346006665228
Nigeria,Hydropower,10-19 years,0.13,0.905557667777538
Nigeria,Hydropower,20-29 years,0.0,0.0
Nigeria,Hydropower,30-39 years,0.6,4.1794969282040215
Nigeria,Hydropower,40-49 years,0.578,4.026248707503208
Nigeria,Hydropower,50+ years,0.76,5.294029442391761
North Korea,Coal,0-9 years,0.8,10.91703056768559
North Korea,Coal,10-19 years,0.0,0.0
North Korea,Coal,20-29 years,0.0,0.0
North Korea,Coal,30-39 years,0.25,3.411572052401747
North Korea,Coal,40-49 years,0.85,11.59934497816594
North Korea,Coal,50+ years,1.35,18.42248908296943
North Korea,Hydropower,0-9 years,0.134,1.8286026200873364
North Korea,Hydropower,10-19 years,0.61,8.324235807860262
North Korea,Hydropower,20-29 years,0.1,1.3646288209606987
North Korea,Hydropower,30-39 years,0.295,4.025655021834061
North Korea,Hydropower,40-49 years,0.296,4.039301310043668
North Korea,Hydropower,50+ years,2.638,35.998908296943235
North Korea,Nuclear,0-9 years,0.0,0.0
North Korea,Nuclear,10-19 years,0.0,0.0
North Korea,Nuclear,20-29 years,0.0,0.0
North Korea,Nuclear,30-39 years,0.0,0.0
North Korea,Nuclear,40-49 years,0.005,0.06823144104803493
North Korea,Nuclear,50+ years,0.0,0.0
North Macedonia,Coal,0-9 years,0.0,0.0
North Macedonia,Coal,10-19 years,0.0,0.0
North Macedonia,Coal,20-29 years,0.0,0.0
North Macedonia,Coal,30-39 years,0.233,10.25470260031431
North Macedonia,Coal,40-49 years,0.591,26.0108550935011
North Macedonia,Coal,50+ years,0.0,0.0
North Macedonia,Oil and gas,0-9 years,0.0,0.0
North Macedonia,Oil and gas,10-19 years,0.22,9.682551811455571
North Macedonia,Oil and gas,20-29 years,0.0,0.0
North Macedonia,Oil and gas,30-39 years,0.0,0.0
North Macedonia,Oil and gas,40-49 years,0.198,8.714296630310015
North Macedonia,Oil and gas,50+ years,0.0,0.0
North Macedonia,Utility-scale solar,0-9 years,0.4331283013400942,19.062669176060016
North Macedonia,Utility-scale solar,10-19 years,0.0,0.0
North Macedonia,Utility-scale solar,20-29 years,0.0,0.0
North Macedonia,Utility-scale solar,30-39 years,0.0,0.0
North Macedonia,Utility-scale solar,40-49 years,0.0,0.0
North Macedonia,Utility-scale solar,50+ years,0.0,0.0
North Macedonia,Wind,0-9 years,0.036,1.5844175691472753
North Macedonia,Wind,10-19 years,0.037,1.628429168290255
North Macedonia,Wind,20-29 years,0.0,0.0
North Macedonia,Wind,30-39 years,0.0,0.0
North Macedonia,Wind,40-49 years,0.0,0.0
North Macedonia,Wind,50+ years,0.0,0.0
North Macedonia,Hydropower,0-9 years,0.0,0.0
North Macedonia,Hydropower,10-19 years,0.036,1.5844175691472753
North Macedonia,Hydropower,20-29 years,0.082,3.6089511297243493
North Macedonia,Hydropower,30-39 years,0.0,0.0
North Macedonia,Hydropower,40-49 years,0.0,0.0
North Macedonia,Hydropower,50+ years,0.406,17.86870925204983
Norway,Oil and gas,0-9 years,0.0,0.0
Norway,Oil and gas,10-19 years,0.294,0.8330413438418949
Norway,Oil and gas,20-29 years,0.0,0.0
Norway,Oil and gas,30-39 years,0.0,0.0
Norway,Oil and gas,40-49 years,0.0,0.0
Norway,Oil and gas,50+ years,0.0,0.0
Norway,Utility-scale solar,0-9 years,0.032966,0.09340830252072077
Norway,Utility-scale solar,10-19 years,0.0,0.0
Norway,Utility-scale solar,20-29 years,0.0,0.0
Norway,Utility-scale solar,30-39 years,0.0,0.0
Norway,Utility-scale solar,40-49 years,0.0,0.0
Norway,Utility-scale solar,50+ years,0.0,0.0
Norway,Wind,0-9 years,4.0318000000000005,11.424000306468542
Norway,Wind,10-19 years,0.55,1.5584106772552455
Norway,Wind,20-29 years,0.244,0.6913676459095998
Norway,Wind,30-39 years,0.0,0.0
Norway,Wind,40-49 years,0.0,0.0
Norway,Wind,50+ years,0.0,0.0
Norway,Hydropower,0-9 years,0.92,2.6067960419542286
Norway,Hydropower,10-19 years,1.175,3.3293319014089335
Norway,Hydropower,20-29 years,0.798,2.261112218999429
Norway,Hydropower,30-39 years,3.445,9.761317787535129
Norway,Hydropower,40-49 years,6.916,19.59630589799505
Norway,Hydropower,50+ years,15.679,44.42603819760908
Oman,Oil and gas,0-9 years,4.9567,29.530719202793392
Oman,Oil and gas,10-19 years,6.892,41.060729264561516
Oman,Oil and gas,20-29 years,1.629,9.70515495820817
Oman,Oil and gas,30-39 years,0.09,0.5361964065308381
Oman,Oil and gas,40-49 years,0.0,0.0
Oman,Oil and gas,50+ years,0.0,0.0
Oman,Utility-scale solar,0-9 years,1.660842857142857,9.894866353471224
Oman,Utility-scale solar,10-19 years,0.5129614285714286,3.0560897187658354
Oman,Utility-scale solar,20-29 years,0.0,0.0
Oman,Utility-scale solar,30-39 years,0.0,0.0
Oman,Utility-scale solar,40-49 years,0.0,0.0
Oman,Utility-scale solar,50+ years,0.0,0.0
Oman,Wind,0-9 years,0.05,0.2978868925171323
Oman,Wind,10-19 years,0.0,0.0
Oman,Wind,20-29 years,0.0,0.0
Oman,Wind,30-39 years,0.0,0.0
Oman,Wind,40-49 years,0.0,0.0
Oman,Wind,50+ years,0.0,0.0
Pakistan,Coal,0-9 years,8.278,17.386423183134006
Pakistan,Coal,10-19 years,0.07,0.14702218202698483
Pakistan,Coal,20-29 years,0.0,0.0
Pakistan,Coal,30-39 years,0.0,0.0
Pakistan,Coal,40-49 years,0.0,0.0
Pakistan,Coal,50+ years,0.0,0.0
Pakistan,Oil and gas,0-9 years,5.993,12.587199098396
Pakistan,Oil and gas,10-19 years,4.9451,10.38627703345204
Pakistan,Oil and gas,20-29 years,3.4789,7.306792415052536
Pakistan,Oil and gas,30-39 years,5.736,12.047417658668357
Pakistan,Oil and gas,40-49 years,0.42,0.8821330921619088
Pakistan,Oil and gas,50+ years,0.0,0.0
Pakistan,Utility-scale solar,0-9 years,0.9231630773361976,1.9389349999530558
Pakistan,Utility-scale solar,10-19 years,0.374,0.785518515401319
Pakistan,Utility-scale solar,20-29 years,0.0,0.0
Pakistan,Utility-scale solar,30-39 years,0.0,0.0
Pakistan,Utility-scale solar,40-49 years,0.0,0.0
Pakistan,Utility-scale solar,50+ years,0.0,0.0
Pakistan,Wind,0-9 years,1.358,2.8522303313235056
Pakistan,Wind,10-19 years,0.583,1.2244847445961735
Pakistan,Wind,20-29 years,0.0,0.0
Pakistan,Wind,30-39 years,0.0,0.0
Pakistan,Wind,40-49 years,0.0,0.0
Pakistan,Wind,50+ years,0.0,0.0
Pakistan,Hydropower,0-9 years,4.421,9.28550095344714
Pakistan,Hydropower,10-19 years,0.584,1.2265850614822735
Pakistan,Hydropower,20-29 years,1.664,3.4949272984700395
Pakistan,Hydropower,30-39 years,0.0,0.0
Pakistan,Hydropower,40-49 years,4.548,9.552241197981814
Pakistan,Hydropower,50+ years,0.243,0.5103770033222473
Pakistan,Nuclear,0-9 years,2.54,5.33480489069345
Pakistan,Nuclear,10-19 years,0.665,1.3967107292563559
Pakistan,Nuclear,20-29 years,0.325,0.6826029879824296
Pakistan,Nuclear,30-39 years,0.0,0.0
Pakistan,Nuclear,40-49 years,0.0,0.0
Pakistan,Nuclear,50+ years,0.0,0.0
Pakistan,Bioenergy,0-9 years,0.1885,0.3959097330298092
Pakistan,Bioenergy,10-19 years,0.1662,0.34907266646978397
Pakistan,Bioenergy,20-29 years,0.0,0.0
Pakistan,Bioenergy,30-39 years,0.0,0.0
Pakistan,Bioenergy,40-49 years,0.0,0.0
Pakistan,Bioenergy,50+ years,0.0,0.0
Palau,Utility-scale solar,0-9 years,0.013311,100.0
Palau,Utility-scale solar,10-19 years,0.0,0.0
Palau,Utility-scale solar,20-29 years,0.0,0.0
Palau,Utility-scale solar,30-39 years,0.0,0.0
Palau,Utility-scale solar,40-49 years,0.0,0.0
Palau,Utility-scale solar,50+ years,0.0,0.0
Palestine,Oil and gas,0-9 years,0.14,79.56224527903618
Palestine,Oil and gas,10-19 years,0.0,0.0
Palestine,Oil and gas,20-29 years,0.0,0.0
Palestine,Oil and gas,30-39 years,0.0,0.0
Palestine,Oil and gas,40-49 years,0.0,0.0
Palestine,Oil and gas,50+ years,0.0,0.0
Palestine,Utility-scale solar,0-9 years,0.03596285714285714,20.437754720963838
Palestine,Utility-scale solar,10-19 years,0.0,0.0
Palestine,Utility-scale solar,20-29 years,0.0,0.0
Palestine,Utility-scale solar,30-39 years,0.0,0.0
Palestine,Utility-scale solar,40-49 years,0.0,0.0
Palestine,Utility-scale solar,50+ years,0.0,0.0
Panama,Coal,0-9 years,0.306,6.925505363436043
Panama,Coal,10-19 years,0.0,0.0
Panama,Coal,20-29 years,0.0,0.0
Panama,Coal,30-39 years,0.0,0.0
Panama,Coal,40-49 years,0.0,0.0
Panama,Coal,50+ years,0.0,0.0
Panama,Oil and gas,0-9 years,1.051,23.786621362651246
Panama,Oil and gas,10-19 years,0.3837,8.684040548857547
Panama,Oil and gas,20-29 years,0.055200000000000006,1.2493068498747373
Panama,Oil and gas,30-39 years,0.0,0.0
Panama,Oil and gas,40-49 years,0.0,0.0
Panama,Oil and gas,50+ years,0.0,0.0
Panama,Utility-scale solar,0-9 years,0.733560119402985,16.602204383425352
Panama,Utility-scale solar,10-19 years,0.01653,0.37411308384835884
Panama,Utility-scale solar,20-29 years,0.0,0.0
Panama,Utility-scale solar,30-39 years,0.0,0.0
Panama,Utility-scale solar,40-49 years,0.0,0.0
Panama,Utility-scale solar,50+ years,0.0,0.0
Panama,Wind,0-9 years,0.3365,7.615792662732773
Panama,Wind,10-19 years,0.0,0.0
Panama,Wind,20-29 years,0.0,0.0
Panama,Wind,30-39 years,0.0,0.0
Panama,Wind,40-49 years,0.0,0.0
Panama,Wind,50+ years,0.0,0.0
Panama,Hydropower,0-9 years,0.0,0.0
Panama,Hydropower,10-19 years,0.678,15.344747177809273
Panama,Hydropower,20-29 years,0.12,2.7158844562494284
Panama,Hydropower,30-39 years,0.0,0.0
Panama,Hydropower,40-49 years,0.402,9.098212928435585
Panama,Hydropower,50+ years,0.296,6.69918165874859
Papua New Guinea,Oil and gas,0-9 years,0.0588,18.4806864254958
Papua New Guinea,Oil and gas,10-19 years,0.0,0.0
Papua New Guinea,Oil and gas,20-29 years,0.0,0.0
Papua New Guinea,Oil and gas,30-39 years,0.0,0.0
Papua New Guinea,Oil and gas,40-49 years,0.0,0.0
Papua New Guinea,Oil and gas,50+ years,0.0,0.0
Papua New Guinea,Utility-scale solar,0-9 years,0.00087,0.2734387277241726
Papua New Guinea,Utility-scale solar,10-19 years,0.0,0.0
Papua New Guinea,Utility-scale solar,20-29 years,0.0,0.0
Papua New Guinea,Utility-scale solar,30-39 years,0.0,0.0
Papua New Guinea,Utility-scale solar,40-49 years,0.0,0.0
Papua New Guinea,Utility-scale solar,50+ years,0.0,0.0
Papua New Guinea,Hydropower,0-9 years,0.054,16.972058962190022
Papua New Guinea,Hydropower,10-19 years,0.0,0.0
Papua New Guinea,Hydropower,20-29 years,0.0,0.0
Papua New Guinea,Hydropower,30-39 years,0.134,42.115850017286355
Papua New Guinea,Hydropower,40-49 years,0.0,0.0
Papua New Guinea,Hydropower,50+ years,0.036,11.314705974793348
Papua New Guinea,Geothermal,0-9 years,0.0,0.0
Papua New Guinea,Geothermal,10-19 years,0.03,9.428921645661124
Papua New Guinea,Geothermal,20-29 years,0.0,0.0
Papua New Guinea,Geothermal,30-39 years,0.0,0.0
Papua New Guinea,Geothermal,40-49 years,0.0,0.0
Papua New Guinea,Geothermal,50+ years,0.0,0.0
Paraguay,Utility-scale solar,0-9 years,0.004329074074074075,0.04939424384326223
Paraguay,Utility-scale solar,10-19 years,0.0,0.0
Paraguay,Utility-scale solar,20-29 years,0.0,0.0
Paraguay,Utility-scale solar,30-39 years,0.0,0.0
Paraguay,Utility-scale solar,40-49 years,0.0,0.0
Paraguay,Utility-scale solar,50+ years,0.0,0.0
Paraguay,Hydropower,0-9 years,0.0,0.0
Paraguay,Hydropower,10-19 years,0.0,0.0
Paraguay,Hydropower,20-29 years,0.0,0.0
Paraguay,Hydropower,30-39 years,1.55,17.685324077858784
Paraguay,Hydropower,40-49 years,7.0,79.86920551291064
Paraguay,Hydropower,50+ years,0.21,2.3960761653873193
Peru,Oil and gas,0-9 years,0.8915,5.68043901797029
Peru,Oil and gas,10-19 years,5.2284,33.314197825637535
Peru,Oil and gas,20-29 years,0.8426,5.368859132408039
Peru,Oil and gas,30-39 years,0.0573,0.36510281068950934
Peru,Oil and gas,40-49 years,0.1192,0.7595157946629933
Peru,Oil and gas,50+ years,0.0,0.0
Peru,Utility-scale solar,0-9 years,0.9423495000000001,6.004440682405826
Peru,Utility-scale solar,10-19 years,0.09396,0.598692148209185
Peru,Utility-scale solar,20-29 years,0.0,0.0
Peru,Utility-scale solar,30-39 years,0.0,0.0
Peru,Utility-scale solar,40-49 years,0.0,0.0
Peru,Utility-scale solar,50+ years,0.0,0.0
Peru,Wind,0-9 years,1.2089,7.702840974564536
Peru,Wind,10-19 years,0.239,1.5228546554065052
Peru,Wind,20-29 years,0.0,0.0
Peru,Wind,30-39 years,0.0,0.0
Peru,Wind,40-49 years,0.0,0.0
Peru,Wind,50+ years,0.0,0.0
Peru,Hydropower,0-9 years,0.296,1.8860459330557553
Peru,Hydropower,10-19 years,1.775,11.309903821533668
Peru,Hydropower,20-29 years,0.75,4.778832600648029
Peru,Hydropower,30-39 years,0.256,1.6311748610211938
Peru,Hydropower,40-49 years,0.21,1.338073128181448
Peru,Hydropower,50+ years,2.573,16.39458170862317
Peru,Bioenergy,0-9 years,0.0217,0.13826755657874962
Peru,Bioenergy,10-19 years,0.0895,0.5702740236773314
Peru,Bioenergy,20-29 years,0.0,0.0
Peru,Bioenergy,30-39 years,0.0028,0.017840975042419306
Peru,Bioenergy,40-49 years,0.0,0.0
Peru,Bioenergy,50+ years,0.0,0.0
Philippines,Coal,0-9 years,5.2338000000000005,17.634536115976744
Philippines,Coal,10-19 years,3.2536,10.962537106297896
Philippines,Coal,20-29 years,2.82,9.501584288099357
Philippines,Coal,30-39 years,1.035,3.4872835951002963
Philippines,Coal,40-49 years,0.3,1.0108068391595062
Philippines,Coal,50+ years,0.0,0.0
Philippines,Oil and gas,0-9 years,1.5584,5.250804593820582
Philippines,Oil and gas,10-19 years,1.2944,4.361294575360216
Philippines,Oil and gas,20-29 years,3.0623,10.317979278527185
Philippines,Oil and gas,30-39 years,0.5552,1.8706665236711928
Philippines,Oil and gas,40-49 years,0.0,0.0
Philippines,Oil and gas,50+ years,0.65,2.1900814848455967
Philippines,Utility-scale solar,0-9 years,2.5032699166666665,8.434407840096378
Philippines,Utility-scale solar,10-19 years,0.6272142777777777,2.1133082719875596
Philippines,Utility-scale solar,20-29 years,0.0,0.0
Philippines,Utility-scale solar,30-39 years,0.0,0.0
Philippines,Utility-scale solar,40-49 years,0.0,0.0
Philippines,Utility-scale solar,50+ years,0.0,0.0
Philippines,Wind,0-9 years,0.176,0.593006678973577
Philippines,Wind,10-19 years,0.313,1.0546084688564181
Philippines,Wind,20-29 years,0.033,0.11118875230754566
Philippines,Wind,30-39 years,0.0,0.0
Philippines,Wind,40-49 years,0.0,0.0
Philippines,Wind,50+ years,0.0,0.0
Philippines,Hydropower,0-9 years,0.045,0.1516210258739259
Philippines,Hydropower,10-19 years,0.0,0.0
Philippines,Hydropower,20-29 years,0.66,2.223775046150913
Philippines,Hydropower,30-39 years,0.08,0.2695484904425349
Philippines,Hydropower,40-49 years,1.938,6.52981218097041
Philippines,Hydropower,50+ years,0.771,2.5977735766399306
Philippines,Bioenergy,0-9 years,0.161,0.5424663370156015
Philippines,Bioenergy,10-19 years,0.199,0.6705018699758057
Philippines,Bioenergy,20-29 years,0.0,0.0
Philippines,Bioenergy,30-39 years,0.0,0.0
Philippines,Bioenergy,40-49 years,0.0064,0.021563879235402796
Philippines,Bioenergy,50+ years,0.0,0.0
Philippines,Geothermal,0-9 years,0.106,0.3571517498363588
Philippines,Geothermal,10-19 years,0.06,0.20216136783190122
Philippines,Geothermal,20-29 years,0.442,1.4892554096950057
Philippines,Geothermal,30-39 years,0.393,1.3241569592989528
Philippines,Geothermal,40-49 years,0.92,3.099807640089152
Philippines,Geothermal,50+ years,0.0,0.0
Poland,Coal,0-9 years,4.401,8.412880650197502
Poland,Coal,10-19 years,2.159,4.127109594132335
Poland,Coal,20-29 years,1.399,2.6743058463136347
Poland,Coal,30-39 years,2.7706,5.296234294350648
Poland,Coal,40-49 years,9.954,19.02790592866756
Poland,Coal,50+ years,6.578399999999999,12.57516338769808
Poland,Oil and gas,0-9 years,4.135,7.904399338460958
Poland,Oil and gas,10-19 years,0.2235,0.42723899689142053
Poland,Oil and gas,20-29 years,0.761,1.4547153316974097
Poland,Oil and gas,30-39 years,0.0,0.0
Poland,Oil and gas,40-49 years,0.04,0.07646335514835267
Poland,Oil and gas,50+ years,0.158,0.30203025283599305
Poland,Utility-scale solar,0-9 years,1.7568977837837838,3.3584574800203297
Poland,Utility-scale solar,10-19 years,0.0,0.0
Poland,Utility-scale solar,20-29 years,0.0,0.0
Poland,Utility-scale solar,30-39 years,0.0,0.0
Poland,Utility-scale solar,40-49 years,0.0,0.0
Poland,Utility-scale solar,50+ years,0.0,0.0
Poland,Wind,0-9 years,3.7805,7.226742853458681
Poland,Wind,10-19 years,4.312,8.242749684992418
Poland,Wind,20-29 years,0.152,0.2905607495637402
Poland,Wind,30-39 years,0.0,0.0
Poland,Wind,40-49 years,0.0,0.0
Poland,Wind,50+ years,0.0,0.0
Poland,Hydropower,0-9 years,0.0,0.0
Poland,Hydropower,10-19 years,0.0,0.0
Poland,Hydropower,20-29 years,0.092,0.17586571684121113
Poland,Hydropower,30-39 years,0.0,0.0
Poland,Hydropower,40-49 years,0.78,1.491035425392877
Poland,Hydropower,50+ years,1.229,2.349336586933136
Poland,Bioenergy,0-9 years,0.016,0.03058534205934107
Poland,Bioenergy,10-19 years,0.358,0.6843470285777564
Poland,Bioenergy,20-29 years,0.0,0.0
Poland,Bioenergy,30-39 years,0.0,0.0
Poland,Bioenergy,40-49 years,0.28,0.5352434860384687
Poland,Bioenergy,50+ years,0.1,0.19115838787088169
Portugal,Oil and gas,0-9 years,0.0,0.0
Portugal,Oil and gas,10-19 years,2.0145,9.536701406306355
Portugal,Oil and gas,20-29 years,2.373,11.233850800280456
Portugal,Oil and gas,30-39 years,0.0,0.0
Portugal,Oil and gas,40-49 years,0.161,0.7621786678656356
Portugal,Oil and gas,50+ years,0.0,0.0
Portugal,Utility-scale solar,0-9 years,2.8012450372670807,13.261175222791591
Portugal,Utility-scale solar,10-19 years,0.2789821801242236,1.3207097292256618
Portugal,Utility-scale solar,20-29 years,0.009396000000000002,0.04448093641779822
Portugal,Utility-scale solar,30-39 years,0.0,0.0
Portugal,Utility-scale solar,40-49 years,0.0,0.0
Portugal,Utility-scale solar,50+ years,0.0,0.0
Portugal,Wind,0-9 years,0.4669,2.210318136810343
Portugal,Wind,10-19 years,3.368,15.944209648269942
Portugal,Wind,20-29 years,1.2262,5.804866351160512
Portugal,Wind,30-39 years,0.01,0.04734028992954258
Portugal,Wind,40-49 years,0.0,0.0
Portugal,Wind,50+ years,0.0,0.0
Portugal,Hydropower,0-9 years,2.206,10.443267958457096
Portugal,Hydropower,10-19 years,0.969,4.587274094172677
Portugal,Hydropower,20-29 years,0.67,3.1717994252793527
Portugal,Hydropower,30-39 years,1.04,4.923390152672429
Portugal,Hydropower,40-49 years,0.639,3.025044526497771
Portugal,Hydropower,50+ years,2.259,10.694171495083669
Portugal,Bioenergy,0-9 years,0.0,0.0
Portugal,Bioenergy,10-19 years,0.08009999999999999,0.3791957223356361
Portugal,Bioenergy,20-29 years,0.2855,1.3515652774884408
Portugal,Bioenergy,30-39 years,0.09469,0.4482652053428387
Portugal,Bioenergy,40-49 years,0.0,0.0
Portugal,Bioenergy,50+ years,0.0,0.0
Portugal,Geothermal,0-9 years,0.0,0.0
Portugal,Geothermal,10-19 years,0.0,0.0
Portugal,Geothermal,20-29 years,0.009,0.04260626093658833
Portugal,Geothermal,30-39 years,0.005,0.02367014496477129
Portugal,Geothermal,40-49 years,0.0,0.0
Portugal,Geothermal,50+ years,0.0,0.0
Puerto Rico,Coal,0-9 years,0.0,0.0
Puerto Rico,Coal,10-19 years,0.0,0.0
Puerto Rico,Coal,20-29 years,0.51,8.79446810712007
Puerto Rico,Coal,30-39 years,0.0,0.0
Puerto Rico,Coal,40-49 years,0.0,0.0
Puerto Rico,Coal,50+ years,0.0,0.0
Puerto Rico,Oil and gas,0-9 years,0.15,2.5866082668000208
Puerto Rico,Oil and gas,10-19 years,0.66,11.38107637392009
Puerto Rico,Oil and gas,20-29 years,0.82,14.140125191840111
Puerto Rico,Oil and gas,30-39 years,0.0,0.0
Puerto Rico,Oil and gas,40-49 years,0.592,10.20848062630408
Puerto Rico,Oil and gas,50+ years,2.722,46.93831801486437
Puerto Rico,Utility-scale solar,0-9 years,0.020399999999999998,0.3517787242848028
Puerto Rico,Utility-scale solar,10-19 years,0.16369999999999998,2.8228518218344223
Puerto Rico,Utility-scale solar,20-29 years,0.0,0.0
Puerto Rico,Utility-scale solar,30-39 years,0.0,0.0
Puerto Rico,Utility-scale solar,40-49 years,0.0,0.0
Puerto Rico,Utility-scale solar,50+ years,0.0,0.0
Puerto Rico,Wind,0-9 years,0.026,0.44834543291200357
Puerto Rico,Wind,10-19 years,0.101,1.741649566312014
Puerto Rico,Wind,20-29 years,0.0,0.0
Puerto Rico,Wind,30-39 years,0.0,0.0
Puerto Rico,Wind,40-49 years,0.0,0.0
Puerto Rico,Wind,50+ years,0.0,0.0
Puerto Rico,Hydropower,0-9 years,0.0,0.0
Puerto Rico,Hydropower,10-19 years,0.0,0.0
Puerto Rico,Hydropower,20-29 years,0.0,0.0
Puerto Rico,Hydropower,30-39 years,0.0,0.0
Puerto Rico,Hydropower,40-49 years,0.0,0.0
Puerto Rico,Hydropower,50+ years,0.034,0.5862978738080047
Qatar,Oil and gas,0-9 years,2.52,17.870122502526282
Qatar,Oil and gas,10-19 years,7.881,55.886680731114936
Qatar,Oil and gas,20-29 years,1.1325,8.030918148456752
Qatar,Oil and gas,30-39 years,0.91,6.453099792578936
Qatar,Oil and gas,40-49 years,0.134,0.9502366727533816
Qatar,Oil and gas,50+ years,0.0,0.0
Qatar,Utility-scale solar,0-9 years,1.47425,10.454376229900545
Qatar,Utility-scale solar,10-19 years,0.0,0.0
Qatar,Utility-scale solar,20-29 years,0.0,0.0
Qatar,Utility-scale solar,30-39 years,0.0,0.0
Qatar,Utility-scale solar,40-49 years,0.0,0.0
Qatar,Utility-scale solar,50+ years,0.0,0.0
Qatar,Bioenergy,0-9 years,0.0,0.0
Qatar,Bioenergy,10-19 years,0.05,0.35456592266917225
Qatar,Bioenergy,20-29 years,0.0,0.0
Qatar,Bioenergy,30-39 years,0.0,0.0
Qatar,Bioenergy,40-49 years,0.0,0.0
Qatar,Bioenergy,50+ years,0.0,0.0
Republic of the Congo,Oil and gas,0-9 years,0.22,29.972752043596728
Republic of the Congo,Oil and gas,10-19 years,0.314,42.77929155313351
Republic of the Congo,Oil and gas,20-29 years,0.0,0.0
Republic of the Congo,Oil and gas,30-39 years,0.0,0.0
Republic of the Congo,Oil and gas,40-49 years,0.0,0.0
Republic of the Congo,Oil and gas,50+ years,0.0,0.0
Republic of the Congo,Hydropower,0-9 years,0.0,0.0
Republic of the Congo,Hydropower,10-19 years,0.12,16.348773841961854
Republic of the Congo,Hydropower,20-29 years,0.0,0.0
Republic of the Congo,Hydropower,30-39 years,0.0,0.0
Republic of the Congo,Hydropower,40-49 years,0.074,10.08174386920981
Republic of the Congo,Hydropower,50+ years,0.0,0.0
Romania,Coal,0-9 years,0.0,0.0
Romania,Coal,10-19 years,0.0,0.0
Romania,Coal,20-29 years,0.0,0.0
Romania,Coal,30-39 years,0.35,1.6912753675600436
Romania,Coal,40-49 years,1.37,6.620135010163598
Romania,Coal,50+ years,0.48,2.3194633612252025
Romania,Oil and gas,0-9 years,0.28,1.3530202940480347
Romania,Oil and gas,10-19 years,1.1787999999999998,5.696215437942227
Romania,Oil and gas,20-29 years,0.06,0.2899329201531503
Romania,Oil and gas,30-39 years,0.215,1.0389262972154554
Romania,Oil and gas,40-49 years,0.105,0.507382610268013
Romania,Oil and gas,50+ years,1.4,6.765101470240174
Romania,Utility-scale solar,0-9 years,3.0693962105263157,14.831983440415142
Romania,Utility-scale solar,10-19 years,0.3932457894736842,1.900248334667271
Romania,Utility-scale solar,20-29 years,0.0,0.0
Romania,Utility-scale solar,30-39 years,0.0,0.0
Romania,Utility-scale solar,40-49 years,0.0,0.0
Romania,Utility-scale solar,50+ years,0.0,0.0
Romania,Wind,0-9 years,0.247,1.193557187963802
Romania,Wind,10-19 years,4.626,22.35382814380789
Romania,Wind,20-29 years,0.0,0.0
Romania,Wind,30-39 years,0.0,0.0
Romania,Wind,40-49 years,0.0,0.0
Romania,Wind,50+ years,0.0,0.0
Romania,Hydropower,0-9 years,0.0,0.0
Romania,Hydropower,10-19 years,0.075,0.3624161501914379
Romania,Hydropower,20-29 years,0.085,0.4107383035502963
Romania,Hydropower,30-39 years,0.622,3.0056379389209917
Romania,Hydropower,40-49 years,1.838,8.881611787358171
Romania,Hydropower,50+ years,2.248,10.862820075071365
Romania,Nuclear,0-9 years,0.0,0.0
Romania,Nuclear,10-19 years,0.705,3.406711811799516
Romania,Nuclear,20-29 years,0.0,0.0
Romania,Nuclear,30-39 years,0.706,3.411544027135402
Romania,Nuclear,40-49 years,0.0,0.0
Romania,Nuclear,50+ years,0.0,0.0
Romania,Bioenergy,0-9 years,0.0,0.0
Romania,Bioenergy,10-19 years,0.03,0.14496646007657515
Romania,Bioenergy,20-29 years,0.0,0.0
Romania,Bioenergy,30-39 years,0.0,0.0
Romania,Bioenergy,40-49 years,0.0,0.0
Romania,Bioenergy,50+ years,0.0,0.0
Russia,Coal,0-9 years,0.861,0.35907188257910666
Russia,Coal,10-19 years,4.7264,1.9711002855074216
Russia,Coal,20-29 years,1.4639000000000002,0.6105056084872873
Russia,Coal,30-39 years,5.3208,2.218989167046354
Russia,Coal,40-49 years,9.3188,3.8863171421349354
Russia,Coal,50+ years,15.5871,6.500452196223919
Russia,Oil and gas,0-9 years,14.4705,6.034784758258958
Russia,Oil and gas,10-19 years,24.4165,10.182669710792982
Russia,Oil and gas,20-29 years,4.733,1.9738527529000138
Russia,Oil and gas,30-39 years,15.264,6.365706406141097
Russia,Oil and gas,40-49 years,24.094,10.04817414501858
Russia,Oil and gas,50+ years,31.75,13.241036320425827
Russia,Utility-scale solar,0-9 years,1.8842990987124462,0.7858290647117213
Russia,Utility-scale solar,10-19 years,0.05390450643776824,0.02248036307329503
Russia,Utility-scale solar,20-29 years,0.0,0.0
Russia,Utility-scale solar,30-39 years,0.0,0.0
Russia,Utility-scale solar,40-49 years,0.0,0.0
Russia,Utility-scale solar,50+ years,0.0,0.0
Russia,Wind,0-9 years,2.6052,1.0864739471487674
Russia,Wind,10-19 years,0.0,0.0
Russia,Wind,20-29 years,0.0,0.0
Russia,Wind,30-39 years,0.0,0.0
Russia,Wind,40-49 years,0.0,0.0
Russia,Wind,50+ years,0.0,0.0
Russia,Hydropower,0-9 years,0.346,0.14429601785408933
Russia,Hydropower,10-19 years,3.763,1.5693234542917287
Russia,Hydropower,20-29 years,3.539,1.475906379149197
Russia,Hydropower,30-39 years,2.23,0.9300003462850266
Russia,Hydropower,40-49 years,10.416,4.34389399412773
Russia,Hydropower,50+ years,32.007,13.34821573253132
Russia,Nuclear,0-9 years,7.092,2.9576513254948025
Russia,Nuclear,10-19 years,3.885,1.6202023970032862
Russia,Nuclear,20-29 years,2.041,0.8511796891335154
Russia,Nuclear,30-39 years,5.0,2.0852025701457997
Russia,Nuclear,40-49 years,10.48,4.370584587025596
Russia,Nuclear,50+ years,1.297,0.5409015466958205
Russia,Bioenergy,0-9 years,0.154,0.06422423916049062
Russia,Bioenergy,10-19 years,0.0,0.0
Russia,Bioenergy,20-29 years,0.0,0.0
Russia,Bioenergy,30-39 years,0.0,0.0
Russia,Bioenergy,40-49 years,0.0,0.0
Russia,Bioenergy,50+ years,0.0,0.0
Russia,Geothermal,0-9 years,0.0,0.0
Russia,Geothermal,10-19 years,0.0,0.0
Russia,Geothermal,20-29 years,0.062,0.025856511869807912
Russia,Geothermal,30-39 years,0.0,0.0
Russia,Geothermal,40-49 years,0.0,0.0
Russia,Geothermal,50+ years,0.012,0.005004486168349919
Rwanda,Utility-scale solar,0-9 years,0.013578805699481866,8.250640561991036
Rwanda,Utility-scale solar,10-19 years,0.0,0.0
Rwanda,Utility-scale solar,20-29 years,0.0,0.0
Rwanda,Utility-scale solar,30-39 years,0.0,0.0
Rwanda,Utility-scale solar,40-49 years,0.0,0.0
Rwanda,Utility-scale solar,50+ years,0.0,0.0
Rwanda,Hydropower,0-9 years,0.04,24.304466076293767
Rwanda,Hydropower,10-19 years,0.0,0.0
Rwanda,Hydropower,20-29 years,0.0,0.0
Rwanda,Hydropower,30-39 years,0.04,24.304466076293767
Rwanda,Hydropower,40-49 years,0.0,0.0
Rwanda,Hydropower,50+ years,0.015,9.114174778610163
Réunion,Oil and gas,0-9 years,0.0,0.0
Réunion,Oil and gas,10-19 years,0.2196,21.182802535934737
Réunion,Oil and gas,20-29 years,0.0,0.0
Réunion,Oil and gas,30-39 years,0.0,0.0
Réunion,Oil and gas,40-49 years,0.0,0.0
Réunion,Oil and gas,50+ years,0.0,0.0
Réunion,Utility-scale solar,0-9 years,0.09193299999999999,8.867935271111513
Réunion,Utility-scale solar,10-19 years,0.030225000000000002,2.915529174174078
Réunion,Utility-scale solar,20-29 years,0.0,0.0
Réunion,Utility-scale solar,30-39 years,0.0,0.0
Réunion,Utility-scale solar,40-49 years,0.0,0.0
Réunion,Utility-scale solar,50+ years,0.0,0.0
Réunion,Wind,0-9 years,0.0198,1.909924818813788
Réunion,Wind,10-19 years,0.0,0.0
Réunion,Wind,20-29 years,0.0,0.0
Réunion,Wind,30-39 years,0.0,0.0
Réunion,Wind,40-49 years,0.0,0.0
Réunion,Wind,50+ years,0.0,0.0
Réunion,Bioenergy,0-9 years,0.4633,44.69031154325394
Réunion,Bioenergy,10-19 years,0.0,0.0
Réunion,Bioenergy,20-29 years,0.0,0.0
Réunion,Bioenergy,30-39 years,0.122,11.768223631074855
Réunion,Bioenergy,40-49 years,0.0,0.0
Réunion,Bioenergy,50+ years,0.0,0.0
Saint Vincent and the Grenadines,Utility-scale solar,0-9 years,0.0012,100.0
Saint Vincent and the Grenadines,Utility-scale solar,10-19 years,0.0,0.0
Saint Vincent and the Grenadines,Utility-scale solar,20-29 years,0.0,0.0
Saint Vincent and the Grenadines,Utility-scale solar,30-39 years,0.0,0.0
Saint Vincent and the Grenadines,Utility-scale solar,40-49 years,0.0,0.0
Saint Vincent and the Grenadines,Utility-scale solar,50+ years,0.0,0.0
Samoa,Utility-scale solar,0-9 years,0.0018724904214559386,23.985598432632035
Samoa,Utility-scale solar,10-19 years,0.00593423754789272,76.01440156736797
Samoa,Utility-scale solar,20-29 years,0.0,0.0
Samoa,Utility-scale solar,30-39 years,0.0,0.0
Samoa,Utility-scale solar,40-49 years,0.0,0.0
Samoa,Utility-scale solar,50+ years,0.0,0.0
Saudi Arabia,Oil and gas,0-9 years,24.6361,22.47483743824697
Saudi Arabia,Oil and gas,10-19 years,44.0442,40.180314055294346
Saudi Arabia,Oil and gas,20-29 years,11.9367,10.889523587301667
Saudi Arabia,Oil and gas,30-39 years,4.5451999999999995,4.1464611332280725
Saudi Arabia,Oil and gas,40-49 years,10.9428,9.982815913202533
Saudi Arabia,Oil and gas,50+ years,0.3765,0.34347061001944235
Saudi Arabia,Utility-scale solar,0-9 years,11.349872857142856,10.354177301157948
Saudi Arabia,Utility-scale solar,10-19 years,0.009192857142857143,0.008386391104060373
Saudi Arabia,Utility-scale solar,20-29 years,0.0,0.0
Saudi Arabia,Utility-scale solar,30-39 years,0.0,0.0
Saudi Arabia,Utility-scale solar,40-49 years,0.0,0.0
Saudi Arabia,Utility-scale solar,50+ years,0.0,0.0
Saudi Arabia,Wind,0-9 years,0.4,0.36490901462888964
Saudi Arabia,Wind,10-19 years,0.0,0.0
Saudi Arabia,Wind,20-29 years,0.0,0.0
Saudi Arabia,Wind,30-39 years,0.0,0.0
Saudi Arabia,Wind,40-49 years,0.0,0.0
Saudi Arabia,Wind,50+ years,0.0,0.0
Senegal,Coal,0-9 years,0.125,9.127689336511194
Senegal,Coal,10-19 years,0.03,2.1906454407626863
Senegal,Coal,20-29 years,0.0,0.0
Senegal,Coal,30-39 years,0.0,0.0
Senegal,Coal,40-49 years,0.0,0.0
Senegal,Coal,50+ years,0.0,0.0
Senegal,Oil and gas,0-9 years,0.445,32.49457403797985
Senegal,Oil and gas,10-19 years,0.2685,19.606276694826043
Senegal,Oil and gas,20-29 years,0.0,0.0
Senegal,Oil and gas,30-39 years,0.0,0.0
Senegal,Oil and gas,40-49 years,0.0,0.0
Senegal,Oil and gas,50+ years,0.0,0.0
Senegal,Utility-scale solar,0-9 years,0.2164194041450777,15.80327269943306
Senegal,Utility-scale solar,10-19 years,0.036539999999999996,2.668206146848952
Senegal,Utility-scale solar,20-29 years,0.0,0.0
Senegal,Utility-scale solar,30-39 years,0.0,0.0
Senegal,Utility-scale solar,40-49 years,0.0,0.0
Senegal,Utility-scale solar,50+ years,0.0,0.0
Senegal,Wind,0-9 years,0.158,11.537399321350149
Senegal,Wind,10-19 years,0.0,0.0
Senegal,Wind,20-29 years,0.0,0.0
Senegal,Wind,30-39 years,0.0,0.0
Senegal,Wind,40-49 years,0.0,0.0
Senegal,Wind,50+ years,0.0,0.0
Serbia,Coal,0-9 years,0.35,3.7986300154664128
Serbia,Coal,10-19 years,0.0,0.0
Serbia,Coal,20-29 years,0.0,0.0
Serbia,Coal,30-39 years,0.7,7.5972600309328255
Serbia,Coal,40-49 years,2.637,28.619963859385518
Serbia,Coal,50+ years,1.098,11.916845019948918
Serbia,Oil and gas,0-9 years,0.189,2.051260208351863
Serbia,Oil and gas,10-19 years,0.0,0.0
Serbia,Oil and gas,20-29 years,0.0,0.0
Serbia,Oil and gas,30-39 years,0.12,1.3023874338741988
Serbia,Oil and gas,40-49 years,0.285,3.0931701554512214
Serbia,Oil and gas,50+ years,0.0,0.0
Serbia,Utility-scale solar,0-9 years,0.1965481130025353,2.1331816043849
Serbia,Utility-scale solar,10-19 years,0.0,0.0
Serbia,Utility-scale solar,20-29 years,0.0,0.0
Serbia,Utility-scale solar,30-39 years,0.0,0.0
Serbia,Utility-scale solar,40-49 years,0.0,0.0
Serbia,Utility-scale solar,50+ years,0.0,0.0
Serbia,Wind,0-9 years,0.5741,6.230838548226479
Serbia,Wind,10-19 years,0.02,0.21706457231236645
Serbia,Wind,20-29 years,0.0,0.0
Serbia,Wind,30-39 years,0.0,0.0
Serbia,Wind,40-49 years,0.0,0.0
Serbia,Wind,50+ years,0.0,0.0
Serbia,Hydropower,0-9 years,0.0,0.0
Serbia,Hydropower,10-19 years,0.0,0.0
Serbia,Hydropower,20-29 years,0.0,0.0
Serbia,Hydropower,30-39 years,0.08,0.8682582892494658
Serbia,Hydropower,40-49 years,0.92,9.984970326368856
Serbia,Hydropower,50+ years,1.997,21.67389754538979
Serbia,Bioenergy,0-9 years,0.037200000000000004,0.4037401045010016
Serbia,Bioenergy,10-19 years,0.0,0.0
Serbia,Bioenergy,20-29 years,0.0,0.0
Serbia,Bioenergy,30-39 years,0.0,0.0
Serbia,Bioenergy,40-49 years,0.0,0.0
Serbia,Bioenergy,50+ years,0.0,0.0
Seychelles,Oil and gas,0-9 years,0.0,0.0
Seychelles,Oil and gas,10-19 years,0.058,89.54071786954843
Seychelles,Oil and gas,20-29 years,0.0,0.0
Seychelles,Oil and gas,30-39 years,0.0,0.0
Seychelles,Oil and gas,40-49 years,0.0,0.0
Seychelles,Oil and gas,50+ years,0.0,0.0
Seychelles,Utility-scale solar,0-9 years,0.006775,10.45928213045156
Seychelles,Utility-scale solar,10-19 years,0.0,0.0
Seychelles,Utility-scale solar,20-29 years,0.0,0.0
Seychelles,Utility-scale solar,30-39 years,0.0,0.0
Seychelles,Utility-scale solar,40-49 years,0.0,0.0
Seychelles,Utility-scale solar,50+ years,0.0,0.0
Sierra Leone,Oil and gas,0-9 years,0.162,63.66673216741992
Sierra Leone,Oil and gas,10-19 years,0.0,0.0
Sierra Leone,Oil and gas,20-29 years,0.0,0.0
Sierra Leone,Oil and gas,30-39 years,0.0,0.0
Sierra Leone,Oil and gas,40-49 years,0.0,0.0
Sierra Leone,Oil and gas,50+ years,0.0,0.0
Sierra Leone,Utility-scale solar,0-9 years,0.01045,4.106897229318137
Sierra Leone,Utility-scale solar,10-19 years,0.0,0.0
Sierra Leone,Utility-scale solar,20-29 years,0.0,0.0
Sierra Leone,Utility-scale solar,30-39 years,0.0,0.0
Sierra Leone,Utility-scale solar,40-49 years,0.0,0.0
Sierra Leone,Utility-scale solar,50+ years,0.0,0.0
Sierra Leone,Hydropower,0-9 years,0.0,0.0
Sierra Leone,Hydropower,10-19 years,0.05,19.650225977598744
Sierra Leone,Hydropower,20-29 years,0.0,0.0
Sierra Leone,Hydropower,30-39 years,0.0,0.0
Sierra Leone,Hydropower,40-49 years,0.0,0.0
Sierra Leone,Hydropower,50+ years,0.0,0.0
Sierra Leone,Bioenergy,0-9 years,0.0,0.0
Sierra Leone,Bioenergy,10-19 years,0.032,12.576144625663197
Sierra Leone,Bioenergy,20-29 years,0.0,0.0
Sierra Leone,Bioenergy,30-39 years,0.0,0.0
Sierra Leone,Bioenergy,40-49 years,0.0,0.0
Sierra Leone,Bioenergy,50+ years,0.0,0.0
Singapore,Oil and gas,0-9 years,1.466,9.168811580671845
Singapore,Oil and gas,10-19 years,5.373,33.60438241674613
Singapore,Oil and gas,20-29 years,4.707,29.439015082007074
Singapore,Oil and gas,30-39 years,3.1,19.388346452989573
Singapore,Oil and gas,40-49 years,0.0,0.0
Singapore,Oil and gas,50+ years,0.0,0.0
Singapore,Utility-scale solar,0-9 years,0.18044200000000002,1.1285393582807566
Singapore,Utility-scale solar,10-19 years,0.04454400000000001,0.278591775613538
Singapore,Utility-scale solar,20-29 years,0.0,0.0
Singapore,Utility-scale solar,30-39 years,0.0,0.0
Singapore,Utility-scale solar,40-49 years,0.0,0.0
Singapore,Utility-scale solar,50+ years,0.0,0.0
Singapore,Bioenergy,0-9 years,0.12,0.7505166368899191
Singapore,Bioenergy,10-19 years,0.182,1.1382835659497106
Singapore,Bioenergy,20-29 years,0.08,0.5003444245932793
Singapore,Bioenergy,30-39 years,0.056,0.35024109721529556
Singapore,Bioenergy,40-49 years,0.0,0.0
Singapore,Bioenergy,50+ years,0.0,0.0
Slovakia,Coal,0-9 years,0.0,0.0
Slovakia,Coal,10-19 years,0.208,3.0418918227220546
Slovakia,Coal,20-29 years,0.0,0.0
Slovakia,Coal,30-39 years,0.0,0.0
Slovakia,Coal,40-49 years,0.0,0.0
Slovakia,Coal,50+ years,0.0,0.0
Slovakia,Oil and gas,0-9 years,0.06509999999999999,0.9520536425923352
Slovakia,Oil and gas,10-19 years,0.6899,10.089428694692044
Slovakia,Oil and gas,20-29 years,0.218,3.188136621891384
Slovakia,Oil and gas,30-39 years,0.0,0.0
Slovakia,Oil and gas,40-49 years,0.0,0.0
Slovakia,Oil and gas,50+ years,0.103,1.5063214314440942
Slovakia,Utility-scale solar,0-9 years,0.8641,12.637013096221766
Slovakia,Utility-scale solar,10-19 years,0.0,0.0
Slovakia,Utility-scale solar,20-29 years,0.0,0.0
Slovakia,Utility-scale solar,30-39 years,0.0,0.0
Slovakia,Utility-scale solar,40-49 years,0.0,0.0
Slovakia,Utility-scale solar,50+ years,0.0,0.0
Slovakia,Hydropower,0-9 years,0.0,0.0
Slovakia,Hydropower,10-19 years,0.0,0.0
Slovakia,Hydropower,20-29 years,0.072,1.0529625540191727
Slovakia,Hydropower,30-39 years,0.72,10.529625540191727
Slovakia,Hydropower,40-49 years,0.779,11.392469855290772
Slovakia,Hydropower,50+ years,0.518,7.5754805969712695
Slovakia,Nuclear,0-9 years,0.471,6.888130040875421
Slovakia,Nuclear,10-19 years,0.0,0.0
Slovakia,Nuclear,20-29 years,1.0,14.624479916932954
Slovakia,Nuclear,30-39 years,0.0,0.0
Slovakia,Nuclear,40-49 years,1.0,14.624479916932954
Slovakia,Nuclear,50+ years,0.0,0.0
Slovenia,Coal,0-9 years,0.0,0.0
Slovenia,Coal,10-19 years,0.6,19.053246574603165
Slovenia,Coal,20-29 years,0.0,0.0
Slovenia,Coal,30-39 years,0.0,0.0
Slovenia,Coal,40-49 years,0.05,1.5877705478835973
Slovenia,Coal,50+ years,0.074,2.349900410867724
Slovenia,Oil and gas,0-9 years,0.223,7.081456643560843
Slovenia,Oil and gas,10-19 years,0.084,2.6674545204444433
Slovenia,Oil and gas,20-29 years,0.228,7.240233698349203
Slovenia,Oil and gas,30-39 years,0.0,0.0
Slovenia,Oil and gas,40-49 years,0.0,0.0
Slovenia,Oil and gas,50+ years,0.0,0.0
Slovenia,Utility-scale solar,0-9 years,0.09306962260050707,2.9554641133545343
Slovenia,Utility-scale solar,10-19 years,0.0,0.0
Slovenia,Utility-scale solar,20-29 years,0.0,0.0
Slovenia,Utility-scale solar,30-39 years,0.0,0.0
Slovenia,Utility-scale solar,40-49 years,0.0,0.0
Slovenia,Utility-scale solar,50+ years,0.0,0.0
Slovenia,Hydropower,0-9 years,0.0,0.0
Slovenia,Hydropower,10-19 years,0.303,9.6218895201746
Slovenia,Hydropower,20-29 years,0.073,2.3181449999100523
Slovenia,Hydropower,30-39 years,0.081,2.5721882875714277
Slovenia,Hydropower,40-49 years,0.148,4.699800821735448
Slovenia,Hydropower,50+ years,0.465,14.766266095317453
Slovenia,Nuclear,0-9 years,0.0,0.0
Slovenia,Nuclear,10-19 years,0.0,0.0
Slovenia,Nuclear,20-29 years,0.0,0.0
Slovenia,Nuclear,30-39 years,0.0,0.0
Slovenia,Nuclear,40-49 years,0.727,23.086183766227506
Slovenia,Nuclear,50+ years,0.0,0.0
Solomon Islands,Utility-scale solar,0-9 years,0.0018724904214559386,68.2770086198466
Solomon Islands,Utility-scale solar,10-19 years,0.00087,31.7229913801534
Solomon Islands,Utility-scale solar,20-29 years,0.0,0.0
Solomon Islands,Utility-scale solar,30-39 years,0.0,0.0
Solomon Islands,Utility-scale solar,40-49 years,0.0,0.0
Solomon Islands,Utility-scale solar,50+ years,0.0,0.0
Somalia,Utility-scale solar,0-9 years,0.06256,49.04358733145187
Somalia,Utility-scale solar,10-19 years,0.0,0.0
Somalia,Utility-scale solar,20-29 years,0.0,0.0
Somalia,Utility-scale solar,30-39 years,0.0,0.0
Somalia,Utility-scale solar,40-49 years,0.0,0.0
Somalia,Utility-scale solar,50+ years,0.0,0.0
South Africa,Coal,0-9 years,8.774,13.753374472471705
South Africa,Coal,10-19 years,0.7948,1.2458607283702428
South Africa,Coal,20-29 years,3.478,5.4518163226870975
South Africa,Coal,30-39 years,13.07,20.487417865877045
South Africa,Coal,40-49 years,11.9353,18.708758871813487
South Africa,Coal,50+ years,6.972,10.928712881476264
South Africa,Oil and gas,0-9 years,0.0,0.0
South Africa,Oil and gas,10-19 years,3.3633,5.272022380130395
South Africa,Oil and gas,20-29 years,0.0,0.0
South Africa,Oil and gas,30-39 years,0.0,0.0
South Africa,Oil and gas,40-49 years,0.0,0.0
South Africa,Oil and gas,50+ years,0.342,0.53609004668171
South Africa,Utility-scale solar,0-9 years,3.3824849074074073,5.3020950055912754
South Africa,Utility-scale solar,10-19 years,1.5849677962962962,2.4844604090803757
South Africa,Utility-scale solar,20-29 years,0.0,0.0
South Africa,Utility-scale solar,30-39 years,0.0,0.0
South Africa,Utility-scale solar,40-49 years,0.0,0.0
South Africa,Utility-scale solar,50+ years,0.0,0.0
South Africa,Wind,0-9 years,2.746,4.304395521017472
South Africa,Wind,10-19 years,1.517,2.377919885427351
South Africa,Wind,20-29 years,0.0,0.0
South Africa,Wind,30-39 years,0.0,0.0
South Africa,Wind,40-49 years,0.0,0.0
South Africa,Wind,50+ years,0.0,0.0
South Africa,Hydropower,0-9 years,0.0,0.0
South Africa,Hydropower,10-19 years,1.332,2.0879296554971862
South Africa,Hydropower,20-29 years,0.0,0.0
South Africa,Hydropower,30-39 years,0.4,0.6270059025517075
South Africa,Hydropower,40-49 years,1.202,1.8841527371678812
South Africa,Hydropower,50+ years,0.6,0.9405088538275614
South Africa,Nuclear,0-9 years,0.0,0.0
South Africa,Nuclear,10-19 years,0.0,0.0
South Africa,Nuclear,20-29 years,0.0,0.0
South Africa,Nuclear,30-39 years,0.0,0.0
South Africa,Nuclear,40-49 years,1.94,3.0409786273757815
South Africa,Nuclear,50+ years,0.0,0.0
South Africa,Bioenergy,0-9 years,0.025,0.03918786890948172
South Africa,Bioenergy,10-19 years,0.0505,0.07915949519715307
South Africa,Bioenergy,20-29 years,0.0,0.0
South Africa,Bioenergy,30-39 years,0.02,0.03135029512758538
South Africa,Bioenergy,40-49 years,0.032,0.05016047220413661
South Africa,Bioenergy,50+ years,0.022,0.034485324640343915
South Korea,Coal,0-9 years,12.809,9.03193513294528
South Korea,Coal,10-19 years,13.979,9.856930378908741
South Korea,Coal,20-29 years,11.0,7.756365560340236
South Korea,Coal,30-39 years,3.767,2.656202642345606
South Korea,Coal,40-49 years,0.06,0.04230744851094674
South Korea,Coal,50+ years,0.13,0.0916661384403846
South Korea,Oil and gas,0-9 years,15.644200000000001,11.031103099915885
South Korea,Oil and gas,10-19 years,20.588900000000002,14.517730444117191
South Korea,Oil and gas,20-29 years,10.732299999999999,7.567603827567228
South Korea,Oil and gas,30-39 years,4.054,2.858573271056301
South Korea,Oil and gas,40-49 years,1.4,0.9871737985887573
South Korea,Oil and gas,50+ years,0.0,0.0
South Korea,Utility-scale solar,0-9 years,10.930976520526723,7.7076954386092025
South Korea,Utility-scale solar,10-19 years,0.08410499999999999,0.059304465950219584
South Korea,Utility-scale solar,20-29 years,0.0,0.0
South Korea,Utility-scale solar,30-39 years,0.0,0.0
South Korea,Utility-scale solar,40-49 years,0.0,0.0
South Korea,Utility-scale solar,50+ years,0.0,0.0
South Korea,Wind,0-9 years,0.8992,0.6340476283507219
South Korea,Wind,10-19 years,0.612,0.43153597481165673
South Korea,Wind,20-29 years,0.138,0.09730713157517751
South Korea,Wind,30-39 years,0.0,0.0
South Korea,Wind,40-49 years,0.0,0.0
South Korea,Wind,50+ years,0.0,0.0
South Korea,Hydropower,0-9 years,0.0,0.0
South Korea,Hydropower,10-19 years,0.8,0.5640993134792899
South Korea,Hydropower,20-29 years,2.3,1.6217855262529586
South Korea,Hydropower,30-39 years,0.75,0.5288431063868343
South Korea,Hydropower,40-49 years,1.502,1.0590964610573668
South Korea,Hydropower,50+ years,0.803,0.5662146859048373
South Korea,Nuclear,0-9 years,4.346,3.064469520476242
South Korea,Nuclear,10-19 years,5.679,4.004400001561109
South Korea,Nuclear,20-29 years,8.117,5.723492659389245
South Korea,Nuclear,30-39 years,5.131,3.6179919718277955
South Korea,Nuclear,40-49 years,3.798,2.6780614907429285
South Korea,Nuclear,50+ years,0.0,0.0
South Korea,Bioenergy,0-9 years,0.9762000000000001,0.6883421872731035
South Korea,Bioenergy,10-19 years,0.5378,0.3792157634864526
South Korea,Bioenergy,20-29 years,0.04,0.028204965673964497
South Korea,Bioenergy,30-39 years,0.059,0.041602324369097624
South Korea,Bioenergy,40-49 years,0.0,0.0
South Korea,Bioenergy,50+ years,0.0,0.0
South Sudan,Oil and gas,0-9 years,0.0,0.0
South Sudan,Oil and gas,10-19 years,0.085,66.78537813429215
South Sudan,Oil and gas,20-29 years,0.0,0.0
South Sudan,Oil and gas,30-39 years,0.0,0.0
South Sudan,Oil and gas,40-49 years,0.0,0.0
South Sudan,Oil and gas,50+ years,0.0,0.0
South Sudan,Utility-scale solar,0-9 years,0.042273367875647665,33.214621865707855
South Sudan,Utility-scale solar,10-19 years,0.0,0.0
South Sudan,Utility-scale solar,20-29 years,0.0,0.0
South Sudan,Utility-scale solar,30-39 years,0.0,0.0
South Sudan,Utility-scale solar,40-49 years,0.0,0.0
South Sudan,Utility-scale solar,50+ years,0.0,0.0
Spain,Coal,0-9 years,0.0,0.0
Spain,Coal,10-19 years,0.0,0.0
Spain,Coal,20-29 years,0.26,0.21546353036696553
Spain,Coal,30-39 years,0.0,0.0
Spain,Coal,40-49 years,0.0,0.0
Spain,Coal,50+ years,0.0,0.0
Spain,Oil and gas,0-9 years,0.517,0.4284409430758506
Spain,Oil and gas,10-19 years,9.550600000000001,7.914638435087465
Spain,Oil and gas,20-29 years,19.073400000000003,15.806238846543385
Spain,Oil and gas,30-39 years,1.678,1.3905684767529543
Spain,Oil and gas,40-49 years,0.131,0.10856047106950954
Spain,Oil and gas,50+ years,0.069,0.05718070613584854
Spain,Utility-scale solar,0-9 years,27.097148241084167,22.455566241926938
Spain,Utility-scale solar,10-19 years,3.2741274564907275,2.71328869479579
Spain,Utility-scale solar,20-29 years,0.015138,0.012544949702673553
Spain,Utility-scale solar,30-39 years,0.0,0.0
Spain,Utility-scale solar,40-49 years,0.005,0.004143529430133952
Spain,Utility-scale solar,50+ years,0.0,0.0
Spain,Wind,0-9 years,7.0015,5.802184261016572
Spain,Wind,10-19 years,9.033,7.485700268479997
Spain,Wind,20-29 years,10.7674,8.923007757204863
Spain,Wind,30-39 years,0.139,0.11519011815772386
Spain,Wind,40-49 years,0.0,0.0
Spain,Wind,50+ years,0.0,0.0
Spain,Hydropower,0-9 years,0.0,0.0
Spain,Hydropower,10-19 years,1.104,0.9148912981735766
Spain,Hydropower,20-29 years,0.224,0.18563011847000105
Spain,Hydropower,30-39 years,1.325,1.0980352989854973
Spain,Hydropower,40-49 years,3.218,2.666775541234211
Spain,Hydropower,50+ years,10.464,8.671578391384333
Spain,Nuclear,0-9 years,0.0,0.0
Spain,Nuclear,10-19 years,0.0,0.0
Spain,Nuclear,20-29 years,0.0,0.0
Spain,Nuclear,30-39 years,2.153,1.7842037726156796
Spain,Nuclear,40-49 years,5.255,4.354849431070783
Spain,Nuclear,50+ years,0.0,0.0
Spain,Bioenergy,0-9 years,0.2965,0.24571129520694332
Spain,Bioenergy,10-19 years,0.30675,0.25420553053871797
Spain,Bioenergy,20-29 years,0.1641,0.1359906358969963
Spain,Bioenergy,30-39 years,0.0,0.0
Spain,Bioenergy,40-49 years,0.0,0.0
Spain,Bioenergy,50+ years,0.0,0.0
Sri Lanka,Coal,0-9 years,0.0,0.0
Sri Lanka,Coal,10-19 years,0.9,21.858570006767465
Sri Lanka,Coal,20-29 years,0.0,0.0
Sri Lanka,Coal,30-39 years,0.0,0.0
Sri Lanka,Coal,40-49 years,0.0,0.0
Sri Lanka,Coal,50+ years,0.0,0.0
Sri Lanka,Oil and gas,0-9 years,0.813,19.745574906113276
Sri Lanka,Oil and gas,10-19 years,0.0624,1.515527520469211
Sri Lanka,Oil and gas,20-29 years,0.35,8.500555002631794
Sri Lanka,Oil and gas,30-39 years,0.0,0.0
Sri Lanka,Oil and gas,40-49 years,0.08,1.9429840006015526
Sri Lanka,Oil and gas,50+ years,0.0,0.0
Sri Lanka,Utility-scale solar,0-9 years,0.030799999999999998,0.7480488402315977
Sri Lanka,Utility-scale solar,10-19 years,0.0087,0.21129951006541883
Sri Lanka,Utility-scale solar,20-29 years,0.0,0.0
Sri Lanka,Utility-scale solar,30-39 years,0.0,0.0
Sri Lanka,Utility-scale solar,40-49 years,0.0,0.0
Sri Lanka,Utility-scale solar,50+ years,0.0,0.0
Sri Lanka,Wind,0-9 years,0.115,2.7930395008647317
Sri Lanka,Wind,10-19 years,0.11,2.671603000827135
Sri Lanka,Wind,20-29 years,0.0,0.0
Sri Lanka,Wind,30-39 years,0.0,0.0
Sri Lanka,Wind,40-49 years,0.0,0.0
Sri Lanka,Wind,50+ years,0.0,0.0
Sri Lanka,Hydropower,0-9 years,0.155,3.7645315011655085
Sri Lanka,Hydropower,10-19 years,0.15,3.6430950011279113
Sri Lanka,Hydropower,20-29 years,0.07,1.7001110005263584
Sri Lanka,Hydropower,30-39 years,0.172,4.1774156012933386
Sri Lanka,Hydropower,40-49 years,0.633,15.373860904759784
Sri Lanka,Hydropower,50+ years,0.315,7.650499502368614
Sri Lanka,Bioenergy,0-9 years,0.03,0.7286190002255822
Sri Lanka,Bioenergy,10-19 years,0.0,0.0
Sri Lanka,Bioenergy,20-29 years,0.0,0.0
Sri Lanka,Bioenergy,30-39 years,0.0,0.0
Sri Lanka,Bioenergy,40-49 years,0.0,0.0
Sri Lanka,Bioenergy,50+ years,0.0,0.0
Sudan,Oil and gas,0-9 years,0.524,15.064511109537898
Sudan,Oil and gas,10-19 years,0.8669,24.922566184844282
Sudan,Oil and gas,20-29 years,0.0,0.0
Sudan,Oil and gas,30-39 years,0.0,0.0
Sudan,Oil and gas,40-49 years,0.0,0.0
Sudan,Oil and gas,50+ years,0.0,0.0
Sudan,Utility-scale solar,0-9 years,0.06167375,1.7730627710722573
Sudan,Utility-scale solar,10-19 years,0.0,0.0
Sudan,Utility-scale solar,20-29 years,0.0,0.0
Sudan,Utility-scale solar,30-39 years,0.0,0.0
Sudan,Utility-scale solar,40-49 years,0.0,0.0
Sudan,Utility-scale solar,50+ years,0.0,0.0
Sudan,Hydropower,0-9 years,0.32,9.199701440939174
Sudan,Hydropower,10-19 years,1.25,35.93633375366865
Sudan,Hydropower,20-29 years,0.0,0.0
Sudan,Hydropower,30-39 years,0.0,0.0
Sudan,Hydropower,40-49 years,0.0,0.0
Sudan,Hydropower,50+ years,0.28,8.049738760821777
Sudan,Bioenergy,0-9 years,0.0,0.0
Sudan,Bioenergy,10-19 years,0.062,1.7824421541819648
Sudan,Bioenergy,20-29 years,0.0,0.0
Sudan,Bioenergy,30-39 years,0.0,0.0
Sudan,Bioenergy,40-49 years,0.0,0.0
Sudan,Bioenergy,50+ years,0.018,0.5174832060528285
Suriname,Oil and gas,0-9 years,0.0,0.0
Suriname,Oil and gas,10-19 years,0.063,25.12953677887204
Suriname,Oil and gas,20-29 years,0.0,0.0
Suriname,Oil and gas,30-39 years,0.0,0.0
Suriname,Oil and gas,40-49 years,0.0,0.0
Suriname,Oil and gas,50+ years,0.0,0.0
Suriname,Utility-scale solar,0-9 years,0.007701,3.071786710064978
Suriname,Utility-scale solar,10-19 years,0.0,0.0
Suriname,Utility-scale solar,20-29 years,0.0,0.0
Suriname,Utility-scale solar,30-39 years,0.0,0.0
Suriname,Utility-scale solar,40-49 years,0.0,0.0
Suriname,Utility-scale solar,50+ years,0.0,0.0
Suriname,Hydropower,0-9 years,0.0,0.0
Suriname,Hydropower,10-19 years,0.0,0.0
Suriname,Hydropower,20-29 years,0.0,0.0
Suriname,Hydropower,30-39 years,0.0,0.0
Suriname,Hydropower,40-49 years,0.0,0.0
Suriname,Hydropower,50+ years,0.18,71.798676511063
Sweden,Oil and gas,0-9 years,0.0,0.0
Sweden,Oil and gas,10-19 years,0.0,0.0
Sweden,Oil and gas,20-29 years,0.25,0.5665157853845136
Sweden,Oil and gas,30-39 years,0.2,0.45321262830761094
Sweden,Oil and gas,40-49 years,0.126,0.2855239558337949
Sweden,Oil and gas,50+ years,1.196,2.7102115172795136
Sweden,Utility-scale solar,0-9 years,0.572808,1.2980190959781301
Sweden,Utility-scale solar,10-19 years,0.004089000000000001,0.009265932185749106
Sweden,Utility-scale solar,20-29 years,0.0,0.0
Sweden,Utility-scale solar,30-39 years,0.0,0.0
Sweden,Utility-scale solar,40-49 years,0.0,0.0
Sweden,Utility-scale solar,50+ years,0.0,0.0
Sweden,Wind,0-9 years,11.7958,26.730027604954582
Sweden,Wind,10-19 years,4.634399999999999,10.50184302314396
Sweden,Wind,20-29 years,0.047,0.10650496765228856
Sweden,Wind,30-39 years,0.0,0.0
Sweden,Wind,40-49 years,0.0,0.0
Sweden,Wind,50+ years,0.0,0.0
Sweden,Hydropower,0-9 years,0.0,0.0
Sweden,Hydropower,10-19 years,0.085,0.19261536703073465
Sweden,Hydropower,20-29 years,0.0,0.0
Sweden,Hydropower,30-39 years,0.125,0.2832578926922568
Sweden,Hydropower,40-49 years,0.416,0.9426822668798308
Sweden,Hydropower,50+ years,13.216,29.948290478566932
Sweden,Nuclear,0-9 years,0.0,0.0
Sweden,Nuclear,10-19 years,0.0,0.0
Sweden,Nuclear,20-29 years,0.0,0.0
Sweden,Nuclear,30-39 years,0.0,0.0
Sweden,Nuclear,40-49 years,7.184,16.279397608809383
Sweden,Nuclear,50+ years,0.0,0.0
Sweden,Bioenergy,0-9 years,0.23,0.5211945225537526
Sweden,Bioenergy,10-19 years,0.8917999999999999,2.020875109623637
Sweden,Bioenergy,20-29 years,0.586,1.3279130009413
Sweden,Bioenergy,30-39 years,0.2953,0.6691684456961876
Sweden,Bioenergy,40-49 years,0.558,1.2644632329782346
Sweden,Bioenergy,50+ years,0.7626000000000001,1.7280997517369205
Switzerland,Oil and gas,0-9 years,0.0,0.0
Switzerland,Oil and gas,10-19 years,0.055,0.3039829561402816
Switzerland,Oil and gas,20-29 years,0.0,0.0
Switzerland,Oil and gas,30-39 years,0.0,0.0
Switzerland,Oil and gas,40-49 years,0.0,0.0
Switzerland,Oil and gas,50+ years,0.0,0.0
Switzerland,Utility-scale solar,0-9 years,0.005848787723785166,0.032326032402058245
Switzerland,Utility-scale solar,10-19 years,0.07927087212276215,0.438127164430827
Switzerland,Utility-scale solar,20-29 years,0.0,0.0
Switzerland,Utility-scale solar,30-39 years,0.0,0.0
Switzerland,Utility-scale solar,40-49 years,0.0,0.0
Switzerland,Utility-scale solar,50+ years,0.0,0.0
Switzerland,Wind,0-9 years,0.026,0.1437010338117695
Switzerland,Wind,10-19 years,0.029,0.16028192232851213
Switzerland,Wind,20-29 years,0.0,0.0
Switzerland,Wind,30-39 years,0.0,0.0
Switzerland,Wind,40-49 years,0.0,0.0
Switzerland,Wind,50+ years,0.0,0.0
Switzerland,Hydropower,0-9 years,1.14,6.300737636362201
Switzerland,Hydropower,10-19 years,1.441,7.964353450875379
Switzerland,Hydropower,20-29 years,1.26,6.963973177031907
Switzerland,Hydropower,30-39 years,0.085,0.469791841307708
Switzerland,Hydropower,40-49 years,1.068,5.902796311960377
Switzerland,Hydropower,50+ years,9.4515,52.238089271997666
Switzerland,Nuclear,0-9 years,0.0,0.0
Switzerland,Nuclear,10-19 years,0.0,0.0
Switzerland,Nuclear,20-29 years,0.0,0.0
Switzerland,Nuclear,30-39 years,0.0,0.0
Switzerland,Nuclear,40-49 years,2.335,12.905458228864683
Switzerland,Nuclear,50+ years,0.76,4.200491757574801
Switzerland,Bioenergy,0-9 years,0.0,0.0
Switzerland,Bioenergy,10-19 years,0.116,0.6411276893140485
Switzerland,Bioenergy,20-29 years,0.02,0.11053925677828422
Switzerland,Bioenergy,30-39 years,0.0,0.0
Switzerland,Bioenergy,40-49 years,0.0,0.0
Switzerland,Bioenergy,50+ years,0.0,0.0
Syria,Oil and gas,0-9 years,0.466,5.088453609276647
Syria,Oil and gas,10-19 years,3.1935,34.871194423229554
Syria,Oil and gas,20-29 years,1.086,11.858499183850727
Syria,Oil and gas,30-39 years,2.639,28.816371405324187
Syria,Oil and gas,40-49 years,0.0,0.0
Syria,Oil and gas,50+ years,0.0,0.0
Syria,Utility-scale solar,0-9 years,0.1792957142857143,1.9578067049033847
Syria,Utility-scale solar,10-19 years,0.0,0.0
Syria,Utility-scale solar,20-29 years,0.0,0.0
Syria,Utility-scale solar,30-39 years,0.0,0.0
Syria,Utility-scale solar,40-49 years,0.0,0.0
Syria,Utility-scale solar,50+ years,0.0,0.0
Syria,Hydropower,0-9 years,0.0,0.0
Syria,Hydropower,10-19 years,0.63,6.8792398580349525
Syria,Hydropower,20-29 years,0.0,0.0
Syria,Hydropower,30-39 years,0.0,0.0
Syria,Hydropower,40-49 years,0.955,10.4280540705133
Syria,Hydropower,50+ years,0.0,0.0
Taiwan,Coal,0-9 years,3.249,6.008578508010038
Taiwan,Coal,10-19 years,0.879,1.6255895686490682
Taiwan,Coal,20-29 years,7.908,14.6247580305766
Taiwan,Coal,30-39 years,4.157,7.687799586887572
Taiwan,Coal,40-49 years,0.0,0.0
Taiwan,Coal,50+ years,0.0,0.0
Taiwan,Oil and gas,0-9 years,9.046,16.729332466438535
Taiwan,Oil and gas,10-19 years,3.382,6.254543710092319
Taiwan,Oil and gas,20-29 years,8.312,15.371900448931802
Taiwan,Oil and gas,30-39 years,1.417,2.620546551508225
Taiwan,Oil and gas,40-49 years,1.28,2.3671838997392576
Taiwan,Oil and gas,50+ years,0.0,0.0
Taiwan,Utility-scale solar,0-9 years,4.3573810625,8.05837679388964
Taiwan,Utility-scale solar,10-19 years,0.22231125,0.4111340716647726
Taiwan,Utility-scale solar,20-29 years,0.0,0.0
Taiwan,Utility-scale solar,30-39 years,0.0,0.0
Taiwan,Utility-scale solar,40-49 years,0.0,0.0
Taiwan,Utility-scale solar,50+ years,0.0,0.0
Taiwan,Wind,0-9 years,3.7826,6.995398296213839
Taiwan,Wind,10-19 years,0.49060000000000004,0.9072972040719373
Taiwan,Wind,20-29 years,0.123,0.22747157786556926
Taiwan,Wind,30-39 years,0.0,0.0
Taiwan,Wind,40-49 years,0.0,0.0
Taiwan,Wind,50+ years,0.0,0.0
Taiwan,Hydropower,0-9 years,0.0,0.0
Taiwan,Hydropower,10-19 years,0.429,0.7933764788969856
Taiwan,Hydropower,20-29 years,0.432,0.7989245661619994
Taiwan,Hydropower,30-39 years,1.602,2.9626785995174143
Taiwan,Hydropower,40-49 years,1.11,2.0527922880551372
Taiwan,Hydropower,50+ years,0.907,1.6773717164558646
Taiwan,Bioenergy,0-9 years,0.0,0.0
Taiwan,Bioenergy,10-19 years,0.011800000000000001,0.02182247657572128
Taiwan,Bioenergy,20-29 years,0.1884,0.34841988024287196
Taiwan,Bioenergy,30-39 years,0.1519,0.2809181518518697
Taiwan,Bioenergy,40-49 years,0.0615,0.11373578893278463
Taiwan,Bioenergy,50+ years,0.0,0.0
Taiwan,Geothermal,0-9 years,0.0052,0.009616684592690734
Taiwan,Geothermal,10-19 years,0.0,0.0
Taiwan,Geothermal,20-29 years,0.0,0.0
Taiwan,Geothermal,30-39 years,0.0,0.0
Taiwan,Geothermal,40-49 years,0.0,0.0
Taiwan,Geothermal,50+ years,0.0,0.0
Tajikistan,Coal,0-9 years,0.0,0.0
Tajikistan,Coal,10-19 years,0.4,6.210022977085015
Tajikistan,Coal,20-29 years,0.0,0.0
Tajikistan,Coal,30-39 years,0.0,0.0
Tajikistan,Coal,40-49 years,0.0,0.0
Tajikistan,Coal,50+ years,0.0,0.0
Tajikistan,Oil and gas,0-9 years,0.0,0.0
Tajikistan,Oil and gas,10-19 years,0.0,0.0
Tajikistan,Oil and gas,20-29 years,0.0,0.0
Tajikistan,Oil and gas,30-39 years,0.0,0.0
Tajikistan,Oil and gas,40-49 years,0.0,0.0
Tajikistan,Oil and gas,50+ years,0.206,3.198161833198783
Tajikistan,Utility-scale solar,0-9 years,0.0012,0.018630068931255045
Tajikistan,Utility-scale solar,10-19 years,0.0,0.0
Tajikistan,Utility-scale solar,20-29 years,0.0,0.0
Tajikistan,Utility-scale solar,30-39 years,0.0,0.0
Tajikistan,Utility-scale solar,40-49 years,0.0,0.0
Tajikistan,Utility-scale solar,50+ years,0.0,0.0
Tajikistan,Hydropower,0-9 years,1.2,18.630068931255046
Tajikistan,Hydropower,10-19 years,0.89,13.817301124014158
Tajikistan,Hydropower,20-29 years,0.0,0.0
Tajikistan,Hydropower,30-39 years,0.0,0.0
Tajikistan,Hydropower,40-49 years,0.6,9.315034465627523
Tajikistan,Hydropower,50+ years,3.144,48.81078059988822
Tanzania,Oil and gas,0-9 years,0.24,7.24222215516461
Tanzania,Oil and gas,10-19 years,0.0,0.0
Tanzania,Oil and gas,20-29 years,0.1,3.0175925646519204
Tanzania,Oil and gas,30-39 years,0.0,0.0
Tanzania,Oil and gas,40-49 years,0.0,0.0
Tanzania,Oil and gas,50+ years,0.0,0.0
Tanzania,Utility-scale solar,0-9 years,0.1399,4.221611997948036
Tanzania,Utility-scale solar,10-19 years,0.0,0.0
Tanzania,Utility-scale solar,20-29 years,0.0,0.0
Tanzania,Utility-scale solar,30-39 years,0.0,0.0
Tanzania,Utility-scale solar,40-49 years,0.0,0.0
Tanzania,Utility-scale solar,50+ years,0.0,0.0
Tanzania,Hydropower,0-9 years,2.155,65.02911976824889
Tanzania,Hydropower,10-19 years,0.0,0.0
Tanzania,Hydropower,20-29 years,0.18,5.431666616373457
Tanzania,Hydropower,30-39 years,0.148,4.466036995684843
Tanzania,Hydropower,40-49 years,0.0,0.0
Tanzania,Hydropower,50+ years,0.2,6.035185129303841
Thailand,Coal,0-9 years,0.655,1.2220211735752116
Thailand,Coal,10-19 years,1.805,3.367554531760698
Thailand,Coal,20-29 years,1.489,2.7779992785549465
Thailand,Coal,30-39 years,1.889,3.5242717509672894
Thailand,Coal,40-49 years,0.0,0.0
Thailand,Coal,50+ years,0.0,0.0
Thailand,Oil and gas,0-9 years,11.4991,21.45365446879193
Thailand,Oil and gas,10-19 years,15.5159,28.94772263675668
Thailand,Oil and gas,20-29 years,5.8567,10.926734972943422
Thailand,Oil and gas,30-39 years,1.433,2.6735211324172186
Thailand,Oil and gas,40-49 years,0.0,0.0
Thailand,Oil and gas,50+ years,0.0,0.0
Thailand,Utility-scale solar,0-9 years,3.6110162285714287,6.7370050220427355
Thailand,Utility-scale solar,10-19 years,0.8662354285714285,1.6161191374279138
Thailand,Utility-scale solar,20-29 years,0.0,0.0
Thailand,Utility-scale solar,30-39 years,0.0,0.0
Thailand,Utility-scale solar,40-49 years,0.0,0.0
Thailand,Utility-scale solar,50+ years,0.0,0.0
Thailand,Wind,0-9 years,1.649,3.076508267519884
Thailand,Wind,10-19 years,0.468,0.8731387927224412
Thailand,Wind,20-29 years,0.0,0.0
Thailand,Wind,30-39 years,0.0,0.0
Thailand,Wind,40-49 years,0.0,0.0
Thailand,Wind,50+ years,0.0,0.0
Thailand,Hydropower,0-9 years,0.0,0.0
Thailand,Hydropower,10-19 years,0.03,0.055970435430925725
Thailand,Hydropower,20-29 years,1.0,1.8656811810308576
Thailand,Hydropower,30-39 years,0.547,1.020527606023879
Thailand,Hydropower,40-49 years,1.104,2.0597120238580664
Thailand,Hydropower,50+ years,1.355,2.527998000296812
Thailand,Bioenergy,0-9 years,0.2385,0.44496496167585947
Thailand,Bioenergy,10-19 years,0.511,0.9533630835067681
Thailand,Bioenergy,20-29 years,0.6339,1.1826553006554603
Thailand,Bioenergy,30-39 years,0.0525,0.09794826200412
Thailand,Bioenergy,40-49 years,0.0,0.0
Thailand,Bioenergy,50+ years,0.0,0.0
The Gambia,Utility-scale solar,0-9 years,0.02001,100.0
The Gambia,Utility-scale solar,10-19 years,0.0,0.0
The Gambia,Utility-scale solar,20-29 years,0.0,0.0
The Gambia,Utility-scale solar,30-39 years,0.0,0.0
The Gambia,Utility-scale solar,40-49 years,0.0,0.0
The Gambia,Utility-scale solar,50+ years,0.0,0.0
Togo,Oil and gas,0-9 years,0.065,21.45922746781116
Togo,Oil and gas,10-19 years,0.1,33.01419610432486
Togo,Oil and gas,20-29 years,0.0,0.0
Togo,Oil and gas,30-39 years,0.0,0.0
Togo,Oil and gas,40-49 years,0.0,0.0
Togo,Oil and gas,50+ years,0.0,0.0
Togo,Utility-scale solar,0-9 years,0.0719,23.737206999009576
Togo,Utility-scale solar,10-19 years,0.0,0.0
Togo,Utility-scale solar,20-29 years,0.0,0.0
Togo,Utility-scale solar,30-39 years,0.0,0.0
Togo,Utility-scale solar,40-49 years,0.0,0.0
Togo,Utility-scale solar,50+ years,0.0,0.0
Togo,Hydropower,0-9 years,0.0,0.0
Togo,Hydropower,10-19 years,0.0,0.0
Togo,Hydropower,20-29 years,0.0,0.0
Togo,Hydropower,30-39 years,0.066,21.78936942885441
Togo,Hydropower,40-49 years,0.0,0.0
Togo,Hydropower,50+ years,0.0,0.0
Trinidad and Tobago,Oil and gas,0-9 years,0.0,0.0
Trinidad and Tobago,Oil and gas,10-19 years,1.2295999999999998,59.78799961100846
Trinidad and Tobago,Oil and gas,20-29 years,0.225,10.940387046581737
Trinidad and Tobago,Oil and gas,30-39 years,0.0,0.0
Trinidad and Tobago,Oil and gas,40-49 years,0.602,29.271613342409804
Trinidad and Tobago,Oil and gas,50+ years,0.0,0.0
Tunisia,Oil and gas,0-9 years,1.074,18.200921908893708
Tunisia,Oil and gas,10-19 years,2.12,35.92733188720174
Tunisia,Oil and gas,20-29 years,1.56,26.437093275488067
Tunisia,Oil and gas,30-39 years,0.357,6.050027114967462
Tunisia,Oil and gas,40-49 years,0.34,5.761930585683297
Tunisia,Oil and gas,50+ years,0.0,0.0
Tunisia,Utility-scale solar,0-9 years,0.1631,2.764031995661605
Tunisia,Utility-scale solar,10-19 years,0.0,0.0
Tunisia,Utility-scale solar,20-29 years,0.0,0.0
Tunisia,Utility-scale solar,30-39 years,0.0,0.0
Tunisia,Utility-scale solar,40-49 years,0.0,0.0
Tunisia,Utility-scale solar,50+ years,0.0,0.0
Tunisia,Wind,0-9 years,0.0,0.0
Tunisia,Wind,10-19 years,0.055,0.9320770065075921
Tunisia,Wind,20-29 years,0.01,0.16946854663774405
Tunisia,Wind,30-39 years,0.0,0.0
Tunisia,Wind,40-49 years,0.0,0.0
Tunisia,Wind,50+ years,0.0,0.0
Tunisia,Hydropower,0-9 years,0.0,0.0
Tunisia,Hydropower,10-19 years,0.0,0.0
Tunisia,Hydropower,20-29 years,0.0,0.0
Tunisia,Hydropower,30-39 years,0.0,0.0
Tunisia,Hydropower,40-49 years,0.025,0.4236713665943601
Tunisia,Hydropower,50+ years,0.0,0.0
Turkmenistan,Oil and gas,0-9 years,2.146,30.241537724415885
Turkmenistan,Oil and gas,10-19 years,2.1761999999999997,30.66711761224317
Turkmenistan,Oil and gas,20-29 years,0.58,8.173388574166456
Turkmenistan,Oil and gas,30-39 years,1.555,21.913136608325583
Turkmenistan,Oil and gas,40-49 years,0.42,5.918660691637778
Turkmenistan,Oil and gas,50+ years,0.21,2.959330345818889
Turkmenistan,Utility-scale solar,0-9 years,0.009,0.12682844339223812
Turkmenistan,Utility-scale solar,10-19 years,0.0,0.0
Turkmenistan,Utility-scale solar,20-29 years,0.0,0.0
Turkmenistan,Utility-scale solar,30-39 years,0.0,0.0
Turkmenistan,Utility-scale solar,40-49 years,0.0,0.0
Turkmenistan,Utility-scale solar,50+ years,0.0,0.0
Türkiye,Coal,0-9 years,3.72,3.5085266029215303
Türkiye,Coal,10-19 years,7.2672,6.85407648622348
Türkiye,Coal,20-29 years,3.772,3.5575705231774224
Türkiye,Coal,30-39 years,2.444,2.305064252026941
Türkiye,Coal,40-49 years,2.97,2.8011623684615445
Türkiye,Coal,50+ years,0.3,0.28294569378399437
Türkiye,Oil and gas,0-9 years,4.7488,4.478841702138109
Türkiye,Oil and gas,10-19 years,11.0507,10.422493260995957
Türkiye,Oil and gas,20-29 years,8.462,7.9809548693338686
Türkiye,Oil and gas,30-39 years,1.6340999999999999,1.5412051940414173
Türkiye,Oil and gas,40-49 years,0.0,0.0
Türkiye,Oil and gas,50+ years,0.0,0.0
Türkiye,Utility-scale solar,0-9 years,13.969406363636365,13.175277917698791
Türkiye,Utility-scale solar,10-19 years,0.10407490909090909,0.0981584911941114
Türkiye,Utility-scale solar,20-29 years,0.0,0.0
Türkiye,Utility-scale solar,30-39 years,0.0,0.0
Türkiye,Utility-scale solar,40-49 years,0.0,0.0
Türkiye,Utility-scale solar,50+ years,0.0,0.0
Türkiye,Wind,0-9 years,5.1596,4.8662886721596585
Türkiye,Wind,10-19 years,5.9295,5.592421637640649
Türkiye,Wind,20-29 years,0.053,0.04998707256850568
Türkiye,Wind,30-39 years,0.0,0.0
Türkiye,Wind,40-49 years,0.0,0.0
Türkiye,Wind,50+ years,0.0,0.0
Türkiye,Hydropower,0-9 years,4.407,4.156472241686878
Türkiye,Hydropower,10-19 years,9.685,9.134430147659952
Türkiye,Hydropower,20-29 years,2.855,2.6926998525110135
Türkiye,Hydropower,30-39 years,5.984,5.643823438678075
Türkiye,Hydropower,40-49 years,1.247,1.1761109338288034
Türkiye,Hydropower,50+ years,2.301,2.1701934713232367
Türkiye,Bioenergy,0-9 years,0.22191,0.20929492969202065
Türkiye,Bioenergy,10-19 years,0.0158,0.014901806539290371
Türkiye,Bioenergy,20-29 years,0.0,0.0
Türkiye,Bioenergy,30-39 years,0.0,0.0
Türkiye,Bioenergy,40-49 years,0.0,0.0
Türkiye,Bioenergy,50+ years,0.0,0.0
Türkiye,Geothermal,0-9 years,1.02116,0.9631094155482124
Türkiye,Geothermal,10-19 years,0.7115,0.6710528704243733
Türkiye,Geothermal,20-29 years,0.0085,0.008016794657213175
Türkiye,Geothermal,30-39 years,0.0,0.0
Türkiye,Geothermal,40-49 years,0.0,0.0
Türkiye,Geothermal,50+ years,0.0,0.0
Uganda,Oil and gas,0-9 years,0.0,0.0
Uganda,Oil and gas,10-19 years,0.189,10.152066133459384
Uganda,Oil and gas,20-29 years,0.0,0.0
Uganda,Oil and gas,30-39 years,0.0,0.0
Uganda,Oil and gas,40-49 years,0.0,0.0
Uganda,Oil and gas,50+ years,0.0,0.0
Uganda,Utility-scale solar,0-9 years,0.11499000000000001,6.176645950722193
Uganda,Utility-scale solar,10-19 years,0.0,0.0
Uganda,Utility-scale solar,20-29 years,0.0,0.0
Uganda,Utility-scale solar,30-39 years,0.0,0.0
Uganda,Utility-scale solar,40-49 years,0.0,0.0
Uganda,Utility-scale solar,50+ years,0.0,0.0
Uganda,Hydropower,0-9 years,0.867,46.570589088408916
Uganda,Hydropower,10-19 years,0.25,13.428658906692306
Uganda,Hydropower,20-29 years,0.2,10.742927125353845
Uganda,Hydropower,30-39 years,0.0,0.0
Uganda,Hydropower,40-49 years,0.0,0.0
Uganda,Hydropower,50+ years,0.18,9.668634412818461
Uganda,Bioenergy,0-9 years,0.0,0.0
Uganda,Bioenergy,10-19 years,0.042,2.2560146963243075
Uganda,Bioenergy,20-29 years,0.0,0.0
Uganda,Bioenergy,30-39 years,0.0,0.0
Uganda,Bioenergy,40-49 years,0.0,0.0
Uganda,Bioenergy,50+ years,0.0,0.0
Ukraine,Coal,0-9 years,0.0,0.0
Ukraine,Coal,10-19 years,0.0,0.0
Ukraine,Coal,20-29 years,0.0,0.0
Ukraine,Coal,30-39 years,0.325,0.9800485042590192
Ukraine,Coal,40-49 years,0.965,2.9099901741844727
Ukraine,Coal,50+ years,2.19,6.604019151776161
Ukraine,Oil and gas,0-9 years,2.1441,6.465606147636195
Ukraine,Oil and gas,10-19 years,0.3961,1.1944529616523
Ukraine,Oil and gas,20-29 years,0.0,0.0
Ukraine,Oil and gas,30-39 years,0.0,0.0
Ukraine,Oil and gas,40-49 years,0.0,0.0
Ukraine,Oil and gas,50+ years,1.189,3.5854697586583812
Ukraine,Utility-scale solar,0-9 years,2.019888,6.091040655909976
Ukraine,Utility-scale solar,10-19 years,0.509296,1.5357993323849275
Ukraine,Utility-scale solar,20-29 years,0.0,0.0
Ukraine,Utility-scale solar,30-39 years,0.0,0.0
Ukraine,Utility-scale solar,40-49 years,0.0,0.0
Ukraine,Utility-scale solar,50+ years,0.0,0.0
Ukraine,Wind,0-9 years,0.393,1.1851048066885987
Ukraine,Wind,10-19 years,0.117,0.35281746153324695
Ukraine,Wind,20-29 years,0.022,0.06634174490368747
Ukraine,Wind,30-39 years,0.0104,0.03136155213628862
Ukraine,Wind,40-49 years,0.0,0.0
Ukraine,Wind,50+ years,0.0,0.0
Ukraine,Hydropower,0-9 years,0.0,0.0
Ukraine,Hydropower,10-19 years,1.296,3.908131881599043
Ukraine,Hydropower,20-29 years,0.453,1.3660368382441102
Ukraine,Hydropower,30-39 years,0.0,0.0
Ukraine,Hydropower,40-49 years,0.702,2.1169047691994813
Ukraine,Hydropower,50+ years,3.796,11.446966529745344
Ukraine,Nuclear,0-9 years,0.0,0.0
Ukraine,Nuclear,10-19 years,0.0,0.0
Ukraine,Nuclear,20-29 years,2.0,6.0310677185170425
Ukraine,Nuclear,30-39 years,7.0,21.10873701480965
Ukraine,Nuclear,40-49 years,4.835,14.580106209514948
Ukraine,Nuclear,50+ years,0.0,0.0
United Arab Emirates,Oil and gas,0-9 years,11.223,19.200296329925713
United Arab Emirates,Oil and gas,10-19 years,18.7001,31.99211096847936
United Arab Emirates,Oil and gas,20-29 years,9.8148,16.79114928441191
United Arab Emirates,Oil and gas,30-39 years,1.68,2.8741421931992517
United Arab Emirates,Oil and gas,40-49 years,2.85,4.875776934891587
United Arab Emirates,Oil and gas,50+ years,0.0,0.0
United Arab Emirates,Utility-scale solar,0-9 years,6.948912857142857,11.888192642606578
United Arab Emirates,Utility-scale solar,10-19 years,0.11131,0.19042902828869565
United Arab Emirates,Utility-scale solar,20-29 years,0.0,0.0
United Arab Emirates,Utility-scale solar,30-39 years,0.0,0.0
United Arab Emirates,Utility-scale solar,40-49 years,0.0,0.0
United Arab Emirates,Utility-scale solar,50+ years,0.0,0.0
United Arab Emirates,Wind,0-9 years,0.099,0.16936909352781304
United Arab Emirates,Wind,10-19 years,0.0,0.0
United Arab Emirates,Wind,20-29 years,0.0,0.0
United Arab Emirates,Wind,30-39 years,0.0,0.0
United Arab Emirates,Wind,40-49 years,0.0,0.0
United Arab Emirates,Wind,50+ years,0.0,0.0
United Arab Emirates,Hydropower,0-9 years,0.25,0.427699731130841
United Arab Emirates,Hydropower,10-19 years,0.0,0.0
United Arab Emirates,Hydropower,20-29 years,0.0,0.0
United Arab Emirates,Hydropower,30-39 years,0.0,0.0
United Arab Emirates,Hydropower,40-49 years,0.0,0.0
United Arab Emirates,Hydropower,50+ years,0.0,0.0
United Arab Emirates,Nuclear,0-9 years,5.668,9.696808304198427
United Arab Emirates,Nuclear,10-19 years,0.0,0.0
United Arab Emirates,Nuclear,20-29 years,0.0,0.0
United Arab Emirates,Nuclear,30-39 years,0.0,0.0
United Arab Emirates,Nuclear,40-49 years,0.0,0.0
United Arab Emirates,Nuclear,50+ years,0.0,0.0
United Arab Emirates,Bioenergy,0-9 years,0.232,0.3969053504894205
United Arab Emirates,Bioenergy,10-19 years,0.0,0.0
United Arab Emirates,Bioenergy,20-29 years,0.0,0.0
United Arab Emirates,Bioenergy,30-39 years,0.0,0.0
United Arab Emirates,Bioenergy,40-49 years,0.0,0.0
United Arab Emirates,Bioenergy,50+ years,0.0,0.0
United Kingdom,Oil and gas,0-9 years,3.2794,3.5662142014047755
United Kingdom,Oil and gas,10-19 years,11.287,12.274153714476949
United Kingdom,Oil and gas,20-29 years,14.861,16.160733441201554
United Kingdom,Oil and gas,30-39 years,5.862,6.374686725814111
United Kingdom,Oil and gas,40-49 years,0.509,0.5535168105491952
United Kingdom,Oil and gas,50+ years,0.5307999999999999,0.5772234244391214
United Kingdom,Utility-scale solar,0-9 years,2.7692455,3.011441919032832
United Kingdom,Utility-scale solar,10-19 years,6.911757,7.5162547935777475
United Kingdom,Utility-scale solar,20-29 years,0.0,0.0
United Kingdom,Utility-scale solar,30-39 years,0.0,0.0
United Kingdom,Utility-scale solar,40-49 years,0.0,0.0
United Kingdom,Utility-scale solar,50+ years,0.0,0.0
United Kingdom,Wind,0-9 years,15.2595,16.594085993271992
United Kingdom,Wind,10-19 years,11.9345,12.978283645381866
United Kingdom,Wind,20-29 years,1.6845999999999999,1.8319340256408139
United Kingdom,Wind,30-39 years,0.0866,0.09417397994805561
United Kingdom,Wind,40-49 years,0.0,0.0
United Kingdom,Wind,50+ years,0.0,0.0
United Kingdom,Hydropower,0-9 years,0.0,0.0
United Kingdom,Hydropower,10-19 years,0.1,0.108745935274891
United Kingdom,Hydropower,20-29 years,0.0,0.0
United Kingdom,Hydropower,30-39 years,0.0,0.0
United Kingdom,Hydropower,40-49 years,2.016,2.1923180551418024
United Kingdom,Hydropower,50+ years,2.064,2.2445161040737505
United Kingdom,Nuclear,0-9 years,0.0,0.0
United Kingdom,Nuclear,10-19 years,0.0,0.0
United Kingdom,Nuclear,20-29 years,0.0,0.0
United Kingdom,Nuclear,30-39 years,6.534,7.1054594108613784
United Kingdom,Nuclear,40-49 years,0.0,0.0
United Kingdom,Nuclear,50+ years,0.0,0.0
United Kingdom,Bioenergy,0-9 years,1.0903,1.1856569323021366
United Kingdom,Bioenergy,10-19 years,1.1066500000000001,1.2034368927195815
United Kingdom,Bioenergy,20-29 years,0.1522,0.1655113134883841
United Kingdom,Bioenergy,30-39 years,0.0955,0.1038523681875209
United Kingdom,Bioenergy,40-49 years,0.645,0.701411282523047
United Kingdom,Bioenergy,50+ years,2.029,2.2064550267275385
United States,Coal,0-9 years,0.0,0.0
United States,Coal,10-19 years,20.9805,1.642209283196449
United States,Coal,20-29 years,3.651,0.2857751766140099
United States,Coal,30-39 years,12.2074,0.9555113368934167
United States,Coal,40-49 years,74.8654,5.859948755759654
United States,Coal,50+ years,72.7439,5.693892322676493
United States,Oil and gas,0-9 years,99.125,7.758823440663855
United States,Oil and gas,10-19 years,101.3195,7.930593811816811
United States,Oil and gas,20-29 years,250.38729999999998,19.5985962419625
United States,Oil and gas,30-39 years,37.0697,2.9015612337793377
United States,Oil and gas,40-49 years,15.246,1.193352052220541
United States,Oil and gas,50+ years,66.68169999999999,5.219384988885901
United States,Utility-scale solar,0-9 years,130.503425,10.214910799262721
United States,Utility-scale solar,10-19 years,21.7878,1.7053991763984457
United States,Utility-scale solar,20-29 years,0.0088,0.0006888034933451897
United States,Utility-scale solar,30-39 years,0.0,0.0
United States,Utility-scale solar,40-49 years,0.0,0.0
United States,Utility-scale solar,50+ years,0.0,0.0
United States,Wind,0-9 years,89.9254,7.038742006870853
United States,Wind,10-19 years,61.8158,4.838515793628133
United States,Wind,20-29 years,5.3981,0.42252615198030324
United States,Wind,30-39 years,0.27,0.021133743545818314
United States,Wind,40-49 years,0.1846,0.014449218735400227
United States,Wind,50+ years,0.0,0.0
United States,Hydropower,0-9 years,0.131,0.010253779275934072
United States,Hydropower,10-19 years,1.516,0.11866205635355764
United States,Hydropower,20-29 years,0.761,0.05956584754951014
United States,Hydropower,30-39 years,4.325,0.3385312623543119
United States,Hydropower,40-49 years,9.21,0.7208954742851359
United States,Hydropower,50+ years,79.45,6.218799721167649
United States,Nuclear,0-9 years,2.5,0.19568281060942885
United States,Nuclear,10-19 years,1.218,0.09533666532891374
United States,Nuclear,20-29 years,0.0,0.0
United States,Nuclear,30-39 years,23.356,1.828147089837528
United States,Nuclear,40-49 years,45.655,3.5735594873493897
United States,Nuclear,50+ years,29.746,2.328312353755228
United States,Bioenergy,0-9 years,0.408,0.031935434691458785
United States,Bioenergy,10-19 years,1.7464000000000002,0.13669618417932264
United States,Bioenergy,20-29 years,0.5577000000000001,0.043652921390751394
United States,Bioenergy,30-39 years,3.8679,0.302752617262484
United States,Bioenergy,40-49 years,1.9547,0.15300047595930025
United States,Bioenergy,50+ years,1.8066,0.14140822625879768
United States,Geothermal,0-9 years,0.3255,0.025477901941347636
United States,Geothermal,10-19 years,0.576,0.04508531956441241
United States,Geothermal,20-29 years,0.178,0.013932616115391335
United States,Geothermal,30-39 years,0.776,0.06073994441316672
United States,Geothermal,40-49 years,1.467,0.11482667326561284
United States,Geothermal,50+ years,0.33,0.025830131000444612
Uruguay,Oil and gas,0-9 years,0.5322,10.250818760375152
Uruguay,Oil and gas,10-19 years,0.17,3.2744065938815776
Uruguay,Oil and gas,20-29 years,0.2,3.8522430516253854
Uruguay,Oil and gas,30-39 years,0.2,3.8522430516253854
Uruguay,Oil and gas,40-49 years,0.0,0.0
Uruguay,Oil and gas,50+ years,0.0,0.0
Uruguay,Utility-scale solar,0-9 years,0.17991503703703704,3.46538225654425
Uruguay,Utility-scale solar,10-19 years,0.07917,1.5249104119859092
Uruguay,Utility-scale solar,20-29 years,0.0,0.0
Uruguay,Utility-scale solar,30-39 years,0.0,0.0
Uruguay,Utility-scale solar,40-49 years,0.0,0.0
Uruguay,Utility-scale solar,50+ years,0.0,0.0
Uruguay,Wind,0-9 years,0.292,5.624274855373064
Uruguay,Wind,10-19 years,1.1644,22.427759046562997
Uruguay,Wind,20-29 years,0.0,0.0
Uruguay,Wind,30-39 years,0.0,0.0
Uruguay,Wind,40-49 years,0.0,0.0
Uruguay,Wind,50+ years,0.0,0.0
Uruguay,Hydropower,0-9 years,0.0,0.0
Uruguay,Hydropower,10-19 years,0.0,0.0
Uruguay,Hydropower,20-29 years,0.0,0.0
Uruguay,Hydropower,30-39 years,0.0,0.0
Uruguay,Hydropower,40-49 years,1.278,24.615833099886213
Uruguay,Hydropower,50+ years,0.26,5.007915967113002
Uruguay,Bioenergy,0-9 years,0.31,5.9709767300193475
Uruguay,Bioenergy,10-19 years,0.34,6.548813187763155
Uruguay,Bioenergy,20-29 years,0.0,0.0
Uruguay,Bioenergy,30-39 years,0.0,0.0
Uruguay,Bioenergy,40-49 years,0.0,0.0
Uruguay,Bioenergy,50+ years,0.0,0.0
Uzbekistan,Coal,0-9 years,0.0,0.0
Uzbekistan,Coal,10-19 years,0.15,0.6285952012501609
Uzbekistan,Coal,20-29 years,0.0,0.0
Uzbekistan,Coal,30-39 years,1.2,5.028761610001287
Uzbekistan,Coal,40-49 years,0.9,3.7715712075009655
Uzbekistan,Coal,50+ years,0.136,0.569926315800146
Uzbekistan,Oil and gas,0-9 years,7.2221,30.265182686325247
Uzbekistan,Oil and gas,10-19 years,1.0248,4.294562414941099
Uzbekistan,Oil and gas,20-29 years,0.8,3.352507740000858
Uzbekistan,Oil and gas,30-39 years,0.42,1.7600665635004504
Uzbekistan,Oil and gas,40-49 years,1.78,7.45932972150191
Uzbekistan,Oil and gas,50+ years,4.31,18.061635449254624
Uzbekistan,Utility-scale solar,0-9 years,2.417833870967742,10.132258458069488
Uzbekistan,Utility-scale solar,10-19 years,0.0,0.0
Uzbekistan,Utility-scale solar,20-29 years,0.0,0.0
Uzbekistan,Utility-scale solar,30-39 years,0.0,0.0
Uzbekistan,Utility-scale solar,40-49 years,0.0,0.0
Uzbekistan,Utility-scale solar,50+ years,0.0,0.0
Uzbekistan,Wind,0-9 years,1.6,6.705015480001716
Uzbekistan,Wind,10-19 years,0.0,0.0
Uzbekistan,Wind,20-29 years,0.0,0.0
Uzbekistan,Wind,30-39 years,0.0,0.0
Uzbekistan,Wind,40-49 years,0.0,0.0
Uzbekistan,Wind,50+ years,0.0,0.0
Uzbekistan,Hydropower,0-9 years,0.25,1.0476586687502683
Uzbekistan,Hydropower,10-19 years,0.095,0.3981102941251019
Uzbekistan,Hydropower,20-29 years,0.0,0.0
Uzbekistan,Hydropower,30-39 years,0.0,0.0
Uzbekistan,Hydropower,40-49 years,1.076,4.509122910301155
Uzbekistan,Hydropower,50+ years,0.481,2.015695278675516
Vanuatu,Utility-scale solar,0-9 years,0.0009570000000000001,100.0
Vanuatu,Utility-scale solar,10-19 years,0.0,0.0
Vanuatu,Utility-scale solar,20-29 years,0.0,0.0
Vanuatu,Utility-scale solar,30-39 years,0.0,0.0
Vanuatu,Utility-scale solar,40-49 years,0.0,0.0
Vanuatu,Utility-scale solar,50+ years,0.0,0.0
Venezuela,Oil and gas,0-9 years,0.2746,1.522468328112439
Venezuela,Oil and gas,10-19 years,1.45,8.03925373548083
Venezuela,Oil and gas,20-29 years,0.15,0.8316469381531892
Venezuela,Oil and gas,30-39 years,0.0,0.0
Venezuela,Oil and gas,40-49 years,0.0,0.0
Venezuela,Oil and gas,50+ years,0.138,0.7651151831009342
Venezuela,Utility-scale solar,0-9 years,0.013900000000000001,0.07706594960219555
Venezuela,Utility-scale solar,10-19 years,0.0,0.0
Venezuela,Utility-scale solar,20-29 years,0.0,0.0
Venezuela,Utility-scale solar,30-39 years,0.0,0.0
Venezuela,Utility-scale solar,40-49 years,0.0,0.0
Venezuela,Utility-scale solar,50+ years,0.0,0.0
Venezuela,Hydropower,0-9 years,0.0,0.0
Venezuela,Hydropower,10-19 years,0.0,0.0
Venezuela,Hydropower,20-29 years,2.16,11.975715909405926
Venezuela,Hydropower,30-39 years,2.85,15.8012918249106
Venezuela,Hydropower,40-49 years,10.28,56.99553682809858
Venezuela,Hydropower,50+ years,0.72,3.991905303135309
Vietnam,Coal,0-9 years,15.205,19.30080655204272
Vietnam,Coal,10-19 years,11.769,14.939243164155918
Vietnam,Coal,20-29 years,0.965,1.2249443158645987
Vietnam,Coal,30-39 years,0.0,0.0
Vietnam,Coal,40-49 years,0.44,0.5585238331403352
Vietnam,Coal,50+ years,0.0,0.0
Vietnam,Oil and gas,0-9 years,1.624,2.061460693227055
Vietnam,Oil and gas,10-19 years,3.848,4.88454479528184
Vietnam,Oil and gas,20-29 years,4.298,5.455762351902638
Vietnam,Oil and gas,30-39 years,0.0,0.0
Vietnam,Oil and gas,40-49 years,0.0,0.0
Vietnam,Oil and gas,50+ years,0.0,0.0
Vietnam,Utility-scale solar,0-9 years,14.849491220883534,18.849533538344605
Vietnam,Utility-scale solar,10-19 years,0.0,0.0
Vietnam,Utility-scale solar,20-29 years,0.0,0.0
Vietnam,Utility-scale solar,30-39 years,0.0,0.0
Vietnam,Utility-scale solar,40-49 years,0.0,0.0
Vietnam,Utility-scale solar,50+ years,0.0,0.0
Vietnam,Wind,0-9 years,5.716399999999999,7.25624009037139
Vietnam,Wind,10-19 years,0.123,0.15613279880968461
Vietnam,Wind,20-29 years,0.0,0.0
Vietnam,Wind,30-39 years,0.0,0.0
Vietnam,Wind,40-49 years,0.0,0.0
Vietnam,Wind,50+ years,0.0,0.0
Vietnam,Hydropower,0-9 years,1.265,1.6057560202784635
Vietnam,Hydropower,10-19 years,11.648,14.785649110042328
Vietnam,Hydropower,20-29 years,1.468,1.8634386069318456
Vietnam,Hydropower,30-39 years,3.025,3.8398513528398044
Vietnam,Hydropower,40-49 years,0.0,0.0
Vietnam,Hydropower,50+ years,0.363,0.4607821623407765
Vietnam,Bioenergy,0-9 years,0.179,0.2272176503002727
Vietnam,Bioenergy,10-19 years,0.04,0.050774893921848654
Vietnam,Bioenergy,20-29 years,0.035,0.044428032181617574
Vietnam,Bioenergy,30-39 years,0.0,0.0
Vietnam,Bioenergy,40-49 years,0.0,0.0
Vietnam,Bioenergy,50+ years,0.0,0.0
Virgin Islands (U.S.),Utility-scale solar,0-9 years,0.03304518518518519,100.0
Virgin Islands (U.S.),Utility-scale solar,10-19 years,0.0,0.0
Virgin Islands (U.S.),Utility-scale solar,20-29 years,0.0,0.0
Virgin Islands (U.S.),Utility-scale solar,30-39 years,0.0,0.0
Virgin Islands (U.S.),Utility-scale solar,40-49 years,0.0,0.0
Virgin Islands (U.S.),Utility-scale solar,50+ years,0.0,0.0
Western Sahara,Oil and gas,0-9 years,0.072,7.366105683155149
Western Sahara,Oil and gas,10-19 years,0.0,0.0
Western Sahara,Oil and gas,20-29 years,0.0,0.0
Western Sahara,Oil and gas,30-39 years,0.0,0.0
Western Sahara,Oil and gas,40-49 years,0.0,0.0
Western Sahara,Oil and gas,50+ years,0.0,0.0
Western Sahara,Utility-scale solar,0-9 years,0.09245,9.458284311217966
Western Sahara,Utility-scale solar,10-19 years,0.0,0.0
Western Sahara,Utility-scale solar,20-29 years,0.0,0.0
Western Sahara,Utility-scale solar,30-39 years,0.0,0.0
Western Sahara,Utility-scale solar,40-49 years,0.0,0.0
Western Sahara,Utility-scale solar,50+ years,0.0,0.0
Western Sahara,Wind,0-9 years,0.762,77.95795181339199
Western Sahara,Wind,10-19 years,0.051,5.217658192234897
Western Sahara,Wind,20-29 years,0.0,0.0
Western Sahara,Wind,30-39 years,0.0,0.0
Western Sahara,Wind,40-49 years,0.0,0.0
Western Sahara,Wind,50+ years,0.0,0.0
Yemen,Oil and gas,0-9 years,0.39,18.61403191181449
Yemen,Oil and gas,10-19 years,0.641,30.593831937110483
Yemen,Oil and gas,20-29 years,0.1379,6.58173077086979
Yemen,Oil and gas,30-39 years,0.16,7.636525912539279
Yemen,Oil and gas,40-49 years,0.31,14.79576895554485
Yemen,Oil and gas,50+ years,0.0,0.0
Yemen,Utility-scale solar,0-9 years,0.23290785714285717,11.116293039408905
Yemen,Utility-scale solar,10-19 years,0.0,0.0
Yemen,Utility-scale solar,20-29 years,0.0,0.0
Yemen,Utility-scale solar,30-39 years,0.0,0.0
Yemen,Utility-scale solar,40-49 years,0.0,0.0
Yemen,Utility-scale solar,50+ years,0.0,0.0
Zambia,Coal,0-9 years,0.0,0.0
Zambia,Coal,10-19 years,0.33,8.607789575184299
Zambia,Coal,20-29 years,0.0,0.0
Zambia,Coal,30-39 years,0.0,0.0
Zambia,Coal,40-49 years,0.0,0.0
Zambia,Coal,50+ years,0.0,0.0
Zambia,Oil and gas,0-9 years,0.105,2.7388421375586405
Zambia,Oil and gas,10-19 years,0.0,0.0
Zambia,Oil and gas,20-29 years,0.0,0.0
Zambia,Oil and gas,30-39 years,0.0,0.0
Zambia,Oil and gas,40-49 years,0.0,0.0
Zambia,Oil and gas,50+ years,0.0,0.0
Zambia,Utility-scale solar,0-9 years,0.28073683937823835,7.322798907182391
Zambia,Utility-scale solar,10-19 years,0.0,0.0
Zambia,Utility-scale solar,20-29 years,0.0,0.0
Zambia,Utility-scale solar,30-39 years,0.0,0.0
Zambia,Utility-scale solar,40-49 years,0.0,0.0
Zambia,Utility-scale solar,50+ years,0.0,0.0
Zambia,Hydropower,0-9 years,0.75,19.563158125418862
Zambia,Hydropower,10-19 years,0.12,3.1301053000670174
Zambia,Hydropower,20-29 years,0.0,0.0
Zambia,Hydropower,30-39 years,0.0,0.0
Zambia,Hydropower,40-49 years,0.99,25.823368725552896
Zambia,Hydropower,50+ years,1.218,31.770568795680234
Zambia,Bioenergy,0-9 years,0.0,0.0
Zambia,Bioenergy,10-19 years,0.04,1.0433684333556725
Zambia,Bioenergy,20-29 years,0.0,0.0
Zambia,Bioenergy,30-39 years,0.0,0.0
Zambia,Bioenergy,40-49 years,0.0,0.0
Zambia,Bioenergy,50+ years,0.0,0.0
Zimbabwe,Coal,0-9 years,0.82,27.233514459779567
Zimbabwe,Coal,10-19 years,0.0,0.0
Zimbabwe,Coal,20-29 years,0.0,0.0
Zimbabwe,Coal,30-39 years,0.22,7.30655265994086
Zimbabwe,Coal,40-49 years,0.7,23.248122099811827
Zimbabwe,Coal,50+ years,0.0,0.0
Zimbabwe,Utility-scale solar,0-9 years,0.07767878238341969,2.5798368820206465
Zimbabwe,Utility-scale solar,10-19 years,0.0019858704663212436,0.06595394153635217
Zimbabwe,Utility-scale solar,20-29 years,0.0,0.0
Zimbabwe,Utility-scale solar,30-39 years,0.0,0.0
Zimbabwe,Utility-scale solar,40-49 years,0.0,0.0
Zimbabwe,Utility-scale solar,50+ years,0.0,0.0
Zimbabwe,Hydropower,0-9 years,0.0,0.0
Zimbabwe,Hydropower,10-19 years,0.0,0.0
Zimbabwe,Hydropower,20-29 years,0.0,0.0
Zimbabwe,Hydropower,30-39 years,0.0,0.0
Zimbabwe,Hydropower,40-49 years,0.0,0.0
Zimbabwe,Hydropower,50+ years,1.05,34.87218314971774
