Country,Type,Age Category,Capacity (GW),Capacity %
World,Coal,0-9 years,597.6256,6.938633322778018
World,Coal,10-19 years,837.5892,9.724691067315359
World,Coal,20-29 years,322.1688,3.7404876418269337
World,Coal,30-39 years,157.8351,1.8325183599296964
World,Coal,40-49 years,177.1165,2.0563818700434067
World,Coal,50+ years,130.12609999999998,1.5108075919491144
World,Oil and gas,0-9 years,580.47884,6.739553697819386
World,Oil and gas,10-19 years,633.1788,7.351417879281942
World,Oil and gas,20-29 years,565.2868000000001,6.563169026572077
World,Oil and gas,30-39 years,172.20759999999999,1.9993878973652193
World,Oil and gas,40-49 years,115.32469999999999,1.3389583819022781
World,Oil and gas,50+ years,150.0327,1.7419298834025143
World,Utility-scale solar,0-9 years,988.7484596650205,11.479700685641893
World,Utility-scale solar,10-19 years,135.35428288759965,1.5715085458598517
World,Utility-scale solar,20-29 years,0.38429199999999997,0.00446175879493283
World,Utility-scale solar,30-39 years,0.0,0.0
World,Utility-scale solar,40-49 years,0.005,5.805167418177884e-05
World,Utility-scale solar,50+ years,0.0,0.0
World,Wind,0-9 years,679.9846,7.894848889565442
World,Wind,10-19 years,346.879,4.027381337700253
World,Wind,20-29 years,37.8879,0.4398912052463637
World,Wind,30-39 years,0.961,0.011157531777737893
World,Wind,40-49 years,0.1846,0.0021432678107912747
World,Wind,50+ years,0.023,0.00026703770123618264
World,Hydropower,0-9 years,176.007,2.04350020354247
World,Hydropower,10-19 years,296.357,3.4408040010978866
World,Hydropower,20-29 years,108.237,1.2566678116826393
World,Hydropower,30-39 years,107.818,1.2518030813862062
World,Hydropower,40-49 years,187.326,2.174917583555181
World,Hydropower,50+ years,393.992,4.574379042845482
World,Nuclear,0-9 years,65.306,0.7582245268230499
World,Nuclear,10-19 years,42.416,0.4924639624188663
World,Nuclear,20-29 years,31.193,0.3621611745504455
World,Nuclear,30-39 years,87.893,1.0204671597718176
World,Nuclear,40-49 years,142.674,1.6564929124422227
World,Nuclear,50+ years,38.319,0.44489642059431667
World,Bioenergy,0-9 years,48.235800000000005,0.5600337890994896
World,Bioenergy,10-19 years,31.4073,0.36464926930587654
World,Bioenergy,20-29 years,12.031799999999999,0.13969322668406534
World,Bioenergy,30-39 years,8.122,0.09429913954088155
World,Bioenergy,40-49 years,5.736700000000001,0.06660500785572214
World,Bioenergy,50+ years,6.3839,0.07411921656181159
World,Geothermal,0-9 years,3.6763600000000003,0.04268377057898489
World,Geothermal,10-19 years,3.71125,0.04308885516142535
World,Geothermal,20-29 years,2.52895,0.029361956284401917
World,Geothermal,30-39 years,2.5345999999999997,0.02942755467622733
World,Geothermal,40-49 years,2.948,0.034227267097576806
World,Geothermal,50+ years,0.6432,0.00746776736674403
BRICS,Coal,0-9 years,511.8368,11.746358893007795
BRICS,Coal,10-19 years,740.1809,16.98672408304661
BRICS,Coal,20-29 years,253.4039,5.815473124026756
BRICS,Coal,30-39 years,90.8043,2.083906231104031
BRICS,Coal,40-49 years,40.0076,0.918151309260879
BRICS,Coal,50+ years,23.251099999999997,0.5335993137992686
BRICS,Oil and gas,0-9 years,215.4893,4.945354955726169
BRICS,Oil and gas,10-19 years,163.7546,3.7580734757269
BRICS,Oil and gas,20-29 years,71.0539,1.630645960094871
BRICS,Oil and gas,30-39 years,38.4838,0.8831809794972408
BRICS,Oil and gas,40-49 years,36.624900000000004,0.8405202983070409
BRICS,Oil and gas,50+ years,33.8061,0.7758304666114488
BRICS,Utility-scale solar,0-9 years,600.4222239834014,13.779343201283975
BRICS,Utility-scale solar,10-19 years,67.9425170910187,1.559241519651228
BRICS,Utility-scale solar,20-29 years,0.0,0.0
BRICS,Utility-scale solar,30-39 years,0.0,0.0
BRICS,Utility-scale solar,40-49 years,0.0,0.0
BRICS,Utility-scale solar,50+ years,0.0,0.0
BRICS,Wind,0-9 years,420.30740000000003,9.645812035764104
BRICS,Wind,10-19 years,165.63670000000002,3.8012665835154182
BRICS,Wind,20-29 years,1.701,0.0390369674025124
BRICS,Wind,30-39 years,0.145,0.003327666239485184
BRICS,Wind,40-49 years,0.0,0.0
BRICS,Wind,50+ years,0.0,0.0
BRICS,Hydropower,0-9 years,128.843,2.9568724227171694
BRICS,Hydropower,10-19 years,227.761,5.226983381871621
BRICS,Hydropower,20-29 years,74.714,1.7146431408061797
BRICS,Hydropower,30-39 years,41.891,0.9613742512984403
BRICS,Hydropower,40-49 years,58.566,1.3440558688392363
BRICS,Hydropower,50+ years,76.274,1.7504442396585718
BRICS,Nuclear,0-9 years,46.69,1.0715085291142292
BRICS,Nuclear,10-19 years,33.404,0.7666025038880212
BRICS,Nuclear,20-29 years,10.165,0.23328087809908202
BRICS,Nuclear,30-39 years,8.22,0.18864425164529802
BRICS,Nuclear,40-49 years,13.48,0.30935821316041573
BRICS,Nuclear,50+ years,1.457,0.03343730835124078
BRICS,Bioenergy,0-9 years,34.5184,0.7921773401451405
BRICS,Bioenergy,10-19 years,17.8734,0.4101842052745827
BRICS,Bioenergy,20-29 years,4.601100000000001,0.1055925871344502
BRICS,Bioenergy,30-39 years,1.0024,0.023004500954896194
BRICS,Bioenergy,40-49 years,0.6442,0.014784017872250726
BRICS,Bioenergy,50+ years,0.6703,0.01538299779535806
BRICS,Geothermal,0-9 years,1.0045,0.023052694741812877
BRICS,Geothermal,10-19 years,0.67345,0.015455288475733084
BRICS,Geothermal,20-29 years,0.52895,0.01213909694741854
BRICS,Geothermal,30-39 years,0.275,0.00631109114385121
BRICS,Geothermal,40-49 years,0.03,0.000688482670238314
BRICS,Geothermal,50+ years,0.012,0.00027539306809532557
EU27,Coal,0-9 years,6.874,0.8017672259086882
EU27,Coal,10-19 years,14.6,1.7029097320725703
EU27,Coal,20-29 years,8.983600000000001,1.0478260184278865
EU27,Coal,30-39 years,9.494,1.1073578764586973
EU27,Coal,40-49 years,20.2602,2.3631021749134717
EU27,Coal,50+ years,18.4161,2.14801067923436
EU27,Oil and gas,0-9 years,24.1095,2.812075492150934
EU27,Oil and gas,10-19 years,68.5588,7.996537516384722
EU27,Oil and gas,20-29 years,71.0395,8.28588054188831
EU27,Oil and gas,30-39 years,14.2623,1.6635211966944259
EU27,Oil and gas,40-49 years,5.6833,0.6628867726224684
EU27,Oil and gas,50+ years,14.2466,1.6616899855441836
EU27,Utility-scale solar,0-9 years,97.71653953660626,11.397427819269923
EU27,Utility-scale solar,10-19 years,17.49562305675863,2.0406484090429813
EU27,Utility-scale solar,20-29 years,0.375492,0.04379650555584887
EU27,Utility-scale solar,30-39 years,0.0,0.0
EU27,Utility-scale solar,40-49 years,0.005,0.0005831882644084144
EU27,Utility-scale solar,50+ years,0.0,0.0
EU27,Wind,0-9 years,85.8696,10.015628597888957
EU27,Wind,10-19 years,73.8271,8.611019663061292
EU27,Wind,20-29 years,25.4085,2.96358780324424
EU27,Wind,30-39 years,0.343,0.04000671493841723
EU27,Wind,40-49 years,0.0,0.0
EU27,Wind,50+ years,0.023,0.0026826660162787065
EU27,Hydropower,0-9 years,3.289,0.38362124032785505
EU27,Hydropower,10-19 years,4.587,0.5350169137682794
EU27,Hydropower,20-29 years,3.213,0.37475677870884716
EU27,Hydropower,30-39 years,11.851,1.382272824300824
EU27,Hydropower,40-49 years,16.731,1.9514645703634366
EU27,Hydropower,50+ years,80.5135,9.390905665289376
EU27,Nuclear,0-9 years,3.841,0.448005224718544
EU27,Nuclear,10-19 years,0.705,0.08222954528158645
EU27,Nuclear,20-29 years,9.406,1.0970937630051092
EU27,Nuclear,30-39 years,27.006,3.149916453722728
EU27,Nuclear,40-49 years,59.005,6.8822047082837
EU27,Nuclear,50+ years,2.432,0.2836627718082528
EU27,Bioenergy,0-9 years,3.6620999999999997,0.4271387486180109
EU27,Bioenergy,10-19 years,5.032100000000001,0.5869323330659165
EU27,Bioenergy,20-29 years,4.1339,0.48216839324758887
EU27,Bioenergy,30-39 years,1.9493000000000003,0.22736177676226452
EU27,Bioenergy,40-49 years,1.8042,0.21043765332913228
EU27,Bioenergy,50+ years,1.6451,0.19188060275565652
EU27,Geothermal,0-9 years,0.0517,0.006030166653983006
EU27,Geothermal,10-19 years,0.111,0.0129467794698668
EU27,Geothermal,20-29 years,0.398,0.04642178584690979
EU27,Geothermal,30-39 years,0.32,0.037324048922138524
EU27,Geothermal,40-49 years,0.038,0.00443223080950395
EU27,Geothermal,50+ years,0.0,0.0
G7,Coal,0-9 years,18.17,0.690700954143948
G7,Coal,10-19 years,40.214,1.528665281780117
G7,Coal,20-29 years,31.6939,1.2047884959021946
G7,Coal,30-39 years,33.770300000000006,1.283719231245315
G7,Coal,40-49 years,101.3394,3.8522410716772266
G7,Coal,50+ years,93.979,3.5724482646942266
G7,Oil and gas,0-9 years,149.1088,5.6681117463543815
G7,Oil and gas,10-19 years,214.0788,8.137833319867442
G7,Oil and gas,20-29 years,360.6175,13.708247183874803
G7,Oil and gas,30-39 years,77.89439999999999,2.961020165243277
G7,Oil and gas,40-49 years,35.5121,1.3499307294251677
G7,Oil and gas,50+ years,94.641,3.597613043540858
G7,Utility-scale solar,0-9 years,252.09260548624485,9.58286203313061
G7,Utility-scale solar,10-19 years,59.98490417389336,2.28022182427856
G7,Utility-scale solar,20-29 years,0.38429199999999997,0.014608192133730658
G7,Utility-scale solar,30-39 years,0.0,0.0
G7,Utility-scale solar,40-49 years,0.005,0.00019006630548815302
G7,Utility-scale solar,50+ years,0.0,0.0
G7,Wind,0-9 years,200.3932,7.61759903378971
G7,Wind,10-19 years,159.1594,6.050167828342228
G7,Wind,20-29 years,34.6082,1.3155705427190194
G7,Wind,30-39 years,0.6996,0.026594077463902372
G7,Wind,40-49 years,0.1846,0.007017247998622609
G7,Wind,50+ years,0.023,0.0008743050052455038
G7,Hydropower,0-9 years,6.898,0.2622154750514559
G7,Hydropower,10-19 years,12.367,0.4701099999943977
G7,Hydropower,20-29 years,8.275,0.31455973558289324
G7,Hydropower,30-39 years,30.651,1.1651444659034755
G7,Hydropower,40-49 years,55.517,2.110382216357158
G7,Hydropower,50+ years,227.2495,8.638494577806005
G7,Nuclear,0-9 years,9.342,0.35511988517406506
G7,Nuclear,10-19 years,1.923,0.07309950109074366
G7,Nuclear,20-29 years,10.586,0.40240838197951756
G7,Nuclear,30-39 years,65.934,2.506366357211176
G7,Nuclear,40-49 years,117.117,4.451999099971203
G7,Nuclear,50+ years,35.74,1.3585939516293177
G7,Bioenergy,0-9 years,9.4948,0.36092831146978305
G7,Bioenergy,10-19 years,8.9785,0.3413020647650764
G7,Bioenergy,20-29 years,5.378,0.20443531818305738
G7,Bioenergy,30-39 years,6.3721000000000005,0.24222430104021198
G7,Bioenergy,40-49 years,4.921,0.1870632578614402
G7,Bioenergy,50+ years,5.6799,0.21591152170843206
G7,Geothermal,0-9 years,0.49360000000000004,0.018763345677790467
G7,Geothermal,10-19 years,0.694,0.02638120320175564
G7,Geothermal,20-29 years,0.5812999999999999,0.022097108676052666
G7,Geothermal,30-39 years,1.4122999999999999,0.0536861286481837
G7,Geothermal,40-49 years,1.635,0.06215168189462603
G7,Geothermal,50+ years,0.3782,0.014376615347123893
G20,Coal,0-9 years,549.3068000000001,7.287938282633129
G20,Coal,10-19 years,805.8036,10.691014392546373
G20,Coal,20-29 years,303.2658,4.023584695535103
G20,Coal,30-39 years,141.2276,1.8737398346505059
G20,Coal,40-49 years,158.756,2.1062982107589145
G20,Coal,50+ years,118.9001,1.5775093091855172
G20,Oil and gas,0-9 years,422.3476,5.603504712882169
G20,Oil and gas,10-19 years,465.1752,6.171720700001387
G20,Oil and gas,20-29 years,473.7605,6.2856263289466145
G20,Oil and gas,30-39 years,132.04109999999997,1.7518577734173126
G20,Oil and gas,40-49 years,87.292,1.1581482489705408
G20,Oil and gas,50+ years,131.74220000000003,1.7478921120552489
G20,Utility-scale solar,0-9 years,913.4106584883067,12.118693061440466
G20,Utility-scale solar,10-19 years,129.05494257509474,1.7122388737151133
G20,Utility-scale solar,20-29 years,0.38429199999999997,0.005098601325360709
G20,Utility-scale solar,30-39 years,0.0,0.0
G20,Utility-scale solar,40-49 years,0.005,6.633759387862237e-05
G20,Utility-scale solar,50+ years,0.0,0.0
G20,Wind,0-9 years,647.9205999999999,8.596298725678666
G20,Wind,10-19 years,339.52410000000003,4.504642371560955
G20,Wind,20-29 years,37.237199999999994,0.4940452501554073
G20,Wind,30-39 years,0.9276,0.012306950416362024
G20,Wind,40-49 years,0.1846,0.0024491839659987378
G20,Wind,50+ years,0.023,0.0003051529318416629
G20,Hydropower,0-9 years,149.452,1.982857216069574
G20,Hydropower,10-19 years,250.615,3.3250392179781896
G20,Hydropower,20-29 years,86.123,1.1426385195217188
G20,Hydropower,30-39 years,86.765,1.151156266575734
G20,Hydropower,40-49 years,129.452,1.7175068405550848
G20,Hydropower,50+ years,328.5505,4.359049927523664
G20,Nuclear,0-9 years,54.71,0.7258659522198859
G20,Nuclear,10-19 years,40.751,0.5406646576295481
G20,Nuclear,20-29 years,28.868,0.3830067320176141
G20,Nuclear,30-39 years,80.893,1.0732493963246799
G20,Nuclear,40-49 years,135.051,1.791791678180366
G20,Nuclear,50+ years,37.559,0.49831473769743556
G20,Bioenergy,0-9 years,45.4003,0.6023493326735239
G20,Bioenergy,10-19 years,28.224700000000002,0.3744717371891906
G20,Bioenergy,20-29 years,10.200899999999999,0.13534063227928778
G20,Bioenergy,30-39 years,7.6174,0.1010639975222036
G20,Bioenergy,40-49 years,5.635200000000001,0.07476512180496257
G20,Bioenergy,50+ years,6.3839,0.08469851311234747
G20,Geothermal,0-9 years,2.8562600000000002,0.037895483178350786
G20,Geothermal,10-19 years,2.66045,0.03529757032687617
G20,Geothermal,20-29 years,1.35775,0.018013973617739903
G20,Geothermal,30-39 years,1.9073,0.02530513856093929
G20,Geothermal,40-49 years,1.915,0.025407298455512366
G20,Geothermal,50+ years,0.3902,0.00517698582628769
OECD,Coal,0-9 years,34.916,1.1060355682247767
OECD,Coal,10-19 years,66.49419999999999,2.106339508553441
OECD,Coal,20-29 years,49.0089,1.552456941218102
OECD,Coal,30-39 years,50.2473,1.5916857889580944
OECD,Coal,40-49 years,117.6484,3.726753206115701
OECD,Coal,50+ years,93.365,2.957526945449257
OECD,Oil and gas,0-9 years,191.7416,6.073806550244239
OECD,Oil and gas,10-19 years,272.1277,8.620200346523129
OECD,Oil and gas,20-29 years,408.44319999999993,12.93827204718599
OECD,Oil and gas,30-39 years,90.6541,2.871653654639871
OECD,Oil and gas,40-49 years,42.3461,1.3413991515523889
OECD,Oil and gas,50+ years,95.03379999999999,3.0103895916931998
OECD,Utility-scale solar,0-9 years,310.22062877456705,9.826871618218746
OECD,Utility-scale solar,10-19 years,61.767540596585725,1.9566129242064283
OECD,Utility-scale solar,20-29 years,0.38429199999999997,0.012173233491357424
OECD,Utility-scale solar,30-39 years,0.0,0.0
OECD,Utility-scale solar,40-49 years,0.005,0.00015838520566857268
OECD,Utility-scale solar,50+ years,0.0,0.0
OECD,Wind,0-9 years,229.5732,7.272199699598474
OECD,Wind,10-19 years,169.5229,5.369983876406575
OECD,Wind,20-29 years,35.9274,1.1380737276274155
OECD,Wind,30-39 years,0.8056,0.025519024337320426
OECD,Wind,40-49 years,0.1846,0.005847581793283703
OECD,Wind,50+ years,0.023,0.0007285719460754343
OECD,Hydropower,0-9 years,15.551,0.4926096666703947
OECD,Hydropower,10-19 years,31.725,1.0049541299670937
OECD,Hydropower,20-29 years,18.124,0.5741146935074422
OECD,Hydropower,30-39 years,46.801,1.4825172020989739
OECD,Hydropower,40-49 years,73.728,2.335484888706505
OECD,Hydropower,50+ years,269.969,8.55181911782778
OECD,Nuclear,0-9 years,13.688,0.4335953390382845
OECD,Nuclear,10-19 years,6.897,0.21847655269922914
OECD,Nuclear,20-29 years,18.703,0.592455700323863
OECD,Nuclear,30-39 years,69.887,2.2138133737119077
OECD,Nuclear,40-49 years,123.25,3.9041953197303165
OECD,Nuclear,50+ years,36.5,1.1562120013805803
OECD,Bioenergy,0-9 years,11.170399999999999,0.3538452202800448
OECD,Bioenergy,10-19 years,10.5244,0.3333818517076652
OECD,Bioenergy,20-29 years,5.8523000000000005,0.18538354782683758
OECD,Bioenergy,30-39 years,6.699,0.21220449855475365
OECD,Bioenergy,40-49 years,4.9885,0.15802091969553494
OECD,Bioenergy,50+ years,5.6899,0.1802391963467223
OECD,Geothermal,0-9 years,2.1436599999999997,0.06790480599669849
OECD,Geothermal,10-19 years,2.4255,0.0768326632698246
OECD,Geothermal,20-29 years,1.3168,0.041712327764875295
OECD,Geothermal,30-39 years,1.8224,0.05772823976208137
OECD,Geothermal,40-49 years,1.923,0.06091495010013305
OECD,Geothermal,50+ years,0.5712,0.01809392589557774
African Union,Coal,0-9 years,11.545,4.382108090393657
African Union,Coal,10-19 years,2.9493,1.1194587605888273
African Union,Coal,20-29 years,4.279,1.6241698154001263
African Union,Coal,30-39 years,14.016,5.320019661754656
African Union,Coal,40-49 years,13.0313,4.946259433377813
African Union,Coal,50+ years,7.062,2.6805064819714164
African Union,Oil and gas,0-9 years,47.412600000000005,17.996287401177856
African Union,Oil and gas,10-19 years,51.5414,19.56344616112738
African Union,Oil and gas,20-29 years,14.0108,5.318045910167816
African Union,Oil and gas,30-39 years,9.533,3.618418053332415
African Union,Oil and gas,40-49 years,7.199,2.732507244932346
African Union,Oil and gas,50+ years,0.997,0.37842891001493945
African Union,Utility-scale solar,0-9 years,12.473764825212607,4.734637138001904
African Union,Utility-scale solar,10-19 years,2.071650375959509,0.7863313878700064
African Union,Utility-scale solar,20-29 years,0.0,0.0
African Union,Utility-scale solar,30-39 years,0.0,0.0
African Union,Utility-scale solar,40-49 years,0.0,0.0
African Union,Utility-scale solar,50+ years,0.0,0.0
African Union,Wind,0-9 years,8.152,3.0942351799817316
African Union,Wind,10-19 years,3.0375,1.152936624042506
African Union,Wind,20-29 years,0.245,0.09299406514910748
African Union,Wind,30-39 years,0.0,0.0
African Union,Wind,40-49 years,0.0,0.0
African Union,Wind,50+ years,0.0,0.0
African Union,Hydropower,0-9 years,15.606,5.923532166191721
African Union,Hydropower,10-19 years,7.755,2.943546837678892
African Union,Hydropower,20-29 years,2.365,0.8976774043985274
African Union,Hydropower,30-39 years,2.211,0.8392239920190885
African Union,Hydropower,40-49 years,6.66,2.52792030160431
African Union,Hydropower,50+ years,12.609,4.785968030469781
African Union,Nuclear,0-9 years,0.0,0.0
African Union,Nuclear,10-19 years,0.0,0.0
African Union,Nuclear,20-29 years,0.0,0.0
African Union,Nuclear,30-39 years,0.0,0.0
African Union,Nuclear,40-49 years,1.94,0.7363611689357898
African Union,Nuclear,50+ years,0.0,0.0
African Union,Bioenergy,0-9 years,0.347,0.13170996166016447
African Union,Bioenergy,10-19 years,0.37839999999999996,0.14362838470376435
African Union,Bioenergy,20-29 years,0.041,0.015562272126993498
African Union,Bioenergy,30-39 years,0.0295,0.011197244579178247
African Union,Bioenergy,40-49 years,0.0345,0.013095082643445747
African Union,Bioenergy,50+ years,0.045700000000000005,0.01734623990740495
African Union,Geothermal,0-9 years,0.317,0.12032293327455948
African Union,Geothermal,10-19 years,0.4055,0.15391466701209422
African Union,Geothermal,20-29 years,0.129,0.04896422205810149
African Union,Geothermal,30-39 years,0.0,0.0
African Union,Geothermal,40-49 years,0.0,0.0
African Union,Geothermal,50+ years,0.0,0.0
Afghanistan,Oil and gas,0-9 years,0.0,0.0
Afghanistan,Oil and gas,10-19 years,0.105,16.553365143429918
Afghanistan,Oil and gas,20-29 years,0.0,0.0
Afghanistan,Oil and gas,30-39 years,0.0,0.0
Afghanistan,Oil and gas,40-49 years,0.0,0.0
Afghanistan,Oil and gas,50+ years,0.0,0.0
Afghanistan,Utility-scale solar,0-9 years,0.06987211170784102,11.015415032784926
Afghanistan,Utility-scale solar,10-19 years,0.01044,1.645877448546746
Afghanistan,Utility-scale solar,20-29 years,0.0,0.0
Afghanistan,Utility-scale solar,30-39 years,0.0,0.0
Afghanistan,Utility-scale solar,40-49 years,0.0,0.0
Afghanistan,Utility-scale solar,50+ years,0.0,0.0
Afghanistan,Hydropower,0-9 years,0.1,15.765109660409445
Afghanistan,Hydropower,10-19 years,0.042,6.621346057371967
Afghanistan,Hydropower,20-29 years,0.0,0.0
Afghanistan,Hydropower,30-39 years,0.0,0.0
Afghanistan,Hydropower,40-49 years,0.0,0.0
Afghanistan,Hydropower,50+ years,0.212,33.422032480068026
Albania,Oil and gas,0-9 years,0.1102,5.007649671867726
Albania,Oil and gas,10-19 years,0.0,0.0
Albania,Oil and gas,20-29 years,0.0,0.0
Albania,Oil and gas,30-39 years,0.0,0.0
Albania,Oil and gas,40-49 years,0.0,0.0
Albania,Oil and gas,50+ years,0.0,0.0
Albania,Utility-scale solar,0-9 years,0.3204331756609924,14.560953602126151
Albania,Utility-scale solar,10-19 years,0.0,0.0
Albania,Utility-scale solar,20-29 years,0.0,0.0
Albania,Utility-scale solar,30-39 years,0.0,0.0
Albania,Utility-scale solar,40-49 years,0.0,0.0
Albania,Utility-scale solar,50+ years,0.0,0.0
Albania,Hydropower,0-9 years,0.269,12.223754643669857
Albania,Hydropower,10-19 years,0.151,6.861661528602782
Albania,Hydropower,20-29 years,0.0,0.0
Albania,Hydropower,30-39 years,0.0,0.0
Albania,Hydropower,40-49 years,1.1,49.98561378452357
Albania,Hydropower,50+ years,0.25,11.360366769209904
Algeria,Oil and gas,0-9 years,9.6896,35.77663070194552
Algeria,Oil and gas,10-19 years,10.116,37.351015127650356
Algeria,Oil and gas,20-29 years,2.877,10.622664148106965
Algeria,Oil and gas,30-39 years,1.992,7.3550041651126445
Algeria,Oil and gas,40-49 years,1.204,4.445494485339168
Algeria,Oil and gas,50+ years,0.395,1.458447111053963
Algeria,Utility-scale solar,0-9 years,0.268681875,0.9920463402185115
Algeria,Utility-scale solar,10-19 years,0.151319375,0.5587121653550412
Algeria,Utility-scale solar,20-29 years,0.0,0.0
Algeria,Utility-scale solar,30-39 years,0.0,0.0
Algeria,Utility-scale solar,40-49 years,0.0,0.0
Algeria,Utility-scale solar,50+ years,0.0,0.0
Algeria,Wind,0-9 years,0.0,0.0
Algeria,Wind,10-19 years,0.01,0.03692271167225223
Algeria,Wind,20-29 years,0.0,0.0
Algeria,Wind,30-39 years,0.0,0.0
Algeria,Wind,40-49 years,0.0,0.0
Algeria,Wind,50+ years,0.0,0.0
Algeria,Hydropower,0-9 years,0.0,0.0
Algeria,Hydropower,10-19 years,0.0,0.0
Algeria,Hydropower,20-29 years,0.0,0.0
Algeria,Hydropower,30-39 years,0.0,0.0
Algeria,Hydropower,40-49 years,0.0,0.0
Algeria,Hydropower,50+ years,0.196,0.7236851487761436
Andorra,Utility-scale solar,0-9 years,0.0033,4.97737556561086
Andorra,Utility-scale solar,10-19 years,0.0,0.0
Andorra,Utility-scale solar,20-29 years,0.0,0.0
Andorra,Utility-scale solar,30-39 years,0.0,0.0
Andorra,Utility-scale solar,40-49 years,0.0,0.0
Andorra,Utility-scale solar,50+ years,0.0,0.0
Andorra,Hydropower,0-9 years,0.0,0.0
Andorra,Hydropower,10-19 years,0.0,0.0
Andorra,Hydropower,20-29 years,0.0,0.0
Andorra,Hydropower,30-39 years,0.0,0.0
Andorra,Hydropower,40-49 years,0.0,0.0
Andorra,Hydropower,50+ years,0.045,67.87330316742081
Angola,Oil and gas,0-9 years,0.804,15.396774102615746
Angola,Oil and gas,10-19 years,0.0,0.0
Angola,Oil and gas,20-29 years,0.0,0.0
Angola,Oil and gas,30-39 years,0.0,0.0
Angola,Oil and gas,40-49 years,0.0,0.0
Angola,Oil and gas,50+ years,0.0,0.0
Angola,Utility-scale solar,0-9 years,0.48887306666666663,9.362025089949844
Angola,Utility-scale solar,10-19 years,0.0,0.0
Angola,Utility-scale solar,20-29 years,0.0,0.0
Angola,Utility-scale solar,30-39 years,0.0,0.0
Angola,Utility-scale solar,40-49 years,0.0,0.0
Angola,Utility-scale solar,50+ years,0.0,0.0
Angola,Wind,0-9 years,0.0,0.0
Angola,Wind,10-19 years,0.05,0.9575108272770985
Angola,Wind,20-29 years,0.0,0.0
Angola,Wind,30-39 years,0.0,0.0
Angola,Wind,40-49 years,0.0,0.0
Angola,Wind,50+ years,0.0,0.0
Angola,Hydropower,0-9 years,2.77,53.04609983115126
Angola,Hydropower,10-19 years,0.11,2.106523820009617
Angola,Hydropower,20-29 years,0.52,9.958112603681824
Angola,Hydropower,30-39 years,0.0,0.0
Angola,Hydropower,40-49 years,0.0,0.0
Angola,Hydropower,50+ years,0.254,4.86415500256766
Angola,Bioenergy,0-9 years,0.0,0.0
Angola,Bioenergy,10-19 years,0.1,1.915021654554197
Angola,Bioenergy,20-29 years,0.0,0.0
Angola,Bioenergy,30-39 years,0.0,0.0
Angola,Bioenergy,40-49 years,0.0,0.0
Angola,Bioenergy,50+ years,0.0,0.0
Anguilla,Utility-scale solar,0-9 years,0.0012,100.0
Anguilla,Utility-scale solar,10-19 years,0.0,0.0
Anguilla,Utility-scale solar,20-29 years,0.0,0.0
Anguilla,Utility-scale solar,30-39 years,0.0,0.0
Anguilla,Utility-scale solar,40-49 years,0.0,0.0
Anguilla,Utility-scale solar,50+ years,0.0,0.0
Antigua and Barbuda,Utility-scale solar,0-9 years,0.010299999999999998,100.0
Antigua and Barbuda,Utility-scale solar,10-19 years,0.0,0.0
Antigua and Barbuda,Utility-scale solar,20-29 years,0.0,0.0
Antigua and Barbuda,Utility-scale solar,30-39 years,0.0,0.0
Antigua and Barbuda,Utility-scale solar,40-49 years,0.0,0.0
Antigua and Barbuda,Utility-scale solar,50+ years,0.0,0.0
Argentina,Coal,0-9 years,0.0,0.0
Argentina,Coal,10-19 years,0.0,0.0
Argentina,Coal,20-29 years,0.0,0.0
Argentina,Coal,30-39 years,0.0,0.0
Argentina,Coal,40-49 years,0.375,0.8690153806820641
Argentina,Coal,50+ years,0.15,0.3476061522728256
Argentina,Oil and gas,0-9 years,7.3372,17.00303906970784
Argentina,Oil and gas,10-19 years,4.827,11.185965980139528
Argentina,Oil and gas,20-29 years,7.233,16.76156866259565
Argentina,Oil and gas,30-39 years,1.077,2.4958121733188876
Argentina,Oil and gas,40-49 years,0.436,1.0103752159396797
Argentina,Oil and gas,50+ years,2.106,4.880390377910471
Argentina,Utility-scale solar,0-9 years,2.6962441304347826,6.248206985124169
Argentina,Utility-scale solar,10-19 years,0.029765,0.06897664748267103
Argentina,Utility-scale solar,20-29 years,0.0,0.0
Argentina,Utility-scale solar,30-39 years,0.0,0.0
Argentina,Utility-scale solar,40-49 years,0.0,0.0
Argentina,Utility-scale solar,50+ years,0.0,0.0
Argentina,Wind,0-9 years,4.466,10.349393840336262
Argentina,Wind,10-19 years,0.183,0.42407950577284725
Argentina,Wind,20-29 years,0.018,0.041712738272739074
Argentina,Wind,30-39 years,0.0,0.0
Argentina,Wind,40-49 years,0.0,0.0
Argentina,Wind,50+ years,0.0,0.0
Argentina,Hydropower,0-9 years,0.0,0.0
Argentina,Hydropower,10-19 years,0.19,0.44030112621224576
Argentina,Hydropower,20-29 years,0.516,1.19576516381852
Argentina,Hydropower,30-39 years,3.154,7.30899869512328
Argentina,Hydropower,40-49 years,3.604,8.351817151941757
Argentina,Hydropower,50+ years,2.396,5.552428938971268
Argentina,Nuclear,0-9 years,0.0,0.0
Argentina,Nuclear,10-19 years,0.745,1.7264438896217003
Argentina,Nuclear,20-29 years,0.0,0.0
Argentina,Nuclear,30-39 years,0.0,0.0
Argentina,Nuclear,40-49 years,0.656,1.5201975726064905
Argentina,Nuclear,50+ years,0.362,0.8388895141517524
Argentina,Bioenergy,0-9 years,0.132,0.3058934140000865
Argentina,Bioenergy,10-19 years,0.122,0.28271967051523145
Argentina,Bioenergy,20-29 years,0.0,0.0
Argentina,Bioenergy,30-39 years,0.0,0.0
Argentina,Bioenergy,40-49 years,0.0,0.0
Argentina,Bioenergy,50+ years,0.0,0.0
Armenia,Oil and gas,0-9 years,0.254,9.077589753902867
Armenia,Oil and gas,10-19 years,0.673,24.052038993608775
Armenia,Oil and gas,20-29 years,0.0,0.0
Armenia,Oil and gas,30-39 years,0.0,0.0
Armenia,Oil and gas,40-49 years,0.0,0.0
Armenia,Oil and gas,50+ years,0.2,7.147708467640052
Armenia,Hydropower,0-9 years,0.0,0.0
Armenia,Hydropower,10-19 years,0.0,0.0
Armenia,Hydropower,20-29 years,0.0,0.0
Armenia,Hydropower,30-39 years,0.076,2.71612921770322
Armenia,Hydropower,40-49 years,0.171,6.111290739832245
Armenia,Hydropower,50+ years,0.713,25.481580687136784
Armenia,Nuclear,0-9 years,0.0,0.0
Armenia,Nuclear,10-19 years,0.0,0.0
Armenia,Nuclear,20-29 years,0.0,0.0
Armenia,Nuclear,30-39 years,0.0,0.0
Armenia,Nuclear,40-49 years,0.448,16.010866967513714
Armenia,Nuclear,50+ years,0.0,0.0
Australia,Coal,0-9 years,0.0,0.0
Australia,Coal,10-19 years,1.33,1.7514820921296126
Australia,Coal,20-29 years,2.595,3.417365435395748
Australia,Coal,30-39 years,5.696,7.501084208097951
Australia,Coal,40-49 years,12.008,15.813381174655932
Australia,Coal,50+ years,1.0,1.3169038286688817
Australia,Oil and gas,0-9 years,1.3894000000000002,1.8297061795525444
Australia,Oil and gas,10-19 years,8.1413,10.721309140341967
Australia,Oil and gas,20-29 years,4.4635,5.878000239263554
Australia,Oil and gas,30-39 years,0.9611000000000001,1.2656762697336623
Australia,Oil and gas,40-49 years,0.95,1.2510586372354378
Australia,Oil and gas,50+ years,0.956,1.2589600602074509
Australia,Utility-scale solar,0-9 years,11.724137464285713,15.43956151455813
Australia,Utility-scale solar,10-19 years,0.24934096428571428,0.32835807051184807
Australia,Utility-scale solar,20-29 years,0.0,0.0
Australia,Utility-scale solar,30-39 years,0.0,0.0
Australia,Utility-scale solar,40-49 years,0.0,0.0
Australia,Utility-scale solar,50+ years,0.0,0.0
Australia,Wind,0-9 years,10.1492,13.365520337926215
Australia,Wind,10-19 years,3.384,4.4564025562154965
Australia,Wind,20-29 years,0.699,0.9205157762395484
Australia,Wind,30-39 years,0.0,0.0
Australia,Wind,40-49 years,0.0,0.0
Australia,Wind,50+ years,0.0,0.0
Australia,Hydropower,0-9 years,0.0,0.0
Australia,Hydropower,10-19 years,0.14,0.18436653601364345
Australia,Hydropower,20-29 years,0.03,0.03950711486006645
Australia,Hydropower,30-39 years,0.237,0.31210620739452494
Australia,Hydropower,40-49 years,1.827,2.405983294978047
Australia,Hydropower,50+ years,5.967,7.857965145667217
Australia,Bioenergy,0-9 years,0.038,0.05004234548941751
Australia,Bioenergy,10-19 years,0.176,0.23177507384572318
Australia,Bioenergy,20-29 years,0.128,0.16856369006961686
Australia,Bioenergy,30-39 years,0.012,0.015802845944026582
Australia,Bioenergy,40-49 years,0.0,0.0
Australia,Bioenergy,50+ years,0.0,0.0
Austria,Oil and gas,0-9 years,0.246,1.1393750222317078
Austria,Oil and gas,10-19 years,2.597,12.028280214372948
Austria,Oil and gas,20-29 years,1.379,6.386984372591566
Austria,Oil and gas,30-39 years,0.194,0.898531521597363
Austria,Oil and gas,40-49 years,0.0,0.0
Austria,Oil and gas,50+ years,0.31,1.435797792243209
Austria,Utility-scale solar,0-9 years,0.826784,3.8293375543935784
Austria,Utility-scale solar,10-19 years,0.0,0.0
Austria,Utility-scale solar,20-29 years,0.0,0.0
Austria,Utility-scale solar,30-39 years,0.0,0.0
Austria,Utility-scale solar,40-49 years,0.0,0.0
Austria,Utility-scale solar,50+ years,0.0,0.0
Austria,Wind,0-9 years,1.024,4.74276432018402
Austria,Wind,10-19 years,1.399,6.4796164882201595
Austria,Wind,20-29 years,0.667,3.0892810562136144
Austria,Wind,30-39 years,0.0,0.0
Austria,Wind,40-49 years,0.0,0.0
Austria,Wind,50+ years,0.0,0.0
Austria,Hydropower,0-9 years,0.986,4.56676330048969
Austria,Hydropower,10-19 years,1.575,7.294779105751788
Austria,Hydropower,20-29 years,0.204,0.94484757941166
Austria,Hydropower,30-39 years,0.763,3.533915211230866
Austria,Hydropower,40-49 years,2.804,12.987022611128896
Austria,Hydropower,50+ years,6.18,28.623323729235583
Austria,Bioenergy,0-9 years,0.111,0.5141082417386974
Austria,Bioenergy,10-19 years,0.029,0.1343165676614615
Austria,Bioenergy,20-29 years,0.0655,0.3033701786836458
Austria,Bioenergy,30-39 years,0.0,0.0
Austria,Bioenergy,40-49 years,0.0,0.0
Austria,Bioenergy,50+ years,0.0,0.0
Azerbaijan,Oil and gas,0-9 years,2.0643000000000002,23.86639535690337
Azerbaijan,Oil and gas,10-19 years,1.9955999999999998,23.07212060952205
Azerbaijan,Oil and gas,20-29 years,0.681,7.873378500242792
Azerbaijan,Oil and gas,30-39 years,2.4,27.74758942816843
Azerbaijan,Oil and gas,40-49 years,0.0,0.0
Azerbaijan,Oil and gas,50+ years,0.0,0.0
Azerbaijan,Utility-scale solar,0-9 years,0.2841,3.284620898559438
Azerbaijan,Utility-scale solar,10-19 years,0.0174,0.2011700233542211
Azerbaijan,Utility-scale solar,20-29 years,0.0,0.0
Azerbaijan,Utility-scale solar,30-39 years,0.0,0.0
Azerbaijan,Utility-scale solar,40-49 years,0.0,0.0
Azerbaijan,Utility-scale solar,50+ years,0.0,0.0
Azerbaijan,Wind,0-9 years,0.05,0.578074779753509
Azerbaijan,Wind,10-19 years,0.0,0.0
Azerbaijan,Wind,20-29 years,0.0,0.0
Azerbaijan,Wind,30-39 years,0.0,0.0
Azerbaijan,Wind,40-49 years,0.0,0.0
Azerbaijan,Wind,50+ years,0.0,0.0
Azerbaijan,Hydropower,0-9 years,0.091,1.0520960991513864
Azerbaijan,Hydropower,10-19 years,0.025,0.2890373898767545
Azerbaijan,Hydropower,20-29 years,0.15,1.7342243392605268
Azerbaijan,Hydropower,30-39 years,0.0,0.0
Azerbaijan,Hydropower,40-49 years,0.38,4.393368326126668
Azerbaijan,Hydropower,50+ years,0.474,5.480148912063265
Azerbaijan,Bioenergy,0-9 years,0.0,0.0
Azerbaijan,Bioenergy,10-19 years,0.037,0.42777533701759657
Azerbaijan,Bioenergy,20-29 years,0.0,0.0
Azerbaijan,Bioenergy,30-39 years,0.0,0.0
Azerbaijan,Bioenergy,40-49 years,0.0,0.0
Azerbaijan,Bioenergy,50+ years,0.0,0.0
Bahrain,Oil and gas,0-9 years,3.9728999999999997,42.749233335126696
Bahrain,Oil and gas,10-19 years,2.168,23.328132565771774
Bahrain,Oil and gas,20-29 years,1.647,17.722063808037877
Bahrain,Oil and gas,30-39 years,0.794,8.54360574595147
Bahrain,Oil and gas,40-49 years,0.7,7.532146123634799
Bahrain,Oil and gas,50+ years,0.0,0.0
Bahrain,Utility-scale solar,0-9 years,0.0075,0.08070156561037284
Bahrain,Utility-scale solar,10-19 years,0.0040999999999999995,0.04411685586700381
Bahrain,Utility-scale solar,20-29 years,0.0,0.0
Bahrain,Utility-scale solar,30-39 years,0.0,0.0
Bahrain,Utility-scale solar,40-49 years,0.0,0.0
Bahrain,Utility-scale solar,50+ years,0.0,0.0
Bangladesh,Coal,0-9 years,7.105,24.33709681788955
Bangladesh,Coal,10-19 years,0.0,0.0
Bangladesh,Coal,20-29 years,0.125,0.42816848729573453
Bangladesh,Coal,30-39 years,0.0,0.0
Bangladesh,Coal,40-49 years,0.0,0.0
Bangladesh,Coal,50+ years,0.0,0.0
Bangladesh,Oil and gas,0-9 years,11.5544,39.57783975687868
Bangladesh,Oil and gas,10-19 years,6.8093,23.32422144434276
Bangladesh,Oil and gas,20-29 years,1.554,5.322990634060572
Bangladesh,Oil and gas,30-39 years,0.457,1.5653839895532053
Bangladesh,Oil and gas,40-49 years,0.15,0.5138021847548815
Bangladesh,Oil and gas,50+ years,0.0,0.0
Bangladesh,Utility-scale solar,0-9 years,1.042164865735768,3.5697772325987684
Bangladesh,Utility-scale solar,10-19 years,0.0,0.0
Bangladesh,Utility-scale solar,20-29 years,0.0,0.0
Bangladesh,Utility-scale solar,30-39 years,0.0,0.0
Bangladesh,Utility-scale solar,40-49 years,0.0,0.0
Bangladesh,Utility-scale solar,50+ years,0.0,0.0
Bangladesh,Wind,0-9 years,0.06,0.20552087390195256
Bangladesh,Wind,10-19 years,0.0,0.0
Bangladesh,Wind,20-29 years,0.0,0.0
Bangladesh,Wind,30-39 years,0.0,0.0
Bangladesh,Wind,40-49 years,0.0,0.0
Bangladesh,Wind,50+ years,0.0,0.0
Bangladesh,Hydropower,0-9 years,0.0,0.0
Bangladesh,Hydropower,10-19 years,0.0,0.0
Bangladesh,Hydropower,20-29 years,0.0,0.0
Bangladesh,Hydropower,30-39 years,0.0,0.0
Bangladesh,Hydropower,40-49 years,0.0,0.0
Bangladesh,Hydropower,50+ years,0.23,0.7878300166241515
Bangladesh,Bioenergy,0-9 years,0.042,0.1438646117313668
Bangladesh,Bioenergy,10-19 years,0.0,0.0
Bangladesh,Bioenergy,20-29 years,0.0,0.0
Bangladesh,Bioenergy,30-39 years,0.0,0.0
Bangladesh,Bioenergy,40-49 years,0.0,0.0
Bangladesh,Bioenergy,50+ years,0.0,0.0
Barbados,Oil and gas,0-9 years,0.0,0.0
Barbados,Oil and gas,10-19 years,0.0,0.0
Barbados,Oil and gas,20-29 years,0.06,44.71247395222389
Barbados,Oil and gas,30-39 years,0.0,0.0
Barbados,Oil and gas,40-49 years,0.05,37.260394960186574
Barbados,Oil and gas,50+ years,0.0,0.0
Barbados,Utility-scale solar,0-9 years,0.0146,10.880035328374479
Barbados,Utility-scale solar,10-19 years,0.00959074074074074,7.147095759215047
Barbados,Utility-scale solar,20-29 years,0.0,0.0
Barbados,Utility-scale solar,30-39 years,0.0,0.0
Barbados,Utility-scale solar,40-49 years,0.0,0.0
Barbados,Utility-scale solar,50+ years,0.0,0.0
Belarus,Oil and gas,0-9 years,1.1232,9.437171797324567
Belarus,Oil and gas,10-19 years,2.046,17.190574694912808
Belarus,Oil and gas,20-29 years,2.072,17.4090277457768
Belarus,Oil and gas,30-39 years,0.484,4.066587562237438
Belarus,Oil and gas,40-49 years,1.48,12.435019818412002
Belarus,Oil and gas,50+ years,2.01,16.888101239870355
Belarus,Utility-scale solar,0-9 years,0.2179277339055794,1.8310376284442547
Belarus,Utility-scale solar,10-19 years,0.040743124463519305,0.3423253784918172
Belarus,Utility-scale solar,20-29 years,0.0,0.0
Belarus,Utility-scale solar,30-39 years,0.0,0.0
Belarus,Utility-scale solar,40-49 years,0.0,0.0
Belarus,Utility-scale solar,50+ years,0.0,0.0
Belarus,Nuclear,0-9 years,2.388,20.06407251781612
Belarus,Nuclear,10-19 years,0.0,0.0
Belarus,Nuclear,20-29 years,0.0,0.0
Belarus,Nuclear,30-39 years,0.0,0.0
Belarus,Nuclear,40-49 years,0.0,0.0
Belarus,Nuclear,50+ years,0.0,0.0
Belgium,Oil and gas,0-9 years,0.8987999999999999,5.4139466518641814
Belgium,Oil and gas,10-19 years,2.108,12.69759628630362
Belgium,Oil and gas,20-29 years,1.8982,11.433860185323308
Belgium,Oil and gas,30-39 years,0.823,4.9573632559904555
Belgium,Oil and gas,40-49 years,0.05,0.3011763825024578
Belgium,Oil and gas,50+ years,0.0,0.0
Belgium,Utility-scale solar,0-9 years,0.8387673554987213,5.052338357805158
Belgium,Utility-scale solar,10-19 years,0.0384,0.23130346176188757
Belgium,Utility-scale solar,20-29 years,0.0,0.0
Belgium,Utility-scale solar,30-39 years,0.0,0.0
Belgium,Utility-scale solar,40-49 years,0.0,0.0
Belgium,Utility-scale solar,50+ years,0.0,0.0
Belgium,Wind,0-9 years,2.388,14.384184028317385
Belgium,Wind,10-19 years,1.46,8.794350369071768
Belgium,Wind,20-29 years,0.047,0.28310579955231036
Belgium,Wind,30-39 years,0.0,0.0
Belgium,Wind,40-49 years,0.0,0.0
Belgium,Wind,50+ years,0.0,0.0
Belgium,Hydropower,0-9 years,0.0,0.0
Belgium,Hydropower,10-19 years,0.0,0.0
Belgium,Hydropower,20-29 years,0.0,0.0
Belgium,Hydropower,30-39 years,0.0,0.0
Belgium,Hydropower,40-49 years,0.144,0.8673879816070784
Belgium,Hydropower,50+ years,1.164,7.011386184657217
Belgium,Nuclear,0-9 years,0.0,0.0
Belgium,Nuclear,10-19 years,0.0,0.0
Belgium,Nuclear,20-29 years,0.0,0.0
Belgium,Nuclear,30-39 years,0.0,0.0
Belgium,Nuclear,40-49 years,2.179,13.12526674945711
Belgium,Nuclear,50+ years,1.917,11.547102505144231
Belgium,Bioenergy,0-9 years,0.04,0.24094110600196622
Belgium,Bioenergy,10-19 years,0.126,0.7589644839061936
Belgium,Bioenergy,20-29 years,0.04,0.24094110600196622
Belgium,Bioenergy,30-39 years,0.042,0.25298816130206453
Belgium,Bioenergy,40-49 years,0.0185,0.11143526152590938
Belgium,Bioenergy,50+ years,0.0,0.0
Belize,Utility-scale solar,0-9 years,0.004200000000000001,13.249211356466878
Belize,Utility-scale solar,10-19 years,0.0,0.0
Belize,Utility-scale solar,20-29 years,0.0,0.0
Belize,Utility-scale solar,30-39 years,0.0,0.0
Belize,Utility-scale solar,40-49 years,0.0,0.0
Belize,Utility-scale solar,50+ years,0.0,0.0
Belize,Bioenergy,0-9 years,0.0,0.0
Belize,Bioenergy,10-19 years,0.0275,86.75078864353313
Belize,Bioenergy,20-29 years,0.0,0.0
Belize,Bioenergy,30-39 years,0.0,0.0
Belize,Bioenergy,40-49 years,0.0,0.0
Belize,Bioenergy,50+ years,0.0,0.0
Benin,Oil and gas,0-9 years,0.1274,83.78822755672476
Benin,Oil and gas,10-19 years,0.0,0.0
Benin,Oil and gas,20-29 years,0.0,0.0
Benin,Oil and gas,30-39 years,0.0,0.0
Benin,Oil and gas,40-49 years,0.0,0.0
Benin,Oil and gas,50+ years,0.0,0.0
Benin,Utility-scale solar,0-9 years,0.02465,16.211772443275237
Benin,Utility-scale solar,10-19 years,0.0,0.0
Benin,Utility-scale solar,20-29 years,0.0,0.0
Benin,Utility-scale solar,30-39 years,0.0,0.0
Benin,Utility-scale solar,40-49 years,0.0,0.0
Benin,Utility-scale solar,50+ years,0.0,0.0
Bermuda,Oil and gas,0-9 years,0.056,46.666666666666664
Bermuda,Oil and gas,10-19 years,0.0,0.0
Bermuda,Oil and gas,20-29 years,0.058,48.333333333333336
Bermuda,Oil and gas,30-39 years,0.0,0.0
Bermuda,Oil and gas,40-49 years,0.0,0.0
Bermuda,Oil and gas,50+ years,0.0,0.0
Bermuda,Utility-scale solar,0-9 years,0.006,5.0
Bermuda,Utility-scale solar,10-19 years,0.0,0.0
Bermuda,Utility-scale solar,20-29 years,0.0,0.0
Bermuda,Utility-scale solar,30-39 years,0.0,0.0
Bermuda,Utility-scale solar,40-49 years,0.0,0.0
Bermuda,Utility-scale solar,50+ years,0.0,0.0
Bhutan,Utility-scale solar,0-9 years,0.015137999999999999,0.43510777669641154
Bhutan,Utility-scale solar,10-19 years,0.0,0.0
Bhutan,Utility-scale solar,20-29 years,0.0,0.0
Bhutan,Utility-scale solar,30-39 years,0.0,0.0
Bhutan,Utility-scale solar,40-49 years,0.0,0.0
Bhutan,Utility-scale solar,50+ years,0.0,0.0
Bhutan,Hydropower,0-9 years,1.858,53.40403283801908
Bhutan,Hydropower,10-19 years,0.126,3.6215867263672785
Bhutan,Hydropower,20-29 years,1.144,32.88170805527116
Bhutan,Hydropower,30-39 years,0.0,0.0
Bhutan,Hydropower,40-49 years,0.336,9.657564603646076
Bhutan,Hydropower,50+ years,0.0,0.0
Bolivia,Oil and gas,0-9 years,1.4484000000000001,46.62792512153867
Bolivia,Oil and gas,10-19 years,0.3098,9.973302404482656
Bolivia,Oil and gas,20-29 years,0.062,1.9959481894058253
Bolivia,Oil and gas,30-39 years,0.125,4.024089091544003
Bolivia,Oil and gas,40-49 years,0.0,0.0
Bolivia,Oil and gas,50+ years,0.0,0.0
Bolivia,Utility-scale solar,0-9 years,0.16609305555555556,5.346986024338585
Bolivia,Utility-scale solar,10-19 years,0.0,0.0
Bolivia,Utility-scale solar,20-29 years,0.0,0.0
Bolivia,Utility-scale solar,30-39 years,0.0,0.0
Bolivia,Utility-scale solar,40-49 years,0.0,0.0
Bolivia,Utility-scale solar,50+ years,0.0,0.0
Bolivia,Wind,0-9 years,0.108,3.4768129750940178
Bolivia,Wind,10-19 years,0.024,0.7726251055764485
Bolivia,Wind,20-29 years,0.0,0.0
Bolivia,Wind,30-39 years,0.0,0.0
Bolivia,Wind,40-49 years,0.0,0.0
Bolivia,Wind,50+ years,0.0,0.0
Bolivia,Hydropower,0-9 years,0.447,14.390142591361352
Bolivia,Hydropower,10-19 years,0.0,0.0
Bolivia,Hydropower,20-29 years,0.123,3.9597036660792986
Bolivia,Hydropower,30-39 years,0.0,0.0
Bolivia,Hydropower,40-49 years,0.0,0.0
Bolivia,Hydropower,50+ years,0.161,5.183026749908675
Bolivia,Bioenergy,0-9 years,0.0,0.0
Bolivia,Bioenergy,10-19 years,0.03,0.9657813819705605
Bolivia,Bioenergy,20-29 years,0.0,0.0
Bolivia,Bioenergy,30-39 years,0.0,0.0
Bolivia,Bioenergy,40-49 years,0.0,0.0
Bolivia,Bioenergy,50+ years,0.0,0.0
Bolivia,Geothermal,0-9 years,0.005,0.1609635636617601
Bolivia,Geothermal,10-19 years,0.0,0.0
Bolivia,Geothermal,20-29 years,0.0,0.0
Bolivia,Geothermal,30-39 years,0.0,0.0
Bolivia,Geothermal,40-49 years,0.0,0.0
Bolivia,Geothermal,50+ years,0.0,0.0
Bosnia and Herzegovina,Coal,0-9 years,0.0,0.0
Bosnia and Herzegovina,Coal,10-19 years,0.3,6.2945485167746025
Bosnia and Herzegovina,Coal,20-29 years,0.0,0.0
Bosnia and Herzegovina,Coal,30-39 years,0.23,4.825820529527195
Bosnia and Herzegovina,Coal,40-49 years,0.94,19.722918685893752
Bosnia and Herzegovina,Coal,50+ years,0.52,10.910550762409311
Bosnia and Herzegovina,Utility-scale solar,0-9 years,0.5020288772183992,10.533483748243643
Bosnia and Herzegovina,Utility-scale solar,10-19 years,0.0,0.0
Bosnia and Herzegovina,Utility-scale solar,20-29 years,0.0,0.0
Bosnia and Herzegovina,Utility-scale solar,30-39 years,0.0,0.0
Bosnia and Herzegovina,Utility-scale solar,40-49 years,0.0,0.0
Bosnia and Herzegovina,Utility-scale solar,50+ years,0.0,0.0
Bosnia and Herzegovina,Wind,0-9 years,0.244,5.119566126976677
Bosnia and Herzegovina,Wind,10-19 years,0.0,0.0
Bosnia and Herzegovina,Wind,20-29 years,0.0,0.0
Bosnia and Herzegovina,Wind,30-39 years,0.0,0.0
Bosnia and Herzegovina,Wind,40-49 years,0.0,0.0
Bosnia and Herzegovina,Wind,50+ years,0.0,0.0
Bosnia and Herzegovina,Hydropower,0-9 years,0.035,0.7343639936237036
Bosnia and Herzegovina,Hydropower,10-19 years,0.06,1.2589097033549206
Bosnia and Herzegovina,Hydropower,20-29 years,0.03,0.6294548516774603
Bosnia and Herzegovina,Hydropower,30-39 years,0.315,6.6092759426133325
Bosnia and Herzegovina,Hydropower,40-49 years,0.874,18.338118012203342
Bosnia and Herzegovina,Hydropower,50+ years,0.716,15.022989126702052
Botswana,Coal,0-9 years,0.0,0.0
Botswana,Coal,10-19 years,0.6,65.16072980017377
Botswana,Coal,20-29 years,0.0,0.0
Botswana,Coal,30-39 years,0.066,7.167680278019114
Botswana,Coal,40-49 years,0.066,7.167680278019114
Botswana,Coal,50+ years,0.0,0.0
Botswana,Oil and gas,0-9 years,0.0,0.0
Botswana,Oil and gas,10-19 years,0.07,7.602085143353605
Botswana,Oil and gas,20-29 years,0.0,0.0
Botswana,Oil and gas,30-39 years,0.0,0.0
Botswana,Oil and gas,40-49 years,0.0,0.0
Botswana,Oil and gas,50+ years,0.0,0.0
Botswana,Utility-scale solar,0-9 years,0.11880000000000002,12.901824500434406
Botswana,Utility-scale solar,10-19 years,0.0,0.0
Botswana,Utility-scale solar,20-29 years,0.0,0.0
Botswana,Utility-scale solar,30-39 years,0.0,0.0
Botswana,Utility-scale solar,40-49 years,0.0,0.0
Botswana,Utility-scale solar,50+ years,0.0,0.0
Brazil,Coal,0-9 years,0.345,0.16608555667589034
Brazil,Coal,10-19 years,1.795,0.8641263021252846
Brazil,Coal,20-29 years,0.0,0.0
Brazil,Coal,30-39 years,0.363,0.17475089006767594
Brazil,Coal,40-49 years,0.262,0.12612874159154572
Brazil,Coal,50+ years,0.232,0.11168651927190307
Brazil,Oil and gas,0-9 years,9.0074,4.336229110731637
Brazil,Oil and gas,10-19 years,6.2428,3.005330183235502
Brazil,Oil and gas,20-29 years,7.0336,3.3860271635812818
Brazil,Oil and gas,30-39 years,0.27,0.12998000087678374
Brazil,Oil and gas,40-49 years,0.0756,0.03639440024549945
Brazil,Oil and gas,50+ years,0.3599,0.1732585270946462
Brazil,Utility-scale solar,0-9 years,21.481333148148146,10.341272968262148
Brazil,Utility-scale solar,10-19 years,0.034166833333333334,0.01644816676527256
Brazil,Utility-scale solar,20-29 years,0.0,0.0
Brazil,Utility-scale solar,30-39 years,0.0,0.0
Brazil,Utility-scale solar,40-49 years,0.0,0.0
Brazil,Utility-scale solar,50+ years,0.0,0.0
Brazil,Wind,0-9 years,24.6049,11.844981198419173
Brazil,Wind,10-19 years,9.8956,4.76381517287519
Brazil,Wind,20-29 years,0.2093,0.10075857105004014
Brazil,Wind,30-39 years,0.0,0.0
Brazil,Wind,40-49 years,0.0,0.0
Brazil,Wind,50+ years,0.0,0.0
Brazil,Hydropower,0-9 years,2.044,0.9839967473783184
Brazil,Hydropower,10-19 years,28.079,13.517438683774854
Brazil,Hydropower,20-29 years,14.108,6.791695749517277
Brazil,Hydropower,30-39 years,9.062,4.3625139553533865
Brazil,Hydropower,40-49 years,29.927,14.407079578664842
Brazil,Hydropower,50+ years,19.403,9.340747988934204
Brazil,Nuclear,0-9 years,0.0,0.0
Brazil,Nuclear,10-19 years,0.0,0.0
Brazil,Nuclear,20-29 years,1.35,0.6499000043839188
Brazil,Nuclear,30-39 years,0.0,0.0
Brazil,Nuclear,40-49 years,0.64,0.3081007428190429
Brazil,Nuclear,50+ years,0.0,0.0
Brazil,Bioenergy,0-9 years,3.7801,1.8197681530160381
Brazil,Bioenergy,10-19 years,8.6474,4.162922442895925
Brazil,Bioenergy,20-29 years,2.8009,1.3483740165029023
Brazil,Bioenergy,30-39 years,0.8134,0.3915767878265774
Brazil,Bioenergy,40-49 years,0.6122000000000001,0.2947176168028408
Brazil,Bioenergy,50+ years,0.6483,0.3120964243274774
Brunei,Coal,0-9 years,0.22,27.120315581854044
Brunei,Coal,10-19 years,0.0,0.0
Brunei,Coal,20-29 years,0.0,0.0
Brunei,Coal,30-39 years,0.0,0.0
Brunei,Coal,40-49 years,0.0,0.0
Brunei,Coal,50+ years,0.0,0.0
Brunei,Oil and gas,0-9 years,0.0,0.0
Brunei,Oil and gas,10-19 years,0.212,26.13412228796844
Brunei,Oil and gas,20-29 years,0.0,0.0
Brunei,Oil and gas,30-39 years,0.374,46.10453648915187
Brunei,Oil and gas,40-49 years,0.0,0.0
Brunei,Oil and gas,50+ years,0.0,0.0
Brunei,Utility-scale solar,0-9 years,0.0052,0.641025641025641
Brunei,Utility-scale solar,10-19 years,0.0,0.0
Brunei,Utility-scale solar,20-29 years,0.0,0.0
Brunei,Utility-scale solar,30-39 years,0.0,0.0
Brunei,Utility-scale solar,40-49 years,0.0,0.0
Brunei,Utility-scale solar,50+ years,0.0,0.0
Bulgaria,Coal,0-9 years,0.053,0.41207334786398037
Bulgaria,Coal,10-19 years,0.121,0.9407712281422947
Bulgaria,Coal,20-29 years,0.0,0.0
Bulgaria,Coal,30-39 years,0.464,3.607585536016734
Bulgaria,Coal,40-49 years,1.016,7.899368328864227
Bulgaria,Coal,50+ years,1.771,13.769469793719043
Bulgaria,Oil and gas,0-9 years,0.21,1.6327434538006769
Bulgaria,Oil and gas,10-19 years,0.093,0.7230721009688712
Bulgaria,Oil and gas,20-29 years,0.0,0.0
Bulgaria,Oil and gas,30-39 years,0.0,0.0
Bulgaria,Oil and gas,40-49 years,0.151,1.174020292970963
Bulgaria,Oil and gas,50+ years,0.307,2.3869154300800375
Bulgaria,Utility-scale solar,0-9 years,3.1163349012875536,24.22940671394206
Bulgaria,Utility-scale solar,10-19 years,0.210453,1.63626551467959
Bulgaria,Utility-scale solar,20-29 years,0.0,0.0
Bulgaria,Utility-scale solar,30-39 years,0.0,0.0
Bulgaria,Utility-scale solar,40-49 years,0.0,0.0
Bulgaria,Utility-scale solar,50+ years,0.0,0.0
Bulgaria,Wind,0-9 years,0.0,0.0
Bulgaria,Wind,10-19 years,0.608,4.727181047194342
Bulgaria,Wind,20-29 years,0.0,0.0
Bulgaria,Wind,30-39 years,0.0,0.0
Bulgaria,Wind,40-49 years,0.0,0.0
Bulgaria,Wind,50+ years,0.0,0.0
Bulgaria,Hydropower,0-9 years,0.0,0.0
Bulgaria,Hydropower,10-19 years,0.085,0.660872350347893
Bulgaria,Hydropower,20-29 years,0.0,0.0
Bulgaria,Hydropower,30-39 years,0.864,6.717573067065643
Bulgaria,Hydropower,40-49 years,0.148,1.1506953864880962
Bulgaria,Hydropower,50+ years,1.415,11.001580891085515
Bulgaria,Nuclear,0-9 years,0.0,0.0
Bulgaria,Nuclear,10-19 years,0.0,0.0
Bulgaria,Nuclear,20-29 years,0.0,0.0
Bulgaria,Nuclear,30-39 years,2.08,16.171935161454325
Bulgaria,Nuclear,40-49 years,0.0,0.0
Bulgaria,Nuclear,50+ years,0.0,0.0
Burkina Faso,Oil and gas,0-9 years,0.0549,15.22397462851933
Burkina Faso,Oil and gas,10-19 years,0.111,30.78071372979318
Burkina Faso,Oil and gas,20-29 years,0.0,0.0
Burkina Faso,Oil and gas,30-39 years,0.0,0.0
Burkina Faso,Oil and gas,40-49 years,0.0,0.0
Burkina Faso,Oil and gas,50+ years,0.0,0.0
Burkina Faso,Utility-scale solar,0-9 years,0.19471541968911915,53.99531164168749
Burkina Faso,Utility-scale solar,10-19 years,0.0,0.0
Burkina Faso,Utility-scale solar,20-29 years,0.0,0.0
Burkina Faso,Utility-scale solar,30-39 years,0.0,0.0
Burkina Faso,Utility-scale solar,40-49 years,0.0,0.0
Burkina Faso,Utility-scale solar,50+ years,0.0,0.0
Burundi,Utility-scale solar,0-9 years,0.014,27.450980392156865
Burundi,Utility-scale solar,10-19 years,0.0,0.0
Burundi,Utility-scale solar,20-29 years,0.0,0.0
Burundi,Utility-scale solar,30-39 years,0.0,0.0
Burundi,Utility-scale solar,40-49 years,0.0,0.0
Burundi,Utility-scale solar,50+ years,0.0,0.0
Burundi,Hydropower,0-9 years,0.035,68.62745098039215
Burundi,Hydropower,10-19 years,0.0,0.0
Burundi,Hydropower,20-29 years,0.0,0.0
Burundi,Hydropower,30-39 years,0.0,0.0
Burundi,Hydropower,40-49 years,0.0,0.0
Burundi,Hydropower,50+ years,0.0,0.0
Cabo Verde,Utility-scale solar,0-9 years,0.0073965440414507765,28.95863797944582
Cabo Verde,Utility-scale solar,10-19 years,0.003971740932642487,15.549992965901513
Cabo Verde,Utility-scale solar,20-29 years,0.0,0.0
Cabo Verde,Utility-scale solar,30-39 years,0.0,0.0
Cabo Verde,Utility-scale solar,40-49 years,0.0,0.0
Cabo Verde,Utility-scale solar,50+ years,0.0,0.0
Cabo Verde,Wind,0-9 years,0.013,50.897052951090856
Cabo Verde,Wind,10-19 years,0.0,0.0
Cabo Verde,Wind,20-29 years,0.0,0.0
Cabo Verde,Wind,30-39 years,0.0,0.0
Cabo Verde,Wind,40-49 years,0.0,0.0
Cabo Verde,Wind,50+ years,0.0,0.0
Cambodia,Coal,0-9 years,1.085,26.379738888112996
Cambodia,Coal,10-19 years,0.37,8.99585565769752
Cambodia,Coal,20-29 years,0.0,0.0
Cambodia,Coal,30-39 years,0.0,0.0
Cambodia,Coal,40-49 years,0.0,0.0
Cambodia,Coal,50+ years,0.0,0.0
Cambodia,Oil and gas,0-9 years,0.8005,19.462655281045578
Cambodia,Oil and gas,10-19 years,0.0,0.0
Cambodia,Oil and gas,20-29 years,0.0,0.0
Cambodia,Oil and gas,30-39 years,0.0,0.0
Cambodia,Oil and gas,40-49 years,0.0,0.0
Cambodia,Oil and gas,50+ years,0.0,0.0
Cambodia,Utility-scale solar,0-9 years,0.49850507788161996,12.1202154736549
Cambodia,Utility-scale solar,10-19 years,0.0,0.0
Cambodia,Utility-scale solar,20-29 years,0.0,0.0
Cambodia,Utility-scale solar,30-39 years,0.0,0.0
Cambodia,Utility-scale solar,40-49 years,0.0,0.0
Cambodia,Utility-scale solar,50+ years,0.0,0.0
Cambodia,Hydropower,0-9 years,0.4,9.725249359672993
Cambodia,Hydropower,10-19 years,0.898,21.833184812465873
Cambodia,Hydropower,20-29 years,0.0,0.0
Cambodia,Hydropower,30-39 years,0.0,0.0
Cambodia,Hydropower,40-49 years,0.0,0.0
Cambodia,Hydropower,50+ years,0.0,0.0
Cambodia,Bioenergy,0-9 years,0.009,0.21881811059264233
Cambodia,Bioenergy,10-19 years,0.0,0.0
Cambodia,Bioenergy,20-29 years,0.0,0.0
Cambodia,Bioenergy,30-39 years,0.0,0.0
Cambodia,Bioenergy,40-49 years,0.0,0.0
Cambodia,Bioenergy,50+ years,0.0,0.0
Cameroon,Oil and gas,0-9 years,0.0,0.0
Cameroon,Oil and gas,10-19 years,0.364,18.765984574201475
Cameroon,Oil and gas,20-29 years,0.0,0.0
Cameroon,Oil and gas,30-39 years,0.0,0.0
Cameroon,Oil and gas,40-49 years,0.0,0.0
Cameroon,Oil and gas,50+ years,0.0,0.0
Cameroon,Utility-scale solar,0-9 years,0.0616530518134715,3.1785170859451934
Cameroon,Utility-scale solar,10-19 years,0.0,0.0
Cameroon,Utility-scale solar,20-29 years,0.0,0.0
Cameroon,Utility-scale solar,30-39 years,0.0,0.0
Cameroon,Utility-scale solar,40-49 years,0.0,0.0
Cameroon,Utility-scale solar,50+ years,0.0,0.0
Cameroon,Hydropower,0-9 years,0.661,34.077790669085644
Cameroon,Hydropower,10-19 years,0.0,0.0
Cameroon,Hydropower,20-29 years,0.0,0.0
Cameroon,Hydropower,30-39 years,0.0,0.0
Cameroon,Hydropower,40-49 years,0.468,24.127694452544755
Cameroon,Hydropower,50+ years,0.276,14.229153138680239
Canada,Coal,0-9 years,0.0,0.0
Canada,Coal,10-19 years,0.11,0.07240636932704961
Canada,Coal,20-29 years,0.0,0.0
Canada,Coal,30-39 years,1.113,0.732620809645511
Canada,Coal,40-49 years,1.5557999999999998,1.0240893581729433
Canada,Coal,50+ years,0.452,0.2975243539620584
Canada,Oil and gas,0-9 years,8.609200000000001,5.666917407367595
Canada,Oil and gas,10-19 years,6.835,4.4990684940944
Canada,Oil and gas,20-29 years,7.098,4.672185540758164
Canada,Oil and gas,30-39 years,1.7774,1.1699552803808906
Canada,Oil and gas,40-49 years,0.0,0.0
Canada,Oil and gas,50+ years,4.2329,2.786262915676984
Canada,Utility-scale solar,0-9 years,2.33110793814433,1.5344278391863224
Canada,Utility-scale solar,10-19 years,1.5911810309278351,1.0473785581050579
Canada,Utility-scale solar,20-29 years,0.0,0.0
Canada,Utility-scale solar,30-39 years,0.0,0.0
Canada,Utility-scale solar,40-49 years,0.0,0.0
Canada,Utility-scale solar,50+ years,0.0,0.0
Canada,Wind,0-9 years,6.284,4.136378407737997
Canada,Wind,10-19 years,10.033,6.604119122348079
Canada,Wind,20-29 years,1.392,0.9162696918477549
Canada,Wind,30-39 years,0.0,0.0
Canada,Wind,40-49 years,0.0,0.0
Canada,Wind,50+ years,0.0,0.0
Canada,Hydropower,0-9 years,3.478,2.2893577501770777
Canada,Hydropower,10-19 years,4.402,2.897571252524294
Canada,Hydropower,20-29 years,2.069,1.3618979830696876
Canada,Hydropower,30-39 years,7.711,5.075686489826177
Canada,Hydropower,40-49 years,17.303,11.389521895144902
Canada,Hydropower,50+ years,45.949,30.24545694735093
Canada,Nuclear,0-9 years,0.0,0.0
Canada,Nuclear,10-19 years,0.0,0.0
Canada,Nuclear,20-29 years,0.0,0.0
Canada,Nuclear,30-39 years,4.608,3.033168635082223
Canada,Nuclear,40-49 years,8.937,5.882688387962203
Canada,Nuclear,50+ years,1.084,0.7135318577320161
Canada,Bioenergy,0-9 years,0.24530000000000002,0.16146620359932062
Canada,Bioenergy,10-19 years,0.5541,0.3647306294919835
Canada,Bioenergy,20-29 years,0.294,0.19352247801956896
Canada,Bioenergy,30-39 years,0.617,0.4061339079526328
Canada,Bioenergy,40-49 years,0.205,0.13493914283677427
Canada,Bioenergy,50+ years,0.0878,0.05779344751740868
Canada,Geothermal,0-9 years,0.01,0.0065823972115499636
Canada,Geothermal,10-19 years,0.0,0.0
Canada,Geothermal,20-29 years,0.0,0.0
Canada,Geothermal,30-39 years,0.0,0.0
Canada,Geothermal,40-49 years,0.0,0.0
Canada,Geothermal,50+ years,0.0,0.0
Cayman Islands,Oil and gas,0-9 years,0.068,93.278463648834
Cayman Islands,Oil and gas,10-19 years,0.0,0.0
Cayman Islands,Oil and gas,20-29 years,0.0,0.0
Cayman Islands,Oil and gas,30-39 years,0.0,0.0
Cayman Islands,Oil and gas,40-49 years,0.0,0.0
Cayman Islands,Oil and gas,50+ years,0.0,0.0
Cayman Islands,Utility-scale solar,0-9 years,0.004900000000000001,6.721536351165981
Cayman Islands,Utility-scale solar,10-19 years,0.0,0.0
Cayman Islands,Utility-scale solar,20-29 years,0.0,0.0
Cayman Islands,Utility-scale solar,30-39 years,0.0,0.0
Cayman Islands,Utility-scale solar,40-49 years,0.0,0.0
Cayman Islands,Utility-scale solar,50+ years,0.0,0.0
Central African Republic,Oil and gas,0-9 years,0.05,54.04740881880088
Central African Republic,Oil and gas,10-19 years,0.0,0.0
Central African Republic,Oil and gas,20-29 years,0.0,0.0
Central African Republic,Oil and gas,30-39 years,0.0,0.0
Central African Republic,Oil and gas,40-49 years,0.0,0.0
Central African Republic,Oil and gas,50+ years,0.0,0.0
Central African Republic,Utility-scale solar,0-9 years,0.042511373056994824,45.95259118119912
Central African Republic,Utility-scale solar,10-19 years,0.0,0.0
Central African Republic,Utility-scale solar,20-29 years,0.0,0.0
Central African Republic,Utility-scale solar,30-39 years,0.0,0.0
Central African Republic,Utility-scale solar,40-49 years,0.0,0.0
Central African Republic,Utility-scale solar,50+ years,0.0,0.0
Chad,Utility-scale solar,0-9 years,0.11192681347150259,65.1014296208397
Chad,Utility-scale solar,10-19 years,0.0,0.0
Chad,Utility-scale solar,20-29 years,0.0,0.0
Chad,Utility-scale solar,30-39 years,0.0,0.0
Chad,Utility-scale solar,40-49 years,0.0,0.0
Chad,Utility-scale solar,50+ years,0.0,0.0
Chile,Coal,0-9 years,0.0,0.0
Chile,Coal,10-19 years,2.813,7.611642013946601
Chile,Coal,20-29 years,0.0,0.0
Chile,Coal,30-39 years,0.304,0.8225876900959
Chile,Coal,40-49 years,0.0,0.0
Chile,Coal,50+ years,0.0,0.0
Chile,Oil and gas,0-9 years,0.8092999999999999,2.189869136824381
Chile,Oil and gas,10-19 years,2.5733,6.963042443828223
Chile,Oil and gas,20-29 years,3.5566,9.623734798010124
Chile,Oil and gas,30-39 years,0.0,0.0
Chile,Oil and gas,40-49 years,0.0,0.0
Chile,Oil and gas,50+ years,0.05,0.13529402797629933
Chile,Utility-scale solar,0-9 years,10.899320486666667,29.492259416914653
Chile,Utility-scale solar,10-19 years,1.4367994666666666,3.887807744790639
Chile,Utility-scale solar,20-29 years,0.0,0.0
Chile,Utility-scale solar,30-39 years,0.0,0.0
Chile,Utility-scale solar,40-49 years,0.0,0.0
Chile,Utility-scale solar,50+ years,0.0,0.0
Chile,Wind,0-9 years,4.7718,12.911920853946105
Chile,Wind,10-19 years,1.24,3.3552918938122236
Chile,Wind,20-29 years,0.0,0.0
Chile,Wind,30-39 years,0.0,0.0
Chile,Wind,40-49 years,0.0,0.0
Chile,Wind,50+ years,0.0,0.0
Chile,Hydropower,0-9 years,0.187,0.5059996646313595
Chile,Hydropower,10-19 years,1.075,2.908821601490436
Chile,Hydropower,20-29 years,1.045,2.8276451847046564
Chile,Hydropower,30-39 years,1.568,4.2428207173367465
Chile,Hydropower,40-49 years,0.889,2.4055278174186023
Chile,Hydropower,50+ years,1.431,3.872115080681687
Chile,Bioenergy,0-9 years,0.184,0.4978820229527815
Chile,Bioenergy,10-19 years,0.424,1.1472933572390183
Chile,Bioenergy,20-29 years,0.2,0.5411761119051973
Chile,Bioenergy,30-39 years,0.0835,0.22594102672041988
Chile,Bioenergy,40-49 years,0.0,0.0
Chile,Bioenergy,50+ years,0.0,0.0
Chile,Geothermal,0-9 years,0.081,0.21917632532160491
Chile,Geothermal,10-19 years,0.0,0.0
Chile,Geothermal,20-29 years,0.0,0.0
Chile,Geothermal,30-39 years,0.0,0.0
Chile,Geothermal,40-49 years,0.0,0.0
Chile,Geothermal,50+ years,0.0,0.0
China,Coal,0-9 years,408.2718,13.409849880648562
China,Coal,10-19 years,577.8062,18.978274772119942
China,Coal,20-29 years,222.9598,7.3232034331526865
China,Coal,30-39 years,45.275,1.4870754074769887
China,Coal,40-49 years,4.82,0.15831481974685999
China,Coal,50+ years,0.125,0.004105674785966286
China,Oil and gas,0-9 years,121.3449,3.9856215706848026
China,Oil and gas,10-19 years,52.4294,1.7220645249867261
China,Oil and gas,20-29 years,16.21,0.532423906244108
China,Oil and gas,30-39 years,0.252,0.008277040368508033
China,Oil and gas,40-49 years,0.0,0.0
China,Oil and gas,50+ years,0.0,0.0
China,Utility-scale solar,0-9 years,479.2136042311282,15.739961695870159
China,Utility-scale solar,10-19 years,59.576330886769476,1.9568083164975512
China,Utility-scale solar,20-29 years,0.0,0.0
China,Utility-scale solar,30-39 years,0.0,0.0
China,Utility-scale solar,40-49 years,0.0,0.0
China,Utility-scale solar,50+ years,0.0,0.0
China,Wind,0-9 years,370.4196,12.166579295581737
China,Wind,10-19 years,143.60060000000001,4.716618901357042
China,Wind,20-29 years,0.9455,0.031055324081048986
China,Wind,30-39 years,0.0,0.0
China,Wind,40-49 years,0.0,0.0
China,Wind,50+ years,0.0,0.0
China,Hydropower,0-9 years,111.824,3.6729038181271516
China,Hydropower,10-19 years,175.721,5.771626232518254
China,Hydropower,20-29 years,39.448,1.2956852716543843
China,Hydropower,30-39 years,24.337,0.7993584581284919
China,Hydropower,40-49 years,7.175,0.2356657327144648
China,Hydropower,50+ years,9.727,0.3194871891447525
China,Nuclear,0-9 years,30.83,1.012623629210725
China,Nuclear,10-19 years,26.639,0.8749685649868472
China,Nuclear,20-29 years,4.814,0.1581177473571336
China,Nuclear,30-39 years,2.34,0.07685823199328888
China,Nuclear,40-49 years,0.0,0.0
China,Nuclear,50+ years,0.0,0.0
China,Bioenergy,0-9 years,29.7255,0.9763458868019267
China,Bioenergy,10-19 years,6.8045,0.22349651264886075
China,Bioenergy,20-29 years,0.5655,0.01857407273171148
China,Bioenergy,30-39 years,0.0,0.0
China,Bioenergy,40-49 years,0.0,0.0
China,Bioenergy,50+ years,0.0,0.0
China,Geothermal,0-9 years,0.016,0.0005255263726036846
China,Geothermal,10-19 years,0.0,0.0
China,Geothermal,20-29 years,0.0,0.0
China,Geothermal,30-39 years,0.0,0.0
China,Geothermal,40-49 years,0.0,0.0
China,Geothermal,50+ years,0.0,0.0
Colombia,Coal,0-9 years,0.27,1.2865598221325576
Colombia,Coal,10-19 years,0.334,1.5915221503417565
Colombia,Coal,20-29 years,0.165,0.7862310024143406
Colombia,Coal,30-39 years,0.13,0.6194547291749352
Colombia,Coal,40-49 years,0.507,2.415873443782247
Colombia,Coal,50+ years,0.207,0.9863625303016275
Colombia,Oil and gas,0-9 years,1.07,5.098588924747543
Colombia,Oil and gas,10-19 years,0.45,2.144266370220929
Colombia,Oil and gas,20-29 years,2.249,10.716566814726377
Colombia,Oil and gas,30-39 years,0.26,1.2389094583498703
Colombia,Oil and gas,40-49 years,0.198,0.9434772028972088
Colombia,Oil and gas,50+ years,0.132,0.6289848019314725
Colombia,Utility-scale solar,0-9 years,2.5158986481481485,11.988348582463052
Colombia,Utility-scale solar,10-19 years,0.0,0.0
Colombia,Utility-scale solar,20-29 years,0.0,0.0
Colombia,Utility-scale solar,30-39 years,0.0,0.0
Colombia,Utility-scale solar,40-49 years,0.0,0.0
Colombia,Utility-scale solar,50+ years,0.0,0.0
Colombia,Wind,0-9 years,0.08,0.38120291026149855
Colombia,Wind,10-19 years,0.0,0.0
Colombia,Wind,20-29 years,0.0,0.0
Colombia,Wind,30-39 years,0.0,0.0
Colombia,Wind,40-49 years,0.0,0.0
Colombia,Wind,50+ years,0.0,0.0
Colombia,Hydropower,0-9 years,1.255,5.9801206547272585
Colombia,Hydropower,10-19 years,2.144,10.21623799500816
Colombia,Hydropower,20-29 years,1.141,5.436906507604623
Colombia,Hydropower,30-39 years,2.47,11.769639854323767
Colombia,Hydropower,40-49 years,2.341,11.1549501615271
Colombia,Hydropower,50+ years,2.766,13.180090622291313
Colombia,Bioenergy,0-9 years,0.117,0.5575092562574416
Colombia,Bioenergy,10-19 years,0.11,0.5241540016095605
Colombia,Bioenergy,20-29 years,0.0345,0.16439375505027123
Colombia,Bioenergy,30-39 years,0.0,0.0
Colombia,Bioenergy,40-49 years,0.0,0.0
Colombia,Bioenergy,50+ years,0.0,0.0
Cook Islands,Utility-scale solar,0-9 years,0.0,0.0
Cook Islands,Utility-scale solar,10-19 years,0.0010298697318007663,100.0
Cook Islands,Utility-scale solar,20-29 years,0.0,0.0
Cook Islands,Utility-scale solar,30-39 years,0.0,0.0
Cook Islands,Utility-scale solar,40-49 years,0.0,0.0
Cook Islands,Utility-scale solar,50+ years,0.0,0.0
Costa Rica,Oil and gas,0-9 years,0.0,0.0
Costa Rica,Oil and gas,10-19 years,0.2024,7.40226017627912
Costa Rica,Oil and gas,20-29 years,0.0,0.0
Costa Rica,Oil and gas,30-39 years,0.0,0.0
Costa Rica,Oil and gas,40-49 years,0.0,0.0
Costa Rica,Oil and gas,50+ years,0.0,0.0
Costa Rica,Utility-scale solar,0-9 years,0.0218,0.7972790110814467
Costa Rica,Utility-scale solar,10-19 years,0.0,0.0
Costa Rica,Utility-scale solar,20-29 years,0.0,0.0
Costa Rica,Utility-scale solar,30-39 years,0.0,0.0
Costa Rica,Utility-scale solar,40-49 years,0.0,0.0
Costa Rica,Utility-scale solar,50+ years,0.0,0.0
Costa Rica,Wind,0-9 years,0.0554,2.0261127162345023
Costa Rica,Wind,10-19 years,0.211,7.71678308890758
Costa Rica,Wind,20-29 years,0.037200000000000004,1.3604944592765973
Costa Rica,Wind,30-39 years,0.023,0.8411659291226272
Costa Rica,Wind,40-49 years,0.0,0.0
Costa Rica,Wind,50+ years,0.0,0.0
Costa Rica,Hydropower,0-9 years,0.0,0.0
Costa Rica,Hydropower,10-19 years,0.708,25.89328164429653
Costa Rica,Hydropower,20-29 years,0.26,9.508832242255787
Costa Rica,Hydropower,30-39 years,0.065,2.3772080605639467
Costa Rica,Hydropower,40-49 years,0.331,12.105474893025637
Costa Rica,Hydropower,50+ years,0.404,14.775262407197454
Costa Rica,Geothermal,0-9 years,0.055,2.011483743554109
Costa Rica,Geothermal,10-19 years,0.035,1.280035109534433
Costa Rica,Geothermal,20-29 years,0.084,3.072084262882639
Costa Rica,Geothermal,30-39 years,0.06,2.1943459020590277
Costa Rica,Geothermal,40-49 years,0.0,0.0
Costa Rica,Geothermal,50+ years,0.0,0.0
Croatia,Coal,0-9 years,0.0,0.0
Croatia,Coal,10-19 years,0.0,0.0
Croatia,Coal,20-29 years,0.217,4.340434043404341
Croatia,Coal,30-39 years,0.0,0.0
Croatia,Coal,40-49 years,0.0,0.0
Croatia,Coal,50+ years,0.0,0.0
Croatia,Oil and gas,0-9 years,0.385,7.700770077007702
Croatia,Oil and gas,10-19 years,0.1,2.0002000200020005
Croatia,Oil and gas,20-29 years,0.24780000000000002,4.956495649564957
Croatia,Oil and gas,30-39 years,0.0,0.0
Croatia,Oil and gas,40-49 years,0.638,12.761276127612762
Croatia,Oil and gas,50+ years,0.05,1.0001000100010002
Croatia,Utility-scale solar,0-9 years,0.2716,5.432543254325433
Croatia,Utility-scale solar,10-19 years,0.0,0.0
Croatia,Utility-scale solar,20-29 years,0.0,0.0
Croatia,Utility-scale solar,30-39 years,0.0,0.0
Croatia,Utility-scale solar,40-49 years,0.0,0.0
Croatia,Utility-scale solar,50+ years,0.0,0.0
Croatia,Wind,0-9 years,0.636,12.721272127212721
Croatia,Wind,10-19 years,0.343,6.860686068606861
Croatia,Wind,20-29 years,0.011,0.22002200220022
Croatia,Wind,30-39 years,0.0,0.0
Croatia,Wind,40-49 years,0.0,0.0
Croatia,Wind,50+ years,0.0,0.0
Croatia,Hydropower,0-9 years,0.0,0.0
Croatia,Hydropower,10-19 years,0.042,0.8400840084008401
Croatia,Hydropower,20-29 years,0.0,0.0
Croatia,Hydropower,30-39 years,0.076,1.5201520152015202
Croatia,Hydropower,40-49 years,0.317,6.34063406340634
Croatia,Hydropower,50+ years,1.441,28.822882288228826
Croatia,Geothermal,0-9 years,0.0361,0.7220722072207221
Croatia,Geothermal,10-19 years,0.0,0.0
Croatia,Geothermal,20-29 years,0.0,0.0
Croatia,Geothermal,30-39 years,0.0,0.0
Croatia,Geothermal,40-49 years,0.0,0.0
Croatia,Geothermal,50+ years,0.0,0.0
Cuba,Oil and gas,0-9 years,0.084,3.6157060243521153
Cuba,Oil and gas,10-19 years,0.313,13.472809352645381
Cuba,Oil and gas,20-29 years,0.173,7.446632645391856
Cuba,Oil and gas,30-39 years,0.58,24.965589215764602
Cuba,Oil and gas,40-49 years,0.158,6.800970855328978
Cuba,Oil and gas,50+ years,0.125,5.380514917190647
Cuba,Utility-scale solar,0-9 years,0.8301977222222222,35.73512982907491
Cuba,Utility-scale solar,10-19 years,0.0,0.0
Cuba,Utility-scale solar,20-29 years,0.0,0.0
Cuba,Utility-scale solar,30-39 years,0.0,0.0
Cuba,Utility-scale solar,40-49 years,0.0,0.0
Cuba,Utility-scale solar,50+ years,0.0,0.0
Cuba,Bioenergy,0-9 years,0.06,2.582647160251511
Cuba,Bioenergy,10-19 years,0.0,0.0
Cuba,Bioenergy,20-29 years,0.0,0.0
Cuba,Bioenergy,30-39 years,0.0,0.0
Cuba,Bioenergy,40-49 years,0.0,0.0
Cuba,Bioenergy,50+ years,0.0,0.0
Curaçao,Wind,0-9 years,0.0395,56.83453237410072
Curaçao,Wind,10-19 years,0.03,43.16546762589928
Curaçao,Wind,20-29 years,0.0,0.0
Curaçao,Wind,30-39 years,0.0,0.0
Curaçao,Wind,40-49 years,0.0,0.0
Curaçao,Wind,50+ years,0.0,0.0
Cyprus,Oil and gas,0-9 years,0.0,0.0
Cyprus,Oil and gas,10-19 years,0.76,31.60214561936047
Cyprus,Oil and gas,20-29 years,0.463,19.252359765478815
Cyprus,Oil and gas,30-39 years,0.39,16.216890515198138
Cyprus,Oil and gas,40-49 years,0.24,9.979624932429623
Cyprus,Oil and gas,50+ years,0.0,0.0
Cyprus,Utility-scale solar,0-9 years,0.38489999999999996,16.004823485384005
Cyprus,Utility-scale solar,10-19 years,0.011,0.45739947606969106
Cyprus,Utility-scale solar,20-29 years,0.0,0.0
Cyprus,Utility-scale solar,30-39 years,0.0,0.0
Cyprus,Utility-scale solar,40-49 years,0.0,0.0
Cyprus,Utility-scale solar,50+ years,0.0,0.0
Cyprus,Wind,0-9 years,0.0,0.0
Cyprus,Wind,10-19 years,0.156,6.486756206079254
Cyprus,Wind,20-29 years,0.0,0.0
Cyprus,Wind,30-39 years,0.0,0.0
Cyprus,Wind,40-49 years,0.0,0.0
Cyprus,Wind,50+ years,0.0,0.0
Czech Republic,Coal,0-9 years,0.66,3.721200865348347
Czech Republic,Coal,10-19 years,0.885,4.989792069444374
Czech Republic,Coal,20-29 years,0.6116,3.4483128018894678
Czech Republic,Coal,30-39 years,0.038,0.21425095891399573
Czech Republic,Coal,40-49 years,1.355,7.639738140222742
Czech Republic,Coal,50+ years,3.364,18.966848047017937
Czech Republic,Oil and gas,0-9 years,0.123,0.6934965249058284
Czech Republic,Oil and gas,10-19 years,0.977,5.5085049173414165
Czech Republic,Oil and gas,20-29 years,0.172,0.9697674982422964
Czech Republic,Oil and gas,30-39 years,0.466,2.627393338261106
Czech Republic,Oil and gas,40-49 years,0.0,0.0
Czech Republic,Oil and gas,50+ years,0.081,0.45669283347456985
Czech Republic,Utility-scale solar,0-9 years,2.5988,14.652510316465584
Czech Republic,Utility-scale solar,10-19 years,0.20031000000000002,1.1293844626332232
Czech Republic,Utility-scale solar,20-29 years,0.0,0.0
Czech Republic,Utility-scale solar,30-39 years,0.0,0.0
Czech Republic,Utility-scale solar,40-49 years,0.0,0.0
Czech Republic,Utility-scale solar,50+ years,0.0,0.0
Czech Republic,Wind,0-9 years,0.053,0.2988237058537309
Czech Republic,Wind,10-19 years,0.098,0.5525419466729363
Czech Republic,Wind,20-29 years,0.0,0.0
Czech Republic,Wind,30-39 years,0.0,0.0
Czech Republic,Wind,40-49 years,0.0,0.0
Czech Republic,Wind,50+ years,0.0,0.0
Czech Republic,Hydropower,0-9 years,0.0,0.0
Czech Republic,Hydropower,10-19 years,0.0,0.0
Czech Republic,Hydropower,20-29 years,0.0,0.0
Czech Republic,Hydropower,30-39 years,0.65,3.6648190340551903
Czech Republic,Hydropower,40-49 years,0.472,2.6612224370369995
Czech Republic,Hydropower,50+ years,0.697,3.9298136411330264
Czech Republic,Nuclear,0-9 years,0.0,0.0
Czech Republic,Nuclear,10-19 years,0.0,0.0
Czech Republic,Nuclear,20-29 years,2.164,12.201028291839124
Czech Republic,Nuclear,30-39 years,0.5,2.8190915646578385
Czech Republic,Nuclear,40-49 years,1.5,8.457274693973515
Czech Republic,Nuclear,50+ years,0.0,0.0
Czech Republic,Bioenergy,0-9 years,0.0075,0.04228637346986758
Czech Republic,Bioenergy,10-19 years,0.040299999999999996,0.22721878011142177
Czech Republic,Bioenergy,20-29 years,0.0,0.0
Czech Republic,Bioenergy,30-39 years,0.022699999999999998,0.1279867570354659
Czech Republic,Bioenergy,40-49 years,0.0,0.0
Czech Republic,Bioenergy,50+ years,0.0,0.0
Côte d'Ivoire,Oil and gas,0-9 years,0.643,23.691443814801442
Côte d'Ivoire,Oil and gas,10-19 years,0.915,33.71332984532398
Côte d'Ivoire,Oil and gas,20-29 years,0.111,4.089813784514713
Côte d'Ivoire,Oil and gas,30-39 years,0.0,0.0
Côte d'Ivoire,Oil and gas,40-49 years,0.0,0.0
Côte d'Ivoire,Oil and gas,50+ years,0.0,0.0
Côte d'Ivoire,Utility-scale solar,0-9 years,0.03306,1.2181012947392469
Côte d'Ivoire,Utility-scale solar,10-19 years,0.0,0.0
Côte d'Ivoire,Utility-scale solar,20-29 years,0.0,0.0
Côte d'Ivoire,Utility-scale solar,30-39 years,0.0,0.0
Côte d'Ivoire,Utility-scale solar,40-49 years,0.0,0.0
Côte d'Ivoire,Utility-scale solar,50+ years,0.0,0.0
Côte d'Ivoire,Hydropower,0-9 years,0.387,14.259080491956698
Côte d'Ivoire,Hydropower,10-19 years,0.0,0.0
Côte d'Ivoire,Hydropower,20-29 years,0.0,0.0
Côte d'Ivoire,Hydropower,30-39 years,0.0,0.0
Côte d'Ivoire,Hydropower,40-49 years,0.375,13.816938461198353
Côte d'Ivoire,Hydropower,50+ years,0.204,7.516414522891904
Côte d'Ivoire,Bioenergy,0-9 years,0.046,1.6948777845736647
Côte d'Ivoire,Bioenergy,10-19 years,0.0,0.0
Côte d'Ivoire,Bioenergy,20-29 years,0.0,0.0
Côte d'Ivoire,Bioenergy,30-39 years,0.0,0.0
Côte d'Ivoire,Bioenergy,40-49 years,0.0,0.0
Côte d'Ivoire,Bioenergy,50+ years,0.0,0.0
DR Congo,Utility-scale solar,0-9 years,0.03084269430051813,1.0570375970152126
DR Congo,Utility-scale solar,10-19 years,0.0,0.0
DR Congo,Utility-scale solar,20-29 years,0.0,0.0
DR Congo,Utility-scale solar,30-39 years,0.0,0.0
DR Congo,Utility-scale solar,40-49 years,0.0,0.0
DR Congo,Utility-scale solar,50+ years,0.0,0.0
DR Congo,Hydropower,0-9 years,0.465,15.93643142271837
DR Congo,Hydropower,10-19 years,0.064,2.1934013140945714
DR Congo,Hydropower,20-29 years,0.0,0.0
DR Congo,Hydropower,30-39 years,0.04,1.3708758213091068
DR Congo,Hydropower,40-49 years,1.424,48.80317923860421
DR Congo,Hydropower,50+ years,0.894,30.639074606258543
Denmark,Coal,0-9 years,0.0,0.0
Denmark,Coal,10-19 years,0.0,0.0
Denmark,Coal,20-29 years,0.411,3.5473551058959765
Denmark,Coal,30-39 years,0.0,0.0
Denmark,Coal,40-49 years,0.0,0.0
Denmark,Coal,50+ years,0.0,0.0
Denmark,Oil and gas,0-9 years,0.362,3.1244344241711524
Denmark,Oil and gas,10-19 years,0.025,0.21577585802286964
Denmark,Oil and gas,20-29 years,0.382,3.297055110589448
Denmark,Oil and gas,30-39 years,0.2562,2.211270993018368
Denmark,Oil and gas,40-49 years,0.0,0.0
Denmark,Oil and gas,50+ years,0.126,1.0875103244352629
Denmark,Utility-scale solar,0-9 years,2.6182956975308644,22.598600027692406
Denmark,Utility-scale solar,10-19 years,0.14790620370370372,1.2765835204428801
Denmark,Utility-scale solar,20-29 years,0.21924000000000002,1.8922679645173575
Denmark,Utility-scale solar,30-39 years,0.0,0.0
Denmark,Utility-scale solar,40-49 years,0.0,0.0
Denmark,Utility-scale solar,50+ years,0.0,0.0
Denmark,Wind,0-9 years,2.2626,19.52857825450179
Denmark,Wind,10-19 years,2.069,17.857610009972692
Denmark,Wind,20-29 years,0.522,4.5053999155175175
Denmark,Wind,30-39 years,0.024,0.20714482370195486
Denmark,Wind,40-49 years,0.0,0.0
Denmark,Wind,50+ years,0.0,0.0
Denmark,Bioenergy,0-9 years,0.384,3.3143171792312778
Denmark,Bioenergy,10-19 years,0.099,0.8544723977705637
Denmark,Bioenergy,20-29 years,0.624,5.385765416250826
Denmark,Bioenergy,30-39 years,0.25,2.157758580228696
Denmark,Bioenergy,40-49 years,0.414,3.573248208858721
Denmark,Bioenergy,50+ years,0.163,1.40685859430911
Djibouti,Oil and gas,0-9 years,0.0,0.0
Djibouti,Oil and gas,10-19 years,0.0,0.0
Djibouti,Oil and gas,20-29 years,0.108,34.12031815510635
Djibouti,Oil and gas,30-39 years,0.0,0.0
Djibouti,Oil and gas,40-49 years,0.0,0.0
Djibouti,Oil and gas,50+ years,0.0,0.0
Djibouti,Utility-scale solar,0-9 years,0.1359869170984456,42.96219329936143
Djibouti,Utility-scale solar,10-19 years,0.013540025906735751,4.277685108946352
Djibouti,Utility-scale solar,20-29 years,0.0,0.0
Djibouti,Utility-scale solar,30-39 years,0.0,0.0
Djibouti,Utility-scale solar,40-49 years,0.0,0.0
Djibouti,Utility-scale solar,50+ years,0.0,0.0
Djibouti,Wind,0-9 years,0.059,18.639803436585872
Djibouti,Wind,10-19 years,0.0,0.0
Djibouti,Wind,20-29 years,0.0,0.0
Djibouti,Wind,30-39 years,0.0,0.0
Djibouti,Wind,40-49 years,0.0,0.0
Djibouti,Wind,50+ years,0.0,0.0
Dominican Republic,Coal,0-9 years,0.752,10.950466316761812
Dominican Republic,Coal,10-19 years,0.0,0.0
Dominican Republic,Coal,20-29 years,0.052,0.7572130963718274
Dominican Republic,Coal,30-39 years,0.132,1.922156321559254
Dominican Republic,Coal,40-49 years,0.128,1.8639091602998827
Dominican Republic,Coal,50+ years,0.0,0.0
Dominican Republic,Oil and gas,0-9 years,2.2967,33.444063816099536
Dominican Republic,Oil and gas,10-19 years,0.22269999999999998,3.2429107031154993
Dominican Republic,Oil and gas,20-29 years,0.8687999999999999,12.651283425535453
Dominican Republic,Oil and gas,30-39 years,0.0,0.0
Dominican Republic,Oil and gas,40-49 years,0.0,0.0
Dominican Republic,Oil and gas,50+ years,0.198,2.8832344823388816
Dominican Republic,Utility-scale solar,0-9 years,1.045096,15.218468810880987
Dominican Republic,Utility-scale solar,10-19 years,0.03,0.43685370944528507
Dominican Republic,Utility-scale solar,20-29 years,0.0,0.0
Dominican Republic,Utility-scale solar,30-39 years,0.0,0.0
Dominican Republic,Utility-scale solar,40-49 years,0.0,0.0
Dominican Republic,Utility-scale solar,50+ years,0.0,0.0
Dominican Republic,Wind,0-9 years,0.33,4.805390803898135
Dominican Republic,Wind,10-19 years,0.1272,1.8522597280480086
Dominican Republic,Wind,20-29 years,0.0,0.0
Dominican Republic,Wind,30-39 years,0.0,0.0
Dominican Republic,Wind,40-49 years,0.0,0.0
Dominican Republic,Wind,50+ years,0.0,0.0
Dominican Republic,Hydropower,0-9 years,0.0,0.0
Dominican Republic,Hydropower,10-19 years,0.14,2.0386506440779972
Dominican Republic,Hydropower,20-29 years,0.052,0.7572130963718274
Dominican Republic,Hydropower,30-39 years,0.158,2.3007628697451676
Dominican Republic,Hydropower,40-49 years,0.0,0.0
Dominican Republic,Hydropower,50+ years,0.134,1.9512799021889398
Dominican Republic,Bioenergy,0-9 years,0.037,0.5387862416491849
Dominican Republic,Bioenergy,10-19 years,0.0,0.0
Dominican Republic,Bioenergy,20-29 years,0.007,0.10193253220389985
Dominican Republic,Bioenergy,30-39 years,0.0,0.0
Dominican Republic,Bioenergy,40-49 years,0.0,0.0
Dominican Republic,Bioenergy,50+ years,0.0,0.0
Ecuador,Oil and gas,0-9 years,0.32274,4.564357478155382
Ecuador,Oil and gas,10-19 years,0.4678,6.6158716870579655
Ecuador,Oil and gas,20-29 years,0.48460000000000003,6.8534660529035705
Ecuador,Oil and gas,30-39 years,0.0,0.0
Ecuador,Oil and gas,40-49 years,0.2785,3.9386923147619566
Ecuador,Oil and gas,50+ years,0.0,0.0
Ecuador,Utility-scale solar,0-9 years,0.013100000000000002,0.1852670352724655
Ecuador,Utility-scale solar,10-19 years,0.0038362962962962964,0.05425490391156905
Ecuador,Utility-scale solar,20-29 years,0.0,0.0
Ecuador,Utility-scale solar,30-39 years,0.0,0.0
Ecuador,Utility-scale solar,40-49 years,0.0,0.0
Ecuador,Utility-scale solar,50+ years,0.0,0.0
Ecuador,Wind,0-9 years,0.05,0.7071260888262041
Ecuador,Wind,10-19 years,0.016,0.22628034842438532
Ecuador,Wind,20-29 years,0.0,0.0
Ecuador,Wind,30-39 years,0.0,0.0
Ecuador,Wind,40-49 years,0.0,0.0
Ecuador,Wind,50+ years,0.0,0.0
Ecuador,Hydropower,0-9 years,0.96,13.57682090546312
Ecuador,Hydropower,10-19 years,2.578,36.45942113987908
Ecuador,Hydropower,20-29 years,0.07,0.9899765243566857
Ecuador,Hydropower,30-39 years,0.388,5.487298449291344
Ecuador,Hydropower,40-49 years,1.172,16.575035522086225
Ecuador,Hydropower,50+ years,0.118,1.6688175696298417
Ecuador,Bioenergy,0-9 years,0.0,0.0
Ecuador,Bioenergy,10-19 years,0.043,0.6081284363905355
Ecuador,Bioenergy,20-29 years,0.03,0.4242756532957225
Ecuador,Bioenergy,30-39 years,0.0,0.0
Ecuador,Bioenergy,40-49 years,0.0,0.0
Ecuador,Bioenergy,50+ years,0.0,0.0
Egypt,Oil and gas,0-9 years,24.7077,38.923154764259884
Egypt,Oil and gas,10-19 years,16.094,25.35360445431985
Egypt,Oil and gas,20-29 years,6.6698,10.507236919934295
Egypt,Oil and gas,30-39 years,4.697,7.399396055793485
Egypt,Oil and gas,40-49 years,2.05,3.2294575078511056
Egypt,Oil and gas,50+ years,0.0,0.0
Egypt,Utility-scale solar,0-9 years,3.257432631578947,5.131580618717958
Egypt,Utility-scale solar,10-19 years,0.02,0.03150690251562054
Egypt,Utility-scale solar,20-29 years,0.0,0.0
Egypt,Utility-scale solar,30-39 years,0.0,0.0
Egypt,Utility-scale solar,40-49 years,0.0,0.0
Egypt,Utility-scale solar,50+ years,0.0,0.0
Egypt,Wind,0-9 years,2.499,3.9367874693267866
Egypt,Wind,10-19 years,0.2,0.3150690251562054
Egypt,Wind,20-29 years,0.225,0.3544526533007311
Egypt,Wind,30-39 years,0.0,0.0
Egypt,Wind,40-49 years,0.0,0.0
Egypt,Wind,50+ years,0.0,0.0
Egypt,Hydropower,0-9 years,0.032,0.050411044024992864
Egypt,Hydropower,10-19 years,0.064,0.10082208804998573
Egypt,Hydropower,20-29 years,0.0,0.0
Egypt,Hydropower,30-39 years,0.086,0.13547968081716832
Egypt,Hydropower,40-49 years,0.27,0.42534318396087734
Egypt,Hydropower,50+ years,2.422,3.8154858946416472
El Salvador,Oil and gas,0-9 years,0.378,13.436149851907459
El Salvador,Oil and gas,10-19 years,0.12459999999999999,4.428953099332459
El Salvador,Oil and gas,20-29 years,0.283,10.059339703941298
El Salvador,Oil and gas,30-39 years,0.1439,5.114978739919268
El Salvador,Oil and gas,40-49 years,0.0,0.0
El Salvador,Oil and gas,50+ years,0.0,0.0
El Salvador,Utility-scale solar,0-9 years,0.6899052037037037,24.522935715803445
El Salvador,Utility-scale solar,10-19 years,0.005899462962962962,0.20969859369351415
El Salvador,Utility-scale solar,20-29 years,0.0,0.0
El Salvador,Utility-scale solar,30-39 years,0.0,0.0
El Salvador,Utility-scale solar,40-49 years,0.0,0.0
El Salvador,Utility-scale solar,50+ years,0.0,0.0
El Salvador,Wind,0-9 years,0.054,1.9194499788439223
El Salvador,Wind,10-19 years,0.0,0.0
El Salvador,Wind,20-29 years,0.0,0.0
El Salvador,Wind,30-39 years,0.0,0.0
El Salvador,Wind,40-49 years,0.0,0.0
El Salvador,Wind,50+ years,0.0,0.0
El Salvador,Hydropower,0-9 years,0.067,2.3815397885656076
El Salvador,Hydropower,10-19 years,0.0,0.0
El Salvador,Hydropower,20-29 years,0.0,0.0
El Salvador,Hydropower,30-39 years,0.0,0.0
El Salvador,Hydropower,40-49 years,0.18,6.3981665961464085
El Salvador,Hydropower,50+ years,0.352,12.511970232464087
El Salvador,Bioenergy,0-9 years,0.015,0.5331805496788674
El Salvador,Bioenergy,10-19 years,0.154,5.4739869767030385
El Salvador,Bioenergy,20-29 years,0.045,1.5995416490366021
El Salvador,Bioenergy,30-39 years,0.0,0.0
El Salvador,Bioenergy,40-49 years,0.0,0.0
El Salvador,Bioenergy,50+ years,0.0,0.0
El Salvador,Geothermal,0-9 years,0.0135,0.4798624947109806
El Salvador,Geothermal,10-19 years,0.0448,1.5924325750408839
El Salvador,Geothermal,20-29 years,0.0562,1.9976497927968233
El Salvador,Geothermal,30-39 years,0.0092,0.3270174038030386
El Salvador,Geothermal,40-49 years,0.035,1.2440879492506904
El Salvador,Geothermal,50+ years,0.06,2.1327221987154696
Equatorial Guinea,Oil and gas,0-9 years,0.0,0.0
Equatorial Guinea,Oil and gas,10-19 years,0.0,0.0
Equatorial Guinea,Oil and gas,20-29 years,0.154,55.29358087886135
Equatorial Guinea,Oil and gas,30-39 years,0.0,0.0
Equatorial Guinea,Oil and gas,40-49 years,0.0,0.0
Equatorial Guinea,Oil and gas,50+ years,0.0,0.0
Equatorial Guinea,Hydropower,0-9 years,0.0,0.0
Equatorial Guinea,Hydropower,10-19 years,0.12,43.08590717833352
Equatorial Guinea,Hydropower,20-29 years,0.0,0.0
Equatorial Guinea,Hydropower,30-39 years,0.0,0.0
Equatorial Guinea,Hydropower,40-49 years,0.0,0.0
Equatorial Guinea,Hydropower,50+ years,0.0,0.0
Eritrea,Oil and gas,0-9 years,0.0,0.0
Eritrea,Oil and gas,10-19 years,0.0,0.0
Eritrea,Oil and gas,20-29 years,0.088,79.42238267148015
Eritrea,Oil and gas,30-39 years,0.0,0.0
Eritrea,Oil and gas,40-49 years,0.0,0.0
Eritrea,Oil and gas,50+ years,0.0,0.0
Eritrea,Utility-scale solar,0-9 years,0.0228,20.577617328519857
Eritrea,Utility-scale solar,10-19 years,0.0,0.0
Eritrea,Utility-scale solar,20-29 years,0.0,0.0
Eritrea,Utility-scale solar,30-39 years,0.0,0.0
Eritrea,Utility-scale solar,40-49 years,0.0,0.0
Eritrea,Utility-scale solar,50+ years,0.0,0.0
Estonia,Oil and gas,0-9 years,0.0,0.0
Estonia,Oil and gas,10-19 years,0.2511,11.148792603592215
Estonia,Oil and gas,20-29 years,0.0,0.0
Estonia,Oil and gas,30-39 years,0.0,0.0
Estonia,Oil and gas,40-49 years,0.207,9.190760927692507
Estonia,Oil and gas,50+ years,0.0,0.0
Estonia,Utility-scale solar,0-9 years,1.0011618271604938,44.45139615151645
Estonia,Utility-scale solar,10-19 years,0.0,0.0
Estonia,Utility-scale solar,20-29 years,0.0,0.0
Estonia,Utility-scale solar,30-39 years,0.0,0.0
Estonia,Utility-scale solar,40-49 years,0.0,0.0
Estonia,Utility-scale solar,50+ years,0.0,0.0
Estonia,Wind,0-9 years,0.429,19.047519024058385
Estonia,Wind,10-19 years,0.241,10.700354510018812
Estonia,Wind,20-29 years,0.018,0.799196602408044
Estonia,Wind,30-39 years,0.0,0.0
Estonia,Wind,40-49 years,0.0,0.0
Estonia,Wind,50+ years,0.0,0.0
Estonia,Bioenergy,0-9 years,0.01,0.44399811244891335
Estonia,Bioenergy,10-19 years,0.095,4.217982068264678
Estonia,Bioenergy,20-29 years,0.0,0.0
Estonia,Bioenergy,30-39 years,0.0,0.0
Estonia,Bioenergy,40-49 years,0.0,0.0
Estonia,Bioenergy,50+ years,0.0,0.0
Eswatini,Utility-scale solar,0-9 years,0.013726683937823832,12.62494489915055
Eswatini,Utility-scale solar,10-19 years,0.0,0.0
Eswatini,Utility-scale solar,20-29 years,0.0,0.0
Eswatini,Utility-scale solar,30-39 years,0.0,0.0
Eswatini,Utility-scale solar,40-49 years,0.0,0.0
Eswatini,Utility-scale solar,50+ years,0.0,0.0
Eswatini,Bioenergy,0-9 years,0.025,22.993435552855118
Eswatini,Bioenergy,10-19 years,0.0,0.0
Eswatini,Bioenergy,20-29 years,0.0,0.0
Eswatini,Bioenergy,30-39 years,0.0,0.0
Eswatini,Bioenergy,40-49 years,0.0,0.0
Eswatini,Bioenergy,50+ years,0.0,0.0
Ethiopia,Utility-scale solar,0-9 years,0.0015,0.014800927524791552
Ethiopia,Utility-scale solar,10-19 years,0.0,0.0
Ethiopia,Utility-scale solar,20-29 years,0.0,0.0
Ethiopia,Utility-scale solar,30-39 years,0.0,0.0
Ethiopia,Utility-scale solar,40-49 years,0.0,0.0
Ethiopia,Utility-scale solar,50+ years,0.0,0.0
Ethiopia,Wind,0-9 years,0.34,3.3548769056194185
Ethiopia,Wind,10-19 years,0.324,3.197000345354976
Ethiopia,Wind,20-29 years,0.0,0.0
Ethiopia,Wind,30-39 years,0.0,0.0
Ethiopia,Wind,40-49 years,0.0,0.0
Ethiopia,Wind,50+ years,0.0,0.0
Ethiopia,Hydropower,0-9 years,5.404,53.3228082293157
Ethiopia,Hydropower,10-19 years,3.147,31.05234594701268
Ethiopia,Hydropower,20-29 years,0.257,2.5358922492476195
Ethiopia,Hydropower,30-39 years,0.153,1.5096946075287383
Ethiopia,Hydropower,40-49 years,0.0,0.0
Ethiopia,Hydropower,50+ years,0.24,2.3681484039666483
Ethiopia,Bioenergy,0-9 years,0.206,2.0326607134047068
Ethiopia,Bioenergy,10-19 years,0.031,0.3058858355123588
Ethiopia,Bioenergy,20-29 years,0.0,0.0
Ethiopia,Bioenergy,30-39 years,0.0,0.0
Ethiopia,Bioenergy,40-49 years,0.0,0.0
Ethiopia,Bioenergy,50+ years,0.0,0.0
Faroe Islands,Wind,0-9 years,0.025,67.56756756756756
Faroe Islands,Wind,10-19 years,0.012,32.432432432432435
Faroe Islands,Wind,20-29 years,0.0,0.0
Faroe Islands,Wind,30-39 years,0.0,0.0
Faroe Islands,Wind,40-49 years,0.0,0.0
Faroe Islands,Wind,50+ years,0.0,0.0
Fiji,Wind,0-9 years,0.0,0.0
Fiji,Wind,10-19 years,0.01,5.608524957936063
Fiji,Wind,20-29 years,0.0,0.0
Fiji,Wind,30-39 years,0.0,0.0
Fiji,Wind,40-49 years,0.0,0.0
Fiji,Wind,50+ years,0.0,0.0
Fiji,Hydropower,0-9 years,0.0,0.0
Fiji,Hydropower,10-19 years,0.04,22.434099831744252
Fiji,Hydropower,20-29 years,0.0,0.0
Fiji,Hydropower,30-39 years,0.0,0.0
Fiji,Hydropower,40-49 years,0.08,44.868199663488504
Fiji,Hydropower,50+ years,0.0,0.0
Fiji,Bioenergy,0-9 years,0.012,6.730229949523276
Fiji,Bioenergy,10-19 years,0.024,13.460459899046551
Fiji,Bioenergy,20-29 years,0.0,0.0
Fiji,Bioenergy,30-39 years,0.0,0.0
Fiji,Bioenergy,40-49 years,0.0,0.0
Fiji,Bioenergy,50+ years,0.0,0.0
Finland,Coal,0-9 years,0.0,0.0
Finland,Coal,10-19 years,0.0,0.0
Finland,Coal,20-29 years,0.0,0.0
Finland,Coal,30-39 years,0.614,2.6384046529290455
Finland,Coal,40-49 years,0.039200000000000006,0.1684453784931899
Finland,Coal,50+ years,0.0,0.0
Finland,Oil and gas,0-9 years,0.031,0.133209355441043
Finland,Oil and gas,10-19 years,0.898,3.858774231808279
Finland,Oil and gas,20-29 years,0.637,2.737237400514336
Finland,Oil and gas,30-39 years,0.4,1.718830392787652
Finland,Oil and gas,40-49 years,0.0,0.0
Finland,Oil and gas,50+ years,0.564,2.4235508538305894
Finland,Utility-scale solar,0-9 years,0.19273876543209878,0.8282131197326537
Finland,Utility-scale solar,10-19 years,0.0,0.0
Finland,Utility-scale solar,20-29 years,0.0,0.0
Finland,Utility-scale solar,30-39 years,0.0,0.0
Finland,Utility-scale solar,40-49 years,0.0,0.0
Finland,Utility-scale solar,50+ years,0.0,0.0
Finland,Wind,0-9 years,7.2269,31.054538414092704
Finland,Wind,10-19 years,1.313,5.642060764325468
Finland,Wind,20-29 years,0.0115,0.04941637379264499
Finland,Wind,30-39 years,0.0,0.0
Finland,Wind,40-49 years,0.0,0.0
Finland,Wind,50+ years,0.0,0.0
Finland,Hydropower,0-9 years,0.0,0.0
Finland,Hydropower,10-19 years,0.0,0.0
Finland,Hydropower,20-29 years,0.0,0.0
Finland,Hydropower,30-39 years,0.0,0.0
Finland,Hydropower,40-49 years,0.041,0.17618011526073432
Finland,Hydropower,50+ years,2.504,10.759878258850701
Finland,Nuclear,0-9 years,1.72,7.390970688986903
Finland,Nuclear,10-19 years,0.0,0.0
Finland,Nuclear,20-29 years,0.0,0.0
Finland,Nuclear,30-39 years,0.0,0.0
Finland,Nuclear,40-49 years,2.902,12.470114499674414
Finland,Nuclear,50+ years,0.0,0.0
Finland,Bioenergy,0-9 years,0.939,4.034954347069013
Finland,Bioenergy,10-19 years,1.0372999999999999,4.457356916096578
Finland,Bioenergy,20-29 years,0.768,3.300154354152292
Finland,Bioenergy,30-39 years,0.512,2.2001029027681946
Finland,Bioenergy,40-49 years,0.27,1.160210515131665
Finland,Bioenergy,50+ years,0.134,0.5758081815838635
France,Coal,0-9 years,0.0,0.0
France,Coal,10-19 years,0.0,0.0
France,Coal,20-29 years,0.0,0.0
France,Coal,30-39 years,0.0,0.0
France,Coal,40-49 years,1.907,1.369803437352719
France,Coal,50+ years,0.0,0.0
France,Oil and gas,0-9 years,0.5205,0.37387660678662316
France,Oil and gas,10-19 years,7.09,5.092766843644876
France,Oil and gas,20-29 years,2.6923000000000004,1.933886625267292
France,Oil and gas,30-39 years,0.38189999999999996,0.2743198388699546
France,Oil and gas,40-49 years,0.594,0.42667186250000794
France,Oil and gas,50+ years,0.312,0.22411047323232744
France,Utility-scale solar,0-9 years,9.170043224719102,6.586867713630435
France,Utility-scale solar,10-19 years,2.976336426966292,2.137910785724456
France,Utility-scale solar,20-29 years,0.0,0.0
France,Utility-scale solar,30-39 years,0.0,0.0
France,Utility-scale solar,40-49 years,0.0,0.0
France,Utility-scale solar,50+ years,0.0,0.0
France,Wind,0-9 years,10.6565,7.654593775641978
France,Wind,10-19 years,10.0293,7.204074260221094
France,Wind,20-29 years,1.2802,0.9195712430513641
France,Wind,30-39 years,0.0,0.0
France,Wind,40-49 years,0.0,0.0
France,Wind,50+ years,0.023,0.016520964372895932
France,Hydropower,0-9 years,0.097,0.06967537148569153
France,Hydropower,10-19 years,0.055,0.039506653935185924
France,Hydropower,20-29 years,0.035,0.025140597958754677
France,Hydropower,30-39 years,2.656,1.9078122336700694
France,Hydropower,40-49 years,2.659,1.909967142066534
France,Hydropower,50+ years,15.653,11.243593709953913
France,Nuclear,0-9 years,1.65,1.1851996180555777
France,Nuclear,10-19 years,0.0,0.0
France,Nuclear,20-29 years,6.242,4.483646070244192
France,Nuclear,30-39 years,21.061,15.128175245980923
France,Nuclear,40-49 years,36.737,26.388289920307734
France,Nuclear,50+ years,0.0,0.0
France,Bioenergy,0-9 years,0.1394,0.10013141015572577
France,Bioenergy,10-19 years,0.2469,0.1773489610290437
France,Bioenergy,20-29 years,0.1009,0.07247675240109563
France,Bioenergy,30-39 years,0.1603,0.11514393865109643
France,Bioenergy,40-49 years,0.012,0.008619633585858747
France,Bioenergy,50+ years,0.064,0.045971379124579985
France,Geothermal,0-9 years,0.0,0.0
France,Geothermal,10-19 years,0.0017,0.0012211147579966558
France,Geothermal,20-29 years,0.0,0.0
France,Geothermal,30-39 years,0.0,0.0
France,Geothermal,40-49 years,0.0,0.0
France,Geothermal,50+ years,0.0,0.0
French Guiana,Utility-scale solar,0-9 years,0.01584537037037037,8.80810347578582
French Guiana,Utility-scale solar,10-19 years,0.02175,12.090361166727572
French Guiana,Utility-scale solar,20-29 years,0.0,0.0
French Guiana,Utility-scale solar,30-39 years,0.0,0.0
French Guiana,Utility-scale solar,40-49 years,0.0,0.0
French Guiana,Utility-scale solar,50+ years,0.0,0.0
French Guiana,Hydropower,0-9 years,0.0,0.0
French Guiana,Hydropower,10-19 years,0.0,0.0
French Guiana,Hydropower,20-29 years,0.0,0.0
French Guiana,Hydropower,30-39 years,0.116,64.48192622254705
French Guiana,Hydropower,40-49 years,0.0,0.0
French Guiana,Hydropower,50+ years,0.0,0.0
French Guiana,Bioenergy,0-9 years,0.0246,13.674615388574635
French Guiana,Bioenergy,10-19 years,0.0017,0.9449937463649136
French Guiana,Bioenergy,20-29 years,0.0,0.0
French Guiana,Bioenergy,30-39 years,0.0,0.0
French Guiana,Bioenergy,40-49 years,0.0,0.0
French Guiana,Bioenergy,50+ years,0.0,0.0
French Polynesia,Utility-scale solar,0-9 years,0.016885961685823757,100.0
French Polynesia,Utility-scale solar,10-19 years,0.0,0.0
French Polynesia,Utility-scale solar,20-29 years,0.0,0.0
French Polynesia,Utility-scale solar,30-39 years,0.0,0.0
French Polynesia,Utility-scale solar,40-49 years,0.0,0.0
French Polynesia,Utility-scale solar,50+ years,0.0,0.0
Gabon,Oil and gas,0-9 years,0.0,0.0
Gabon,Oil and gas,10-19 years,0.225,27.12248514290536
Gabon,Oil and gas,20-29 years,0.0,0.0
Gabon,Oil and gas,30-39 years,0.0,0.0
Gabon,Oil and gas,40-49 years,0.0,0.0
Gabon,Oil and gas,50+ years,0.0,0.0
Gabon,Hydropower,0-9 years,0.0,0.0
Gabon,Hydropower,10-19 years,0.16,19.287100546066036
Gabon,Hydropower,20-29 years,0.0,0.0
Gabon,Hydropower,30-39 years,0.0,0.0
Gabon,Hydropower,40-49 years,0.164,19.76927805971769
Gabon,Hydropower,50+ years,0.0,0.0
Georgia,Oil and gas,0-9 years,0.255,6.105152269680138
Georgia,Oil and gas,10-19 years,0.2312,5.535338057843324
Georgia,Oil and gas,20-29 years,0.11,2.633595096724765
Georgia,Oil and gas,30-39 years,0.3,7.182532081976632
Georgia,Oil and gas,40-49 years,0.0,0.0
Georgia,Oil and gas,50+ years,0.272,6.512162420992147
Georgia,Utility-scale solar,0-9 years,0.0129,0.30884887952499523
Georgia,Utility-scale solar,10-19 years,0.0,0.0
Georgia,Utility-scale solar,20-29 years,0.0,0.0
Georgia,Utility-scale solar,30-39 years,0.0,0.0
Georgia,Utility-scale solar,40-49 years,0.0,0.0
Georgia,Utility-scale solar,50+ years,0.0,0.0
Georgia,Wind,0-9 years,0.0,0.0
Georgia,Wind,10-19 years,0.0207,0.49559471365638763
Georgia,Wind,20-29 years,0.0,0.0
Georgia,Wind,30-39 years,0.0,0.0
Georgia,Wind,40-49 years,0.0,0.0
Georgia,Wind,50+ years,0.0,0.0
Georgia,Hydropower,0-9 years,0.353,8.451446083125838
Georgia,Hydropower,10-19 years,0.193,4.620762306071634
Georgia,Hydropower,20-29 years,0.0,0.0
Georgia,Hydropower,30-39 years,0.046,1.1013215859030836
Georgia,Hydropower,40-49 years,1.522,36.43937942922811
Georgia,Hydropower,50+ years,0.861,20.613867075272935
Germany,Coal,0-9 years,1.1,0.699960697711329
Germany,Coal,10-19 years,7.127,4.535108993262401
Germany,Coal,20-29 years,5.735,3.6493405467040656
Germany,Coal,30-39 years,4.6174,2.9381804778293548
Germany,Coal,40-49 years,4.329,2.754663509447585
Germany,Coal,50+ years,5.2646999999999995,3.3500755320371214
Germany,Oil and gas,0-9 years,6.4823,4.1248683916128615
Germany,Oil and gas,10-19 years,9.945799999999998,6.328790097543033
Germany,Oil and gas,20-29 years,6.3868,4.064099076493378
Germany,Oil and gas,30-39 years,3.0828,1.9616716717313503
Germany,Oil and gas,40-49 years,1.807,1.1498445279676104
Germany,Oil and gas,50+ years,7.362100000000001,4.684709684200524
Germany,Utility-scale solar,0-9 years,23.20079660102302,14.763314342100639
Germany,Utility-scale solar,10-19 years,9.555134,6.080198419422947
Germany,Utility-scale solar,20-29 years,0.131718,0.08381583925558257
Germany,Utility-scale solar,30-39 years,0.0,0.0
Germany,Utility-scale solar,40-49 years,0.0,0.0
Germany,Utility-scale solar,50+ years,0.0,0.0
Germany,Wind,0-9 years,20.944200000000002,13.327378950005105
Germany,Wind,10-19 years,19.203,12.219404798318774
Germany,Wind,20-29 years,8.647,5.502327411918056
Germany,Wind,30-39 years,0.122,0.07763200465525649
Germany,Wind,40-49 years,0.0,0.0
Germany,Wind,50+ years,0.0,0.0
Germany,Hydropower,0-9 years,0.0,0.0
Germany,Hydropower,10-19 years,0.14,0.08908590698144186
Germany,Hydropower,20-29 years,1.06,0.674507581430917
Germany,Hydropower,30-39 years,0.184,0.11708433488989503
Germany,Hydropower,40-49 years,1.167,0.7425946674810191
Germany,Hydropower,50+ years,4.8915,3.1125979571408777
Germany,Bioenergy,0-9 years,0.3063,0.19490723791725462
Germany,Bioenergy,10-19 years,0.8186,0.5208980246786309
Germany,Bioenergy,20-29 years,0.9745,0.6201015453815364
Germany,Bioenergy,30-39 years,0.25930000000000003,0.16499982628777057
Germany,Bioenergy,40-49 years,0.1447,0.09207664814439027
Germany,Bioenergy,50+ years,0.1525,0.09704000581907062
Germany,Geothermal,0-9 years,0.012199999999999999,0.007763200465525648
Germany,Geothermal,10-19 years,0.032299999999999995,0.020553391396432658
Germany,Geothermal,20-29 years,0.0,0.0
Germany,Geothermal,30-39 years,0.0,0.0
Germany,Geothermal,40-49 years,0.0,0.0
Germany,Geothermal,50+ years,0.0,0.0
Ghana,Oil and gas,0-9 years,2.477,41.91165888032796
Ghana,Oil and gas,10-19 years,1.172,19.8306274556901
Ghana,Oil and gas,20-29 years,0.33,5.583709095885437
Ghana,Oil and gas,30-39 years,0.0,0.0
Ghana,Oil and gas,40-49 years,0.0,0.0
Ghana,Oil and gas,50+ years,0.0,0.0
Ghana,Utility-scale solar,0-9 years,0.2790366683937824,4.721392676957368
Ghana,Utility-scale solar,10-19 years,0.02,0.3384066118718447
Ghana,Utility-scale solar,20-29 years,0.0,0.0
Ghana,Utility-scale solar,30-39 years,0.0,0.0
Ghana,Utility-scale solar,40-49 years,0.0,0.0
Ghana,Utility-scale solar,50+ years,0.0,0.0
Ghana,Hydropower,0-9 years,0.0,0.0
Ghana,Hydropower,10-19 years,0.404,6.835813559811263
Ghana,Hydropower,20-29 years,0.0,0.0
Ghana,Hydropower,30-39 years,0.0,0.0
Ghana,Hydropower,40-49 years,0.16,2.7072528949747574
Ghana,Hydropower,50+ years,1.02,17.25873720546408
Greece,Coal,0-9 years,0.66,2.987229457205353
Greece,Coal,10-19 years,0.0,0.0
Greece,Coal,20-29 years,0.0,0.0
Greece,Coal,30-39 years,0.0,0.0
Greece,Coal,40-49 years,0.0,0.0
Greece,Coal,50+ years,0.0,0.0
Greece,Oil and gas,0-9 years,1.764,7.984049640167033
Greece,Oil and gas,10-19 years,3.5776,16.192594100148288
Greece,Oil and gas,20-29 years,2.317,10.486985836886063
Greece,Oil and gas,30-39 years,0.273,1.2356267300258506
Greece,Oil and gas,40-49 years,0.184,0.8328033638269468
Greece,Oil and gas,50+ years,0.093,0.4209277871516633
Greece,Utility-scale solar,0-9 years,3.5953500079681278,16.27293250419074
Greece,Utility-scale solar,10-19 years,0.0,0.0
Greece,Utility-scale solar,20-29 years,0.0,0.0
Greece,Utility-scale solar,30-39 years,0.0,0.0
Greece,Utility-scale solar,40-49 years,0.0,0.0
Greece,Utility-scale solar,50+ years,0.0,0.0
Greece,Wind,0-9 years,2.6528,12.006851975870243
Greece,Wind,10-19 years,1.4844000000000002,6.71855061556913
Greece,Wind,20-29 years,0.5684,2.5726382173871554
Greece,Wind,30-39 years,0.0,0.0
Greece,Wind,40-49 years,0.0,0.0
Greece,Wind,50+ years,0.0,0.0
Greece,Hydropower,0-9 years,0.0,0.0
Greece,Hydropower,10-19 years,0.154,0.697020206681249
Greece,Hydropower,20-29 years,0.5,2.263052619094964
Greece,Hydropower,30-39 years,0.36,1.6293978857483742
Greece,Hydropower,40-49 years,0.723,3.2723740872113183
Greece,Hydropower,50+ years,1.382,6.25507743917848
Guadeloupe,Oil and gas,0-9 years,0.0,0.0
Guadeloupe,Oil and gas,10-19 years,0.2112,52.04534253326762
Guadeloupe,Oil and gas,20-29 years,0.0,0.0
Guadeloupe,Oil and gas,30-39 years,0.0,0.0
Guadeloupe,Oil and gas,40-49 years,0.0,0.0
Guadeloupe,Oil and gas,50+ years,0.0,0.0
Guadeloupe,Utility-scale solar,0-9 years,0.0366,9.019221291276493
Guadeloupe,Utility-scale solar,10-19 years,0.0,0.0
Guadeloupe,Utility-scale solar,20-29 years,0.0,0.0
Guadeloupe,Utility-scale solar,30-39 years,0.0,0.0
Guadeloupe,Utility-scale solar,40-49 years,0.0,0.0
Guadeloupe,Utility-scale solar,50+ years,0.0,0.0
Guadeloupe,Wind,0-9 years,0.041,10.103499260719568
Guadeloupe,Wind,10-19 years,0.0,0.0
Guadeloupe,Wind,20-29 years,0.0,0.0
Guadeloupe,Wind,30-39 years,0.0,0.0
Guadeloupe,Wind,40-49 years,0.0,0.0
Guadeloupe,Wind,50+ years,0.0,0.0
Guadeloupe,Bioenergy,0-9 years,0.0,0.0
Guadeloupe,Bioenergy,10-19 years,0.038,9.36421882700838
Guadeloupe,Bioenergy,20-29 years,0.064,15.771315919172007
Guadeloupe,Bioenergy,30-39 years,0.0,0.0
Guadeloupe,Bioenergy,40-49 years,0.0,0.0
Guadeloupe,Bioenergy,50+ years,0.0,0.0
Guadeloupe,Geothermal,0-9 years,0.0,0.0
Guadeloupe,Geothermal,10-19 years,0.0,0.0
Guadeloupe,Geothermal,20-29 years,0.01,2.4642681123706263
Guadeloupe,Geothermal,30-39 years,0.0,0.0
Guadeloupe,Geothermal,40-49 years,0.005,1.2321340561853131
Guadeloupe,Geothermal,50+ years,0.0,0.0
Guatemala,Coal,0-9 years,0.0,0.0
Guatemala,Coal,10-19 years,0.0,0.0
Guatemala,Coal,20-29 years,0.139,4.469238563214945
Guatemala,Coal,30-39 years,0.0,0.0
Guatemala,Coal,40-49 years,0.0,0.0
Guatemala,Coal,50+ years,0.0,0.0
Guatemala,Oil and gas,0-9 years,0.0,0.0
Guatemala,Oil and gas,10-19 years,0.3,9.645838625643764
Guatemala,Oil and gas,20-29 years,0.227,7.298684560070448
Guatemala,Oil and gas,30-39 years,0.129,4.147710609026819
Guatemala,Oil and gas,40-49 years,0.0,0.0
Guatemala,Oil and gas,50+ years,0.0,0.0
Guatemala,Utility-scale solar,0-9 years,0.2292919814814815,7.37237817174823
Guatemala,Utility-scale solar,10-19 years,0.0938575,3.017780996021199
Guatemala,Utility-scale solar,20-29 years,0.0,0.0
Guatemala,Utility-scale solar,30-39 years,0.0,0.0
Guatemala,Utility-scale solar,40-49 years,0.0,0.0
Guatemala,Utility-scale solar,50+ years,0.0,0.0
Guatemala,Wind,0-9 years,0.03,0.9645838625643764
Guatemala,Wind,10-19 years,0.076,2.4436124518297535
Guatemala,Wind,20-29 years,0.0,0.0
Guatemala,Wind,30-39 years,0.0,0.0
Guatemala,Wind,40-49 years,0.0,0.0
Guatemala,Wind,50+ years,0.0,0.0
Guatemala,Hydropower,0-9 years,0.056,1.8005565434535027
Guatemala,Hydropower,10-19 years,0.301,9.677991421062577
Guatemala,Hydropower,20-29 years,0.155,4.983683289915946
Guatemala,Hydropower,30-39 years,0.0,0.0
Guatemala,Hydropower,40-49 years,0.38,12.218062259148768
Guatemala,Hydropower,50+ years,0.06,1.929167725128753
Guatemala,Bioenergy,0-9 years,0.0,0.0
Guatemala,Bioenergy,10-19 years,0.493,15.851328141474585
Guatemala,Bioenergy,20-29 years,0.3275,10.53004049966111
Guatemala,Bioenergy,30-39 years,0.0,0.0
Guatemala,Bioenergy,40-49 years,0.04,1.2861118167525019
Guatemala,Bioenergy,50+ years,0.0,0.0
Guatemala,Geothermal,0-9 years,0.0,0.0
Guatemala,Geothermal,10-19 years,0.0,0.0
Guatemala,Geothermal,20-29 years,0.046,1.4790285892653772
Guatemala,Geothermal,30-39 years,0.0,0.0
Guatemala,Geothermal,40-49 years,0.0,0.0
Guatemala,Geothermal,50+ years,0.0,0.0
Guinea,Oil and gas,0-9 years,0.05,5.44069640914037
Guinea,Oil and gas,10-19 years,0.0,0.0
Guinea,Oil and gas,20-29 years,0.0,0.0
Guinea,Oil and gas,30-39 years,0.0,0.0
Guinea,Oil and gas,40-49 years,0.0,0.0
Guinea,Oil and gas,50+ years,0.0,0.0
Guinea,Hydropower,0-9 years,0.45,48.96626768226333
Guinea,Hydropower,10-19 years,0.24,26.115342763873777
Guinea,Hydropower,20-29 years,0.08,8.705114254624592
Guinea,Hydropower,30-39 years,0.0,0.0
Guinea,Hydropower,40-49 years,0.0,0.0
Guinea,Hydropower,50+ years,0.0,0.0
Guinea-Bissau,Utility-scale solar,0-9 years,0.0,0.0
Guinea-Bissau,Utility-scale solar,10-19 years,0.009026683937823833,100.0
Guinea-Bissau,Utility-scale solar,20-29 years,0.0,0.0
Guinea-Bissau,Utility-scale solar,30-39 years,0.0,0.0
Guinea-Bissau,Utility-scale solar,40-49 years,0.0,0.0
Guinea-Bissau,Utility-scale solar,50+ years,0.0,0.0
Guyana,Oil and gas,0-9 years,0.072,93.49716177918751
Guyana,Oil and gas,10-19 years,0.0,0.0
Guyana,Oil and gas,20-29 years,0.0,0.0
Guyana,Oil and gas,30-39 years,0.0,0.0
Guyana,Oil and gas,40-49 years,0.0,0.0
Guyana,Oil and gas,50+ years,0.0,0.0
Guyana,Utility-scale solar,0-9 years,0.005007685185185185,6.502838220812497
Guyana,Utility-scale solar,10-19 years,0.0,0.0
Guyana,Utility-scale solar,20-29 years,0.0,0.0
Guyana,Utility-scale solar,30-39 years,0.0,0.0
Guyana,Utility-scale solar,40-49 years,0.0,0.0
Guyana,Utility-scale solar,50+ years,0.0,0.0
Honduras,Oil and gas,0-9 years,0.371,12.915142306185935
Honduras,Oil and gas,10-19 years,0.0,0.0
Honduras,Oil and gas,20-29 years,0.6487999999999999,22.58583376887718
Honduras,Oil and gas,30-39 years,0.08,2.784936346347371
Honduras,Oil and gas,40-49 years,0.0,0.0
Honduras,Oil and gas,50+ years,0.0,0.0
Honduras,Utility-scale solar,0-9 years,0.21227885185185183,7.3897886260388885
Honduras,Utility-scale solar,10-19 years,0.40267748148148147,14.017889425417476
Honduras,Utility-scale solar,20-29 years,0.0,0.0
Honduras,Utility-scale solar,30-39 years,0.0,0.0
Honduras,Utility-scale solar,40-49 years,0.0,0.0
Honduras,Utility-scale solar,50+ years,0.0,0.0
Honduras,Wind,0-9 years,0.059,2.053890555431186
Honduras,Wind,10-19 years,0.176,6.126859961964216
Honduras,Wind,20-29 years,0.0,0.0
Honduras,Wind,30-39 years,0.0,0.0
Honduras,Wind,40-49 years,0.0,0.0
Honduras,Wind,50+ years,0.0,0.0
Honduras,Hydropower,0-9 years,0.165,5.743931214341453
Honduras,Hydropower,10-19 years,0.039,1.3576564688443433
Honduras,Hydropower,20-29 years,0.03,1.0443511298802641
Honduras,Hydropower,30-39 years,0.0,0.0
Honduras,Hydropower,40-49 years,0.3,10.44351129880264
Honduras,Hydropower,50+ years,0.109,3.794475771898293
Honduras,Bioenergy,0-9 years,0.0,0.0
Honduras,Bioenergy,10-19 years,0.063,2.193137372748555
Honduras,Bioenergy,20-29 years,0.09209999999999999,3.206157968732411
Honduras,Bioenergy,30-39 years,0.0,0.0
Honduras,Bioenergy,40-49 years,0.0,0.0
Honduras,Bioenergy,50+ years,0.0,0.0
Honduras,Geothermal,0-9 years,0.035,1.218409651526975
Honduras,Geothermal,10-19 years,0.0,0.0
Honduras,Geothermal,20-29 years,0.0,0.0
Honduras,Geothermal,30-39 years,0.0,0.0
Honduras,Geothermal,40-49 years,0.0,0.0
Honduras,Geothermal,50+ years,0.0,0.0
Hong Kong,Coal,0-9 years,0.0,0.0
Hong Kong,Coal,10-19 years,0.0,0.0
Hong Kong,Coal,20-29 years,0.35,3.4091737887920504
Hong Kong,Coal,30-39 years,2.7325,26.61590679392651
Hong Kong,Coal,40-49 years,1.0275,10.00836019423952
Hong Kong,Coal,50+ years,0.0,0.0
Hong Kong,Oil and gas,0-9 years,2.29,22.305737075239414
Hong Kong,Oil and gas,10-19 years,0.0,0.0
Hong Kong,Oil and gas,20-29 years,2.325,22.646654454118618
Hong Kong,Oil and gas,30-39 years,1.4805,14.420805126590375
Hong Kong,Oil and gas,40-49 years,0.0,0.0
Hong Kong,Oil and gas,50+ years,0.0,0.0
Hong Kong,Utility-scale solar,0-9 years,0.0009170759101471727,0.008932774729161014
Hong Kong,Utility-scale solar,10-19 years,0.0,0.0
Hong Kong,Utility-scale solar,20-29 years,0.0,0.0
Hong Kong,Utility-scale solar,30-39 years,0.0,0.0
Hong Kong,Utility-scale solar,40-49 years,0.0,0.0
Hong Kong,Utility-scale solar,50+ years,0.0,0.0
Hong Kong,Bioenergy,0-9 years,0.06,0.5844297923643516
Hong Kong,Bioenergy,10-19 years,0.0,0.0
Hong Kong,Bioenergy,20-29 years,0.0,0.0
Hong Kong,Bioenergy,30-39 years,0.0,0.0
Hong Kong,Bioenergy,40-49 years,0.0,0.0
Hong Kong,Bioenergy,50+ years,0.0,0.0
Hungary,Coal,0-9 years,0.0,0.0
Hungary,Coal,10-19 years,0.0,0.0
Hungary,Coal,20-29 years,0.0,0.0
Hungary,Coal,30-39 years,0.0,0.0
Hungary,Coal,40-49 years,0.0,0.0
Hungary,Coal,50+ years,0.884,8.454342444345821
Hungary,Oil and gas,0-9 years,0.114,1.090265880831927
Hungary,Oil and gas,10-19 years,1.099,10.510545640651648
Hungary,Oil and gas,20-29 years,1.45,13.867416905318372
Hungary,Oil and gas,30-39 years,0.297,2.8404295316410733
Hungary,Oil and gas,40-49 years,0.0,0.0
Hungary,Oil and gas,50+ years,0.0645,0.6168609588917482
Hungary,Utility-scale solar,0-9 years,3.864470051502146,36.95877056710166
Hungary,Utility-scale solar,10-19 years,0.0,0.0
Hungary,Utility-scale solar,20-29 years,0.0,0.0
Hungary,Utility-scale solar,30-39 years,0.0,0.0
Hungary,Utility-scale solar,40-49 years,0.0,0.0
Hungary,Utility-scale solar,50+ years,0.0,0.0
Hungary,Wind,0-9 years,0.0,0.0
Hungary,Wind,10-19 years,0.319,3.050831719170042
Hungary,Wind,20-29 years,0.0,0.0
Hungary,Wind,30-39 years,0.0,0.0
Hungary,Wind,40-49 years,0.0,0.0
Hungary,Wind,50+ years,0.0,0.0
Hungary,Nuclear,0-9 years,0.0,0.0
Hungary,Nuclear,10-19 years,0.0,0.0
Hungary,Nuclear,20-29 years,0.0,0.0
Hungary,Nuclear,30-39 years,0.506,4.839250313166272
Hungary,Nuclear,40-49 years,1.521,14.546442146889133
Hungary,Nuclear,50+ years,0.0,0.0
Hungary,Bioenergy,0-9 years,0.0,0.0
Hungary,Bioenergy,10-19 years,0.04,0.3825494318708516
Hungary,Bioenergy,20-29 years,0.05,0.4781867898385645
Hungary,Bioenergy,30-39 years,0.06,0.5738241478062774
Hungary,Bioenergy,40-49 years,0.024,0.22952965912251097
Hungary,Bioenergy,50+ years,0.085,0.8129175427255596
Hungary,Geothermal,0-9 years,0.0034,0.032516701709022384
Hungary,Geothermal,10-19 years,0.0,0.0
Hungary,Geothermal,20-29 years,0.0,0.0
Hungary,Geothermal,30-39 years,0.0,0.0
Hungary,Geothermal,40-49 years,0.0,0.0
Hungary,Geothermal,50+ years,0.0,0.0
Iceland,Hydropower,0-9 years,0.1,3.613500036135
Iceland,Hydropower,10-19 years,0.785,28.36597528365975
Iceland,Hydropower,20-29 years,0.215,7.76902507769025
Iceland,Hydropower,30-39 years,0.15,5.4202500542025005
Iceland,Hydropower,40-49 years,0.36,13.008600130086002
Iceland,Hydropower,50+ years,0.318,11.4909301149093
Iceland,Geothermal,0-9 years,0.175,6.323625063236251
Iceland,Geothermal,10-19 years,0.243,8.780805087808051
Iceland,Geothermal,20-29 years,0.34,12.285900122859001
Iceland,Geothermal,30-39 years,0.008400000000000001,0.30353400303534006
Iceland,Geothermal,40-49 years,0.038,1.3731300137313
Iceland,Geothermal,50+ years,0.005,0.18067500180675003
India,Coal,0-9 years,60.002,12.468531856696902
India,Coal,10-19 years,138.3965,28.759060849727554
India,Coal,20-29 years,18.7482,3.8959122855192305
India,Coal,30-39 years,23.9645,4.979869532345804
India,Coal,40-49 years,12.8715,2.6747226391365984
India,Coal,50+ years,0.335,0.0696136490782551
India,Oil and gas,0-9 years,1.0092,0.20971371537246283
India,Oil and gas,10-19 years,13.2719,2.757926534930429
India,Oil and gas,20-29 years,8.17,1.6977418297592362
India,Oil and gas,30-39 years,4.912100000000001,1.020743897424767
India,Oil and gas,40-49 years,0.0,0.0
India,Oil and gas,50+ years,0.0,0.0
India,Utility-scale solar,0-9 years,82.57254281818182,17.158734385803285
India,Utility-scale solar,10-19 years,6.561837068181818,1.3635624566361053
India,Utility-scale solar,20-29 years,0.0,0.0
India,Utility-scale solar,30-39 years,0.0,0.0
India,Utility-scale solar,40-49 years,0.0,0.0
India,Utility-scale solar,50+ years,0.0,0.0
India,Wind,0-9 years,16.5177,3.43241006382058
India,Wind,10-19 years,10.0715,2.092877214004914
India,Wind,20-29 years,0.3212,0.06674598234010608
India,Wind,30-39 years,0.145,0.030131280944319373
India,Wind,40-49 years,0.0,0.0
India,Wind,50+ years,0.0,0.0
India,Hydropower,0-9 years,7.422,1.5423059804740575
India,Hydropower,10-19 years,9.996,2.077188167720113
India,Hydropower,20-29 years,11.91,2.4749210761851286
India,Hydropower,30-39 years,5.166,1.0735048093679578
India,Hydropower,40-49 years,5.945,1.2353825187170941
India,Hydropower,50+ years,10.756,2.235117640255856
India,Nuclear,0-9 years,3.1,0.6441860063957934
India,Nuclear,10-19 years,1.88,0.3906676425884166
India,Nuclear,20-29 years,1.96,0.40729179759217904
India,Nuclear,30-39 years,0.88,0.18286570504138652
India,Nuclear,40-49 years,0.42,0.08727681376975266
India,Nuclear,50+ years,0.16,0.033248310007524824
India,Bioenergy,0-9 years,0.284,0.05901575026335655
India,Bioenergy,10-19 years,2.024,0.42059112159518897
India,Bioenergy,20-29 years,0.6997000000000001,0.145399015701657
India,Bioenergy,30-39 years,0.169,0.03511852744544809
India,Bioenergy,40-49 years,0.0,0.0
India,Bioenergy,50+ years,0.0,0.0
Indonesia,Coal,0-9 years,33.583,34.86145309830079
Indonesia,Coal,10-19 years,16.662,17.296296683556793
Indonesia,Coal,20-29 years,6.754,7.0111143800709765
Indonesia,Coal,30-39 years,2.811,2.9180104415723296
Indonesia,Coal,40-49 years,0.8,0.830454768145807
Indonesia,Coal,50+ years,0.0,0.0
Indonesia,Oil and gas,0-9 years,9.3796,9.736666929125516
Indonesia,Oil and gas,10-19 years,5.5992,5.812352922252503
Indonesia,Oil and gas,20-29 years,2.893,3.0031320553072742
Indonesia,Oil and gas,30-39 years,5.9557,6.182424328307478
Indonesia,Oil and gas,40-49 years,1.7185,1.7839206488232118
Indonesia,Oil and gas,50+ years,0.0,0.0
Indonesia,Utility-scale solar,0-9 years,0.8788601557632398,0.9123170086086865
Indonesia,Utility-scale solar,10-19 years,0.0,0.0
Indonesia,Utility-scale solar,20-29 years,0.0,0.0
Indonesia,Utility-scale solar,30-39 years,0.0,0.0
Indonesia,Utility-scale solar,40-49 years,0.0,0.0
Indonesia,Utility-scale solar,50+ years,0.0,0.0
Indonesia,Wind,0-9 years,0.147,0.15259606364679204
Indonesia,Wind,10-19 years,0.01,0.010380684601822588
Indonesia,Wind,20-29 years,0.0,0.0
Indonesia,Wind,30-39 years,0.0,0.0
Indonesia,Wind,40-49 years,0.0,0.0
Indonesia,Wind,50+ years,0.0,0.0
Indonesia,Hydropower,0-9 years,0.905,0.9394519564649442
Indonesia,Hydropower,10-19 years,0.512,0.5314910516133164
Indonesia,Hydropower,20-29 years,0.747,0.7754371397561473
Indonesia,Hydropower,30-39 years,0.457,0.4743972863032923
Indonesia,Hydropower,40-49 years,2.599,2.6979399280136906
Indonesia,Hydropower,50+ years,0.322,0.3342580441786873
Indonesia,Bioenergy,0-9 years,0.195,0.20242334973554046
Indonesia,Bioenergy,10-19 years,0.316,0.3280296334175938
Indonesia,Bioenergy,20-29 years,0.535,0.5553666261975084
Indonesia,Bioenergy,30-39 years,0.0,0.0
Indonesia,Bioenergy,40-49 years,0.0,0.0
Indonesia,Bioenergy,50+ years,0.0,0.0
Indonesia,Geothermal,0-9 years,0.9835,1.0209403305892515
Indonesia,Geothermal,10-19 years,0.67345,0.6990872045097422
Indonesia,Geothermal,20-29 years,0.46695,0.4847260674821057
Indonesia,Geothermal,30-39 years,0.275,0.2854688265501211
Indonesia,Geothermal,40-49 years,0.03,0.03114205380546776
Indonesia,Geothermal,50+ years,0.0,0.0
Iran,Oil and gas,0-9 years,24.347,26.46546690192863
Iran,Oil and gas,10-19 years,23.637400000000003,25.694123602400616
Iran,Oil and gas,20-29 years,15.5297,16.880961159357664
Iran,Oil and gas,30-39 years,5.453,5.927473241722463
Iran,Oil and gas,40-49 years,5.8368,6.344668222498748
Iran,Oil and gas,50+ years,1.3542,1.4720308571319567
Iran,Utility-scale solar,0-9 years,0.8012541353383458,0.8709723908009379
Iran,Utility-scale solar,10-19 years,0.0,0.0
Iran,Utility-scale solar,20-29 years,0.0,0.0
Iran,Utility-scale solar,30-39 years,0.0,0.0
Iran,Utility-scale solar,40-49 years,0.0,0.0
Iran,Utility-scale solar,50+ years,0.0,0.0
Iran,Wind,0-9 years,0.329,0.35762675527722176
Iran,Wind,10-19 years,0.018,0.019566205455896633
Iran,Wind,20-29 years,0.0,0.0
Iran,Wind,30-39 years,0.0,0.0
Iran,Wind,40-49 years,0.0,0.0
Iran,Wind,50+ years,0.0,0.0
Iran,Hydropower,0-9 years,0.616,0.6695990311573514
Iran,Hydropower,10-19 years,5.147,5.594847748972221
Iran,Hydropower,20-29 years,4.705,5.114388703888537
Iran,Hydropower,30-39 years,0.0,0.0
Iran,Hydropower,40-49 years,1.032,1.1217957794714069
Iran,Hydropower,50+ years,0.797,0.8663480971305343
Iran,Nuclear,0-9 years,0.0,0.0
Iran,Nuclear,10-19 years,1.0,1.0870114142164795
Iran,Nuclear,20-29 years,0.0,0.0
Iran,Nuclear,30-39 years,0.0,0.0
Iran,Nuclear,40-49 years,0.0,0.0
Iran,Nuclear,50+ years,0.0,0.0
Iran,Geothermal,0-9 years,0.005,0.005435057071082398
Iran,Geothermal,10-19 years,0.0,0.0
Iran,Geothermal,20-29 years,0.0,0.0
Iran,Geothermal,30-39 years,0.0,0.0
Iran,Geothermal,40-49 years,0.0,0.0
Iran,Geothermal,50+ years,0.0,0.0
Iraq,Oil and gas,0-9 years,19.0458,40.056743793779
Iraq,Oil and gas,10-19 years,14.659600000000001,30.83177610388026
Iraq,Oil and gas,20-29 years,1.327,2.7909197310874174
Iraq,Oil and gas,30-39 years,0.0,0.0
Iraq,Oil and gas,40-49 years,3.161,6.648151672921873
Iraq,Oil and gas,50+ years,0.805,1.6930598217975668
Iraq,Utility-scale solar,0-9 years,0.72175,1.5179700948849613
Iraq,Utility-scale solar,10-19 years,0.0,0.0
Iraq,Utility-scale solar,20-29 years,0.0,0.0
Iraq,Utility-scale solar,30-39 years,0.0,0.0
Iraq,Utility-scale solar,40-49 years,0.0,0.0
Iraq,Utility-scale solar,50+ years,0.0,0.0
Iraq,Hydropower,0-9 years,0.038,0.07992083630845657
Iraq,Hydropower,10-19 years,0.0,0.0
Iraq,Hydropower,20-29 years,0.0,0.0
Iraq,Hydropower,30-39 years,0.0,0.0
Iraq,Hydropower,40-49 years,1.824,3.836200142805915
Iraq,Hydropower,50+ years,0.724,1.522702249666383
Ireland,Oil and gas,0-9 years,2.3491999999999997,18.731544050337224
Ireland,Oil and gas,10-19 years,1.852,14.767077976002273
Ireland,Oil and gas,20-29 years,1.774,14.145138406818592
Ireland,Oil and gas,30-39 years,0.245,1.9535281339743829
Ireland,Oil and gas,40-49 years,0.27,2.152867739481973
Ireland,Oil and gas,50+ years,0.0,0.0
Ireland,Utility-scale solar,0-9 years,0.7651190185185185,6.10074093271344
Ireland,Utility-scale solar,10-19 years,0.0,0.0
Ireland,Utility-scale solar,20-29 years,0.0,0.0
Ireland,Utility-scale solar,30-39 years,0.0,0.0
Ireland,Utility-scale solar,40-49 years,0.0,0.0
Ireland,Utility-scale solar,50+ years,0.0,0.0
Ireland,Wind,0-9 years,2.3211,18.50748633374669
Ireland,Wind,10-19 years,1.644,13.108572458179124
Ireland,Wind,20-29 years,0.35,2.7907544771062613
Ireland,Wind,30-39 years,0.0,0.0
Ireland,Wind,40-49 years,0.0,0.0
Ireland,Wind,50+ years,0.0,0.0
Ireland,Hydropower,0-9 years,0.0,0.0
Ireland,Hydropower,10-19 years,0.0,0.0
Ireland,Hydropower,20-29 years,0.0,0.0
Ireland,Hydropower,30-39 years,0.0,0.0
Ireland,Hydropower,40-49 years,0.0,0.0
Ireland,Hydropower,50+ years,0.46,3.6678487413396574
Ireland,Bioenergy,0-9 years,0.068,0.542203726980645
Ireland,Bioenergy,10-19 years,0.017,0.13555093174516125
Ireland,Bioenergy,20-29 years,0.0384,0.3061856340596583
Ireland,Bioenergy,30-39 years,0.0,0.0
Ireland,Bioenergy,40-49 years,0.0,0.0
Ireland,Bioenergy,50+ years,0.0,0.0
Israel,Coal,0-9 years,0.0,0.0
Israel,Coal,10-19 years,0.0,0.0
Israel,Coal,20-29 years,0.0,0.0
Israel,Coal,30-39 years,1.15,5.688206935922547
Israel,Coal,40-49 years,1.5,7.419400351203322
Israel,Coal,50+ years,0.0,0.0
Israel,Oil and gas,0-9 years,3.245,16.050636093103186
Israel,Oil and gas,10-19 years,7.169,35.459787411851075
Israel,Oil and gas,20-29 years,1.932,9.556187652349877
Israel,Oil and gas,30-39 years,0.66,3.2645361545294613
Israel,Oil and gas,40-49 years,0.456,2.25549770676581
Israel,Oil and gas,50+ years,0.456,2.25549770676581
Israel,Utility-scale solar,0-9 years,2.4761932857142854,12.247912889117252
Israel,Utility-scale solar,10-19 years,0.148074,0.7324135250693872
Israel,Utility-scale solar,20-29 years,0.0,0.0
Israel,Utility-scale solar,30-39 years,0.0,0.0
Israel,Utility-scale solar,40-49 years,0.0,0.0
Israel,Utility-scale solar,50+ years,0.0,0.0
Israel,Wind,0-9 years,0.309,1.5283964723478842
Israel,Wind,10-19 years,0.0,0.0
Israel,Wind,20-29 years,0.0,0.0
Israel,Wind,30-39 years,0.0,0.0
Israel,Wind,40-49 years,0.0,0.0
Israel,Wind,50+ years,0.0,0.0
Israel,Hydropower,0-9 years,0.644,3.1853958841166263
Israel,Hydropower,10-19 years,0.0,0.0
Israel,Hydropower,20-29 years,0.0,0.0
Israel,Hydropower,30-39 years,0.0,0.0
Israel,Hydropower,40-49 years,0.0,0.0
Israel,Hydropower,50+ years,0.0,0.0
Italy,Coal,0-9 years,0.0,0.0
Italy,Coal,10-19 years,0.0,0.0
Italy,Coal,20-29 years,0.35,0.41459783481066154
Italy,Coal,30-39 years,0.64,0.7581217550823526
Italy,Coal,40-49 years,0.24,0.2842956581558822
Italy,Coal,50+ years,0.0,0.0
Italy,Oil and gas,0-9 years,4.8558,5.752011903638888
Italy,Oil and gas,10-19 years,13.842600000000001,16.397462823285895
Italy,Oil and gas,20-29 years,25.566,30.284594985055353
Italy,Oil and gas,30-39 years,1.8320999999999998,2.1702419804474657
Italy,Oil and gas,40-49 years,0.545,0.6455880570623159
Italy,Oil and gas,50+ years,2.051,2.429543311990477
Italy,Utility-scale solar,0-9 years,1.2294933476702508,1.4564150853091369
Italy,Utility-scale solar,10-19 years,0.405639,0.4805058603278913
Italy,Utility-scale solar,20-29 years,0.0,0.0
Italy,Utility-scale solar,30-39 years,0.0,0.0
Italy,Utility-scale solar,40-49 years,0.0,0.0
Italy,Utility-scale solar,50+ years,0.0,0.0
Italy,Wind,0-9 years,2.0609,2.4412705078894072
Italy,Wind,10-19 years,5.221,6.184615130132754
Italy,Wind,20-29 years,0.9468,1.1215463714249554
Italy,Wind,30-39 years,0.017,0.020137609119374993
Italy,Wind,40-49 years,0.0,0.0
Italy,Wind,50+ years,0.0,0.0
Italy,Hydropower,0-9 years,0.0,0.0
Italy,Hydropower,10-19 years,0.0,0.0
Italy,Hydropower,20-29 years,0.198,0.23454391797860286
Italy,Hydropower,30-39 years,1.485,1.7590793848395212
Italy,Hydropower,40-49 years,0.438,0.5188395761344851
Italy,Hydropower,50+ years,11.396,13.49930550143514
Italy,Bioenergy,0-9 years,0.078,0.09239608890066171
Italy,Bioenergy,10-19 years,0.42569999999999997,0.5042694236539961
Italy,Bioenergy,20-29 years,0.217,0.2570506575826102
Italy,Bioenergy,30-39 years,0.0,0.0
Italy,Bioenergy,40-49 years,0.0,0.0
Italy,Bioenergy,50+ years,0.063,0.07462761026591909
Italy,Geothermal,0-9 years,0.0,0.0
Italy,Geothermal,10-19 years,0.077,0.09121152365834555
Italy,Geothermal,20-29 years,0.389,0.4607958792609924
Italy,Geothermal,30-39 years,0.315,0.37313805132959543
Italy,Geothermal,40-49 years,0.038,0.045013479208014684
Italy,Geothermal,50+ years,0.0,0.0
Jamaica,Oil and gas,0-9 years,0.344,38.91226641328447
Jamaica,Oil and gas,10-19 years,0.0655,7.409167006017828
Jamaica,Oil and gas,20-29 years,0.1701,19.241210804940952
Jamaica,Oil and gas,30-39 years,0.13440000000000002,15.202931994027422
Jamaica,Oil and gas,40-49 years,0.0,0.0
Jamaica,Oil and gas,50+ years,0.0,0.0
Jamaica,Utility-scale solar,0-9 years,0.05074,5.7395592959594595
Jamaica,Utility-scale solar,10-19 years,0.02,2.262341070539795
Jamaica,Utility-scale solar,20-29 years,0.0,0.0
Jamaica,Utility-scale solar,30-39 years,0.0,0.0
Jamaica,Utility-scale solar,40-49 years,0.0,0.0
Jamaica,Utility-scale solar,50+ years,0.0,0.0
Jamaica,Wind,0-9 years,0.0,0.0
Jamaica,Wind,10-19 years,0.0783,8.857065291163297
Jamaica,Wind,20-29 years,0.021,2.3754581240667845
Jamaica,Wind,30-39 years,0.0,0.0
Jamaica,Wind,40-49 years,0.0,0.0
Jamaica,Wind,50+ years,0.0,0.0
Japan,Coal,0-9 years,11.296,4.483639867226822
Japan,Coal,10-19 years,4.5235,1.7954802531338996
Japan,Coal,20-29 years,19.0593,7.56507058440476
Japan,Coal,30-39 years,10.9559,4.348646425402827
Japan,Coal,40-49 years,4.658,1.8488663687626183
Japan,Coal,50+ years,2.367,0.9395162505068952
Japan,Oil and gas,0-9 years,13.985700000000001,5.551243102963364
Japan,Oil and gas,10-19 years,26.0785,10.351151051476158
Japan,Oil and gas,20-29 years,17.2317,6.83965448832263
Japan,Oil and gas,30-39 years,18.923,7.510970007749039
Japan,Oil and gas,40-49 years,14.073799999999999,5.586212001007157
Japan,Oil and gas,50+ years,8.949,3.5520620725754988
Japan,Utility-scale solar,0-9 years,18.772287511494255,7.45114878590473
Japan,Utility-scale solar,10-19 years,12.198543086206897,4.84187978960706
Japan,Utility-scale solar,20-29 years,0.0,0.0
Japan,Utility-scale solar,30-39 years,0.0,0.0
Japan,Utility-scale solar,40-49 years,0.0,0.0
Japan,Utility-scale solar,50+ years,0.0,0.0
Japan,Wind,0-9 years,3.0547,1.2124800551007235
Japan,Wind,10-19 years,1.549,0.614833406014018
Japan,Wind,20-29 years,0.725,0.28776902476446936
Japan,Wind,30-39 years,0.0,0.0
Japan,Wind,40-49 years,0.0,0.0
Japan,Wind,50+ years,0.0,0.0
Japan,Hydropower,0-9 years,0.0,0.0
Japan,Hydropower,10-19 years,1.762,0.6993779608758551
Japan,Hydropower,20-29 years,2.232,0.885931673481787
Japan,Hydropower,30-39 years,6.764,2.6847857703543045
Japan,Hydropower,40-49 years,10.257,4.071237085529879
Japan,Hydropower,50+ years,19.273,7.649892985221542
Japan,Nuclear,0-9 years,3.001,1.191165301128514
Japan,Nuclear,10-19 years,0.0,0.0
Japan,Nuclear,20-29 years,1.18,0.46836889547872257
Japan,Nuclear,30-39 years,4.43,1.7583679720091023
Japan,Nuclear,40-49 years,3.52,1.3971682305805961
Japan,Nuclear,50+ years,2.478,0.9835746805053173
Japan,Bioenergy,0-9 years,3.9145,1.5537542723317452
Japan,Bioenergy,10-19 years,0.6768,0.26863734615254187
Japan,Bioenergy,20-29 years,0.271,0.10756607684299475
Japan,Bioenergy,30-39 years,0.062,0.02460921315227186
Japan,Bioenergy,40-49 years,0.2,0.07938455855571569
Japan,Bioenergy,50+ years,0.099,0.039295356485079265
Japan,Geothermal,0-9 years,0.10640000000000001,0.04223258515164075
Japan,Geothermal,10-19 years,0.007,0.002778459549450049
Japan,Geothermal,20-29 years,0.0053,0.0021036908017264657
Japan,Geothermal,30-39 years,0.3163,0.12554667935586436
Japan,Geothermal,40-49 years,0.13,0.0515999630612152
Japan,Geothermal,50+ years,0.0482,0.01913167861192748
Jordan,Oil and gas,0-9 years,1.167,17.013846113312965
Jordan,Oil and gas,10-19 years,2.3658,34.4913085988653
Jordan,Oil and gas,20-29 years,0.6,8.747478721497668
Jordan,Oil and gas,30-39 years,0.39,5.685861168973484
Jordan,Oil and gas,40-49 years,0.0,0.0
Jordan,Oil and gas,50+ years,0.0,0.0
Jordan,Utility-scale solar,0-9 years,1.436135,20.937600589496753
Jordan,Utility-scale solar,10-19 years,0.20551142857142854,2.996178080755265
Jordan,Utility-scale solar,20-29 years,0.0,0.0
Jordan,Utility-scale solar,30-39 years,0.0,0.0
Jordan,Utility-scale solar,40-49 years,0.0,0.0
Jordan,Utility-scale solar,50+ years,0.0,0.0
Jordan,Wind,0-9 years,0.541,7.8873099805503974
Jordan,Wind,10-19 years,0.08,1.1663304961996892
Jordan,Wind,20-29 years,0.0,0.0
Jordan,Wind,30-39 years,0.0,0.0
Jordan,Wind,40-49 years,0.0,0.0
Jordan,Wind,50+ years,0.0,0.0
Jordan,Bioenergy,0-9 years,0.0,0.0
Jordan,Bioenergy,10-19 years,0.013,0.18952870563244947
Jordan,Bioenergy,20-29 years,0.0,0.0
Jordan,Bioenergy,30-39 years,0.0,0.0
Jordan,Bioenergy,40-49 years,0.0,0.0
Jordan,Bioenergy,50+ years,0.0,0.0
Kazakhstan,Coal,0-9 years,0.43,1.8235545074669564
Kazakhstan,Coal,10-19 years,1.249,5.296789720526113
Kazakhstan,Coal,20-29 years,0.15,0.63612366539545
Kazakhstan,Coal,30-39 years,1.38,5.852337721638139
Kazakhstan,Coal,40-49 years,5.38,22.815635465516802
Kazakhstan,Coal,50+ years,4.702,19.940356497929372
Kazakhstan,Oil and gas,0-9 years,1.5897999999999999,6.742062688304575
Kazakhstan,Oil and gas,10-19 years,0.9,3.8167419923727
Kazakhstan,Oil and gas,20-29 years,0.0,0.0
Kazakhstan,Oil and gas,30-39 years,0.35,1.4842885525893832
Kazakhstan,Oil and gas,40-49 years,0.77,3.265434815696643
Kazakhstan,Oil and gas,50+ years,1.55,6.573277875752982
Kazakhstan,Utility-scale solar,0-9 years,1.1266206451612901,4.77780036206791
Kazakhstan,Utility-scale solar,10-19 years,0.0435,0.18447586296468046
Kazakhstan,Utility-scale solar,20-29 years,0.0,0.0
Kazakhstan,Utility-scale solar,30-39 years,0.0,0.0
Kazakhstan,Utility-scale solar,40-49 years,0.0,0.0
Kazakhstan,Utility-scale solar,50+ years,0.0,0.0
Kazakhstan,Wind,0-9 years,1.3212000000000002,5.602977244803123
Kazakhstan,Wind,10-19 years,0.09670000000000001,0.41008772295826673
Kazakhstan,Wind,20-29 years,0.0,0.0
Kazakhstan,Wind,30-39 years,0.0,0.0
Kazakhstan,Wind,40-49 years,0.0,0.0
Kazakhstan,Wind,50+ years,0.0,0.0
Kazakhstan,Hydropower,0-9 years,0.0,0.0
Kazakhstan,Hydropower,10-19 years,0.3,1.2722473307909
Kazakhstan,Hydropower,20-29 years,0.0,0.0
Kazakhstan,Hydropower,30-39 years,0.702,2.977058754050706
Kazakhstan,Hydropower,40-49 years,0.0,0.0
Kazakhstan,Hydropower,50+ years,1.496,6.344273356210621
Kenya,Oil and gas,0-9 years,0.0,0.0
Kenya,Oil and gas,10-19 years,0.4521,14.184493202179581
Kenya,Oil and gas,20-29 years,0.053,1.6628580838653348
Kenya,Oil and gas,30-39 years,0.06,1.8824808496588696
Kenya,Oil and gas,40-49 years,0.0,0.0
Kenya,Oil and gas,50+ years,0.0,0.0
Kenya,Utility-scale solar,0-9 years,0.24468341968911914,7.676864196563512
Kenya,Utility-scale solar,10-19 years,0.0,0.0
Kenya,Utility-scale solar,20-29 years,0.0,0.0
Kenya,Utility-scale solar,30-39 years,0.0,0.0
Kenya,Utility-scale solar,40-49 years,0.0,0.0
Kenya,Utility-scale solar,50+ years,0.0,0.0
Kenya,Wind,0-9 years,0.607,19.04443126238223
Kenya,Wind,10-19 years,0.0255,0.8000543611050195
Kenya,Wind,20-29 years,0.0,0.0
Kenya,Wind,30-39 years,0.0,0.0
Kenya,Wind,40-49 years,0.0,0.0
Kenya,Wind,50+ years,0.0,0.0
Kenya,Hydropower,0-9 years,0.0,0.0
Kenya,Hydropower,10-19 years,0.132,4.141457869249513
Kenya,Hydropower,20-29 years,0.0,0.0
Kenya,Hydropower,30-39 years,0.271,8.502538504292561
Kenya,Hydropower,40-49 years,0.265,8.314290419326674
Kenya,Hydropower,50+ years,0.094,2.9492199977988958
Kenya,Bioenergy,0-9 years,0.045,1.411860637244152
Kenya,Bioenergy,10-19 years,0.0,0.0
Kenya,Bioenergy,20-29 years,0.0,0.0
Kenya,Bioenergy,30-39 years,0.0095,0.29805946786265436
Kenya,Bioenergy,40-49 years,0.0025,0.07843670206911957
Kenya,Bioenergy,50+ years,0.0057,0.17883568071759262
Kenya,Geothermal,0-9 years,0.317,9.94577382236436
Kenya,Geothermal,10-19 years,0.4055,12.722433075611193
Kenya,Geothermal,20-29 years,0.129,4.047333826766569
Kenya,Geothermal,30-39 years,0.0,0.0
Kenya,Geothermal,40-49 years,0.0,0.0
Kenya,Geothermal,50+ years,0.0,0.0
Kiribati,Utility-scale solar,0-9 years,0.0041406130268199235,100.0
Kiribati,Utility-scale solar,10-19 years,0.0,0.0
Kiribati,Utility-scale solar,20-29 years,0.0,0.0
Kiribati,Utility-scale solar,30-39 years,0.0,0.0
Kiribati,Utility-scale solar,40-49 years,0.0,0.0
Kiribati,Utility-scale solar,50+ years,0.0,0.0
Kosovo,Coal,0-9 years,0.0,0.0
Kosovo,Coal,10-19 years,0.0,0.0
Kosovo,Coal,20-29 years,0.0,0.0
Kosovo,Coal,30-39 years,0.0,0.0
Kosovo,Coal,40-49 years,0.68,46.04238607894915
Kosovo,Coal,50+ years,0.61,41.30272868846909
Kosovo,Utility-scale solar,0-9 years,0.0169,1.1442887128444714
Kosovo,Utility-scale solar,10-19 years,0.0,0.0
Kosovo,Utility-scale solar,20-29 years,0.0,0.0
Kosovo,Utility-scale solar,30-39 years,0.0,0.0
Kosovo,Utility-scale solar,40-49 years,0.0,0.0
Kosovo,Utility-scale solar,50+ years,0.0,0.0
Kosovo,Wind,0-9 years,0.135,9.140767824497258
Kosovo,Wind,10-19 years,0.0,0.0
Kosovo,Wind,20-29 years,0.0,0.0
Kosovo,Wind,30-39 years,0.0,0.0
Kosovo,Wind,40-49 years,0.0,0.0
Kosovo,Wind,50+ years,0.0,0.0
Kosovo,Hydropower,0-9 years,0.0,0.0
Kosovo,Hydropower,10-19 years,0.0,0.0
Kosovo,Hydropower,20-29 years,0.0,0.0
Kosovo,Hydropower,30-39 years,0.035,2.3698286952400296
Kosovo,Hydropower,40-49 years,0.0,0.0
Kosovo,Hydropower,50+ years,0.0,0.0
Kuwait,Oil and gas,0-9 years,1.685,8.618573153016756
Kuwait,Oil and gas,10-19 years,8.7705,44.86005687746793
Kuwait,Oil and gas,20-29 years,2.4,12.275712502813183
Kuwait,Oil and gas,30-39 years,2.4,12.275712502813183
Kuwait,Oil and gas,40-49 years,3.45,17.646336722793954
Kuwait,Oil and gas,50+ years,0.804,4.112363688442417
Kuwait,Utility-scale solar,0-9 years,0.031299999999999994,0.16009575055752193
Kuwait,Utility-scale solar,10-19 years,0.0,0.0
Kuwait,Utility-scale solar,20-29 years,0.0,0.0
Kuwait,Utility-scale solar,30-39 years,0.0,0.0
Kuwait,Utility-scale solar,40-49 years,0.0,0.0
Kuwait,Utility-scale solar,50+ years,0.0,0.0
Kuwait,Wind,0-9 years,0.01,0.051148802095054936
Kuwait,Wind,10-19 years,0.0,0.0
Kuwait,Wind,20-29 years,0.0,0.0
Kuwait,Wind,30-39 years,0.0,0.0
Kuwait,Wind,40-49 years,0.0,0.0
Kuwait,Wind,50+ years,0.0,0.0
Kyrgyzstan,Coal,0-9 years,0.3,7.422068283028203
Kyrgyzstan,Coal,10-19 years,0.0,0.0
Kyrgyzstan,Coal,20-29 years,0.1,2.4740227610094014
Kyrgyzstan,Coal,30-39 years,0.0,0.0
Kyrgyzstan,Coal,40-49 years,0.0,0.0
Kyrgyzstan,Coal,50+ years,0.413,10.217714002968828
Kyrgyzstan,Hydropower,0-9 years,0.025,0.6185056902523504
Kyrgyzstan,Hydropower,10-19 years,0.12,2.9688273132112815
Kyrgyzstan,Hydropower,20-29 years,0.0,0.0
Kyrgyzstan,Hydropower,30-39 years,0.24,5.937654626422563
Kyrgyzstan,Hydropower,40-49 years,1.25,30.92528451261752
Kyrgyzstan,Hydropower,50+ years,1.544,38.19891142998515
Kyrgyzstan,Bioenergy,0-9 years,0.05,1.2370113805047007
Kyrgyzstan,Bioenergy,10-19 years,0.0,0.0
Kyrgyzstan,Bioenergy,20-29 years,0.0,0.0
Kyrgyzstan,Bioenergy,30-39 years,0.0,0.0
Kyrgyzstan,Bioenergy,40-49 years,0.0,0.0
Kyrgyzstan,Bioenergy,50+ years,0.0,0.0
Laos,Coal,0-9 years,0.0,0.0
Laos,Coal,10-19 years,1.878,13.773727594456101
Laos,Coal,20-29 years,0.0,0.0
Laos,Coal,30-39 years,0.0,0.0
Laos,Coal,40-49 years,0.0,0.0
Laos,Coal,50+ years,0.0,0.0
Laos,Utility-scale solar,0-9 years,1.0416532710280373,7.6397488833942155
Laos,Utility-scale solar,10-19 years,0.0,0.0
Laos,Utility-scale solar,20-29 years,0.0,0.0
Laos,Utility-scale solar,30-39 years,0.0,0.0
Laos,Utility-scale solar,40-49 years,0.0,0.0
Laos,Utility-scale solar,50+ years,0.0,0.0
Laos,Wind,0-9 years,0.85,6.234115258406648
Laos,Wind,10-19 years,0.0,0.0
Laos,Wind,20-29 years,0.0,0.0
Laos,Wind,30-39 years,0.0,0.0
Laos,Wind,40-49 years,0.0,0.0
Laos,Wind,50+ years,0.0,0.0
Laos,Hydropower,0-9 years,6.154,45.13499447086413
Laos,Hydropower,10-19 years,2.739,20.088519638559777
Laos,Hydropower,20-29 years,0.652,4.781933115860158
Laos,Hydropower,30-39 years,0.045,0.33004139603329313
Laos,Hydropower,40-49 years,0.0,0.0
Laos,Hydropower,50+ years,0.275,2.0169196424256803
Latvia,Oil and gas,0-9 years,0.0,0.0
Latvia,Oil and gas,10-19 years,0.881,26.668761968845338
Latvia,Oil and gas,20-29 years,0.206,6.235828564792439
Latvia,Oil and gas,30-39 years,0.0,0.0
Latvia,Oil and gas,40-49 years,0.0,0.0
Latvia,Oil and gas,50+ years,0.0,0.0
Latvia,Utility-scale solar,0-9 years,0.5574904320987654,16.875799811067775
Latvia,Utility-scale solar,10-19 years,0.0,0.0
Latvia,Utility-scale solar,20-29 years,0.0,0.0
Latvia,Utility-scale solar,30-39 years,0.0,0.0
Latvia,Utility-scale solar,40-49 years,0.0,0.0
Latvia,Utility-scale solar,50+ years,0.0,0.0
Latvia,Wind,0-9 years,0.059,1.7859897345764753
Latvia,Wind,10-19 years,0.021,0.6356912614594235
Latvia,Wind,20-29 years,0.02,0.6054202490089747
Latvia,Wind,30-39 years,0.0,0.0
Latvia,Wind,40-49 years,0.0,0.0
Latvia,Wind,50+ years,0.0,0.0
Latvia,Hydropower,0-9 years,0.0,0.0
Latvia,Hydropower,10-19 years,0.0,0.0
Latvia,Hydropower,20-29 years,0.0,0.0
Latvia,Hydropower,30-39 years,0.0,0.0
Latvia,Hydropower,40-49 years,0.0,0.0
Latvia,Hydropower,50+ years,1.536,46.496275123889255
Latvia,Bioenergy,0-9 years,0.0,0.0
Latvia,Bioenergy,10-19 years,0.023,0.696233286360321
Latvia,Bioenergy,20-29 years,0.0,0.0
Latvia,Bioenergy,30-39 years,0.0,0.0
Latvia,Bioenergy,40-49 years,0.0,0.0
Latvia,Bioenergy,50+ years,0.0,0.0
Lebanon,Oil and gas,0-9 years,0.27,9.377930603313537
Lebanon,Oil and gas,10-19 years,0.198,6.877149109096593
Lebanon,Oil and gas,20-29 years,0.93,32.30176096696884
Lebanon,Oil and gas,30-39 years,0.172,5.974089125073808
Lebanon,Oil and gas,40-49 years,0.726,25.21621340002084
Lebanon,Oil and gas,50+ years,0.19,6.599284498628045
Lebanon,Utility-scale solar,0-9 years,0.0050999999999999995,0.1771386891737001
Lebanon,Utility-scale solar,10-19 years,0.0,0.0
Lebanon,Utility-scale solar,20-29 years,0.0,0.0
Lebanon,Utility-scale solar,30-39 years,0.0,0.0
Lebanon,Utility-scale solar,40-49 years,0.0,0.0
Lebanon,Utility-scale solar,50+ years,0.0,0.0
Lebanon,Hydropower,0-9 years,0.0,0.0
Lebanon,Hydropower,10-19 years,0.0,0.0
Lebanon,Hydropower,20-29 years,0.0,0.0
Lebanon,Hydropower,30-39 years,0.0,0.0
Lebanon,Hydropower,40-49 years,0.0,0.0
Lebanon,Hydropower,50+ years,0.19,6.599284498628045
Lesotho,Utility-scale solar,0-9 years,0.029200000000000004,100.0
Lesotho,Utility-scale solar,10-19 years,0.0,0.0
Lesotho,Utility-scale solar,20-29 years,0.0,0.0
Lesotho,Utility-scale solar,30-39 years,0.0,0.0
Lesotho,Utility-scale solar,40-49 years,0.0,0.0
Lesotho,Utility-scale solar,50+ years,0.0,0.0
Liberia,Hydropower,0-9 years,0.0,0.0
Liberia,Hydropower,10-19 years,0.0,0.0
Liberia,Hydropower,20-29 years,0.0,0.0
Liberia,Hydropower,30-39 years,0.0,0.0
Liberia,Hydropower,40-49 years,0.0,0.0
Liberia,Hydropower,50+ years,0.088,100.0
Libya,Oil and gas,0-9 years,3.382,22.176594741911025
Libya,Oil and gas,10-19 years,7.547,49.48751050183398
Libya,Oil and gas,20-29 years,0.624,4.091719431978853
Libya,Oil and gas,30-39 years,1.827,11.98008237536116
Libya,Oil and gas,40-49 years,1.055,6.917891026823221
Libya,Oil and gas,50+ years,0.26,1.7048830966578554
Libya,Utility-scale solar,0-9 years,0.4553125,2.985594557488576
Libya,Utility-scale solar,10-19 years,0.0,0.0
Libya,Utility-scale solar,20-29 years,0.0,0.0
Libya,Utility-scale solar,30-39 years,0.0,0.0
Libya,Utility-scale solar,40-49 years,0.0,0.0
Libya,Utility-scale solar,50+ years,0.0,0.0
Lithuania,Oil and gas,0-9 years,0.0,0.0
Lithuania,Oil and gas,10-19 years,1.127,25.379513202771015
Lithuania,Oil and gas,20-29 years,0.021,0.4729101839025655
Lithuania,Oil and gas,30-39 years,0.0,0.0
Lithuania,Oil and gas,40-49 years,0.0,0.0
Lithuania,Oil and gas,50+ years,0.0,0.0
Lithuania,Utility-scale solar,0-9 years,0.8395895061728395,18.90716322699341
Lithuania,Utility-scale solar,10-19 years,0.0,0.0
Lithuania,Utility-scale solar,20-29 years,0.0,0.0
Lithuania,Utility-scale solar,30-39 years,0.0,0.0
Lithuania,Utility-scale solar,40-49 years,0.0,0.0
Lithuania,Utility-scale solar,50+ years,0.0,0.0
Lithuania,Wind,0-9 years,0.89,20.04238398444206
Lithuania,Wind,10-19 years,0.338,7.611602007574625
Lithuania,Wind,20-29 years,0.03,0.675585977003665
Lithuania,Wind,30-39 years,0.0,0.0
Lithuania,Wind,40-49 years,0.0,0.0
Lithuania,Wind,50+ years,0.0,0.0
Lithuania,Hydropower,0-9 years,0.0,0.0
Lithuania,Hydropower,10-19 years,0.0,0.0
Lithuania,Hydropower,20-29 years,0.0,0.0
Lithuania,Hydropower,30-39 years,0.9,20.267579310109948
Lithuania,Hydropower,40-49 years,0.0,0.0
Lithuania,Hydropower,50+ years,0.101,2.2744727892456718
Lithuania,Bioenergy,0-9 years,0.124,2.7924220382818152
Lithuania,Bioenergy,10-19 years,0.02,0.4503906513357766
Lithuania,Bioenergy,20-29 years,0.0,0.0
Lithuania,Bioenergy,30-39 years,0.0,0.0
Lithuania,Bioenergy,40-49 years,0.0,0.0
Lithuania,Bioenergy,50+ years,0.0,0.0
Luxembourg,Wind,0-9 years,0.056600000000000004,3.6950949552129484
Luxembourg,Wind,10-19 years,0.062,4.047630516311004
Luxembourg,Wind,20-29 years,0.013,0.8486967211619847
Luxembourg,Wind,30-39 years,0.0,0.0
Luxembourg,Wind,40-49 years,0.0,0.0
Luxembourg,Wind,50+ years,0.0,0.0
Luxembourg,Hydropower,0-9 years,0.0,0.0
Luxembourg,Hydropower,10-19 years,0.0,0.0
Luxembourg,Hydropower,20-29 years,0.0,0.0
Luxembourg,Hydropower,30-39 years,0.0,0.0
Luxembourg,Hydropower,40-49 years,0.0,0.0
Luxembourg,Hydropower,50+ years,1.294,84.47796593720062
Luxembourg,Bioenergy,0-9 years,0.0,0.0
Luxembourg,Bioenergy,10-19 years,0.0178,1.162061664360256
Luxembourg,Bioenergy,20-29 years,0.0,0.0
Luxembourg,Bioenergy,30-39 years,0.0,0.0
Luxembourg,Bioenergy,40-49 years,0.0,0.0
Luxembourg,Bioenergy,50+ years,0.0,0.0
Macao,Oil and gas,0-9 years,0.0,0.0
Macao,Oil and gas,10-19 years,0.0,0.0
Macao,Oil and gas,20-29 years,0.136,29.190813479287403
Macao,Oil and gas,30-39 years,0.0,0.0
Macao,Oil and gas,40-49 years,0.2712,58.20991629104958
Macao,Oil and gas,50+ years,0.0,0.0
Macao,Bioenergy,0-9 years,0.03,6.439150032195751
Macao,Bioenergy,10-19 years,0.0,0.0
Macao,Bioenergy,20-29 years,0.0,0.0
Macao,Bioenergy,30-39 years,0.0287,6.1601201974672675
Macao,Bioenergy,40-49 years,0.0,0.0
Macao,Bioenergy,50+ years,0.0,0.0
Madagascar,Coal,0-9 years,0.0,0.0
Madagascar,Coal,10-19 years,0.12,23.473184152329043
Madagascar,Coal,20-29 years,0.0,0.0
Madagascar,Coal,30-39 years,0.0,0.0
Madagascar,Coal,40-49 years,0.0,0.0
Madagascar,Coal,50+ years,0.0,0.0
Madagascar,Oil and gas,0-9 years,0.171,33.44928741706889
Madagascar,Oil and gas,10-19 years,0.0,0.0
Madagascar,Oil and gas,20-29 years,0.0,0.0
Madagascar,Oil and gas,30-39 years,0.0,0.0
Madagascar,Oil and gas,40-49 years,0.0,0.0
Madagascar,Oil and gas,50+ years,0.0,0.0
Madagascar,Utility-scale solar,0-9 years,0.08416670984455958,16.463838997308276
Madagascar,Utility-scale solar,10-19 years,0.0,0.0
Madagascar,Utility-scale solar,20-29 years,0.0,0.0
Madagascar,Utility-scale solar,30-39 years,0.0,0.0
Madagascar,Utility-scale solar,40-49 years,0.0,0.0
Madagascar,Utility-scale solar,50+ years,0.0,0.0
Madagascar,Wind,0-9 years,0.016,3.129757886977206
Madagascar,Wind,10-19 years,0.0,0.0
Madagascar,Wind,20-29 years,0.0,0.0
Madagascar,Wind,30-39 years,0.0,0.0
Madagascar,Wind,40-49 years,0.0,0.0
Madagascar,Wind,50+ years,0.0,0.0
Madagascar,Hydropower,0-9 years,0.0,0.0
Madagascar,Hydropower,10-19 years,0.0,0.0
Madagascar,Hydropower,20-29 years,0.0,0.0
Madagascar,Hydropower,30-39 years,0.0,0.0
Madagascar,Hydropower,40-49 years,0.091,17.800497982182858
Madagascar,Hydropower,50+ years,0.024,4.694636830465809
Malawi,Utility-scale solar,0-9 years,0.10087,22.322791953437935
Malawi,Utility-scale solar,10-19 years,0.0,0.0
Malawi,Utility-scale solar,20-29 years,0.0,0.0
Malawi,Utility-scale solar,30-39 years,0.0,0.0
Malawi,Utility-scale solar,40-49 years,0.0,0.0
Malawi,Utility-scale solar,50+ years,0.0,0.0
Malawi,Hydropower,0-9 years,0.0,0.0
Malawi,Hydropower,10-19 years,0.0,0.0
Malawi,Hydropower,20-29 years,0.13,28.769336313541505
Malawi,Hydropower,30-39 years,0.1,22.130258702724234
Malawi,Hydropower,40-49 years,0.0,0.0
Malawi,Hydropower,50+ years,0.121,26.777613030296326
Malaysia,Coal,0-9 years,3.6,8.932411463710919
Malaysia,Coal,10-19 years,5.07,12.579812811392877
Malaysia,Coal,20-29 years,4.01,9.949713880411327
Malaysia,Coal,30-39 years,0.6,1.4887352439518198
Malaysia,Coal,40-49 years,0.0,0.0
Malaysia,Coal,50+ years,0.0,0.0
Malaysia,Oil and gas,0-9 years,7.7782,19.299467457510072
Malaysia,Oil and gas,10-19 years,3.429,8.50812191918465
Malaysia,Oil and gas,20-29 years,3.5478,8.80289149748711
Malaysia,Oil and gas,30-39 years,2.414,5.989678131499488
Malaysia,Oil and gas,40-49 years,0.564,1.3994111293147105
Malaysia,Oil and gas,50+ years,0.104,0.2580474422849821
Malaysia,Utility-scale solar,0-9 years,2.4933364705882353,6.18652979799191
Malaysia,Utility-scale solar,10-19 years,0.01653,0.04101465597087263
Malaysia,Utility-scale solar,20-29 years,0.0,0.0
Malaysia,Utility-scale solar,30-39 years,0.0,0.0
Malaysia,Utility-scale solar,40-49 years,0.0,0.0
Malaysia,Utility-scale solar,50+ years,0.0,0.0
Malaysia,Hydropower,0-9 years,0.0,0.0
Malaysia,Hydropower,10-19 years,3.981,9.877758343620323
Malaysia,Hydropower,20-29 years,0.654,1.6227214159074834
Malaysia,Hydropower,30-39 years,0.0,0.0
Malaysia,Hydropower,40-49 years,1.123,2.7864161315964893
Malaysia,Hydropower,50+ years,0.441,1.0942204043045876
Malaysia,Bioenergy,0-9 years,0.044700000000000004,0.11091077567441057
Malaysia,Bioenergy,10-19 years,0.0259,0.06426373803058688
Malaysia,Bioenergy,20-29 years,0.0195,0.04838389542843414
Malaysia,Bioenergy,30-39 years,0.0,0.0
Malaysia,Bioenergy,40-49 years,0.0,0.0
Malaysia,Bioenergy,50+ years,0.0,0.0
Maldives,Oil and gas,0-9 years,0.08,55.02063273727648
Maldives,Oil and gas,10-19 years,0.0,0.0
Maldives,Oil and gas,20-29 years,0.0,0.0
Maldives,Oil and gas,30-39 years,0.062,42.64099037138927
Maldives,Oil and gas,40-49 years,0.0,0.0
Maldives,Oil and gas,50+ years,0.0,0.0
Maldives,Utility-scale solar,0-9 years,0.0019,1.3067400275103163
Maldives,Utility-scale solar,10-19 years,0.0,0.0
Maldives,Utility-scale solar,20-29 years,0.0,0.0
Maldives,Utility-scale solar,30-39 years,0.0,0.0
Maldives,Utility-scale solar,40-49 years,0.0,0.0
Maldives,Utility-scale solar,50+ years,0.0,0.0
Maldives,Bioenergy,0-9 years,0.0015,1.031636863823934
Maldives,Bioenergy,10-19 years,0.0,0.0
Maldives,Bioenergy,20-29 years,0.0,0.0
Maldives,Bioenergy,30-39 years,0.0,0.0
Maldives,Bioenergy,40-49 years,0.0,0.0
Maldives,Bioenergy,50+ years,0.0,0.0
Mali,Oil and gas,0-9 years,0.19,22.150577657708396
Mali,Oil and gas,10-19 years,0.0,0.0
Mali,Oil and gas,20-29 years,0.0,0.0
Mali,Oil and gas,30-39 years,0.0,0.0
Mali,Oil and gas,40-49 years,0.0,0.0
Mali,Oil and gas,50+ years,0.0,0.0
Mali,Utility-scale solar,0-9 years,0.15376544041450776,17.926280678806776
Mali,Utility-scale solar,10-19 years,0.0,0.0
Mali,Utility-scale solar,20-29 years,0.0,0.0
Mali,Utility-scale solar,30-39 years,0.0,0.0
Mali,Utility-scale solar,40-49 years,0.0,0.0
Mali,Utility-scale solar,50+ years,0.0,0.0
Mali,Hydropower,0-9 years,0.14,16.321478274100926
Mali,Hydropower,10-19 years,0.062,7.228083235673266
Mali,Hydropower,20-29 years,0.2,23.316397534429893
Mali,Hydropower,30-39 years,0.0,0.0
Mali,Hydropower,40-49 years,0.048,5.595935408263173
Mali,Hydropower,50+ years,0.0,0.0
Malta,Oil and gas,0-9 years,0.3578,63.159752868490735
Malta,Oil and gas,10-19 years,0.0,0.0
Malta,Oil and gas,20-29 years,0.115,20.30008826125331
Malta,Oil and gas,30-39 years,0.075,13.239187996469552
Malta,Oil and gas,40-49 years,0.0,0.0
Malta,Oil and gas,50+ years,0.0,0.0
Malta,Utility-scale solar,0-9 years,0.018699999999999998,3.300970873786407
Malta,Utility-scale solar,10-19 years,0.0,0.0
Malta,Utility-scale solar,20-29 years,0.0,0.0
Malta,Utility-scale solar,30-39 years,0.0,0.0
Malta,Utility-scale solar,40-49 years,0.0,0.0
Malta,Utility-scale solar,50+ years,0.0,0.0
Martinique,Oil and gas,0-9 years,0.0,0.0
Martinique,Oil and gas,10-19 years,0.2196,61.31509144213319
Martinique,Oil and gas,20-29 years,0.0,0.0
Martinique,Oil and gas,30-39 years,0.06,16.752757224626556
Martinique,Oil and gas,40-49 years,0.0,0.0
Martinique,Oil and gas,50+ years,0.0,0.0
Martinique,Utility-scale solar,0-9 years,0.0202,5.64009493229094
Martinique,Utility-scale solar,10-19 years,0.00435,1.214574898785425
Martinique,Utility-scale solar,20-29 years,0.0,0.0
Martinique,Utility-scale solar,30-39 years,0.0,0.0
Martinique,Utility-scale solar,40-49 years,0.0,0.0
Martinique,Utility-scale solar,50+ years,0.0,0.0
Martinique,Wind,0-9 years,0.014,3.908976685746196
Martinique,Wind,10-19 years,0.0,0.0
Martinique,Wind,20-29 years,0.0,0.0
Martinique,Wind,30-39 years,0.0,0.0
Martinique,Wind,40-49 years,0.0,0.0
Martinique,Wind,50+ years,0.0,0.0
Martinique,Bioenergy,0-9 years,0.04,11.168504816417704
Martinique,Bioenergy,10-19 years,0.0,0.0
Martinique,Bioenergy,20-29 years,0.0,0.0
Martinique,Bioenergy,30-39 years,0.0,0.0
Martinique,Bioenergy,40-49 years,0.0,0.0
Martinique,Bioenergy,50+ years,0.0,0.0
Mauritania,Oil and gas,0-9 years,0.0,0.0
Mauritania,Oil and gas,10-19 years,0.18,26.77646920266704
Mauritania,Oil and gas,20-29 years,0.0,0.0
Mauritania,Oil and gas,30-39 years,0.0,0.0
Mauritania,Oil and gas,40-49 years,0.0,0.0
Mauritania,Oil and gas,50+ years,0.0,0.0
Mauritania,Utility-scale solar,0-9 years,0.1114,16.57165927320616
Mauritania,Utility-scale solar,10-19 years,0.010832020725388601,1.6113514964223277
Mauritania,Utility-scale solar,20-29 years,0.0,0.0
Mauritania,Utility-scale solar,30-39 years,0.0,0.0
Mauritania,Utility-scale solar,40-49 years,0.0,0.0
Mauritania,Utility-scale solar,50+ years,0.0,0.0
Mauritania,Wind,0-9 years,0.1,14.875816223703914
Mauritania,Wind,10-19 years,0.03,4.462744867111174
Mauritania,Wind,20-29 years,0.0,0.0
Mauritania,Wind,30-39 years,0.0,0.0
Mauritania,Wind,40-49 years,0.0,0.0
Mauritania,Wind,50+ years,0.0,0.0
Mauritius,Coal,0-9 years,0.0,0.0
Mauritius,Coal,10-19 years,0.09,21.67665128957637
Mauritius,Coal,20-29 years,0.105,25.289426504505762
Mauritius,Coal,30-39 years,0.0,0.0
Mauritius,Coal,40-49 years,0.0,0.0
Mauritius,Coal,50+ years,0.0,0.0
Mauritius,Utility-scale solar,0-9 years,0.0803265725388601,19.346790024574794
Mauritius,Utility-scale solar,10-19 years,0.013540025906735751,3.261138000357122
Mauritius,Utility-scale solar,20-29 years,0.0,0.0
Mauritius,Utility-scale solar,30-39 years,0.0,0.0
Mauritius,Utility-scale solar,40-49 years,0.0,0.0
Mauritius,Utility-scale solar,50+ years,0.0,0.0
Mauritius,Hydropower,0-9 years,0.0,0.0
Mauritius,Hydropower,10-19 years,0.0,0.0
Mauritius,Hydropower,20-29 years,0.0,0.0
Mauritius,Hydropower,30-39 years,0.0,0.0
Mauritius,Hydropower,40-49 years,0.03,7.2255504298587905
Mauritius,Hydropower,50+ years,0.0,0.0
Mauritius,Bioenergy,0-9 years,0.0,0.0
Mauritius,Bioenergy,10-19 years,0.016300000000000002,3.925882400223276
Mauritius,Bioenergy,20-29 years,0.041,9.874918920807014
Mauritius,Bioenergy,30-39 years,0.0,0.0
Mauritius,Bioenergy,40-49 years,0.0,0.0
Mauritius,Bioenergy,50+ years,0.0,0.0
Mayotte,Utility-scale solar,0-9 years,0.013254746113989638,100.0
Mayotte,Utility-scale solar,10-19 years,0.0,0.0
Mayotte,Utility-scale solar,20-29 years,0.0,0.0
Mayotte,Utility-scale solar,30-39 years,0.0,0.0
Mayotte,Utility-scale solar,40-49 years,0.0,0.0
Mayotte,Utility-scale solar,50+ years,0.0,0.0
Mexico,Coal,0-9 years,0.0,0.0
Mexico,Coal,10-19 years,0.678,0.699182945660672
Mexico,Coal,20-29 years,0.0,0.0
Mexico,Coal,30-39 years,3.8,3.9187244742043563
Mexico,Coal,40-49 years,0.9,0.9281189544168211
Mexico,Coal,50+ years,0.0,0.0
Mexico,Oil and gas,0-9 years,16.858900000000002,17.385627378464164
Mexico,Oil and gas,10-19 years,8.943100000000001,9.222511801383416
Mexico,Oil and gas,20-29 years,17.265099999999997,17.804518399890952
Mexico,Oil and gas,30-39 years,5.6885,5.866227413555652
Mexico,Oil and gas,40-49 years,4.964,5.119091655250112
Mexico,Oil and gas,50+ years,0.5558,0.5731650165165213
Mexico,Utility-scale solar,0-9 years,12.143011388888889,12.52239892636345
Mexico,Utility-scale solar,10-19 years,0.29567,0.30490770139157947
Mexico,Utility-scale solar,20-29 years,0.0,0.0
Mexico,Utility-scale solar,30-39 years,0.0,0.0
Mexico,Utility-scale solar,40-49 years,0.0,0.0
Mexico,Utility-scale solar,50+ years,0.0,0.0
Mexico,Wind,0-9 years,4.007,4.132191833720225
Mexico,Wind,10-19 years,3.641,3.754756792257384
Mexico,Wind,20-29 years,0.0,0.0
Mexico,Wind,30-39 years,0.083,0.08559319246288462
Mexico,Wind,40-49 years,0.0,0.0
Mexico,Wind,50+ years,0.0,0.0
Mexico,Hydropower,0-9 years,0.0,0.0
Mexico,Hydropower,10-19 years,1.607,1.6572079552753682
Mexico,Hydropower,20-29 years,0.03,0.030937298480560704
Mexico,Hydropower,30-39 years,2.526,2.604920532063211
Mexico,Hydropower,40-49 years,3.033,3.1277608763846874
Mexico,Hydropower,50+ years,5.01,5.166528846253638
Mexico,Nuclear,0-9 years,0.0,0.0
Mexico,Nuclear,10-19 years,0.0,0.0
Mexico,Nuclear,20-29 years,0.0,0.0
Mexico,Nuclear,30-39 years,1.608,1.658239198558054
Mexico,Nuclear,40-49 years,0.0,0.0
Mexico,Nuclear,50+ years,0.0,0.0
Mexico,Bioenergy,0-9 years,0.123,0.1268429237702989
Mexico,Bioenergy,10-19 years,0.2243,0.23130786830632555
Mexico,Bioenergy,20-29 years,0.0128,0.013199914018372567
Mexico,Bioenergy,30-39 years,0.16240000000000002,0.16747390910810198
Mexico,Bioenergy,40-49 years,0.0675,0.06960892158126158
Mexico,Bioenergy,50+ years,0.01,0.010312432826853568
Mexico,Geothermal,0-9 years,0.025,0.025781082067133924
Mexico,Geothermal,10-19 years,0.176,0.1814988177526228
Mexico,Geothermal,20-29 years,0.11,0.11343676109538926
Mexico,Geothermal,30-39 years,0.22,0.22687352219077853
Mexico,Geothermal,40-49 years,0.25,0.2578108206713392
Mexico,Geothermal,50+ years,0.0,0.0
Micronesia,Utility-scale solar,0-9 years,0.00174,46.51162790697675
Micronesia,Utility-scale solar,10-19 years,0.0020009999999999997,53.48837209302326
Micronesia,Utility-scale solar,20-29 years,0.0,0.0
Micronesia,Utility-scale solar,30-39 years,0.0,0.0
Micronesia,Utility-scale solar,40-49 years,0.0,0.0
Micronesia,Utility-scale solar,50+ years,0.0,0.0
Moldova,Oil and gas,0-9 years,0.0,0.0
Moldova,Oil and gas,10-19 years,0.0,0.0
Moldova,Oil and gas,20-29 years,0.0,0.0
Moldova,Oil and gas,30-39 years,0.0,0.0
Moldova,Oil and gas,40-49 years,0.66,47.2204335694355
Moldova,Oil and gas,50+ years,0.508,36.34542462617157
Moldova,Utility-scale solar,0-9 years,0.1657,11.855190670387064
Moldova,Utility-scale solar,10-19 years,0.0,0.0
Moldova,Utility-scale solar,20-29 years,0.0,0.0
Moldova,Utility-scale solar,30-39 years,0.0,0.0
Moldova,Utility-scale solar,40-49 years,0.0,0.0
Moldova,Utility-scale solar,50+ years,0.0,0.0
Moldova,Hydropower,0-9 years,0.0,0.0
Moldova,Hydropower,10-19 years,0.0,0.0
Moldova,Hydropower,20-29 years,0.0,0.0
Moldova,Hydropower,30-39 years,0.0,0.0
Moldova,Hydropower,40-49 years,0.016,1.1447377835014667
Moldova,Hydropower,50+ years,0.048,3.4342133505043995
Mongolia,Coal,0-9 years,0.42,25.702681334983673
Mongolia,Coal,10-19 years,0.175,10.709450556243198
Mongolia,Coal,20-29 years,0.0,0.0
Mongolia,Coal,30-39 years,0.16,9.79149765142235
Mongolia,Coal,40-49 years,0.54,33.04630457355044
Mongolia,Coal,50+ years,0.0,0.0
Mongolia,Utility-scale solar,0-9 years,0.18407075910147175,11.264552533984936
Mongolia,Utility-scale solar,10-19 years,0.0,0.0
Mongolia,Utility-scale solar,20-29 years,0.0,0.0
Mongolia,Utility-scale solar,30-39 years,0.0,0.0
Mongolia,Utility-scale solar,40-49 years,0.0,0.0
Mongolia,Utility-scale solar,50+ years,0.0,0.0
Mongolia,Wind,0-9 years,0.105,6.425670333745918
Mongolia,Wind,10-19 years,0.05,3.0598430160694847
Mongolia,Wind,20-29 years,0.0,0.0
Mongolia,Wind,30-39 years,0.0,0.0
Mongolia,Wind,40-49 years,0.0,0.0
Mongolia,Wind,50+ years,0.0,0.0
Montenegro,Coal,0-9 years,0.0,0.0
Montenegro,Coal,10-19 years,0.0,0.0
Montenegro,Coal,20-29 years,0.0,0.0
Montenegro,Coal,30-39 years,0.0,0.0
Montenegro,Coal,40-49 years,0.225,22.301516503122212
Montenegro,Coal,50+ years,0.0,0.0
Montenegro,Utility-scale solar,0-9 years,0.0169,1.6750916840122907
Montenegro,Utility-scale solar,10-19 years,0.0,0.0
Montenegro,Utility-scale solar,20-29 years,0.0,0.0
Montenegro,Utility-scale solar,30-39 years,0.0,0.0
Montenegro,Utility-scale solar,40-49 years,0.0,0.0
Montenegro,Utility-scale solar,50+ years,0.0,0.0
Montenegro,Wind,0-9 years,0.118,11.695906432748538
Montenegro,Wind,10-19 years,0.0,0.0
Montenegro,Wind,20-29 years,0.0,0.0
Montenegro,Wind,30-39 years,0.0,0.0
Montenegro,Wind,40-49 years,0.0,0.0
Montenegro,Wind,50+ years,0.0,0.0
Montenegro,Hydropower,0-9 years,0.0,0.0
Montenegro,Hydropower,10-19 years,0.0,0.0
Montenegro,Hydropower,20-29 years,0.0,0.0
Montenegro,Hydropower,30-39 years,0.0,0.0
Montenegro,Hydropower,40-49 years,0.0,0.0
Montenegro,Hydropower,50+ years,0.649,64.32748538011695
Morocco,Coal,0-9 years,1.736,16.496563671236125
Morocco,Coal,10-19 years,0.7,6.651840190014567
Morocco,Coal,20-29 years,0.696,6.613829674643055
Morocco,Coal,30-39 years,0.66,6.271735036299448
Morocco,Coal,40-49 years,0.3,2.8507886528633857
Morocco,Coal,50+ years,0.0,0.0
Morocco,Oil and gas,0-9 years,0.0,0.0
Morocco,Oil and gas,10-19 years,1.201,11.412657240296422
Morocco,Oil and gas,20-29 years,0.4,3.801051537151181
Morocco,Oil and gas,30-39 years,0.0,0.0
Morocco,Oil and gas,40-49 years,0.3,2.8507886528633857
Morocco,Oil and gas,50+ years,0.0,0.0
Morocco,Utility-scale solar,0-9 years,0.76822375,7.300145164533861
Morocco,Utility-scale solar,10-19 years,0.18,1.7104731917180316
Morocco,Utility-scale solar,20-29 years,0.0,0.0
Morocco,Utility-scale solar,30-39 years,0.0,0.0
Morocco,Utility-scale solar,40-49 years,0.0,0.0
Morocco,Utility-scale solar,50+ years,0.0,0.0
Morocco,Wind,0-9 years,0.842,8.001213485703236
Morocco,Wind,10-19 years,0.775,7.364537353230413
Morocco,Wind,20-29 years,0.01,0.09502628842877953
Morocco,Wind,30-39 years,0.0,0.0
Morocco,Wind,40-49 years,0.0,0.0
Morocco,Wind,50+ years,0.0,0.0
Morocco,Hydropower,0-9 years,0.35,3.3259200950072834
Morocco,Hydropower,10-19 years,0.0,0.0
Morocco,Hydropower,20-29 years,0.798,7.583097816616606
Morocco,Hydropower,30-39 years,0.307,2.9173070547635316
Morocco,Hydropower,40-49 years,0.164,1.5584311302319842
Morocco,Hydropower,50+ years,0.302,2.8697939105491415
Morocco,Bioenergy,0-9 years,0.0,0.0
Morocco,Bioenergy,10-19 years,0.0046,0.04371209267723858
Morocco,Bioenergy,20-29 years,0.0,0.0
Morocco,Bioenergy,30-39 years,0.0,0.0
Morocco,Bioenergy,40-49 years,0.0,0.0
Morocco,Bioenergy,50+ years,0.0,0.0
Mozambique,Oil and gas,0-9 years,0.246,8.4019234256896
Mozambique,Oil and gas,10-19 years,0.4116,14.057852365909914
Mozambique,Oil and gas,20-29 years,0.0,0.0
Mozambique,Oil and gas,30-39 years,0.0,0.0
Mozambique,Oil and gas,40-49 years,0.0,0.0
Mozambique,Oil and gas,50+ years,0.0,0.0
Mozambique,Utility-scale solar,0-9 years,0.099301,3.3915422686764343
Mozambique,Utility-scale solar,10-19 years,0.0,0.0
Mozambique,Utility-scale solar,20-29 years,0.0,0.0
Mozambique,Utility-scale solar,30-39 years,0.0,0.0
Mozambique,Utility-scale solar,40-49 years,0.0,0.0
Mozambique,Utility-scale solar,50+ years,0.0,0.0
Mozambique,Hydropower,0-9 years,0.0,0.0
Mozambique,Hydropower,10-19 years,0.0,0.0
Mozambique,Hydropower,20-29 years,0.0,0.0
Mozambique,Hydropower,30-39 years,0.0,0.0
Mozambique,Hydropower,40-49 years,0.0,0.0
Mozambique,Hydropower,50+ years,2.171,74.14868193972406
Myanmar,Coal,0-9 years,0.06,0.8470910764088985
Myanmar,Coal,10-19 years,0.0,0.0
Myanmar,Coal,20-29 years,0.12,1.694182152817797
Myanmar,Coal,30-39 years,0.0,0.0
Myanmar,Coal,40-49 years,0.0,0.0
Myanmar,Coal,50+ years,0.0,0.0
Myanmar,Oil and gas,0-9 years,1.884,26.598659799239417
Myanmar,Oil and gas,10-19 years,0.8555,12.078106931130211
Myanmar,Oil and gas,20-29 years,0.092,1.2988729838269777
Myanmar,Oil and gas,30-39 years,0.15419999999999998,2.177024066370869
Myanmar,Oil and gas,40-49 years,0.0,0.0
Myanmar,Oil and gas,50+ years,0.054299999999999994,0.7666174241500531
Myanmar,Utility-scale solar,0-9 years,0.3028636363636364,4.275884728873099
Myanmar,Utility-scale solar,10-19 years,0.0,0.0
Myanmar,Utility-scale solar,20-29 years,0.0,0.0
Myanmar,Utility-scale solar,30-39 years,0.0,0.0
Myanmar,Utility-scale solar,40-49 years,0.0,0.0
Myanmar,Utility-scale solar,50+ years,0.0,0.0
Myanmar,Wind,0-9 years,0.21,2.9648187674311446
Myanmar,Wind,10-19 years,0.0,0.0
Myanmar,Wind,20-29 years,0.0,0.0
Myanmar,Wind,30-39 years,0.0,0.0
Myanmar,Wind,40-49 years,0.0,0.0
Myanmar,Wind,50+ years,0.0,0.0
Myanmar,Hydropower,0-9 years,0.131,1.8494821834927617
Myanmar,Hydropower,10-19 years,2.474,34.92838871726025
Myanmar,Hydropower,20-29 years,0.385,5.435501073623765
Myanmar,Hydropower,30-39 years,0.0,0.0
Myanmar,Hydropower,40-49 years,0.056,0.7906183379816386
Myanmar,Hydropower,50+ years,0.168,2.371855013944916
Namibia,Coal,0-9 years,0.0,0.0
Namibia,Coal,10-19 years,0.0,0.0
Namibia,Coal,20-29 years,0.0,0.0
Namibia,Coal,30-39 years,0.0,0.0
Namibia,Coal,40-49 years,0.03,4.003111461595004
Namibia,Coal,50+ years,0.09,12.009334384785012
Namibia,Utility-scale solar,0-9 years,0.2601165958549223,34.7091908739305
Namibia,Utility-scale solar,10-19 years,0.02592683678756477,3.45960058357345
Namibia,Utility-scale solar,20-29 years,0.0,0.0
Namibia,Utility-scale solar,30-39 years,0.0,0.0
Namibia,Utility-scale solar,40-49 years,0.0,0.0
Namibia,Utility-scale solar,50+ years,0.0,0.0
Namibia,Hydropower,0-9 years,0.0,0.0
Namibia,Hydropower,10-19 years,0.0,0.0
Namibia,Hydropower,20-29 years,0.0,0.0
Namibia,Hydropower,30-39 years,0.0,0.0
Namibia,Hydropower,40-49 years,0.332,44.30110017498471
Namibia,Hydropower,50+ years,0.0,0.0
Nauru,Utility-scale solar,0-9 years,0.005617471264367816,100.0
Nauru,Utility-scale solar,10-19 years,0.0,0.0
Nauru,Utility-scale solar,20-29 years,0.0,0.0
Nauru,Utility-scale solar,30-39 years,0.0,0.0
Nauru,Utility-scale solar,40-49 years,0.0,0.0
Nauru,Utility-scale solar,50+ years,0.0,0.0
Nepal,Utility-scale solar,0-9 years,0.03175,0.9421784352419247
Nepal,Utility-scale solar,10-19 years,0.0,0.0
Nepal,Utility-scale solar,20-29 years,0.0,0.0
Nepal,Utility-scale solar,30-39 years,0.0,0.0
Nepal,Utility-scale solar,40-49 years,0.0,0.0
Nepal,Utility-scale solar,50+ years,0.0,0.0
Nepal,Hydropower,0-9 years,2.474,73.41573067050462
Nepal,Hydropower,10-19 years,0.209,6.202056471356292
Nepal,Hydropower,20-29 years,0.286,8.487024645013873
Nepal,Hydropower,30-39 years,0.081,2.403667819042391
Nepal,Hydropower,40-49 years,0.121,3.5906642728904847
Nepal,Hydropower,50+ years,0.035,1.0386218971170824
Netherlands,Coal,0-9 years,0.0,0.0
Netherlands,Coal,10-19 years,3.5,8.96193247259479
Netherlands,Coal,20-29 years,0.0,0.0
Netherlands,Coal,30-39 years,0.0,0.0
Netherlands,Coal,40-49 years,0.0,0.0
Netherlands,Coal,50+ years,0.0,0.0
Netherlands,Oil and gas,0-9 years,0.19,0.48650490565514587
Netherlands,Oil and gas,10-19 years,7.5934,19.443296582114655
Netherlands,Oil and gas,20-29 years,2.369,6.065948007879161
Netherlands,Oil and gas,30-39 years,3.4533,8.842354687889028
Netherlands,Oil and gas,40-49 years,0.4343,1.1120477922422622
Netherlands,Oil and gas,50+ years,0.0,0.0
Netherlands,Utility-scale solar,0-9 years,6.371439904761904,16.31440405133485
Netherlands,Utility-scale solar,10-19 years,0.0,0.0
Netherlands,Utility-scale solar,20-29 years,0.0,0.0
Netherlands,Utility-scale solar,30-39 years,0.0,0.0
Netherlands,Utility-scale solar,40-49 years,0.0,0.0
Netherlands,Utility-scale solar,50+ years,0.0,0.0
Netherlands,Wind,0-9 years,8.9173,22.833211553677007
Netherlands,Wind,10-19 years,1.845,4.724218689124969
Netherlands,Wind,20-29 years,0.084,0.215086379342275
Netherlands,Wind,30-39 years,0.031,0.07937711618583958
Netherlands,Wind,40-49 years,0.0,0.0
Netherlands,Wind,50+ years,0.0,0.0
Netherlands,Nuclear,0-9 years,0.0,0.0
Netherlands,Nuclear,10-19 years,0.0,0.0
Netherlands,Nuclear,20-29 years,0.0,0.0
Netherlands,Nuclear,30-39 years,0.0,0.0
Netherlands,Nuclear,40-49 years,0.0,0.0
Netherlands,Nuclear,50+ years,0.515,1.318684349538948
Netherlands,Bioenergy,0-9 years,0.5,1.2802760675135416
Netherlands,Bioenergy,10-19 years,0.334,0.8552244130990458
Netherlands,Bioenergy,20-29 years,0.22,0.5633214697059584
Netherlands,Bioenergy,30-39 years,0.253,0.647819690161852
Netherlands,Bioenergy,40-49 years,0.083,0.2125258272072479
Netherlands,Bioenergy,50+ years,0.171,0.43785441508963124
New Caledonia,Coal,0-9 years,0.0,0.0
New Caledonia,Coal,10-19 years,0.37,44.44444444444444
New Caledonia,Coal,20-29 years,0.0,0.0
New Caledonia,Coal,30-39 years,0.0,0.0
New Caledonia,Coal,40-49 years,0.0,0.0
New Caledonia,Coal,50+ years,0.0,0.0
New Caledonia,Oil and gas,0-9 years,0.198,23.783783783783786
New Caledonia,Oil and gas,10-19 years,0.0,0.0
New Caledonia,Oil and gas,20-29 years,0.0,0.0
New Caledonia,Oil and gas,30-39 years,0.055,6.606606606606606
New Caledonia,Oil and gas,40-49 years,0.0,0.0
New Caledonia,Oil and gas,50+ years,0.0,0.0
New Caledonia,Utility-scale solar,0-9 years,0.11,13.213213213213212
New Caledonia,Utility-scale solar,10-19 years,0.0,0.0
New Caledonia,Utility-scale solar,20-29 years,0.0,0.0
New Caledonia,Utility-scale solar,30-39 years,0.0,0.0
New Caledonia,Utility-scale solar,40-49 years,0.0,0.0
New Caledonia,Utility-scale solar,50+ years,0.0,0.0
New Caledonia,Wind,0-9 years,0.02,2.4024024024024024
New Caledonia,Wind,10-19 years,0.0,0.0
New Caledonia,Wind,20-29 years,0.0115,1.3813813813813813
New Caledonia,Wind,30-39 years,0.0,0.0
New Caledonia,Wind,40-49 years,0.0,0.0
New Caledonia,Wind,50+ years,0.0,0.0
New Caledonia,Hydropower,0-9 years,0.0,0.0
New Caledonia,Hydropower,10-19 years,0.0,0.0
New Caledonia,Hydropower,20-29 years,0.0,0.0
New Caledonia,Hydropower,30-39 years,0.0,0.0
New Caledonia,Hydropower,40-49 years,0.0,0.0
New Caledonia,Hydropower,50+ years,0.068,8.168168168168167
New Zealand,Coal,0-9 years,0.0,0.0
New Zealand,Coal,10-19 years,0.0,0.0
New Zealand,Coal,20-29 years,0.0,0.0
New Zealand,Coal,30-39 years,0.0,0.0
New Zealand,Coal,40-49 years,0.75,7.533830322616877
New Zealand,Coal,50+ years,0.0,0.0
New Zealand,Oil and gas,0-9 years,0.1,1.0045107096822503
New Zealand,Oil and gas,10-19 years,0.713,7.162161360034445
New Zealand,Oil and gas,20-29 years,0.051,0.5123004619379476
New Zealand,Oil and gas,30-39 years,0.182,1.8282094916216955
New Zealand,Oil and gas,40-49 years,0.0,0.0
New Zealand,Oil and gas,50+ years,0.0,0.0
New Zealand,Utility-scale solar,0-9 years,0.26939545454545455,2.7061061923062697
New Zealand,Utility-scale solar,10-19 years,0.0,0.0
New Zealand,Utility-scale solar,20-29 years,0.0,0.0
New Zealand,Utility-scale solar,30-39 years,0.0,0.0
New Zealand,Utility-scale solar,40-49 years,0.0,0.0
New Zealand,Utility-scale solar,50+ years,0.0,0.0
New Zealand,Wind,0-9 years,0.574,5.765891473576117
New Zealand,Wind,10-19 years,0.5,5.022553548411252
New Zealand,Wind,20-29 years,0.159,1.5971720283947781
New Zealand,Wind,30-39 years,0.0,0.0
New Zealand,Wind,40-49 years,0.0,0.0
New Zealand,Wind,50+ years,0.0,0.0
New Zealand,Hydropower,0-9 years,0.0,0.0
New Zealand,Hydropower,10-19 years,0.0,0.0
New Zealand,Hydropower,20-29 years,0.0,0.0
New Zealand,Hydropower,30-39 years,0.432,4.339486265827321
New Zealand,Hydropower,40-49 years,1.0,10.045107096822504
New Zealand,Hydropower,50+ years,3.693,37.09658050856551
New Zealand,Bioenergy,0-9 years,0.0155,0.15569916000074882
New Zealand,Bioenergy,10-19 years,0.0,0.0
New Zealand,Bioenergy,20-29 years,0.039,0.39175917677607763
New Zealand,Bioenergy,30-39 years,0.01,0.10045107096822503
New Zealand,Bioenergy,40-49 years,0.0,0.0
New Zealand,Bioenergy,50+ years,0.0,0.0
New Zealand,Geothermal,0-9 years,0.329,3.3048402348546038
New Zealand,Geothermal,10-19 years,0.566,5.685530616801538
New Zealand,Geothermal,20-29 years,0.193,1.938705669686743
New Zealand,Geothermal,30-39 years,0.1217,1.2224895336832988
New Zealand,Geothermal,40-49 years,0.0,0.0
New Zealand,Geothermal,50+ years,0.188,1.8884801342026307
Nicaragua,Oil and gas,0-9 years,0.148,14.223758913408757
Nicaragua,Oil and gas,10-19 years,0.0,0.0
Nicaragua,Oil and gas,20-29 years,0.126,12.109416372226374
Nicaragua,Oil and gas,30-39 years,0.0,0.0
Nicaragua,Oil and gas,40-49 years,0.053,5.093643394666649
Nicaragua,Oil and gas,50+ years,0.053,5.093643394666649
Nicaragua,Utility-scale solar,0-9 years,0.054172185185185184,5.2062979857203215
Nicaragua,Utility-scale solar,10-19 years,0.0013427037037037038,0.12904252549744935
Nicaragua,Utility-scale solar,20-29 years,0.0,0.0
Nicaragua,Utility-scale solar,30-39 years,0.0,0.0
Nicaragua,Utility-scale solar,40-49 years,0.0,0.0
Nicaragua,Utility-scale solar,50+ years,0.0,0.0
Nicaragua,Wind,0-9 years,0.0,0.0
Nicaragua,Wind,10-19 years,0.189,18.16412455833956
Nicaragua,Wind,20-29 years,0.0,0.0
Nicaragua,Wind,30-39 years,0.0,0.0
Nicaragua,Wind,40-49 years,0.0,0.0
Nicaragua,Wind,50+ years,0.0,0.0
Nicaragua,Hydropower,0-9 years,0.0,0.0
Nicaragua,Hydropower,10-19 years,0.0,0.0
Nicaragua,Hydropower,20-29 years,0.0,0.0
Nicaragua,Hydropower,30-39 years,0.0,0.0
Nicaragua,Hydropower,40-49 years,0.0,0.0
Nicaragua,Hydropower,50+ years,0.104,9.99507383104399
Nicaragua,Bioenergy,0-9 years,0.04,3.84425916578615
Nicaragua,Bioenergy,10-19 years,0.042,4.036472124075457
Nicaragua,Bioenergy,20-29 years,0.015,1.4415971871698063
Nicaragua,Bioenergy,30-39 years,0.0,0.0
Nicaragua,Bioenergy,40-49 years,0.0,0.0
Nicaragua,Bioenergy,50+ years,0.0,0.0
Nicaragua,Geothermal,0-9 years,0.0104,0.999507383104399
Nicaragua,Geothermal,10-19 years,0.072,6.919666498415071
Nicaragua,Geothermal,20-29 years,0.0,0.0
Nicaragua,Geothermal,30-39 years,0.035,3.3637267700628817
Nicaragua,Geothermal,40-49 years,0.035,3.3637267700628817
Nicaragua,Geothermal,50+ years,0.0,0.0
Niger,Coal,0-9 years,0.03,11.009174311926607
Niger,Coal,10-19 years,0.0,0.0
Niger,Coal,20-29 years,0.0,0.0
Niger,Coal,30-39 years,0.0,0.0
Niger,Coal,40-49 years,0.0,0.0
Niger,Coal,50+ years,0.0,0.0
Niger,Oil and gas,0-9 years,0.189,69.35779816513762
Niger,Oil and gas,10-19 years,0.0,0.0
Niger,Oil and gas,20-29 years,0.0,0.0
Niger,Oil and gas,30-39 years,0.0,0.0
Niger,Oil and gas,40-49 years,0.0,0.0
Niger,Oil and gas,50+ years,0.0,0.0
Niger,Utility-scale solar,0-9 years,0.0535,19.63302752293578
Niger,Utility-scale solar,10-19 years,0.0,0.0
Niger,Utility-scale solar,20-29 years,0.0,0.0
Niger,Utility-scale solar,30-39 years,0.0,0.0
Niger,Utility-scale solar,40-49 years,0.0,0.0
Niger,Utility-scale solar,50+ years,0.0,0.0
Nigeria,Coal,0-9 years,0.06,0.4179496928204022
Nigeria,Coal,10-19 years,0.2845,1.9817781267900736
Nigeria,Coal,20-29 years,0.0,0.0
Nigeria,Coal,30-39 years,0.0,0.0
Nigeria,Coal,40-49 years,0.0,0.0
Nigeria,Coal,50+ years,0.0,0.0
Nigeria,Oil and gas,0-9 years,1.724,12.009087840372889
Nigeria,Oil and gas,10-19 years,5.318,37.04427444031498
Nigeria,Oil and gas,20-29 years,0.936,6.520015207998274
Nigeria,Oil and gas,30-39 years,0.6,4.1794969282040215
Nigeria,Oil and gas,40-49 years,2.25,15.67311348076508
Nigeria,Oil and gas,50+ years,0.0,0.0
Nigeria,Utility-scale solar,0-9 years,0.14529473575129534,1.0120981695945899
Nigeria,Utility-scale solar,10-19 years,0.0,0.0
Nigeria,Utility-scale solar,20-29 years,0.0,0.0
Nigeria,Utility-scale solar,30-39 years,0.0,0.0
Nigeria,Utility-scale solar,40-49 years,0.0,0.0
Nigeria,Utility-scale solar,50+ years,0.0,0.0
Nigeria,Wind,0-9 years,0.01,0.0696582821367337
Nigeria,Wind,10-19 years,0.0,0.0
Nigeria,Wind,20-29 years,0.0,0.0
Nigeria,Wind,30-39 years,0.0,0.0
Nigeria,Wind,40-49 years,0.0,0.0
Nigeria,Wind,50+ years,0.0,0.0
Nigeria,Hydropower,0-9 years,0.78,5.433346006665228
Nigeria,Hydropower,10-19 years,0.13,0.905557667777538
Nigeria,Hydropower,20-29 years,0.0,0.0
Nigeria,Hydropower,30-39 years,0.6,4.1794969282040215
Nigeria,Hydropower,40-49 years,0.578,4.026248707503208
Nigeria,Hydropower,50+ years,0.76,5.294029442391761
North Korea,Coal,0-9 years,0.8,10.91703056768559
North Korea,Coal,10-19 years,0.0,0.0
North Korea,Coal,20-29 years,0.0,0.0
North Korea,Coal,30-39 years,0.25,3.411572052401747
North Korea,Coal,40-49 years,0.85,11.59934497816594
North Korea,Coal,50+ years,1.35,18.42248908296943
North Korea,Hydropower,0-9 years,0.134,1.8286026200873364
North Korea,Hydropower,10-19 years,0.61,8.324235807860262
North Korea,Hydropower,20-29 years,0.1,1.3646288209606987
North Korea,Hydropower,30-39 years,0.295,4.025655021834061
North Korea,Hydropower,40-49 years,0.296,4.039301310043668
North Korea,Hydropower,50+ years,2.638,35.998908296943235
North Korea,Nuclear,0-9 years,0.0,0.0
North Korea,Nuclear,10-19 years,0.0,0.0
North Korea,Nuclear,20-29 years,0.0,0.0
North Korea,Nuclear,30-39 years,0.0,0.0
North Korea,Nuclear,40-49 years,0.005,0.06823144104803493
North Korea,Nuclear,50+ years,0.0,0.0
North Macedonia,Coal,0-9 years,0.0,0.0
North Macedonia,Coal,10-19 years,0.0,0.0
North Macedonia,Coal,20-29 years,0.0,0.0
North Macedonia,Coal,30-39 years,0.233,10.25470260031431
North Macedonia,Coal,40-49 years,0.591,26.0108550935011
North Macedonia,Coal,50+ years,0.0,0.0
North Macedonia,Oil and gas,0-9 years,0.0,0.0
North Macedonia,Oil and gas,10-19 years,0.22,9.682551811455571
North Macedonia,Oil and gas,20-29 years,0.0,0.0
North Macedonia,Oil and gas,30-39 years,0.0,0.0
North Macedonia,Oil and gas,40-49 years,0.198,8.714296630310015
North Macedonia,Oil and gas,50+ years,0.0,0.0
North Macedonia,Utility-scale solar,0-9 years,0.4331283013400942,19.062669176060016
North Macedonia,Utility-scale solar,10-19 years,0.0,0.0
North Macedonia,Utility-scale solar,20-29 years,0.0,0.0
North Macedonia,Utility-scale solar,30-39 years,0.0,0.0
North Macedonia,Utility-scale solar,40-49 years,0.0,0.0
North Macedonia,Utility-scale solar,50+ years,0.0,0.0
North Macedonia,Wind,0-9 years,0.036,1.5844175691472753
North Macedonia,Wind,10-19 years,0.037,1.628429168290255
North Macedonia,Wind,20-29 years,0.0,0.0
North Macedonia,Wind,30-39 years,0.0,0.0
North Macedonia,Wind,40-49 years,0.0,0.0
North Macedonia,Wind,50+ years,0.0,0.0
North Macedonia,Hydropower,0-9 years,0.0,0.0
North Macedonia,Hydropower,10-19 years,0.036,1.5844175691472753
North Macedonia,Hydropower,20-29 years,0.082,3.6089511297243493
North Macedonia,Hydropower,30-39 years,0.0,0.0
North Macedonia,Hydropower,40-49 years,0.0,0.0
North Macedonia,Hydropower,50+ years,0.406,17.86870925204983
Norway,Oil and gas,0-9 years,0.0,0.0
Norway,Oil and gas,10-19 years,0.294,0.8330413438418949
Norway,Oil and gas,20-29 years,0.0,0.0
Norway,Oil and gas,30-39 years,0.0,0.0
Norway,Oil and gas,40-49 years,0.0,0.0
Norway,Oil and gas,50+ years,0.0,0.0
Norway,Utility-scale solar,0-9 years,0.032966,0.09340830252072077
Norway,Utility-scale solar,10-19 years,0.0,0.0
Norway,Utility-scale solar,20-29 years,0.0,0.0
Norway,Utility-scale solar,30-39 years,0.0,0.0
Norway,Utility-scale solar,40-49 years,0.0,0.0
Norway,Utility-scale solar,50+ years,0.0,0.0
Norway,Wind,0-9 years,4.0318000000000005,11.424000306468542
Norway,Wind,10-19 years,0.55,1.5584106772552455
Norway,Wind,20-29 years,0.244,0.6913676459095998
Norway,Wind,30-39 years,0.0,0.0
Norway,Wind,40-49 years,0.0,0.0
Norway,Wind,50+ years,0.0,0.0
Norway,Hydropower,0-9 years,0.92,2.6067960419542286
Norway,Hydropower,10-19 years,1.175,3.3293319014089335
Norway,Hydropower,20-29 years,0.798,2.261112218999429
Norway,Hydropower,30-39 years,3.445,9.761317787535129
Norway,Hydropower,40-49 years,6.916,19.59630589799505
Norway,Hydropower,50+ years,15.679,44.42603819760908
Oman,Oil and gas,0-9 years,4.9567,29.530719202793392
Oman,Oil and gas,10-19 years,6.892,41.060729264561516
Oman,Oil and gas,20-29 years,1.629,9.70515495820817
Oman,Oil and gas,30-39 years,0.09,0.5361964065308381
Oman,Oil and gas,40-49 years,0.0,0.0
Oman,Oil and gas,50+ years,0.0,0.0
Oman,Utility-scale solar,0-9 years,1.660842857142857,9.894866353471224
Oman,Utility-scale solar,10-19 years,0.5129614285714286,3.0560897187658354
Oman,Utility-scale solar,20-29 years,0.0,0.0
Oman,Utility-scale solar,30-39 years,0.0,0.0
Oman,Utility-scale solar,40-49 years,0.0,0.0
Oman,Utility-scale solar,50+ years,0.0,0.0
Oman,Wind,0-9 years,0.05,0.2978868925171323
Oman,Wind,10-19 years,0.0,0.0
Oman,Wind,20-29 years,0.0,0.0
Oman,Wind,30-39 years,0.0,0.0
Oman,Wind,40-49 years,0.0,0.0
Oman,Wind,50+ years,0.0,0.0
Pakistan,Coal,0-9 years,8.278,17.366726343692203
Pakistan,Coal,10-19 years,0.07,0.1468556226212194
Pakistan,Coal,20-29 years,0.0,0.0
Pakistan,Coal,30-39 years,0.0,0.0
Pakistan,Coal,40-49 years,0.0,0.0
Pakistan,Coal,50+ years,0.0,0.0
Pakistan,Oil and gas,0-9 years,5.993,12.572939233842398
Pakistan,Oil and gas,10-19 years,4.9451,10.374510563202746
Pakistan,Oil and gas,20-29 years,3.4789,7.298514650528003
Pakistan,Oil and gas,30-39 years,5.736,12.033769305075921
Pakistan,Oil and gas,40-49 years,0.42,0.8811337357273165
Pakistan,Oil and gas,50+ years,0.0,0.0
Pakistan,Utility-scale solar,0-9 years,0.9231630773361976,1.9367384071875458
Pakistan,Utility-scale solar,10-19 years,0.374,0.7846286122905151
Pakistan,Utility-scale solar,20-29 years,0.0,0.0
Pakistan,Utility-scale solar,30-39 years,0.0,0.0
Pakistan,Utility-scale solar,40-49 years,0.0,0.0
Pakistan,Utility-scale solar,50+ years,0.0,0.0
Pakistan,Wind,0-9 years,1.358,2.8489990788516564
Pakistan,Wind,10-19 years,0.583,1.2230975426881558
Pakistan,Wind,20-29 years,0.0,0.0
Pakistan,Wind,30-39 years,0.0,0.0
Pakistan,Wind,40-49 years,0.0,0.0
Pakistan,Wind,50+ years,0.0,0.0
Pakistan,Hydropower,0-9 years,4.421,9.274981537263013
Pakistan,Hydropower,10-19 years,0.584,1.2251954801541733
Pakistan,Hydropower,20-29 years,1.664,3.4909679434529868
Pakistan,Hydropower,30-39 years,0.0,0.0
Pakistan,Hydropower,40-49 years,4.548,9.541419595447225
Pakistan,Hydropower,50+ years,0.243,0.5097988042422331
Pakistan,Nuclear,0-9 years,2.54,5.328761163684247
Pakistan,Nuclear,10-19 years,0.665,1.3951284149015843
Pakistan,Nuclear,20-29 years,0.325,0.6818296764556615
Pakistan,Nuclear,30-39 years,0.0,0.0
Pakistan,Nuclear,40-49 years,0.0,0.0
Pakistan,Nuclear,50+ years,0.0,0.0
Pakistan,Bioenergy,0-9 years,0.2425,0.5087498355092244
Pakistan,Bioenergy,10-19 years,0.1662,0.3486772068520952
Pakistan,Bioenergy,20-29 years,0.0,0.0
Pakistan,Bioenergy,30-39 years,0.0,0.0
Pakistan,Bioenergy,40-49 years,0.0,0.0
Pakistan,Bioenergy,50+ years,0.0,0.0
Palau,Utility-scale solar,0-9 years,0.013311,100.0
Palau,Utility-scale solar,10-19 years,0.0,0.0
Palau,Utility-scale solar,20-29 years,0.0,0.0
Palau,Utility-scale solar,30-39 years,0.0,0.0
Palau,Utility-scale solar,40-49 years,0.0,0.0
Palau,Utility-scale solar,50+ years,0.0,0.0
Palestine,Oil and gas,0-9 years,0.14,79.56224527903618
Palestine,Oil and gas,10-19 years,0.0,0.0
Palestine,Oil and gas,20-29 years,0.0,0.0
Palestine,Oil and gas,30-39 years,0.0,0.0
Palestine,Oil and gas,40-49 years,0.0,0.0
Palestine,Oil and gas,50+ years,0.0,0.0
Palestine,Utility-scale solar,0-9 years,0.03596285714285714,20.437754720963838
Palestine,Utility-scale solar,10-19 years,0.0,0.0
Palestine,Utility-scale solar,20-29 years,0.0,0.0
Palestine,Utility-scale solar,30-39 years,0.0,0.0
Palestine,Utility-scale solar,40-49 years,0.0,0.0
Palestine,Utility-scale solar,50+ years,0.0,0.0
Panama,Coal,0-9 years,0.306,6.925505363436043
Panama,Coal,10-19 years,0.0,0.0
Panama,Coal,20-29 years,0.0,0.0
Panama,Coal,30-39 years,0.0,0.0
Panama,Coal,40-49 years,0.0,0.0
Panama,Coal,50+ years,0.0,0.0
Panama,Oil and gas,0-9 years,1.051,23.786621362651246
Panama,Oil and gas,10-19 years,0.3837,8.684040548857547
Panama,Oil and gas,20-29 years,0.055200000000000006,1.2493068498747373
Panama,Oil and gas,30-39 years,0.0,0.0
Panama,Oil and gas,40-49 years,0.0,0.0
Panama,Oil and gas,50+ years,0.0,0.0
Panama,Utility-scale solar,0-9 years,0.733560119402985,16.602204383425352
Panama,Utility-scale solar,10-19 years,0.01653,0.37411308384835884
Panama,Utility-scale solar,20-29 years,0.0,0.0
Panama,Utility-scale solar,30-39 years,0.0,0.0
Panama,Utility-scale solar,40-49 years,0.0,0.0
Panama,Utility-scale solar,50+ years,0.0,0.0
Panama,Wind,0-9 years,0.3365,7.615792662732773
Panama,Wind,10-19 years,0.0,0.0
Panama,Wind,20-29 years,0.0,0.0
Panama,Wind,30-39 years,0.0,0.0
Panama,Wind,40-49 years,0.0,0.0
Panama,Wind,50+ years,0.0,0.0
Panama,Hydropower,0-9 years,0.0,0.0
Panama,Hydropower,10-19 years,0.678,15.344747177809273
Panama,Hydropower,20-29 years,0.12,2.7158844562494284
Panama,Hydropower,30-39 years,0.0,0.0
Panama,Hydropower,40-49 years,0.402,9.098212928435585
Panama,Hydropower,50+ years,0.296,6.69918165874859
Papua New Guinea,Oil and gas,0-9 years,0.0588,18.4806864254958
Papua New Guinea,Oil and gas,10-19 years,0.0,0.0
Papua New Guinea,Oil and gas,20-29 years,0.0,0.0
Papua New Guinea,Oil and gas,30-39 years,0.0,0.0
Papua New Guinea,Oil and gas,40-49 years,0.0,0.0
Papua New Guinea,Oil and gas,50+ years,0.0,0.0
Papua New Guinea,Utility-scale solar,0-9 years,0.00087,0.2734387277241726
Papua New Guinea,Utility-scale solar,10-19 years,0.0,0.0
Papua New Guinea,Utility-scale solar,20-29 years,0.0,0.0
Papua New Guinea,Utility-scale solar,30-39 years,0.0,0.0
Papua New Guinea,Utility-scale solar,40-49 years,0.0,0.0
Papua New Guinea,Utility-scale solar,50+ years,0.0,0.0
Papua New Guinea,Hydropower,0-9 years,0.054,16.972058962190022
Papua New Guinea,Hydropower,10-19 years,0.0,0.0
Papua New Guinea,Hydropower,20-29 years,0.0,0.0
Papua New Guinea,Hydropower,30-39 years,0.134,42.115850017286355
Papua New Guinea,Hydropower,40-49 years,0.0,0.0
Papua New Guinea,Hydropower,50+ years,0.036,11.314705974793348
Papua New Guinea,Geothermal,0-9 years,0.0,0.0
Papua New Guinea,Geothermal,10-19 years,0.03,9.428921645661124
Papua New Guinea,Geothermal,20-29 years,0.0,0.0
Papua New Guinea,Geothermal,30-39 years,0.0,0.0
Papua New Guinea,Geothermal,40-49 years,0.0,0.0
Papua New Guinea,Geothermal,50+ years,0.0,0.0
Paraguay,Utility-scale solar,0-9 years,0.004329074074074075,0.04928178393100997
Paraguay,Utility-scale solar,10-19 years,0.0,0.0
Paraguay,Utility-scale solar,20-29 years,0.0,0.0
Paraguay,Utility-scale solar,30-39 years,0.0,0.0
Paraguay,Utility-scale solar,40-49 years,0.0,0.0
Paraguay,Utility-scale solar,50+ years,0.0,0.0
Paraguay,Hydropower,0-9 years,0.0,0.0
Paraguay,Hydropower,10-19 years,0.0,0.0
Paraguay,Hydropower,20-29 years,0.0,0.0
Paraguay,Hydropower,30-39 years,1.55,17.64505845500079
Paraguay,Hydropower,40-49 years,7.0,79.6873607645197
Paraguay,Hydropower,50+ years,0.21,2.390620822935591
Paraguay,Bioenergy,0-9 years,0.0,0.0
Paraguay,Bioenergy,10-19 years,0.02,0.2276781736129134
Paraguay,Bioenergy,20-29 years,0.0,0.0
Paraguay,Bioenergy,30-39 years,0.0,0.0
Paraguay,Bioenergy,40-49 years,0.0,0.0
Paraguay,Bioenergy,50+ years,0.0,0.0
Peru,Oil and gas,0-9 years,0.8915,5.681452644518646
Peru,Oil and gas,10-19 years,5.2284,33.32014246393863
Peru,Oil and gas,20-29 years,0.8426,5.369817160147405
Peru,Oil and gas,30-39 years,0.0573,0.3651679602141541
Peru,Oil and gas,40-49 years,0.1192,0.7596513238660938
Peru,Oil and gas,50+ years,0.0,0.0
Peru,Utility-scale solar,0-9 years,0.9423495000000001,6.005512124325097
Peru,Utility-scale solar,10-19 years,0.09396,0.5987989797857229
Peru,Utility-scale solar,20-29 years,0.0,0.0
Peru,Utility-scale solar,30-39 years,0.0,0.0
Peru,Utility-scale solar,40-49 years,0.0,0.0
Peru,Utility-scale solar,50+ years,0.0,0.0
Peru,Wind,0-9 years,1.2089,7.7042154817258455
Peru,Wind,10-19 years,0.239,1.5231263960066812
Peru,Wind,20-29 years,0.0,0.0
Peru,Wind,30-39 years,0.0,0.0
Peru,Wind,40-49 years,0.0,0.0
Peru,Wind,50+ years,0.0,0.0
Peru,Hydropower,0-9 years,0.296,1.8863824820835886
Peru,Hydropower,10-19 years,1.775,11.311921978710709
Peru,Hydropower,20-29 years,0.75,4.779685343117201
Peru,Hydropower,30-39 years,0.256,1.6314659304506711
Peru,Hydropower,40-49 years,0.21,1.3383118960728162
Peru,Hydropower,50+ years,2.573,16.39750718378741
Peru,Bioenergy,0-9 years,0.0217,0.13829222926085766
Peru,Bioenergy,10-19 years,0.0895,0.5703757842786525
Peru,Bioenergy,20-29 years,0.0,0.0
Peru,Bioenergy,30-39 years,0.0,0.0
Peru,Bioenergy,40-49 years,0.0,0.0
Peru,Bioenergy,50+ years,0.0,0.0
Philippines,Coal,0-9 years,5.2338000000000005,17.638333681968287
Philippines,Coal,10-19 years,3.2536,10.964897869168103
Philippines,Coal,20-29 years,2.82,9.503630437378305
Philippines,Coal,30-39 years,1.035,3.4880345754207607
Philippines,Coal,40-49 years,0.3,1.0110245146147132
Philippines,Coal,50+ years,0.0,0.0
Philippines,Oil and gas,0-9 years,1.5584,5.251935345251897
Philippines,Oil and gas,10-19 years,1.2944,4.36223377239095
Philippines,Oil and gas,20-29 years,3.0623,10.320201237015455
Philippines,Oil and gas,30-39 years,0.5552,1.8710693683802964
Philippines,Oil and gas,40-49 years,0.0,0.0
Philippines,Oil and gas,50+ years,0.65,2.1905531149985453
Philippines,Utility-scale solar,0-9 years,2.5032699166666665,8.436224174825101
Philippines,Utility-scale solar,10-19 years,0.6272142777777777,2.1137633691656523
Philippines,Utility-scale solar,20-29 years,0.0,0.0
Philippines,Utility-scale solar,30-39 years,0.0,0.0
Philippines,Utility-scale solar,40-49 years,0.0,0.0
Philippines,Utility-scale solar,50+ years,0.0,0.0
Philippines,Wind,0-9 years,0.176,0.5931343819072984
Philippines,Wind,10-19 years,0.313,1.0548355769146842
Philippines,Wind,20-29 years,0.033,0.11121269660761846
Philippines,Wind,30-39 years,0.0,0.0
Philippines,Wind,40-49 years,0.0,0.0
Philippines,Wind,50+ years,0.0,0.0
Philippines,Hydropower,0-9 years,0.045,0.151653677192207
Philippines,Hydropower,10-19 years,0.0,0.0
Philippines,Hydropower,20-29 years,0.66,2.224253932152369
Philippines,Hydropower,30-39 years,0.08,0.2696065372305902
Philippines,Hydropower,40-49 years,1.938,6.531218364411047
Philippines,Hydropower,50+ years,0.771,2.598333002559813
Philippines,Bioenergy,0-9 years,0.161,0.5425831561765628
Philippines,Bioenergy,10-19 years,0.199,0.6706462613610931
Philippines,Bioenergy,20-29 years,0.0,0.0
Philippines,Bioenergy,30-39 years,0.0,0.0
Philippines,Bioenergy,40-49 years,0.0,0.0
Philippines,Bioenergy,50+ years,0.0,0.0
Philippines,Geothermal,0-9 years,0.106,0.35722866183053203
Philippines,Geothermal,10-19 years,0.06,0.20220490292294263
Philippines,Geothermal,20-29 years,0.442,1.4895761181990108
Philippines,Geothermal,30-39 years,0.393,1.3244421141452742
Philippines,Geothermal,40-49 years,0.92,3.100475178151787
Philippines,Geothermal,50+ years,0.0,0.0
Poland,Coal,0-9 years,4.401,8.420929306550578
Poland,Coal,10-19 years,2.159,4.131058026094682
Poland,Coal,20-29 years,1.399,2.676864371702853
Poland,Coal,30-39 years,2.7706,5.301301235339475
Poland,Coal,40-49 years,9.954,19.046110047126664
Poland,Coal,50+ years,6.578399999999999,12.587194126383167
Poland,Oil and gas,0-9 years,4.135,7.911961527513436
Poland,Oil and gas,10-19 years,0.2235,0.4276477391533865
Poland,Oil and gas,20-29 years,0.761,1.456107067094976
Poland,Oil and gas,30-39 years,0.0,0.0
Poland,Oil and gas,40-49 years,0.04,0.07653650812588572
Poland,Oil and gas,50+ years,0.158,0.30231920709724863
Poland,Utility-scale solar,0-9 years,1.7568977837837838,3.361670537622955
Poland,Utility-scale solar,10-19 years,0.0,0.0
Poland,Utility-scale solar,20-29 years,0.0,0.0
Poland,Utility-scale solar,30-39 years,0.0,0.0
Poland,Utility-scale solar,40-49 years,0.0,0.0
Poland,Utility-scale solar,50+ years,0.0,0.0
Poland,Wind,0-9 years,3.7805,7.233656724247775
Poland,Wind,10-19 years,4.312,8.250635575970481
Poland,Wind,20-29 years,0.152,0.29083873087836576
Poland,Wind,30-39 years,0.0,0.0
Poland,Wind,40-49 years,0.0,0.0
Poland,Wind,50+ years,0.0,0.0
Poland,Hydropower,0-9 years,0.0,0.0
Poland,Hydropower,10-19 years,0.0,0.0
Poland,Hydropower,20-29 years,0.092,0.17603396868953716
Poland,Hydropower,30-39 years,0.0,0.0
Poland,Hydropower,40-49 years,0.78,1.4924619084547717
Poland,Hydropower,50+ years,1.229,2.3515842121678387
Poland,Bioenergy,0-9 years,0.016,0.03061460325035429
Poland,Bioenergy,10-19 years,0.358,0.6850017477266773
Poland,Bioenergy,20-29 years,0.0,0.0
Poland,Bioenergy,30-39 years,0.0,0.0
Poland,Bioenergy,40-49 years,0.28,0.5357555568812001
Poland,Bioenergy,50+ years,0.05,0.09567063515735716
Portugal,Oil and gas,0-9 years,0.0,0.0
Portugal,Oil and gas,10-19 years,2.0145,9.538593441780591
Portugal,Oil and gas,20-29 years,2.373,11.23607954199322
Portugal,Oil and gas,30-39 years,0.0,0.0
Portugal,Oil and gas,40-49 years,0.161,0.7623298804302184
Portugal,Oil and gas,50+ years,0.0,0.0
Portugal,Utility-scale solar,0-9 years,2.8012450372670807,13.263806175873022
Portugal,Utility-scale solar,10-19 years,0.2789821801242236,1.3209717516537953
Portugal,Utility-scale solar,20-29 years,0.009396000000000002,0.04448976122063561
Portugal,Utility-scale solar,30-39 years,0.0,0.0
Portugal,Utility-scale solar,40-49 years,0.0,0.0
Portugal,Utility-scale solar,50+ years,0.0,0.0
Portugal,Wind,0-9 years,0.4669,2.2107566532476337
Portugal,Wind,10-19 years,3.368,15.947372902416
Portugal,Wind,20-29 years,1.2262,5.806018008593378
Portugal,Wind,30-39 years,0.01,0.04734968201429929
Portugal,Wind,40-49 years,0.0,0.0
Portugal,Wind,50+ years,0.0,0.0
Portugal,Hydropower,0-9 years,2.206,10.445339852354422
Portugal,Hydropower,10-19 years,0.969,4.5881841871856
Portugal,Hydropower,20-29 years,0.67,3.1724286949580525
Portugal,Hydropower,30-39 years,1.04,4.9243669294871255
Portugal,Hydropower,40-49 years,0.639,3.0256446807137243
Portugal,Hydropower,50+ years,2.259,10.696293167030209
Portugal,Bioenergy,0-9 years,0.0,0.0
Portugal,Bioenergy,10-19 years,0.07590000000000001,0.3593840864885316
Portugal,Bioenergy,20-29 years,0.2855,1.3518334215082444
Portugal,Bioenergy,30-39 years,0.0947,0.4484014886754142
Portugal,Bioenergy,40-49 years,0.0,0.0
Portugal,Bioenergy,50+ years,0.0,0.0
Portugal,Geothermal,0-9 years,0.0,0.0
Portugal,Geothermal,10-19 years,0.0,0.0
Portugal,Geothermal,20-29 years,0.009,0.04261471381286936
Portugal,Geothermal,30-39 years,0.005,0.023674841007149644
Portugal,Geothermal,40-49 years,0.0,0.0
Portugal,Geothermal,50+ years,0.0,0.0
Puerto Rico,Coal,0-9 years,0.0,0.0
Puerto Rico,Coal,10-19 years,0.0,0.0
Puerto Rico,Coal,20-29 years,0.51,8.79446810712007
Puerto Rico,Coal,30-39 years,0.0,0.0
Puerto Rico,Coal,40-49 years,0.0,0.0
Puerto Rico,Coal,50+ years,0.0,0.0
Puerto Rico,Oil and gas,0-9 years,0.15,2.5866082668000208
Puerto Rico,Oil and gas,10-19 years,0.66,11.38107637392009
Puerto Rico,Oil and gas,20-29 years,0.82,14.140125191840111
Puerto Rico,Oil and gas,30-39 years,0.0,0.0
Puerto Rico,Oil and gas,40-49 years,0.592,10.20848062630408
Puerto Rico,Oil and gas,50+ years,2.722,46.93831801486437
Puerto Rico,Utility-scale solar,0-9 years,0.020399999999999998,0.3517787242848028
Puerto Rico,Utility-scale solar,10-19 years,0.16369999999999998,2.8228518218344223
Puerto Rico,Utility-scale solar,20-29 years,0.0,0.0
Puerto Rico,Utility-scale solar,30-39 years,0.0,0.0
Puerto Rico,Utility-scale solar,40-49 years,0.0,0.0
Puerto Rico,Utility-scale solar,50+ years,0.0,0.0
Puerto Rico,Wind,0-9 years,0.026,0.44834543291200357
Puerto Rico,Wind,10-19 years,0.101,1.741649566312014
Puerto Rico,Wind,20-29 years,0.0,0.0
Puerto Rico,Wind,30-39 years,0.0,0.0
Puerto Rico,Wind,40-49 years,0.0,0.0
Puerto Rico,Wind,50+ years,0.0,0.0
Puerto Rico,Hydropower,0-9 years,0.0,0.0
Puerto Rico,Hydropower,10-19 years,0.0,0.0
Puerto Rico,Hydropower,20-29 years,0.0,0.0
Puerto Rico,Hydropower,30-39 years,0.0,0.0
Puerto Rico,Hydropower,40-49 years,0.0,0.0
Puerto Rico,Hydropower,50+ years,0.034,0.5862978738080047
Qatar,Oil and gas,0-9 years,2.52,17.870122502526282
Qatar,Oil and gas,10-19 years,7.881,55.886680731114936
Qatar,Oil and gas,20-29 years,1.1325,8.030918148456752
Qatar,Oil and gas,30-39 years,0.91,6.453099792578936
Qatar,Oil and gas,40-49 years,0.134,0.9502366727533816
Qatar,Oil and gas,50+ years,0.0,0.0
Qatar,Utility-scale solar,0-9 years,1.47425,10.454376229900545
Qatar,Utility-scale solar,10-19 years,0.0,0.0
Qatar,Utility-scale solar,20-29 years,0.0,0.0
Qatar,Utility-scale solar,30-39 years,0.0,0.0
Qatar,Utility-scale solar,40-49 years,0.0,0.0
Qatar,Utility-scale solar,50+ years,0.0,0.0
Qatar,Bioenergy,0-9 years,0.0,0.0
Qatar,Bioenergy,10-19 years,0.05,0.35456592266917225
Qatar,Bioenergy,20-29 years,0.0,0.0
Qatar,Bioenergy,30-39 years,0.0,0.0
Qatar,Bioenergy,40-49 years,0.0,0.0
Qatar,Bioenergy,50+ years,0.0,0.0
Republic of the Congo,Oil and gas,0-9 years,0.22,29.972752043596728
Republic of the Congo,Oil and gas,10-19 years,0.314,42.77929155313351
Republic of the Congo,Oil and gas,20-29 years,0.0,0.0
Republic of the Congo,Oil and gas,30-39 years,0.0,0.0
Republic of the Congo,Oil and gas,40-49 years,0.0,0.0
Republic of the Congo,Oil and gas,50+ years,0.0,0.0
Republic of the Congo,Hydropower,0-9 years,0.0,0.0
Republic of the Congo,Hydropower,10-19 years,0.12,16.348773841961854
Republic of the Congo,Hydropower,20-29 years,0.0,0.0
Republic of the Congo,Hydropower,30-39 years,0.0,0.0
Republic of the Congo,Hydropower,40-49 years,0.074,10.08174386920981
Republic of the Congo,Hydropower,50+ years,0.0,0.0
Romania,Coal,0-9 years,0.0,0.0
Romania,Coal,10-19 years,0.0,0.0
Romania,Coal,20-29 years,0.0,0.0
Romania,Coal,30-39 years,0.35,1.6912753675600436
Romania,Coal,40-49 years,1.37,6.620135010163598
Romania,Coal,50+ years,0.48,2.3194633612252025
Romania,Oil and gas,0-9 years,0.28,1.3530202940480347
Romania,Oil and gas,10-19 years,1.1787999999999998,5.696215437942227
Romania,Oil and gas,20-29 years,0.06,0.2899329201531503
Romania,Oil and gas,30-39 years,0.215,1.0389262972154554
Romania,Oil and gas,40-49 years,0.105,0.507382610268013
Romania,Oil and gas,50+ years,1.4,6.765101470240174
Romania,Utility-scale solar,0-9 years,3.0693962105263157,14.831983440415142
Romania,Utility-scale solar,10-19 years,0.3932457894736842,1.900248334667271
Romania,Utility-scale solar,20-29 years,0.0,0.0
Romania,Utility-scale solar,30-39 years,0.0,0.0
Romania,Utility-scale solar,40-49 years,0.0,0.0
Romania,Utility-scale solar,50+ years,0.0,0.0
Romania,Wind,0-9 years,0.247,1.193557187963802
Romania,Wind,10-19 years,4.626,22.35382814380789
Romania,Wind,20-29 years,0.0,0.0
Romania,Wind,30-39 years,0.0,0.0
Romania,Wind,40-49 years,0.0,0.0
Romania,Wind,50+ years,0.0,0.0
Romania,Hydropower,0-9 years,0.0,0.0
Romania,Hydropower,10-19 years,0.075,0.3624161501914379
Romania,Hydropower,20-29 years,0.085,0.4107383035502963
Romania,Hydropower,30-39 years,0.622,3.0056379389209917
Romania,Hydropower,40-49 years,1.838,8.881611787358171
Romania,Hydropower,50+ years,2.248,10.862820075071365
Romania,Nuclear,0-9 years,0.0,0.0
Romania,Nuclear,10-19 years,0.705,3.406711811799516
Romania,Nuclear,20-29 years,0.0,0.0
Romania,Nuclear,30-39 years,0.706,3.411544027135402
Romania,Nuclear,40-49 years,0.0,0.0
Romania,Nuclear,50+ years,0.0,0.0
Romania,Bioenergy,0-9 years,0.0,0.0
Romania,Bioenergy,10-19 years,0.03,0.14496646007657515
Romania,Bioenergy,20-29 years,0.0,0.0
Romania,Bioenergy,30-39 years,0.0,0.0
Romania,Bioenergy,40-49 years,0.0,0.0
Romania,Bioenergy,50+ years,0.0,0.0
Russia,Coal,0-9 years,0.861,0.359178534483569
Russia,Coal,10-19 years,4.7264,1.9716857437667137
Russia,Coal,20-29 years,1.4639000000000002,0.6106869414988346
Russia,Coal,30-39 years,5.3208,2.219648253519366
Russia,Coal,40-49 years,9.3188,3.887471460099283
Russia,Coal,50+ years,15.5871,6.50238296730411
Russia,Oil and gas,0-9 years,14.4705,6.036577216311829
Russia,Oil and gas,10-19 years,24.4165,10.185694177953614
Russia,Oil and gas,20-29 years,4.733,1.9744390287000373
Russia,Oil and gas,30-39 years,15.264,6.367597154886408
Russia,Oil and gas,40-49 years,24.094,10.051158664166216
Russia,Oil and gas,50+ years,31.75,13.244969186821503
Russia,Utility-scale solar,0-9 years,1.8842990987124462,0.7860624724787996
Russia,Utility-scale solar,10-19 years,0.05390450643776824,0.02248704021414368
Russia,Utility-scale solar,20-29 years,0.0,0.0
Russia,Utility-scale solar,30-39 years,0.0,0.0
Russia,Utility-scale solar,40-49 years,0.0,0.0
Russia,Utility-scale solar,50+ years,0.0,0.0
Russia,Wind,0-9 years,2.6052,1.086796652771886
Russia,Wind,10-19 years,0.0,0.0
Russia,Wind,20-29 years,0.0,0.0
Russia,Wind,30-39 years,0.0,0.0
Russia,Wind,40-49 years,0.0,0.0
Russia,Wind,50+ years,0.0,0.0
Russia,Hydropower,0-9 years,0.346,0.14433887680756663
Russia,Hydropower,10-19 years,3.763,1.5697895763782463
Russia,Hydropower,20-29 years,3.539,1.4763447543987813
Russia,Hydropower,30-39 years,2.23,0.930276575956282
Russia,Hydropower,40-49 years,10.416,4.345184222045127
Russia,Hydropower,50+ years,32.007,13.352180433467586
Russia,Nuclear,0-9 years,7.092,2.958529810171279
Russia,Nuclear,10-19 years,3.885,1.6206836312063477
Russia,Nuclear,20-29 years,2.041,0.8514325074111083
Russia,Nuclear,30-39 years,5.0,2.0858219191844887
Russia,Nuclear,40-49 years,10.48,4.371882742610689
Russia,Nuclear,50+ years,1.297,0.5410622058364565
Russia,Bioenergy,0-9 years,0.0828,0.03454121098169513
Russia,Bioenergy,10-19 years,0.0,0.0
Russia,Bioenergy,20-29 years,0.0,0.0
Russia,Bioenergy,30-39 years,0.0,0.0
Russia,Bioenergy,40-49 years,0.0,0.0
Russia,Bioenergy,50+ years,0.0,0.0
Russia,Geothermal,0-9 years,0.0,0.0
Russia,Geothermal,10-19 years,0.0,0.0
Russia,Geothermal,20-29 years,0.062,0.02586419179788766
Russia,Geothermal,30-39 years,0.0,0.0
Russia,Geothermal,40-49 years,0.0,0.0
Russia,Geothermal,50+ years,0.012,0.005005972606042773
Rwanda,Utility-scale solar,0-9 years,0.013578805699481866,8.250640561991036
Rwanda,Utility-scale solar,10-19 years,0.0,0.0
Rwanda,Utility-scale solar,20-29 years,0.0,0.0
Rwanda,Utility-scale solar,30-39 years,0.0,0.0
Rwanda,Utility-scale solar,40-49 years,0.0,0.0
Rwanda,Utility-scale solar,50+ years,0.0,0.0
Rwanda,Hydropower,0-9 years,0.04,24.304466076293767
Rwanda,Hydropower,10-19 years,0.0,0.0
Rwanda,Hydropower,20-29 years,0.0,0.0
Rwanda,Hydropower,30-39 years,0.04,24.304466076293767
Rwanda,Hydropower,40-49 years,0.0,0.0
Rwanda,Hydropower,50+ years,0.015,9.114174778610163
Réunion,Oil and gas,0-9 years,0.0,0.0
Réunion,Oil and gas,10-19 years,0.2196,21.182802535934737
Réunion,Oil and gas,20-29 years,0.0,0.0
Réunion,Oil and gas,30-39 years,0.0,0.0
Réunion,Oil and gas,40-49 years,0.0,0.0
Réunion,Oil and gas,50+ years,0.0,0.0
Réunion,Utility-scale solar,0-9 years,0.09193299999999999,8.867935271111513
Réunion,Utility-scale solar,10-19 years,0.030225000000000002,2.915529174174078
Réunion,Utility-scale solar,20-29 years,0.0,0.0
Réunion,Utility-scale solar,30-39 years,0.0,0.0
Réunion,Utility-scale solar,40-49 years,0.0,0.0
Réunion,Utility-scale solar,50+ years,0.0,0.0
Réunion,Wind,0-9 years,0.0198,1.909924818813788
Réunion,Wind,10-19 years,0.0,0.0
Réunion,Wind,20-29 years,0.0,0.0
Réunion,Wind,30-39 years,0.0,0.0
Réunion,Wind,40-49 years,0.0,0.0
Réunion,Wind,50+ years,0.0,0.0
Réunion,Bioenergy,0-9 years,0.4633,44.69031154325394
Réunion,Bioenergy,10-19 years,0.0,0.0
Réunion,Bioenergy,20-29 years,0.0,0.0
Réunion,Bioenergy,30-39 years,0.122,11.768223631074855
Réunion,Bioenergy,40-49 years,0.0,0.0
Réunion,Bioenergy,50+ years,0.0,0.0
Saint Vincent and the Grenadines,Utility-scale solar,0-9 years,0.0012,100.0
Saint Vincent and the Grenadines,Utility-scale solar,10-19 years,0.0,0.0
Saint Vincent and the Grenadines,Utility-scale solar,20-29 years,0.0,0.0
Saint Vincent and the Grenadines,Utility-scale solar,30-39 years,0.0,0.0
Saint Vincent and the Grenadines,Utility-scale solar,40-49 years,0.0,0.0
Saint Vincent and the Grenadines,Utility-scale solar,50+ years,0.0,0.0
Samoa,Utility-scale solar,0-9 years,0.0018724904214559386,23.985598432632035
Samoa,Utility-scale solar,10-19 years,0.00593423754789272,76.01440156736797
Samoa,Utility-scale solar,20-29 years,0.0,0.0
Samoa,Utility-scale solar,30-39 years,0.0,0.0
Samoa,Utility-scale solar,40-49 years,0.0,0.0
Samoa,Utility-scale solar,50+ years,0.0,0.0
Saudi Arabia,Oil and gas,0-9 years,24.6361,22.47483743824697
Saudi Arabia,Oil and gas,10-19 years,44.0442,40.180314055294346
Saudi Arabia,Oil and gas,20-29 years,11.9367,10.889523587301667
Saudi Arabia,Oil and gas,30-39 years,4.5451999999999995,4.1464611332280725
Saudi Arabia,Oil and gas,40-49 years,10.9428,9.982815913202533
Saudi Arabia,Oil and gas,50+ years,0.3765,0.34347061001944235
Saudi Arabia,Utility-scale solar,0-9 years,11.349872857142856,10.354177301157948
Saudi Arabia,Utility-scale solar,10-19 years,0.009192857142857143,0.008386391104060373
Saudi Arabia,Utility-scale solar,20-29 years,0.0,0.0
Saudi Arabia,Utility-scale solar,30-39 years,0.0,0.0
Saudi Arabia,Utility-scale solar,40-49 years,0.0,0.0
Saudi Arabia,Utility-scale solar,50+ years,0.0,0.0
Saudi Arabia,Wind,0-9 years,0.4,0.36490901462888964
Saudi Arabia,Wind,10-19 years,0.0,0.0
Saudi Arabia,Wind,20-29 years,0.0,0.0
Saudi Arabia,Wind,30-39 years,0.0,0.0
Saudi Arabia,Wind,40-49 years,0.0,0.0
Saudi Arabia,Wind,50+ years,0.0,0.0
Senegal,Coal,0-9 years,0.125,9.127689336511194
Senegal,Coal,10-19 years,0.03,2.1906454407626863
Senegal,Coal,20-29 years,0.0,0.0
Senegal,Coal,30-39 years,0.0,0.0
Senegal,Coal,40-49 years,0.0,0.0
Senegal,Coal,50+ years,0.0,0.0
Senegal,Oil and gas,0-9 years,0.445,32.49457403797985
Senegal,Oil and gas,10-19 years,0.2685,19.606276694826043
Senegal,Oil and gas,20-29 years,0.0,0.0
Senegal,Oil and gas,30-39 years,0.0,0.0
Senegal,Oil and gas,40-49 years,0.0,0.0
Senegal,Oil and gas,50+ years,0.0,0.0
Senegal,Utility-scale solar,0-9 years,0.2164194041450777,15.80327269943306
Senegal,Utility-scale solar,10-19 years,0.036539999999999996,2.668206146848952
Senegal,Utility-scale solar,20-29 years,0.0,0.0
Senegal,Utility-scale solar,30-39 years,0.0,0.0
Senegal,Utility-scale solar,40-49 years,0.0,0.0
Senegal,Utility-scale solar,50+ years,0.0,0.0
Senegal,Wind,0-9 years,0.158,11.537399321350149
Senegal,Wind,10-19 years,0.0,0.0
Senegal,Wind,20-29 years,0.0,0.0
Senegal,Wind,30-39 years,0.0,0.0
Senegal,Wind,40-49 years,0.0,0.0
Senegal,Wind,50+ years,0.0,0.0
Serbia,Coal,0-9 years,0.35,3.7986300154664128
Serbia,Coal,10-19 years,0.0,0.0
Serbia,Coal,20-29 years,0.0,0.0
Serbia,Coal,30-39 years,0.7,7.5972600309328255
Serbia,Coal,40-49 years,2.637,28.619963859385518
Serbia,Coal,50+ years,1.098,11.916845019948918
Serbia,Oil and gas,0-9 years,0.189,2.051260208351863
Serbia,Oil and gas,10-19 years,0.0,0.0
Serbia,Oil and gas,20-29 years,0.0,0.0
Serbia,Oil and gas,30-39 years,0.12,1.3023874338741988
Serbia,Oil and gas,40-49 years,0.285,3.0931701554512214
Serbia,Oil and gas,50+ years,0.0,0.0
Serbia,Utility-scale solar,0-9 years,0.1965481130025353,2.1331816043849
Serbia,Utility-scale solar,10-19 years,0.0,0.0
Serbia,Utility-scale solar,20-29 years,0.0,0.0
Serbia,Utility-scale solar,30-39 years,0.0,0.0
Serbia,Utility-scale solar,40-49 years,0.0,0.0
Serbia,Utility-scale solar,50+ years,0.0,0.0
Serbia,Wind,0-9 years,0.5741,6.230838548226479
Serbia,Wind,10-19 years,0.02,0.21706457231236645
Serbia,Wind,20-29 years,0.0,0.0
Serbia,Wind,30-39 years,0.0,0.0
Serbia,Wind,40-49 years,0.0,0.0
Serbia,Wind,50+ years,0.0,0.0
Serbia,Hydropower,0-9 years,0.0,0.0
Serbia,Hydropower,10-19 years,0.0,0.0
Serbia,Hydropower,20-29 years,0.0,0.0
Serbia,Hydropower,30-39 years,0.08,0.8682582892494658
Serbia,Hydropower,40-49 years,0.92,9.984970326368856
Serbia,Hydropower,50+ years,1.997,21.67389754538979
Serbia,Bioenergy,0-9 years,0.037200000000000004,0.4037401045010016
Serbia,Bioenergy,10-19 years,0.0,0.0
Serbia,Bioenergy,20-29 years,0.0,0.0
Serbia,Bioenergy,30-39 years,0.0,0.0
Serbia,Bioenergy,40-49 years,0.0,0.0
Serbia,Bioenergy,50+ years,0.0,0.0
Seychelles,Oil and gas,0-9 years,0.0,0.0
Seychelles,Oil and gas,10-19 years,0.058,89.54071786954843
Seychelles,Oil and gas,20-29 years,0.0,0.0
Seychelles,Oil and gas,30-39 years,0.0,0.0
Seychelles,Oil and gas,40-49 years,0.0,0.0
Seychelles,Oil and gas,50+ years,0.0,0.0
Seychelles,Utility-scale solar,0-9 years,0.006775,10.45928213045156
Seychelles,Utility-scale solar,10-19 years,0.0,0.0
Seychelles,Utility-scale solar,20-29 years,0.0,0.0
Seychelles,Utility-scale solar,30-39 years,0.0,0.0
Seychelles,Utility-scale solar,40-49 years,0.0,0.0
Seychelles,Utility-scale solar,50+ years,0.0,0.0
Sierra Leone,Oil and gas,0-9 years,0.162,63.66673216741992
Sierra Leone,Oil and gas,10-19 years,0.0,0.0
Sierra Leone,Oil and gas,20-29 years,0.0,0.0
Sierra Leone,Oil and gas,30-39 years,0.0,0.0
Sierra Leone,Oil and gas,40-49 years,0.0,0.0
Sierra Leone,Oil and gas,50+ years,0.0,0.0
Sierra Leone,Utility-scale solar,0-9 years,0.01045,4.106897229318137
Sierra Leone,Utility-scale solar,10-19 years,0.0,0.0
Sierra Leone,Utility-scale solar,20-29 years,0.0,0.0
Sierra Leone,Utility-scale solar,30-39 years,0.0,0.0
Sierra Leone,Utility-scale solar,40-49 years,0.0,0.0
Sierra Leone,Utility-scale solar,50+ years,0.0,0.0
Sierra Leone,Hydropower,0-9 years,0.0,0.0
Sierra Leone,Hydropower,10-19 years,0.05,19.650225977598744
Sierra Leone,Hydropower,20-29 years,0.0,0.0
Sierra Leone,Hydropower,30-39 years,0.0,0.0
Sierra Leone,Hydropower,40-49 years,0.0,0.0
Sierra Leone,Hydropower,50+ years,0.0,0.0
Sierra Leone,Bioenergy,0-9 years,0.0,0.0
Sierra Leone,Bioenergy,10-19 years,0.032,12.576144625663197
Sierra Leone,Bioenergy,20-29 years,0.0,0.0
Sierra Leone,Bioenergy,30-39 years,0.0,0.0
Sierra Leone,Bioenergy,40-49 years,0.0,0.0
Sierra Leone,Bioenergy,50+ years,0.0,0.0
Singapore,Oil and gas,0-9 years,1.466,9.168811580671845
Singapore,Oil and gas,10-19 years,5.373,33.60438241674613
Singapore,Oil and gas,20-29 years,4.707,29.439015082007074
Singapore,Oil and gas,30-39 years,3.1,19.388346452989573
Singapore,Oil and gas,40-49 years,0.0,0.0
Singapore,Oil and gas,50+ years,0.0,0.0
Singapore,Utility-scale solar,0-9 years,0.18044200000000002,1.1285393582807566
Singapore,Utility-scale solar,10-19 years,0.04454400000000001,0.278591775613538
Singapore,Utility-scale solar,20-29 years,0.0,0.0
Singapore,Utility-scale solar,30-39 years,0.0,0.0
Singapore,Utility-scale solar,40-49 years,0.0,0.0
Singapore,Utility-scale solar,50+ years,0.0,0.0
Singapore,Bioenergy,0-9 years,0.12,0.7505166368899191
Singapore,Bioenergy,10-19 years,0.182,1.1382835659497106
Singapore,Bioenergy,20-29 years,0.08,0.5003444245932793
Singapore,Bioenergy,30-39 years,0.056,0.35024109721529556
Singapore,Bioenergy,40-49 years,0.0,0.0
Singapore,Bioenergy,50+ years,0.0,0.0
Slovakia,Coal,0-9 years,0.0,0.0
Slovakia,Coal,10-19 years,0.208,3.0418918227220546
Slovakia,Coal,20-29 years,0.0,0.0
Slovakia,Coal,30-39 years,0.0,0.0
Slovakia,Coal,40-49 years,0.0,0.0
Slovakia,Coal,50+ years,0.0,0.0
Slovakia,Oil and gas,0-9 years,0.06509999999999999,0.9520536425923352
Slovakia,Oil and gas,10-19 years,0.6899,10.089428694692044
Slovakia,Oil and gas,20-29 years,0.218,3.188136621891384
Slovakia,Oil and gas,30-39 years,0.0,0.0
Slovakia,Oil and gas,40-49 years,0.0,0.0
Slovakia,Oil and gas,50+ years,0.103,1.5063214314440942
Slovakia,Utility-scale solar,0-9 years,0.8641,12.637013096221766
Slovakia,Utility-scale solar,10-19 years,0.0,0.0
Slovakia,Utility-scale solar,20-29 years,0.0,0.0
Slovakia,Utility-scale solar,30-39 years,0.0,0.0
Slovakia,Utility-scale solar,40-49 years,0.0,0.0
Slovakia,Utility-scale solar,50+ years,0.0,0.0
Slovakia,Hydropower,0-9 years,0.0,0.0
Slovakia,Hydropower,10-19 years,0.0,0.0
Slovakia,Hydropower,20-29 years,0.072,1.0529625540191727
Slovakia,Hydropower,30-39 years,0.72,10.529625540191727
Slovakia,Hydropower,40-49 years,0.779,11.392469855290772
Slovakia,Hydropower,50+ years,0.518,7.5754805969712695
Slovakia,Nuclear,0-9 years,0.471,6.888130040875421
Slovakia,Nuclear,10-19 years,0.0,0.0
Slovakia,Nuclear,20-29 years,1.0,14.624479916932954
Slovakia,Nuclear,30-39 years,0.0,0.0
Slovakia,Nuclear,40-49 years,1.0,14.624479916932954
Slovakia,Nuclear,50+ years,0.0,0.0
Slovenia,Coal,0-9 years,0.0,0.0
Slovenia,Coal,10-19 years,0.6,19.053246574603165
Slovenia,Coal,20-29 years,0.0,0.0
Slovenia,Coal,30-39 years,0.0,0.0
Slovenia,Coal,40-49 years,0.05,1.5877705478835973
Slovenia,Coal,50+ years,0.074,2.349900410867724
Slovenia,Oil and gas,0-9 years,0.223,7.081456643560843
Slovenia,Oil and gas,10-19 years,0.084,2.6674545204444433
Slovenia,Oil and gas,20-29 years,0.228,7.240233698349203
Slovenia,Oil and gas,30-39 years,0.0,0.0
Slovenia,Oil and gas,40-49 years,0.0,0.0
Slovenia,Oil and gas,50+ years,0.0,0.0
Slovenia,Utility-scale solar,0-9 years,0.09306962260050707,2.9554641133545343
Slovenia,Utility-scale solar,10-19 years,0.0,0.0
Slovenia,Utility-scale solar,20-29 years,0.0,0.0
Slovenia,Utility-scale solar,30-39 years,0.0,0.0
Slovenia,Utility-scale solar,40-49 years,0.0,0.0
Slovenia,Utility-scale solar,50+ years,0.0,0.0
Slovenia,Hydropower,0-9 years,0.0,0.0
Slovenia,Hydropower,10-19 years,0.303,9.6218895201746
Slovenia,Hydropower,20-29 years,0.073,2.3181449999100523
Slovenia,Hydropower,30-39 years,0.081,2.5721882875714277
Slovenia,Hydropower,40-49 years,0.148,4.699800821735448
Slovenia,Hydropower,50+ years,0.465,14.766266095317453
Slovenia,Nuclear,0-9 years,0.0,0.0
Slovenia,Nuclear,10-19 years,0.0,0.0
Slovenia,Nuclear,20-29 years,0.0,0.0
Slovenia,Nuclear,30-39 years,0.0,0.0
Slovenia,Nuclear,40-49 years,0.727,23.086183766227506
Slovenia,Nuclear,50+ years,0.0,0.0
Solomon Islands,Utility-scale solar,0-9 years,0.0018724904214559386,68.2770086198466
Solomon Islands,Utility-scale solar,10-19 years,0.00087,31.7229913801534
Solomon Islands,Utility-scale solar,20-29 years,0.0,0.0
Solomon Islands,Utility-scale solar,30-39 years,0.0,0.0
Solomon Islands,Utility-scale solar,40-49 years,0.0,0.0
Solomon Islands,Utility-scale solar,50+ years,0.0,0.0
Somalia,Utility-scale solar,0-9 years,0.06256,49.04358733145187
Somalia,Utility-scale solar,10-19 years,0.0,0.0
Somalia,Utility-scale solar,20-29 years,0.0,0.0
Somalia,Utility-scale solar,30-39 years,0.0,0.0
Somalia,Utility-scale solar,40-49 years,0.0,0.0
Somalia,Utility-scale solar,50+ years,0.0,0.0
South Africa,Coal,0-9 years,8.774,13.753374472471705
South Africa,Coal,10-19 years,0.7948,1.2458607283702428
South Africa,Coal,20-29 years,3.478,5.4518163226870975
South Africa,Coal,30-39 years,13.07,20.487417865877045
South Africa,Coal,40-49 years,11.9353,18.708758871813487
South Africa,Coal,50+ years,6.972,10.928712881476264
South Africa,Oil and gas,0-9 years,0.0,0.0
South Africa,Oil and gas,10-19 years,3.3633,5.272022380130395
South Africa,Oil and gas,20-29 years,0.0,0.0
South Africa,Oil and gas,30-39 years,0.0,0.0
South Africa,Oil and gas,40-49 years,0.0,0.0
South Africa,Oil and gas,50+ years,0.342,0.53609004668171
South Africa,Utility-scale solar,0-9 years,3.3824849074074073,5.3020950055912754
South Africa,Utility-scale solar,10-19 years,1.5849677962962962,2.4844604090803757
South Africa,Utility-scale solar,20-29 years,0.0,0.0
South Africa,Utility-scale solar,30-39 years,0.0,0.0
South Africa,Utility-scale solar,40-49 years,0.0,0.0
South Africa,Utility-scale solar,50+ years,0.0,0.0
South Africa,Wind,0-9 years,2.746,4.304395521017472
South Africa,Wind,10-19 years,1.517,2.377919885427351
South Africa,Wind,20-29 years,0.0,0.0
South Africa,Wind,30-39 years,0.0,0.0
South Africa,Wind,40-49 years,0.0,0.0
South Africa,Wind,50+ years,0.0,0.0
South Africa,Hydropower,0-9 years,0.0,0.0
South Africa,Hydropower,10-19 years,1.332,2.0879296554971862
South Africa,Hydropower,20-29 years,0.0,0.0
South Africa,Hydropower,30-39 years,0.4,0.6270059025517075
South Africa,Hydropower,40-49 years,1.202,1.8841527371678812
South Africa,Hydropower,50+ years,0.6,0.9405088538275614
South Africa,Nuclear,0-9 years,0.0,0.0
South Africa,Nuclear,10-19 years,0.0,0.0
South Africa,Nuclear,20-29 years,0.0,0.0
South Africa,Nuclear,30-39 years,0.0,0.0
South Africa,Nuclear,40-49 years,1.94,3.0409786273757815
South Africa,Nuclear,50+ years,0.0,0.0
South Africa,Bioenergy,0-9 years,0.025,0.03918786890948172
South Africa,Bioenergy,10-19 years,0.0505,0.07915949519715307
South Africa,Bioenergy,20-29 years,0.0,0.0
South Africa,Bioenergy,30-39 years,0.02,0.03135029512758538
South Africa,Bioenergy,40-49 years,0.032,0.05016047220413661
South Africa,Bioenergy,50+ years,0.022,0.034485324640343915
South Korea,Coal,0-9 years,12.809,9.032572041406219
South Korea,Coal,10-19 years,13.979,9.85762546387833
South Korea,Coal,20-29 years,11.0,7.75691251896857
South Korea,Coal,30-39 years,3.767,2.6563899508140545
South Korea,Coal,40-49 years,0.06,0.04231043192164674
South Korea,Coal,50+ years,0.13,0.09167260249690128
South Korea,Oil and gas,0-9 years,15.644200000000001,11.0318809844771
South Korea,Oil and gas,10-19 years,20.588900000000002,14.518754196526546
South Korea,Oil and gas,20-29 years,10.732299999999999,7.568137475211488
South Korea,Oil and gas,30-39 years,4.054,2.8587748501725985
South Korea,Oil and gas,40-49 years,1.4,0.9872434115050908
South Korea,Oil and gas,50+ years,0.0,0.0
South Korea,Utility-scale solar,0-9 years,10.930976520526723,7.708238965147748
South Korea,Utility-scale solar,10-19 years,0.08410499999999999,0.059308647946168316
South Korea,Utility-scale solar,20-29 years,0.0,0.0
South Korea,Utility-scale solar,30-39 years,0.0,0.0
South Korea,Utility-scale solar,40-49 years,0.0,0.0
South Korea,Utility-scale solar,50+ years,0.0,0.0
South Korea,Wind,0-9 years,0.8992,0.6340923397324126
South Korea,Wind,10-19 years,0.612,0.4315664056007968
South Korea,Wind,20-29 years,0.138,0.09731399341978751
South Korea,Wind,30-39 years,0.0,0.0
South Korea,Wind,40-49 years,0.0,0.0
South Korea,Wind,50+ years,0.0,0.0
South Korea,Hydropower,0-9 years,0.0,0.0
South Korea,Hydropower,10-19 years,0.8,0.5641390922886232
South Korea,Hydropower,20-29 years,2.3,1.6218998903297916
South Korea,Hydropower,30-39 years,0.75,0.5288803990205843
South Korea,Hydropower,40-49 years,1.502,1.0591711457718902
South Korea,Hydropower,50+ years,0.803,0.5662546138847055
South Korea,Nuclear,0-9 years,4.346,3.0646856188579457
South Korea,Nuclear,10-19 years,5.679,4.004682381383865
South Korea,Nuclear,20-29 years,8.117,5.723896265133444
South Korea,Nuclear,30-39 years,5.131,3.618247103166157
South Korea,Nuclear,40-49 years,3.798,2.6782503406402385
South Korea,Nuclear,50+ years,0.0,0.0
South Korea,Bioenergy,0-9 years,0.9762000000000001,0.6883907273651926
South Korea,Bioenergy,10-19 years,0.5277999999999999,0.37219076613741914
South Korea,Bioenergy,20-29 years,0.04,0.02820695461443116
South Korea,Bioenergy,30-39 years,0.059,0.04160525805628597
South Korea,Bioenergy,40-49 years,0.0,0.0
South Korea,Bioenergy,50+ years,0.0,0.0
South Sudan,Oil and gas,0-9 years,0.0,0.0
South Sudan,Oil and gas,10-19 years,0.085,66.78537813429215
South Sudan,Oil and gas,20-29 years,0.0,0.0
South Sudan,Oil and gas,30-39 years,0.0,0.0
South Sudan,Oil and gas,40-49 years,0.0,0.0
South Sudan,Oil and gas,50+ years,0.0,0.0
South Sudan,Utility-scale solar,0-9 years,0.042273367875647665,33.214621865707855
South Sudan,Utility-scale solar,10-19 years,0.0,0.0
South Sudan,Utility-scale solar,20-29 years,0.0,0.0
South Sudan,Utility-scale solar,30-39 years,0.0,0.0
South Sudan,Utility-scale solar,40-49 years,0.0,0.0
South Sudan,Utility-scale solar,50+ years,0.0,0.0
Spain,Coal,0-9 years,0.0,0.0
Spain,Coal,10-19 years,0.0,0.0
Spain,Coal,20-29 years,0.26,0.21533424424348427
Spain,Coal,30-39 years,0.0,0.0
Spain,Coal,40-49 years,0.0,0.0
Spain,Coal,50+ years,0.0,0.0
Spain,Oil and gas,0-9 years,0.517,0.42818386259185137
Spain,Oil and gas,10-19 years,9.550600000000001,7.909889357968542
Spain,Oil and gas,20-29 years,19.073400000000003,15.796754515975664
Spain,Oil and gas,30-39 years,1.678,1.389734084002179
Spain,Oil and gas,40-49 years,0.131,0.10849533075344783
Spain,Oil and gas,50+ years,0.069,0.057146395587693896
Spain,Utility-scale solar,0-9 years,27.097148241084167,22.44209206787507
Spain,Utility-scale solar,10-19 years,3.2741274564907275,2.7116606207702776
Spain,Utility-scale solar,20-29 years,0.015138,0.012537422266761019
Spain,Utility-scale solar,30-39 years,0.0,0.0
Spain,Utility-scale solar,40-49 years,0.005,0.004141043158528543
Spain,Utility-scale solar,50+ years,0.0,0.0
Spain,Wind,0-9 years,7.0015,5.798702734887519
Spain,Wind,10-19 years,9.033,7.481208570197666
Spain,Wind,20-29 years,10.7674,8.917653621028048
Spain,Wind,30-39 years,0.139,0.11512099980709349
Spain,Wind,40-49 years,0.0,0.0
Spain,Wind,50+ years,0.0,0.0
Spain,Hydropower,0-9 years,0.0,0.0
Spain,Hydropower,10-19 years,1.104,0.9143423294031023
Spain,Hydropower,20-29 years,0.224,0.18551873350207876
Spain,Hydropower,30-39 years,1.325,1.097376437010064
Spain,Hydropower,40-49 years,3.218,2.6651753768289708
Spain,Hydropower,50+ years,10.464,8.666375122168535
Spain,Nuclear,0-9 years,0.0,0.0
Spain,Nuclear,10-19 years,0.0,0.0
Spain,Nuclear,20-29 years,0.0,0.0
Spain,Nuclear,30-39 years,2.153,1.7831331840623905
Spain,Nuclear,40-49 years,5.255,4.352236359613499
Spain,Nuclear,50+ years,0.0,0.0
Spain,Bioenergy,0-9 years,0.36889999999999995,0.3055261642362359
Spain,Bioenergy,10-19 years,0.3068,0.25409440820731144
Spain,Bioenergy,20-29 years,0.1641,0.13590903646290678
Spain,Bioenergy,30-39 years,0.0,0.0
Spain,Bioenergy,40-49 years,0.0,0.0
Spain,Bioenergy,50+ years,0.0,0.0
Sri Lanka,Coal,0-9 years,0.0,0.0
Sri Lanka,Coal,10-19 years,0.9,21.858570006767465
Sri Lanka,Coal,20-29 years,0.0,0.0
Sri Lanka,Coal,30-39 years,0.0,0.0
Sri Lanka,Coal,40-49 years,0.0,0.0
Sri Lanka,Coal,50+ years,0.0,0.0
Sri Lanka,Oil and gas,0-9 years,0.813,19.745574906113276
Sri Lanka,Oil and gas,10-19 years,0.0624,1.515527520469211
Sri Lanka,Oil and gas,20-29 years,0.35,8.500555002631794
Sri Lanka,Oil and gas,30-39 years,0.0,0.0
Sri Lanka,Oil and gas,40-49 years,0.08,1.9429840006015526
Sri Lanka,Oil and gas,50+ years,0.0,0.0
Sri Lanka,Utility-scale solar,0-9 years,0.030799999999999998,0.7480488402315977
Sri Lanka,Utility-scale solar,10-19 years,0.0087,0.21129951006541883
Sri Lanka,Utility-scale solar,20-29 years,0.0,0.0
Sri Lanka,Utility-scale solar,30-39 years,0.0,0.0
Sri Lanka,Utility-scale solar,40-49 years,0.0,0.0
Sri Lanka,Utility-scale solar,50+ years,0.0,0.0
Sri Lanka,Wind,0-9 years,0.115,2.7930395008647317
Sri Lanka,Wind,10-19 years,0.11,2.671603000827135
Sri Lanka,Wind,20-29 years,0.0,0.0
Sri Lanka,Wind,30-39 years,0.0,0.0
Sri Lanka,Wind,40-49 years,0.0,0.0
Sri Lanka,Wind,50+ years,0.0,0.0
Sri Lanka,Hydropower,0-9 years,0.155,3.7645315011655085
Sri Lanka,Hydropower,10-19 years,0.15,3.6430950011279113
Sri Lanka,Hydropower,20-29 years,0.07,1.7001110005263584
Sri Lanka,Hydropower,30-39 years,0.172,4.1774156012933386
Sri Lanka,Hydropower,40-49 years,0.633,15.373860904759784
Sri Lanka,Hydropower,50+ years,0.315,7.650499502368614
Sri Lanka,Bioenergy,0-9 years,0.03,0.7286190002255822
Sri Lanka,Bioenergy,10-19 years,0.0,0.0
Sri Lanka,Bioenergy,20-29 years,0.0,0.0
Sri Lanka,Bioenergy,30-39 years,0.0,0.0
Sri Lanka,Bioenergy,40-49 years,0.0,0.0
Sri Lanka,Bioenergy,50+ years,0.0,0.0
Sudan,Oil and gas,0-9 years,0.524,15.064511109537898
Sudan,Oil and gas,10-19 years,0.8669,24.922566184844282
Sudan,Oil and gas,20-29 years,0.0,0.0
Sudan,Oil and gas,30-39 years,0.0,0.0
Sudan,Oil and gas,40-49 years,0.0,0.0
Sudan,Oil and gas,50+ years,0.0,0.0
Sudan,Utility-scale solar,0-9 years,0.06167375,1.7730627710722577
Sudan,Utility-scale solar,10-19 years,0.0,0.0
Sudan,Utility-scale solar,20-29 years,0.0,0.0
Sudan,Utility-scale solar,30-39 years,0.0,0.0
Sudan,Utility-scale solar,40-49 years,0.0,0.0
Sudan,Utility-scale solar,50+ years,0.0,0.0
Sudan,Hydropower,0-9 years,0.32,9.199701440939176
Sudan,Hydropower,10-19 years,1.25,35.936333753668656
Sudan,Hydropower,20-29 years,0.0,0.0
Sudan,Hydropower,30-39 years,0.0,0.0
Sudan,Hydropower,40-49 years,0.0,0.0
Sudan,Hydropower,50+ years,0.28,8.049738760821779
Sudan,Bioenergy,0-9 years,0.0,0.0
Sudan,Bioenergy,10-19 years,0.062,1.782442154181965
Sudan,Bioenergy,20-29 years,0.0,0.0
Sudan,Bioenergy,30-39 years,0.0,0.0
Sudan,Bioenergy,40-49 years,0.0,0.0
Sudan,Bioenergy,50+ years,0.018,0.5174832060528286
Suriname,Oil and gas,0-9 years,0.0,0.0
Suriname,Oil and gas,10-19 years,0.063,22.443810317740226
Suriname,Oil and gas,20-29 years,0.0,0.0
Suriname,Oil and gas,30-39 years,0.0,0.0
Suriname,Oil and gas,40-49 years,0.0,0.0
Suriname,Oil and gas,50+ years,0.0,0.0
Suriname,Utility-scale solar,0-9 years,0.007701,2.7434886231256743
Suriname,Utility-scale solar,10-19 years,0.0,0.0
Suriname,Utility-scale solar,20-29 years,0.0,0.0
Suriname,Utility-scale solar,30-39 years,0.0,0.0
Suriname,Utility-scale solar,40-49 years,0.0,0.0
Suriname,Utility-scale solar,50+ years,0.0,0.0
Suriname,Hydropower,0-9 years,0.0,0.0
Suriname,Hydropower,10-19 years,0.0,0.0
Suriname,Hydropower,20-29 years,0.0,0.0
Suriname,Hydropower,30-39 years,0.0,0.0
Suriname,Hydropower,40-49 years,0.0,0.0
Suriname,Hydropower,50+ years,0.18,64.12517233640065
Suriname,Bioenergy,0-9 years,0.0,0.0
Suriname,Bioenergy,10-19 years,0.03,10.687528722733441
Suriname,Bioenergy,20-29 years,0.0,0.0
Suriname,Bioenergy,30-39 years,0.0,0.0
Suriname,Bioenergy,40-49 years,0.0,0.0
Suriname,Bioenergy,50+ years,0.0,0.0
Sweden,Oil and gas,0-9 years,0.0,0.0
Sweden,Oil and gas,10-19 years,0.0,0.0
Sweden,Oil and gas,20-29 years,0.25,0.5621843714228911
Sweden,Oil and gas,30-39 years,0.2,0.4497474971383129
Sweden,Oil and gas,40-49 years,0.126,0.2833409231971371
Sweden,Oil and gas,50+ years,1.196,2.6894900328871114
Sweden,Utility-scale solar,0-9 years,0.572808,1.2880948217040138
Sweden,Utility-scale solar,10-19 years,0.004089000000000001,0.009195087578992808
Sweden,Utility-scale solar,20-29 years,0.0,0.0
Sweden,Utility-scale solar,30-39 years,0.0,0.0
Sweden,Utility-scale solar,40-49 years,0.0,0.0
Sweden,Utility-scale solar,50+ years,0.0,0.0
Sweden,Wind,0-9 years,11.7958,26.525657633720556
Sweden,Wind,10-19 years,4.634399999999999,10.421549003688986
Sweden,Wind,20-29 years,0.047,0.10569066182750354
Sweden,Wind,30-39 years,0.0,0.0
Sweden,Wind,40-49 years,0.0,0.0
Sweden,Wind,50+ years,0.0,0.0
Sweden,Hydropower,0-9 years,0.0,0.0
Sweden,Hydropower,10-19 years,0.085,0.191142686283783
Sweden,Hydropower,20-29 years,0.0,0.0
Sweden,Hydropower,30-39 years,0.125,0.28109218571144556
Sweden,Hydropower,40-49 years,0.416,0.9354747940476908
Sweden,Hydropower,50+ years,13.216,29.719314610899715
Sweden,Nuclear,0-9 years,0.0,0.0
Sweden,Nuclear,10-19 years,0.0,0.0
Sweden,Nuclear,20-29 years,0.0,0.0
Sweden,Nuclear,30-39 years,0.0,0.0
Sweden,Nuclear,40-49 years,7.184,16.1549300972082
Sweden,Nuclear,50+ years,0.0,0.0
Sweden,Bioenergy,0-9 years,0.57,1.2817803668441918
Sweden,Bioenergy,10-19 years,0.8917999999999999,2.005424089739737
Sweden,Bioenergy,20-29 years,0.586,1.317760166615257
Sweden,Bioenergy,30-39 years,0.2953,0.6640521795247191
Sweden,Bioenergy,40-49 years,0.558,1.254795517015893
Sweden,Bioenergy,50+ years,0.7626000000000001,1.7148872065883873
Switzerland,Oil and gas,0-9 years,0.0,0.0
Switzerland,Oil and gas,10-19 years,0.055,0.3044541139810374
Switzerland,Oil and gas,20-29 years,0.0,0.0
Switzerland,Oil and gas,30-39 years,0.0,0.0
Switzerland,Oil and gas,40-49 years,0.0,0.0
Switzerland,Oil and gas,50+ years,0.0,0.0
Switzerland,Utility-scale solar,0-9 years,0.005848787723785166,0.032376136078330564
Switzerland,Utility-scale solar,10-19 years,0.07927087212276215,0.43880623884799397
Switzerland,Utility-scale solar,20-29 years,0.0,0.0
Switzerland,Utility-scale solar,30-39 years,0.0,0.0
Switzerland,Utility-scale solar,40-49 years,0.0,0.0
Switzerland,Utility-scale solar,50+ years,0.0,0.0
Switzerland,Wind,0-9 years,0.026,0.14392376297285406
Switzerland,Wind,10-19 years,0.029,0.16053035100818336
Switzerland,Wind,20-29 years,0.0,0.0
Switzerland,Wind,30-39 years,0.0,0.0
Switzerland,Wind,40-49 years,0.0,0.0
Switzerland,Wind,50+ years,0.0,0.0
Switzerland,Hydropower,0-9 years,1.14,6.310503453425138
Switzerland,Hydropower,10-19 years,1.441,7.9766977863031805
Switzerland,Hydropower,20-29 years,1.26,6.974766974838312
Switzerland,Hydropower,30-39 years,0.085,0.47051999433433056
Switzerland,Hydropower,40-49 years,1.068,5.911945340577235
Switzerland,Hydropower,50+ years,9.4515,52.319055605304996
Switzerland,Nuclear,0-9 years,0.0,0.0
Switzerland,Nuclear,10-19 years,0.0,0.0
Switzerland,Nuclear,20-29 years,0.0,0.0
Switzerland,Nuclear,30-39 years,0.0,0.0
Switzerland,Nuclear,40-49 years,2.335,12.925461020831314
Switzerland,Nuclear,50+ years,0.76,4.207002302283426
Switzerland,Bioenergy,0-9 years,0.0,0.0
Switzerland,Bioenergy,10-19 years,0.088,0.48712658236965983
Switzerland,Bioenergy,20-29 years,0.02,0.11071058690219542
Switzerland,Bioenergy,30-39 years,0.0,0.0
Switzerland,Bioenergy,40-49 years,0.0,0.0
Switzerland,Bioenergy,50+ years,0.0,0.0
Syria,Oil and gas,0-9 years,0.466,5.088453609276647
Syria,Oil and gas,10-19 years,3.1935,34.871194423229554
Syria,Oil and gas,20-29 years,1.086,11.858499183850727
Syria,Oil and gas,30-39 years,2.639,28.816371405324187
Syria,Oil and gas,40-49 years,0.0,0.0
Syria,Oil and gas,50+ years,0.0,0.0
Syria,Utility-scale solar,0-9 years,0.1792957142857143,1.9578067049033847
Syria,Utility-scale solar,10-19 years,0.0,0.0
Syria,Utility-scale solar,20-29 years,0.0,0.0
Syria,Utility-scale solar,30-39 years,0.0,0.0
Syria,Utility-scale solar,40-49 years,0.0,0.0
Syria,Utility-scale solar,50+ years,0.0,0.0
Syria,Hydropower,0-9 years,0.0,0.0
Syria,Hydropower,10-19 years,0.63,6.8792398580349525
Syria,Hydropower,20-29 years,0.0,0.0
Syria,Hydropower,30-39 years,0.0,0.0
Syria,Hydropower,40-49 years,0.955,10.4280540705133
Syria,Hydropower,50+ years,0.0,0.0
Taiwan,Coal,0-9 years,3.249,6.008578508010038
Taiwan,Coal,10-19 years,0.879,1.6255895686490682
Taiwan,Coal,20-29 years,7.908,14.6247580305766
Taiwan,Coal,30-39 years,4.157,7.687799586887572
Taiwan,Coal,40-49 years,0.0,0.0
Taiwan,Coal,50+ years,0.0,0.0
Taiwan,Oil and gas,0-9 years,9.046,16.729332466438535
Taiwan,Oil and gas,10-19 years,3.382,6.254543710092319
Taiwan,Oil and gas,20-29 years,8.312,15.371900448931802
Taiwan,Oil and gas,30-39 years,1.417,2.620546551508225
Taiwan,Oil and gas,40-49 years,1.28,2.3671838997392576
Taiwan,Oil and gas,50+ years,0.0,0.0
Taiwan,Utility-scale solar,0-9 years,4.3573810625,8.05837679388964
Taiwan,Utility-scale solar,10-19 years,0.22231125,0.4111340716647726
Taiwan,Utility-scale solar,20-29 years,0.0,0.0
Taiwan,Utility-scale solar,30-39 years,0.0,0.0
Taiwan,Utility-scale solar,40-49 years,0.0,0.0
Taiwan,Utility-scale solar,50+ years,0.0,0.0
Taiwan,Wind,0-9 years,3.7826,6.995398296213839
Taiwan,Wind,10-19 years,0.49060000000000004,0.9072972040719373
Taiwan,Wind,20-29 years,0.123,0.22747157786556926
Taiwan,Wind,30-39 years,0.0,0.0
Taiwan,Wind,40-49 years,0.0,0.0
Taiwan,Wind,50+ years,0.0,0.0
Taiwan,Hydropower,0-9 years,0.0,0.0
Taiwan,Hydropower,10-19 years,0.429,0.7933764788969856
Taiwan,Hydropower,20-29 years,0.432,0.7989245661619994
Taiwan,Hydropower,30-39 years,1.602,2.9626785995174143
Taiwan,Hydropower,40-49 years,1.11,2.0527922880551372
Taiwan,Hydropower,50+ years,0.907,1.6773717164558646
Taiwan,Bioenergy,0-9 years,0.0,0.0
Taiwan,Bioenergy,10-19 years,0.011800000000000001,0.02182247657572128
Taiwan,Bioenergy,20-29 years,0.1884,0.34841988024287196
Taiwan,Bioenergy,30-39 years,0.1519,0.2809181518518697
Taiwan,Bioenergy,40-49 years,0.0615,0.11373578893278463
Taiwan,Bioenergy,50+ years,0.0,0.0
Taiwan,Geothermal,0-9 years,0.0052,0.009616684592690734
Taiwan,Geothermal,10-19 years,0.0,0.0
Taiwan,Geothermal,20-29 years,0.0,0.0
Taiwan,Geothermal,30-39 years,0.0,0.0
Taiwan,Geothermal,40-49 years,0.0,0.0
Taiwan,Geothermal,50+ years,0.0,0.0
Tajikistan,Coal,0-9 years,0.0,0.0
Tajikistan,Coal,10-19 years,0.4,6.210022977085015
Tajikistan,Coal,20-29 years,0.0,0.0
Tajikistan,Coal,30-39 years,0.0,0.0
Tajikistan,Coal,40-49 years,0.0,0.0
Tajikistan,Coal,50+ years,0.0,0.0
Tajikistan,Oil and gas,0-9 years,0.0,0.0
Tajikistan,Oil and gas,10-19 years,0.0,0.0
Tajikistan,Oil and gas,20-29 years,0.0,0.0
Tajikistan,Oil and gas,30-39 years,0.0,0.0
Tajikistan,Oil and gas,40-49 years,0.0,0.0
Tajikistan,Oil and gas,50+ years,0.206,3.198161833198783
Tajikistan,Utility-scale solar,0-9 years,0.0012,0.018630068931255045
Tajikistan,Utility-scale solar,10-19 years,0.0,0.0
Tajikistan,Utility-scale solar,20-29 years,0.0,0.0
Tajikistan,Utility-scale solar,30-39 years,0.0,0.0
Tajikistan,Utility-scale solar,40-49 years,0.0,0.0
Tajikistan,Utility-scale solar,50+ years,0.0,0.0
Tajikistan,Hydropower,0-9 years,1.2,18.630068931255046
Tajikistan,Hydropower,10-19 years,0.89,13.817301124014158
Tajikistan,Hydropower,20-29 years,0.0,0.0
Tajikistan,Hydropower,30-39 years,0.0,0.0
Tajikistan,Hydropower,40-49 years,0.6,9.315034465627523
Tajikistan,Hydropower,50+ years,3.144,48.81078059988822
Tanzania,Oil and gas,0-9 years,0.24,7.24222215516461
Tanzania,Oil and gas,10-19 years,0.0,0.0
Tanzania,Oil and gas,20-29 years,0.1,3.0175925646519204
Tanzania,Oil and gas,30-39 years,0.0,0.0
Tanzania,Oil and gas,40-49 years,0.0,0.0
Tanzania,Oil and gas,50+ years,0.0,0.0
Tanzania,Utility-scale solar,0-9 years,0.1399,4.221611997948036
Tanzania,Utility-scale solar,10-19 years,0.0,0.0
Tanzania,Utility-scale solar,20-29 years,0.0,0.0
Tanzania,Utility-scale solar,30-39 years,0.0,0.0
Tanzania,Utility-scale solar,40-49 years,0.0,0.0
Tanzania,Utility-scale solar,50+ years,0.0,0.0
Tanzania,Hydropower,0-9 years,2.155,65.02911976824889
Tanzania,Hydropower,10-19 years,0.0,0.0
Tanzania,Hydropower,20-29 years,0.18,5.431666616373457
Tanzania,Hydropower,30-39 years,0.148,4.466036995684843
Tanzania,Hydropower,40-49 years,0.0,0.0
Tanzania,Hydropower,50+ years,0.2,6.035185129303841
Thailand,Coal,0-9 years,0.655,1.2207685129126966
Thailand,Coal,10-19 years,1.805,3.3641025432174314
Thailand,Coal,20-29 years,1.489,2.7751516270641305
Thailand,Coal,30-39 years,1.889,3.520659115865777
Thailand,Coal,40-49 years,0.0,0.0
Thailand,Coal,50+ years,0.0,0.0
Thailand,Oil and gas,0-9 years,11.4991,21.431662911197545
Thailand,Oil and gas,10-19 years,15.5159,28.918049113743677
Thailand,Oil and gas,20-29 years,5.8567,10.915534274161512
Thailand,Oil and gas,30-39 years,1.433,2.6707805786319
Thailand,Oil and gas,40-49 years,0.0,0.0
Thailand,Oil and gas,50+ years,0.0,0.0
Thailand,Utility-scale solar,0-9 years,3.6110162285714287,6.730099101460699
Thailand,Utility-scale solar,10-19 years,0.8662354285714285,1.61446249766326
Thailand,Utility-scale solar,20-29 years,0.0,0.0
Thailand,Utility-scale solar,30-39 years,0.0,0.0
Thailand,Utility-scale solar,40-49 years,0.0,0.0
Thailand,Utility-scale solar,50+ years,0.0,0.0
Thailand,Wind,0-9 years,1.649,3.0733546225847888
Thailand,Wind,10-19 years,0.468,0.8722437618979269
Thailand,Wind,20-29 years,0.0,0.0
Thailand,Wind,30-39 years,0.0,0.0
Thailand,Wind,40-49 years,0.0,0.0
Thailand,Wind,50+ years,0.0,0.0
Thailand,Hydropower,0-9 years,0.0,0.0
Thailand,Hydropower,10-19 years,0.03,0.05591306166012352
Thailand,Hydropower,20-29 years,1.0,1.863768722004117
Thailand,Hydropower,30-39 years,0.547,1.0194814909362522
Thailand,Hydropower,40-49 years,1.104,2.0576006690925452
Thailand,Hydropower,50+ years,1.355,2.5254066183155786
Thailand,Bioenergy,0-9 years,0.3185,0.5936103379583113
Thailand,Bioenergy,10-19 years,0.421,0.7846466319637332
Thailand,Bioenergy,20-29 years,0.6339,1.1814429928784098
Thailand,Bioenergy,30-39 years,0.0525,0.09784785790521615
Thailand,Bioenergy,40-49 years,0.0,0.0
Thailand,Bioenergy,50+ years,0.0,0.0
The Gambia,Utility-scale solar,0-9 years,0.02001,100.0
The Gambia,Utility-scale solar,10-19 years,0.0,0.0
The Gambia,Utility-scale solar,20-29 years,0.0,0.0
The Gambia,Utility-scale solar,30-39 years,0.0,0.0
The Gambia,Utility-scale solar,40-49 years,0.0,0.0
The Gambia,Utility-scale solar,50+ years,0.0,0.0
Togo,Oil and gas,0-9 years,0.065,21.45922746781116
Togo,Oil and gas,10-19 years,0.1,33.01419610432486
Togo,Oil and gas,20-29 years,0.0,0.0
Togo,Oil and gas,30-39 years,0.0,0.0
Togo,Oil and gas,40-49 years,0.0,0.0
Togo,Oil and gas,50+ years,0.0,0.0
Togo,Utility-scale solar,0-9 years,0.0719,23.737206999009576
Togo,Utility-scale solar,10-19 years,0.0,0.0
Togo,Utility-scale solar,20-29 years,0.0,0.0
Togo,Utility-scale solar,30-39 years,0.0,0.0
Togo,Utility-scale solar,40-49 years,0.0,0.0
Togo,Utility-scale solar,50+ years,0.0,0.0
Togo,Hydropower,0-9 years,0.0,0.0
Togo,Hydropower,10-19 years,0.0,0.0
Togo,Hydropower,20-29 years,0.0,0.0
Togo,Hydropower,30-39 years,0.066,21.78936942885441
Togo,Hydropower,40-49 years,0.0,0.0
Togo,Hydropower,50+ years,0.0,0.0
Trinidad and Tobago,Oil and gas,0-9 years,0.0,0.0
Trinidad and Tobago,Oil and gas,10-19 years,1.2295999999999998,59.78799961100846
Trinidad and Tobago,Oil and gas,20-29 years,0.225,10.940387046581737
Trinidad and Tobago,Oil and gas,30-39 years,0.0,0.0
Trinidad and Tobago,Oil and gas,40-49 years,0.602,29.271613342409804
Trinidad and Tobago,Oil and gas,50+ years,0.0,0.0
Tunisia,Oil and gas,0-9 years,1.074,18.200921908893708
Tunisia,Oil and gas,10-19 years,2.12,35.92733188720174
Tunisia,Oil and gas,20-29 years,1.56,26.437093275488067
Tunisia,Oil and gas,30-39 years,0.357,6.050027114967462
Tunisia,Oil and gas,40-49 years,0.34,5.761930585683297
Tunisia,Oil and gas,50+ years,0.0,0.0
Tunisia,Utility-scale solar,0-9 years,0.1631,2.764031995661605
Tunisia,Utility-scale solar,10-19 years,0.0,0.0
Tunisia,Utility-scale solar,20-29 years,0.0,0.0
Tunisia,Utility-scale solar,30-39 years,0.0,0.0
Tunisia,Utility-scale solar,40-49 years,0.0,0.0
Tunisia,Utility-scale solar,50+ years,0.0,0.0
Tunisia,Wind,0-9 years,0.0,0.0
Tunisia,Wind,10-19 years,0.055,0.9320770065075921
Tunisia,Wind,20-29 years,0.01,0.16946854663774405
Tunisia,Wind,30-39 years,0.0,0.0
Tunisia,Wind,40-49 years,0.0,0.0
Tunisia,Wind,50+ years,0.0,0.0
Tunisia,Hydropower,0-9 years,0.0,0.0
Tunisia,Hydropower,10-19 years,0.0,0.0
Tunisia,Hydropower,20-29 years,0.0,0.0
Tunisia,Hydropower,30-39 years,0.0,0.0
Tunisia,Hydropower,40-49 years,0.025,0.4236713665943601
Tunisia,Hydropower,50+ years,0.0,0.0
Turkmenistan,Oil and gas,0-9 years,2.146,30.241537724415885
Turkmenistan,Oil and gas,10-19 years,2.1761999999999997,30.66711761224317
Turkmenistan,Oil and gas,20-29 years,0.58,8.173388574166456
Turkmenistan,Oil and gas,30-39 years,1.555,21.913136608325583
Turkmenistan,Oil and gas,40-49 years,0.42,5.918660691637778
Turkmenistan,Oil and gas,50+ years,0.21,2.959330345818889
Turkmenistan,Utility-scale solar,0-9 years,0.009,0.12682844339223812
Turkmenistan,Utility-scale solar,10-19 years,0.0,0.0
Turkmenistan,Utility-scale solar,20-29 years,0.0,0.0
Turkmenistan,Utility-scale solar,30-39 years,0.0,0.0
Turkmenistan,Utility-scale solar,40-49 years,0.0,0.0
Turkmenistan,Utility-scale solar,50+ years,0.0,0.0
Türkiye,Coal,0-9 years,3.72,3.508195726630263
Türkiye,Coal,10-19 years,7.2672,6.853430103378347
Türkiye,Coal,20-29 years,3.772,3.557235021733697
Türkiye,Coal,30-39 years,2.444,2.304846869861388
Türkiye,Coal,40-49 years,2.97,2.8008982010999683
Türkiye,Coal,50+ years,0.3,0.282919010212118
Türkiye,Oil and gas,0-9 years,4.7488,4.478419318984353
Türkiye,Oil and gas,10-19 years,11.0507,10.421510353836842
Türkiye,Oil and gas,20-29 years,8.462,7.980202214716475
Türkiye,Oil and gas,30-39 years,1.6340999999999999,1.5410598486254066
Türkiye,Oil and gas,40-49 years,0.0,0.0
Türkiye,Oil and gas,50+ years,0.0,0.0
Türkiye,Utility-scale solar,0-9 years,13.969406363636365,13.174035405502876
Türkiye,Utility-scale solar,10-19 years,0.10407490909090909,0.0981492342263872
Türkiye,Utility-scale solar,20-29 years,0.0,0.0
Türkiye,Utility-scale solar,30-39 years,0.0,0.0
Türkiye,Utility-scale solar,40-49 years,0.0,0.0
Türkiye,Utility-scale solar,50+ years,0.0,0.0
Türkiye,Wind,0-9 years,5.1596,4.86582975030148
Türkiye,Wind,10-19 years,5.9295,5.591894236842513
Türkiye,Wind,20-29 years,0.053,0.04998235847080751
Türkiye,Wind,30-39 years,0.0,0.0
Türkiye,Wind,40-49 years,0.0,0.0
Türkiye,Wind,50+ years,0.0,0.0
Türkiye,Hydropower,0-9 years,4.407,4.156080260016013
Türkiye,Hydropower,10-19 years,9.685,9.133568713014542
Türkiye,Hydropower,20-29 years,2.855,2.6924459138519894
Türkiye,Hydropower,30-39 years,5.984,5.64329119036438
Türkiye,Hydropower,40-49 years,1.247,1.176000019115037
Türkiye,Hydropower,50+ years,2.301,2.169988808326945
Türkiye,Bioenergy,0-9 years,0.22190000000000001,0.20926576122022997
Türkiye,Bioenergy,10-19 years,0.0258,0.024331034878242147
Türkiye,Bioenergy,20-29 years,0.0,0.0
Türkiye,Bioenergy,30-39 years,0.0,0.0
Türkiye,Bioenergy,40-49 years,0.0,0.0
Türkiye,Bioenergy,50+ years,0.0,0.0
Türkiye,Geothermal,0-9 years,1.02116,0.9630185882273548
Türkiye,Geothermal,10-19 years,0.7115,0.6709895858864066
Türkiye,Geothermal,20-29 years,0.0085,0.008016038622676675
Türkiye,Geothermal,30-39 years,0.0,0.0
Türkiye,Geothermal,40-49 years,0.0,0.0
Türkiye,Geothermal,50+ years,0.0,0.0
Uganda,Oil and gas,0-9 years,0.0,0.0
Uganda,Oil and gas,10-19 years,0.189,10.012237178774058
Uganda,Oil and gas,20-29 years,0.0,0.0
Uganda,Oil and gas,30-39 years,0.0,0.0
Uganda,Oil and gas,40-49 years,0.0,0.0
Uganda,Oil and gas,50+ years,0.0,0.0
Uganda,Utility-scale solar,0-9 years,0.11499000000000001,6.091572239085867
Uganda,Utility-scale solar,10-19 years,0.0,0.0
Uganda,Utility-scale solar,20-29 years,0.0,0.0
Uganda,Utility-scale solar,30-39 years,0.0,0.0
Uganda,Utility-scale solar,40-49 years,0.0,0.0
Uganda,Utility-scale solar,50+ years,0.0,0.0
Uganda,Hydropower,0-9 years,0.867,45.9291515026302
Uganda,Hydropower,10-19 years,0.25,13.243699971923355
Uganda,Hydropower,20-29 years,0.2,10.594959977538684
Uganda,Hydropower,30-39 years,0.0,0.0
Uganda,Hydropower,40-49 years,0.0,0.0
Uganda,Hydropower,50+ years,0.18,9.535463979784817
Uganda,Bioenergy,0-9 years,0.0,0.0
Uganda,Bioenergy,10-19 years,0.042,2.224941595283124
Uganda,Bioenergy,20-29 years,0.0,0.0
Uganda,Bioenergy,30-39 years,0.0,0.0
Uganda,Bioenergy,40-49 years,0.0,0.0
Uganda,Bioenergy,50+ years,0.0,0.0
Ukraine,Coal,0-9 years,0.0,0.0
Ukraine,Coal,10-19 years,0.0,0.0
Ukraine,Coal,20-29 years,0.0,0.0
Ukraine,Coal,30-39 years,0.325,0.9794873056034147
Ukraine,Coal,40-49 years,0.965,2.9083238458686007
Ukraine,Coal,50+ years,2.19,6.600237536219932
Ukraine,Oil and gas,0-9 years,2.1441,6.461903790597789
Ukraine,Oil and gas,10-19 years,0.3961,1.1937689899985002
Ukraine,Oil and gas,20-29 years,0.0,0.0
Ukraine,Oil and gas,30-39 years,0.0,0.0
Ukraine,Oil and gas,40-49 years,0.0,0.0
Ukraine,Oil and gas,50+ years,1.189,3.5834166349614156
Ukraine,Utility-scale solar,0-9 years,2.019888,6.087552783817447
Ukraine,Utility-scale solar,10-19 years,0.509296,1.5349198978295282
Ukraine,Utility-scale solar,20-29 years,0.0,0.0
Ukraine,Utility-scale solar,30-39 years,0.0,0.0
Ukraine,Utility-scale solar,40-49 years,0.0,0.0
Ukraine,Utility-scale solar,50+ years,0.0,0.0
Ukraine,Wind,0-9 years,0.393,1.1844261880065907
Ukraine,Wind,10-19 years,0.117,0.3526154300172293
Ukraine,Wind,20-29 years,0.022,0.06630375607161576
Ukraine,Wind,30-39 years,0.0104,0.03134359377930927
Ukraine,Wind,40-49 years,0.0,0.0
Ukraine,Wind,50+ years,0.0,0.0
Ukraine,Hydropower,0-9 years,0.0,0.0
Ukraine,Hydropower,10-19 years,1.296,3.905893994037001
Ukraine,Hydropower,20-29 years,0.453,1.3652546136564518
Ukraine,Hydropower,30-39 years,0.0,0.0
Ukraine,Hydropower,40-49 years,0.702,2.1156925801033757
Ukraine,Hydropower,50+ years,3.796,11.440411729447884
Ukraine,Nuclear,0-9 years,0.0,0.0
Ukraine,Nuclear,10-19 years,0.0,0.0
Ukraine,Nuclear,20-29 years,2.0,6.027614188328706
Ukraine,Nuclear,30-39 years,7.0,21.096649659150472
Ukraine,Nuclear,40-49 years,4.835,14.571757300284647
Ukraine,Nuclear,50+ years,0.0,0.0
Ukraine,Bioenergy,0-9 years,0.0,0.0
Ukraine,Bioenergy,10-19 years,0.019,0.05726233478912271
Ukraine,Bioenergy,20-29 years,0.0,0.0
Ukraine,Bioenergy,30-39 years,0.0,0.0
Ukraine,Bioenergy,40-49 years,0.0,0.0
Ukraine,Bioenergy,50+ years,0.0,0.0
United Arab Emirates,Oil and gas,0-9 years,11.223,19.204238880872555
United Arab Emirates,Oil and gas,10-19 years,18.7001,31.998680165392933
United Arab Emirates,Oil and gas,20-29 years,9.8148,16.794597145860106
United Arab Emirates,Oil and gas,30-39 years,1.68,2.8747323638836226
United Arab Emirates,Oil and gas,40-49 years,2.85,4.876778117302575
United Arab Emirates,Oil and gas,50+ years,0.0,0.0
United Arab Emirates,Utility-scale solar,0-9 years,6.948912857142857,11.890633740616419
United Arab Emirates,Utility-scale solar,10-19 years,0.11131,0.19046813060945597
United Arab Emirates,Utility-scale solar,20-29 years,0.0,0.0
United Arab Emirates,Utility-scale solar,30-39 years,0.0,0.0
United Arab Emirates,Utility-scale solar,40-49 years,0.0,0.0
United Arab Emirates,Utility-scale solar,50+ years,0.0,0.0
United Arab Emirates,Wind,0-9 years,0.099,0.16940387144314203
United Arab Emirates,Wind,10-19 years,0.0,0.0
United Arab Emirates,Wind,20-29 years,0.0,0.0
United Arab Emirates,Wind,30-39 years,0.0,0.0
United Arab Emirates,Wind,40-49 years,0.0,0.0
United Arab Emirates,Wind,50+ years,0.0,0.0
United Arab Emirates,Hydropower,0-9 years,0.25,0.4277875541493486
United Arab Emirates,Hydropower,10-19 years,0.0,0.0
United Arab Emirates,Hydropower,20-29 years,0.0,0.0
United Arab Emirates,Hydropower,30-39 years,0.0,0.0
United Arab Emirates,Hydropower,40-49 years,0.0,0.0
United Arab Emirates,Hydropower,50+ years,0.0,0.0
United Arab Emirates,Nuclear,0-9 years,5.668,9.698799427674032
United Arab Emirates,Nuclear,10-19 years,0.0,0.0
United Arab Emirates,Nuclear,20-29 years,0.0,0.0
United Arab Emirates,Nuclear,30-39 years,0.0,0.0
United Arab Emirates,Nuclear,40-49 years,0.0,0.0
United Arab Emirates,Nuclear,50+ years,0.0,0.0
United Arab Emirates,Bioenergy,0-9 years,0.22,0.37645304765142673
United Arab Emirates,Bioenergy,10-19 years,0.0,0.0
United Arab Emirates,Bioenergy,20-29 years,0.0,0.0
United Arab Emirates,Bioenergy,30-39 years,0.0,0.0
United Arab Emirates,Bioenergy,40-49 years,0.0,0.0
United Arab Emirates,Bioenergy,50+ years,0.0,0.0
United Kingdom,Oil and gas,0-9 years,3.2794,3.5594848241876975
United Kingdom,Oil and gas,10-19 years,11.287,12.250992623835621
United Kingdom,Oil and gas,20-29 years,14.861,16.130238449793673
United Kingdom,Oil and gas,30-39 years,5.862,6.362657815267513
United Kingdom,Oil and gas,40-49 years,0.509,0.5524723350343166
United Kingdom,Oil and gas,50+ years,0.5307999999999999,0.5761342150023875
United Kingdom,Utility-scale solar,0-9 years,2.7692455,3.0057593863816767
United Kingdom,Utility-scale solar,10-19 years,6.911757,7.502071766168532
United Kingdom,Utility-scale solar,20-29 years,0.0,0.0
United Kingdom,Utility-scale solar,30-39 years,0.0,0.0
United Kingdom,Utility-scale solar,40-49 years,0.0,0.0
United Kingdom,Utility-scale solar,50+ years,0.0,0.0
United Kingdom,Wind,0-9 years,15.2595,16.562773273980657
United Kingdom,Wind,10-19 years,11.9345,12.953793875180846
United Kingdom,Wind,20-29 years,1.6845999999999999,1.8284772015693709
United Kingdom,Wind,30-39 years,0.0866,0.09399627546949275
United Kingdom,Wind,40-49 years,0.0,0.0
United Kingdom,Wind,50+ years,0.0,0.0
United Kingdom,Hydropower,0-9 years,0.0,0.0
United Kingdom,Hydropower,10-19 years,0.1,0.10854073379849048
United Kingdom,Hydropower,20-29 years,0.0,0.0
United Kingdom,Hydropower,30-39 years,0.0,0.0
United Kingdom,Hydropower,40-49 years,2.016,2.1881811933775683
United Kingdom,Hydropower,50+ years,2.064,2.2402807456008436
United Kingdom,Nuclear,0-9 years,0.0,0.0
United Kingdom,Nuclear,10-19 years,0.0,0.0
United Kingdom,Nuclear,20-29 years,0.0,0.0
United Kingdom,Nuclear,30-39 years,6.534,7.092051546393368
United Kingdom,Nuclear,40-49 years,0.0,0.0
United Kingdom,Nuclear,50+ years,0.0,0.0
United Kingdom,Bioenergy,0-9 years,1.2123,1.3158393158391002
United Kingdom,Bioenergy,10-19 years,1.1585,1.2574444010555124
United Kingdom,Bioenergy,20-29 years,0.1522,0.16519899684130251
United Kingdom,Bioenergy,30-39 years,0.0955,0.10365640077755842
United Kingdom,Bioenergy,40-49 years,0.645,0.7000877330002636
United Kingdom,Bioenergy,50+ years,2.029,2.202291488771372
United States,Coal,0-9 years,0.0,0.0
United States,Coal,10-19 years,20.9805,1.6425470294612716
United States,Coal,20-29 years,3.651,0.28583395079064383
United States,Coal,30-39 years,12.2074,0.9557078528846085
United States,Coal,40-49 years,74.8654,5.861153946732913
United States,Coal,50+ years,72.7439,5.695063361522737
United States,Oil and gas,0-9 years,99.125,7.760419165193802
United States,Oil and gas,10-19 years,101.3195,7.932224863635344
United States,Oil and gas,20-29 years,250.38729999999998,19.60262700268479
United States,Oil and gas,30-39 years,37.0697,2.902157985654322
United States,Oil and gas,40-49 years,15.246,1.1935974839096566
United States,Oil and gas,50+ years,66.68169999999999,5.220458437807854
United States,Utility-scale solar,0-9 years,130.503425,10.21701165693248
United States,Utility-scale solar,10-19 years,21.7878,1.705749918662391
United States,Utility-scale solar,20-29 years,0.0088,0.0006889451566578105
United States,Utility-scale solar,30-39 years,0.0,0.0
United States,Utility-scale solar,40-49 years,0.0,0.0
United States,Utility-scale solar,50+ years,0.0,0.0
United States,Wind,0-9 years,89.9254,7.040189635285938
United States,Wind,10-19 years,61.8158,4.83951091078726
United States,Wind,20-29 years,5.3981,0.4226130511539235
United States,Wind,30-39 years,0.27,0.021138090033819182
United States,Wind,40-49 years,0.1846,0.014452190445344524
United States,Wind,50+ years,0.0,0.0
United States,Hydropower,0-9 years,0.131,0.010255888127519678
United States,Hydropower,10-19 years,1.516,0.11868646107877734
United States,Hydropower,20-29 years,0.761,0.05957809820643111
United States,Hydropower,30-39 years,4.325,0.3386008866528443
United States,Hydropower,40-49 years,9.21,0.7210437378202766
United States,Hydropower,50+ years,79.45,6.220078715507164
United States,Nuclear,0-9 years,2.5,0.19572305586869615
United States,Nuclear,10-19 years,1.218,0.09535627281922876
United States,Nuclear,20-29 years,0.0,0.0
United States,Nuclear,30-39 years,23.356,1.828523077147707
United States,Nuclear,40-49 years,45.655,3.574294446274129
United States,Nuclear,50+ years,29.746,2.328791207948094
United States,Bioenergy,0-9 years,0.4606,0.03606001581324858
United States,Bioenergy,10-19 years,1.557,0.12189631919502396
United States,Bioenergy,20-29 years,0.5268999999999999,0.0412505912548864
United States,Bioenergy,30-39 years,3.6483000000000003,0.2856225698903057
United States,Bioenergy,40-49 years,2.0668,0.1618081647477685
United States,Bioenergy,50+ years,1.819,0.1424080954500633
United States,Geothermal,0-9 years,0.3255,0.02548314187410424
United States,Geothermal,10-19 years,0.576,0.04509459207214759
United States,Geothermal,20-29 years,0.178,0.013935481577851164
United States,Geothermal,30-39 years,0.776,0.06075243654164328
United States,Geothermal,40-49 years,1.467,0.1148502891837509
United States,Geothermal,50+ years,0.33,0.02583544337466789
Uruguay,Oil and gas,0-9 years,0.5322,10.250818760375152
Uruguay,Oil and gas,10-19 years,0.17,3.2744065938815776
Uruguay,Oil and gas,20-29 years,0.2,3.8522430516253854
Uruguay,Oil and gas,30-39 years,0.2,3.8522430516253854
Uruguay,Oil and gas,40-49 years,0.0,0.0
Uruguay,Oil and gas,50+ years,0.0,0.0
Uruguay,Utility-scale solar,0-9 years,0.17991503703703704,3.46538225654425
Uruguay,Utility-scale solar,10-19 years,0.07917,1.5249104119859092
Uruguay,Utility-scale solar,20-29 years,0.0,0.0
Uruguay,Utility-scale solar,30-39 years,0.0,0.0
Uruguay,Utility-scale solar,40-49 years,0.0,0.0
Uruguay,Utility-scale solar,50+ years,0.0,0.0
Uruguay,Wind,0-9 years,0.292,5.624274855373064
Uruguay,Wind,10-19 years,1.1644,22.427759046562997
Uruguay,Wind,20-29 years,0.0,0.0
Uruguay,Wind,30-39 years,0.0,0.0
Uruguay,Wind,40-49 years,0.0,0.0
Uruguay,Wind,50+ years,0.0,0.0
Uruguay,Hydropower,0-9 years,0.0,0.0
Uruguay,Hydropower,10-19 years,0.0,0.0
Uruguay,Hydropower,20-29 years,0.0,0.0
Uruguay,Hydropower,30-39 years,0.0,0.0
Uruguay,Hydropower,40-49 years,1.278,24.615833099886213
Uruguay,Hydropower,50+ years,0.26,5.007915967113002
Uruguay,Bioenergy,0-9 years,0.31,5.9709767300193475
Uruguay,Bioenergy,10-19 years,0.34,6.548813187763155
Uruguay,Bioenergy,20-29 years,0.0,0.0
Uruguay,Bioenergy,30-39 years,0.0,0.0
Uruguay,Bioenergy,40-49 years,0.0,0.0
Uruguay,Bioenergy,50+ years,0.0,0.0
Uzbekistan,Coal,0-9 years,0.0,0.0
Uzbekistan,Coal,10-19 years,0.15,0.6285952012501609
Uzbekistan,Coal,20-29 years,0.0,0.0
Uzbekistan,Coal,30-39 years,1.2,5.028761610001287
Uzbekistan,Coal,40-49 years,0.9,3.7715712075009655
Uzbekistan,Coal,50+ years,0.136,0.569926315800146
Uzbekistan,Oil and gas,0-9 years,7.2221,30.265182686325247
Uzbekistan,Oil and gas,10-19 years,1.0248,4.294562414941099
Uzbekistan,Oil and gas,20-29 years,0.8,3.352507740000858
Uzbekistan,Oil and gas,30-39 years,0.42,1.7600665635004504
Uzbekistan,Oil and gas,40-49 years,1.78,7.45932972150191
Uzbekistan,Oil and gas,50+ years,4.31,18.061635449254624
Uzbekistan,Utility-scale solar,0-9 years,2.417833870967742,10.132258458069488
Uzbekistan,Utility-scale solar,10-19 years,0.0,0.0
Uzbekistan,Utility-scale solar,20-29 years,0.0,0.0
Uzbekistan,Utility-scale solar,30-39 years,0.0,0.0
Uzbekistan,Utility-scale solar,40-49 years,0.0,0.0
Uzbekistan,Utility-scale solar,50+ years,0.0,0.0
Uzbekistan,Wind,0-9 years,1.6,6.705015480001716
Uzbekistan,Wind,10-19 years,0.0,0.0
Uzbekistan,Wind,20-29 years,0.0,0.0
Uzbekistan,Wind,30-39 years,0.0,0.0
Uzbekistan,Wind,40-49 years,0.0,0.0
Uzbekistan,Wind,50+ years,0.0,0.0
Uzbekistan,Hydropower,0-9 years,0.25,1.0476586687502683
Uzbekistan,Hydropower,10-19 years,0.095,0.3981102941251019
Uzbekistan,Hydropower,20-29 years,0.0,0.0
Uzbekistan,Hydropower,30-39 years,0.0,0.0
Uzbekistan,Hydropower,40-49 years,1.076,4.509122910301155
Uzbekistan,Hydropower,50+ years,0.481,2.015695278675516
Vanuatu,Utility-scale solar,0-9 years,0.0009570000000000001,100.0
Vanuatu,Utility-scale solar,10-19 years,0.0,0.0
Vanuatu,Utility-scale solar,20-29 years,0.0,0.0
Vanuatu,Utility-scale solar,30-39 years,0.0,0.0
Vanuatu,Utility-scale solar,40-49 years,0.0,0.0
Vanuatu,Utility-scale solar,50+ years,0.0,0.0
Venezuela,Oil and gas,0-9 years,0.2746,1.522468328112439
Venezuela,Oil and gas,10-19 years,1.45,8.03925373548083
Venezuela,Oil and gas,20-29 years,0.15,0.8316469381531892
Venezuela,Oil and gas,30-39 years,0.0,0.0
Venezuela,Oil and gas,40-49 years,0.0,0.0
Venezuela,Oil and gas,50+ years,0.138,0.7651151831009342
Venezuela,Utility-scale solar,0-9 years,0.013900000000000001,0.07706594960219555
Venezuela,Utility-scale solar,10-19 years,0.0,0.0
Venezuela,Utility-scale solar,20-29 years,0.0,0.0
Venezuela,Utility-scale solar,30-39 years,0.0,0.0
Venezuela,Utility-scale solar,40-49 years,0.0,0.0
Venezuela,Utility-scale solar,50+ years,0.0,0.0
Venezuela,Hydropower,0-9 years,0.0,0.0
Venezuela,Hydropower,10-19 years,0.0,0.0
Venezuela,Hydropower,20-29 years,2.16,11.975715909405926
Venezuela,Hydropower,30-39 years,2.85,15.8012918249106
Venezuela,Hydropower,40-49 years,10.28,56.99553682809858
Venezuela,Hydropower,50+ years,0.72,3.991905303135309
Vietnam,Coal,0-9 years,15.205,19.313064286923648
Vietnam,Coal,10-19 years,11.769,14.948730916988124
Vietnam,Coal,20-29 years,0.965,1.2257222648392845
Vietnam,Coal,30-39 years,0.0,0.0
Vietnam,Coal,40-49 years,0.44,0.5588785456262023
Vietnam,Coal,50+ years,0.0,0.0
Vietnam,Oil and gas,0-9 years,1.624,2.0627699047658012
Vietnam,Oil and gas,10-19 years,3.848,4.887646917203696
Vietnam,Oil and gas,20-29 years,4.298,5.459227247957767
Vietnam,Oil and gas,30-39 years,0.0,0.0
Vietnam,Oil and gas,40-49 years,0.0,0.0
Vietnam,Oil and gas,50+ years,0.0,0.0
Vietnam,Utility-scale solar,0-9 years,14.849491220883534,18.86150467458284
Vietnam,Utility-scale solar,10-19 years,0.0,0.0
Vietnam,Utility-scale solar,20-29 years,0.0,0.0
Vietnam,Utility-scale solar,30-39 years,0.0,0.0
Vietnam,Utility-scale solar,40-49 years,0.0,0.0
Vietnam,Utility-scale solar,50+ years,0.0,0.0
Vietnam,Wind,0-9 years,5.716399999999999,7.2608484504945965
Vietnam,Wind,10-19 years,0.123,0.15623195707277926
Vietnam,Wind,20-29 years,0.0,0.0
Vietnam,Wind,30-39 years,0.0,0.0
Vietnam,Wind,40-49 years,0.0,0.0
Vietnam,Wind,50+ years,0.0,0.0
Vietnam,Hydropower,0-9 years,1.265,1.6067758186753316
Vietnam,Hydropower,10-19 years,11.648,14.795039316940919
Vietnam,Hydropower,20-29 years,1.468,1.8646220567710567
Vietnam,Hydropower,30-39 years,3.025,3.84229000118014
Vietnam,Hydropower,40-49 years,0.0,0.0
Vietnam,Hydropower,50+ years,0.363,0.4610748001416169
Vietnam,Bioenergy,0-9 years,0.129,0.1638530281495002
Vietnam,Bioenergy,10-19 years,0.04,0.050807140511472934
Vietnam,Bioenergy,20-29 years,0.035,0.044456247947538816
Vietnam,Bioenergy,30-39 years,0.0,0.0
Vietnam,Bioenergy,40-49 years,0.0,0.0
Vietnam,Bioenergy,50+ years,0.0,0.0
Virgin Islands (U.S.),Utility-scale solar,0-9 years,0.03304518518518519,100.0
Virgin Islands (U.S.),Utility-scale solar,10-19 years,0.0,0.0
Virgin Islands (U.S.),Utility-scale solar,20-29 years,0.0,0.0
Virgin Islands (U.S.),Utility-scale solar,30-39 years,0.0,0.0
Virgin Islands (U.S.),Utility-scale solar,40-49 years,0.0,0.0
Virgin Islands (U.S.),Utility-scale solar,50+ years,0.0,0.0
Western Sahara,Oil and gas,0-9 years,0.072,7.366105683155149
Western Sahara,Oil and gas,10-19 years,0.0,0.0
Western Sahara,Oil and gas,20-29 years,0.0,0.0
Western Sahara,Oil and gas,30-39 years,0.0,0.0
Western Sahara,Oil and gas,40-49 years,0.0,0.0
Western Sahara,Oil and gas,50+ years,0.0,0.0
Western Sahara,Utility-scale solar,0-9 years,0.09245,9.458284311217966
Western Sahara,Utility-scale solar,10-19 years,0.0,0.0
Western Sahara,Utility-scale solar,20-29 years,0.0,0.0
Western Sahara,Utility-scale solar,30-39 years,0.0,0.0
Western Sahara,Utility-scale solar,40-49 years,0.0,0.0
Western Sahara,Utility-scale solar,50+ years,0.0,0.0
Western Sahara,Wind,0-9 years,0.762,77.95795181339199
Western Sahara,Wind,10-19 years,0.051,5.217658192234897
Western Sahara,Wind,20-29 years,0.0,0.0
Western Sahara,Wind,30-39 years,0.0,0.0
Western Sahara,Wind,40-49 years,0.0,0.0
Western Sahara,Wind,50+ years,0.0,0.0
Yemen,Oil and gas,0-9 years,0.39,18.61403191181449
Yemen,Oil and gas,10-19 years,0.641,30.593831937110483
Yemen,Oil and gas,20-29 years,0.1379,6.58173077086979
Yemen,Oil and gas,30-39 years,0.16,7.636525912539279
Yemen,Oil and gas,40-49 years,0.31,14.79576895554485
Yemen,Oil and gas,50+ years,0.0,0.0
Yemen,Utility-scale solar,0-9 years,0.23290785714285717,11.116293039408905
Yemen,Utility-scale solar,10-19 years,0.0,0.0
Yemen,Utility-scale solar,20-29 years,0.0,0.0
Yemen,Utility-scale solar,30-39 years,0.0,0.0
Yemen,Utility-scale solar,40-49 years,0.0,0.0
Yemen,Utility-scale solar,50+ years,0.0,0.0
Zambia,Coal,0-9 years,0.0,0.0
Zambia,Coal,10-19 years,0.33,8.607789575184299
Zambia,Coal,20-29 years,0.0,0.0
Zambia,Coal,30-39 years,0.0,0.0
Zambia,Coal,40-49 years,0.0,0.0
Zambia,Coal,50+ years,0.0,0.0
Zambia,Oil and gas,0-9 years,0.105,2.7388421375586405
Zambia,Oil and gas,10-19 years,0.0,0.0
Zambia,Oil and gas,20-29 years,0.0,0.0
Zambia,Oil and gas,30-39 years,0.0,0.0
Zambia,Oil and gas,40-49 years,0.0,0.0
Zambia,Oil and gas,50+ years,0.0,0.0
Zambia,Utility-scale solar,0-9 years,0.28073683937823835,7.322798907182391
Zambia,Utility-scale solar,10-19 years,0.0,0.0
Zambia,Utility-scale solar,20-29 years,0.0,0.0
Zambia,Utility-scale solar,30-39 years,0.0,0.0
Zambia,Utility-scale solar,40-49 years,0.0,0.0
Zambia,Utility-scale solar,50+ years,0.0,0.0
Zambia,Hydropower,0-9 years,0.75,19.563158125418862
Zambia,Hydropower,10-19 years,0.12,3.1301053000670174
Zambia,Hydropower,20-29 years,0.0,0.0
Zambia,Hydropower,30-39 years,0.0,0.0
Zambia,Hydropower,40-49 years,0.99,25.823368725552896
Zambia,Hydropower,50+ years,1.218,31.770568795680234
Zambia,Bioenergy,0-9 years,0.0,0.0
Zambia,Bioenergy,10-19 years,0.04,1.0433684333556725
Zambia,Bioenergy,20-29 years,0.0,0.0
Zambia,Bioenergy,30-39 years,0.0,0.0
Zambia,Bioenergy,40-49 years,0.0,0.0
Zambia,Bioenergy,50+ years,0.0,0.0
Zimbabwe,Coal,0-9 years,0.82,27.035974687016058
Zimbabwe,Coal,10-19 years,0.0,0.0
Zimbabwe,Coal,20-29 years,0.0,0.0
Zimbabwe,Coal,30-39 years,0.22,7.2535541843213815
Zimbabwe,Coal,40-49 years,0.7,23.07949058647712
Zimbabwe,Coal,50+ years,0.0,0.0
Zimbabwe,Utility-scale solar,0-9 years,0.07767878238341969,2.561123895410199
Zimbabwe,Utility-scale solar,10-19 years,0.0019858704663212436,0.06547554104774868
Zimbabwe,Utility-scale solar,20-29 years,0.0,0.0
Zimbabwe,Utility-scale solar,30-39 years,0.0,0.0
Zimbabwe,Utility-scale solar,40-49 years,0.0,0.0
Zimbabwe,Utility-scale solar,50+ years,0.0,0.0
Zimbabwe,Hydropower,0-9 years,0.0,0.0
Zimbabwe,Hydropower,10-19 years,0.0,0.0
Zimbabwe,Hydropower,20-29 years,0.0,0.0
Zimbabwe,Hydropower,30-39 years,0.0,0.0
Zimbabwe,Hydropower,40-49 years,0.0,0.0
Zimbabwe,Hydropower,50+ years,1.05,34.61923587971568
