Country,Type,Age Category,Capacity (GW),Capacity %
World,Coal,0-9 years,597.6256,6.9471901027518825
World,Coal,10-19 years,837.5892,9.736683636731538
World,Coal,20-29 years,322.1688,3.745100442108656
World,Coal,30-39 years,157.8351,1.8347782367202037
World,Coal,40-49 years,177.1165,2.0589178171652183
World,Coal,50+ years,130.12609999999998,1.5126707323610329
World,Oil and gas,0-9 years,547.69594,6.366775140966833
World,Oil and gas,10-19 years,636.45034,7.398514225195625
World,Oil and gas,20-29 years,570.96835,6.637308826972227
World,Oil and gas,30-39 years,174.66379999999998,2.030406031249388
World,Oil and gas,40-49 years,115.7071,1.3450548636773967
World,Oil and gas,50+ years,149.7513,1.7408068684377442
World,Utility-scale solar,0-9 years,988.7484596650205,11.493857547427687
World,Utility-scale solar,10-19 years,135.35428288759965,1.5734465431899354
World,Utility-scale solar,20-29 years,0.38429199999999997,0.0044672610727631585
World,Utility-scale solar,30-39 years,0.0,0.0
World,Utility-scale solar,40-49 years,0.005,5.812326398628073e-05
World,Utility-scale solar,50+ years,0.0,0.0
World,Wind,0-9 years,681.5198,7.92243104945545
World,Wind,10-19 years,349.5079,4.0629079873981215
World,Wind,20-29 years,38.8648,0.45178980603480073
World,Wind,30-39 years,1.0865,0.012630185264218802
World,Wind,40-49 years,0.2112,0.002455126670780498
World,Wind,50+ years,0.023,0.0002673670143368914
World,Hydropower,0-9 years,176.007,2.0460202648866628
World,Hydropower,10-19 years,296.357,3.4450472290364402
World,Hydropower,20-29 years,108.237,1.2582175448166135
World,Hydropower,30-39 years,107.818,1.2533468152945633
World,Hydropower,40-49 years,187.326,2.177599709898805
World,Hydropower,50+ years,393.992,4.580020204896544
World,Nuclear,0-9 years,59.068,0.686644991428326
World,Nuclear,10-19 years,42.396,0.4928387799924716
World,Nuclear,20-29 years,31.115,0.361701071786625
World,Nuclear,30-39 years,87.893,1.0217256083092345
World,Nuclear,40-49 years,142.686,1.6586752090292904
World,Nuclear,50+ years,38.183,0.44386411775763146
World,Bioenergy,0-9 years,43.89580600000001,0.5102735040057131
World,Bioenergy,10-19 years,32.211079,0.37444260959998876
World,Bioenergy,20-29 years,11.464345,0.13326903017295952
World,Bioenergy,30-39 years,8.369489999999999,0.09729241534010734
World,Bioenergy,40-49 years,5.6176,0.06530264955386614
World,Bioenergy,50+ years,6.4015,0.07441521488163523
World,Geothermal,0-9 years,3.6763600000000003,0.04273640855772061
World,Geothermal,10-19 years,3.71125,0.043141992693816876
World,Geothermal,20-29 years,2.52895,0.02939816569162093
World,Geothermal,30-39 years,2.5345999999999997,0.02946384497992543
World,Geothermal,40-49 years,2.948,0.03426947644631112
World,Geothermal,50+ years,0.6432,0.007476976679195154
BRICS,Coal,0-9 years,511.8368,11.783018793697195
BRICS,Coal,10-19 years,740.1809,17.039738946937195
BRICS,Coal,20-29 years,253.4039,5.833622975323706
BRICS,Coal,30-39 years,90.8043,2.090410016334344
BRICS,Coal,40-49 years,40.0076,0.9210168215546828
BRICS,Coal,50+ years,23.251099999999997,0.5352646552067628
BRICS,Oil and gas,0-9 years,200.30914,4.611326034332277
BRICS,Oil and gas,10-19 years,163.48068,3.763496342674847
BRICS,Oil and gas,20-29 years,73.4469,1.690824503120523
BRICS,Oil and gas,30-39 years,38.8044,0.8933178983577255
BRICS,Oil and gas,40-49 years,35.3544,0.8138952877946409
BRICS,Oil and gas,50+ years,33.4153,0.7692551764488795
BRICS,Utility-scale solar,0-9 years,600.4222239834014,13.822347961986878
BRICS,Utility-scale solar,10-19 years,67.9425170910187,1.5641078479987494
BRICS,Utility-scale solar,20-29 years,0.0,0.0
BRICS,Utility-scale solar,30-39 years,0.0,0.0
BRICS,Utility-scale solar,40-49 years,0.0,0.0
BRICS,Utility-scale solar,50+ years,0.0,0.0
BRICS,Wind,0-9 years,420.4687,9.679629511323586
BRICS,Wind,10-19 years,165.8376,3.8177551076859615
BRICS,Wind,20-29 years,1.7265,0.039745836851352245
BRICS,Wind,30-39 years,0.145,0.0033380517483035475
BRICS,Wind,40-49 years,0.0,0.0
BRICS,Wind,50+ years,0.0,0.0
BRICS,Hydropower,0-9 years,128.843,2.9661006993563723
BRICS,Hydropower,10-19 years,227.761,5.243296581002512
BRICS,Hydropower,20-29 years,74.714,1.719994471191388
BRICS,Hydropower,30-39 years,41.891,0.9643746606081648
BRICS,Hydropower,40-49 years,58.566,1.348250611663073
BRICS,Hydropower,50+ years,76.274,1.7559073037938262
BRICS,Nuclear,0-9 years,41.808,0.962463913745343
BRICS,Nuclear,10-19 years,33.384,0.7685346176921768
BRICS,Nuclear,20-29 years,10.087,0.23221329644922678
BRICS,Nuclear,30-39 years,8.22,0.1892330025590011
BRICS,Nuclear,40-49 years,13.492,0.3105999599180101
BRICS,Nuclear,50+ years,1.321,0.03041080247937232
BRICS,Bioenergy,0-9 years,32.1871,0.7409807270884214
BRICS,Bioenergy,10-19 years,18.7409,0.43143513110194454
BRICS,Bioenergy,20-29 years,4.248,0.09779340570202394
BRICS,Bioenergy,30-39 years,0.9773999999999999,0.022500770888219914
BRICS,Bioenergy,40-49 years,0.6377999999999999,0.014682823483227605
BRICS,Bioenergy,50+ years,0.6703,0.0154310074957784
BRICS,Geothermal,0-9 years,1.0045,0.023124641249454576
BRICS,Geothermal,10-19 years,0.67345,0.015503523792379476
BRICS,Geothermal,20-29 years,0.52895,0.012176982567345942
BRICS,Geothermal,30-39 years,0.275,0.006330787798506728
BRICS,Geothermal,40-49 years,0.03,0.000690631396200734
BRICS,Geothermal,50+ years,0.012,0.0002762525584802936
EU27,Coal,0-9 years,6.874,0.8020127812406987
EU27,Coal,10-19 years,14.6,1.7034312781661627
EU27,Coal,20-29 years,8.983600000000001,1.0481469335981877
EU27,Coal,30-39 years,9.494,1.107697024308873
EU27,Coal,40-49 years,20.2602,2.3638259165686364
EU27,Coal,50+ years,18.4161,2.1486685453312235
EU27,Oil and gas,0-9 years,22.577650000000002,2.6342106299649495
EU27,Oil and gas,10-19 years,68.40816000000001,7.981410919575025
EU27,Oil and gas,20-29 years,71.5565,8.348738373705276
EU27,Oil and gas,30-39 years,14.4803,1.6894654751527045
EU27,Oil and gas,40-49 years,5.756399999999999,0.6716186170983355
EU27,Oil and gas,50+ years,13.7201,1.600770375312847
EU27,Utility-scale solar,0-9 years,97.71653953660626,11.400918482247642
EU27,Utility-scale solar,10-19 years,17.49562305675863,2.041273393553955
EU27,Utility-scale solar,20-29 years,0.375492,0.04380991900692937
EU27,Utility-scale solar,30-39 years,0.0,0.0
EU27,Utility-scale solar,40-49 years,0.005,0.0005833668760843023
EU27,Utility-scale solar,50+ years,0.0,0.0
EU27,Wind,0-9 years,86.5808,10.101674164975954
EU27,Wind,10-19 years,74.486,8.690533026403068
EU27,Wind,20-29 years,25.856099999999998,3.0167184569446657
EU27,Wind,30-39 years,0.3481,0.040614001912989126
EU27,Wind,40-49 years,0.0,0.0
EU27,Wind,50+ years,0.023,0.0026834876299877907
EU27,Hydropower,0-9 years,3.289,0.38373873108825407
EU27,Hydropower,10-19 years,4.587,0.5351807721197389
EU27,Hydropower,20-29 years,3.213,0.3748715545717727
EU27,Hydropower,30-39 years,11.851,1.3826961696950133
EU27,Hydropower,40-49 years,16.731,1.9520622407532926
EU27,Hydropower,50+ years,80.5135,9.393781795522695
EU27,Nuclear,0-9 years,3.841,0.44814243420796107
EU27,Nuclear,10-19 years,0.705,0.08225472952788662
EU27,Nuclear,20-29 years,9.406,1.0974297672897895
EU27,Nuclear,30-39 years,27.006,3.1508811711065334
EU27,Nuclear,40-49 years,59.005,6.884312504670851
EU27,Nuclear,50+ years,2.432,0.28374964852740464
EU27,Bioenergy,0-9 years,3.028366,0.35332968261198283
EU27,Bioenergy,10-19 years,4.775829,0.5572120888885634
EU27,Bioenergy,20-29 years,3.952705,0.46117543358656043
EU27,Bioenergy,30-39 years,1.99939,0.23327557967483867
EU27,Bioenergy,40-49 years,1.7972000000000001,0.20968538993974165
EU27,Bioenergy,50+ years,1.6750999999999998,0.19543957082576294
EU27,Geothermal,0-9 years,0.0517,0.006032013498711686
EU27,Geothermal,10-19 years,0.111,0.012950744649071512
EU27,Geothermal,20-29 years,0.398,0.04643600333631046
EU27,Geothermal,30-39 years,0.32,0.03733548006939535
EU27,Geothermal,40-49 years,0.038,0.0044335882582406975
EU27,Geothermal,50+ years,0.0,0.0
G7,Coal,0-9 years,18.17,0.6926213449315786
G7,Coal,10-19 years,40.214,1.5329155071589708
G7,Coal,20-29 years,31.6939,1.2081382302766623
G7,Coal,30-39 years,33.770300000000006,1.2872884207343362
G7,Coal,40-49 years,101.3394,3.862951652314761
G7,Coal,50+ years,93.979,3.5823809232429733
G7,Oil and gas,0-9 years,138.11415,5.264766556251061
G7,Oil and gas,10-19 years,214.54886,8.178377543573854
G7,Oil and gas,20-29 years,361.7566,13.789782214082283
G7,Oil and gas,30-39 years,78.636,2.997521853607023
G7,Oil and gas,40-49 years,35.6445,1.3587309592412575
G7,Oil and gas,50+ years,94.0192,3.583913305084814
G7,Utility-scale solar,0-9 years,252.09260548624485,9.609505748992225
G7,Utility-scale solar,10-19 years,59.98490417389336,2.2865616403144675
G7,Utility-scale solar,20-29 years,0.38429199999999997,0.014648808028973372
G7,Utility-scale solar,30-39 years,0.0,0.0
G7,Utility-scale solar,40-49 years,0.005,0.00019059475644787522
G7,Utility-scale solar,50+ years,0.0,0.0
G7,Wind,0-9 years,201.65279999999998,7.686793260606419
G7,Wind,10-19 years,161.4232,6.15328309780733
G7,Wind,20-29 years,35.519400000000005,1.3539622784349319
G7,Wind,30-39 years,0.8211,0.031299470903870065
G7,Wind,40-49 years,0.2112,0.00805072251235825
G7,Wind,50+ years,0.023,0.0008767358796602261
G7,Hydropower,0-9 years,6.898,0.2629445259954886
G7,Hydropower,10-19 years,12.367,0.47141707059817456
G7,Hydropower,20-29 years,8.275,0.3154343219212335
G7,Hydropower,30-39 years,30.651,1.1683839759767647
G7,Hydropower,40-49 years,55.517,2.116249818743338
G7,Hydropower,50+ years,227.2495,8.662512621080284
G7,Nuclear,0-9 years,7.986,0.3044179449985463
G7,Nuclear,10-19 years,1.923,0.0733027433298528
G7,Nuclear,20-29 years,10.586,0.4035272183514414
G7,Nuclear,30-39 years,65.934,2.5133349343268407
G7,Nuclear,40-49 years,117.117,4.464377218181161
G7,Nuclear,50+ years,35.74,1.362371319089412
G7,Bioenergy,0-9 years,7.8383959999999995,0.2987914353123999
G7,Bioenergy,10-19 years,8.837479,0.33687543152364235
G7,Bioenergy,20-29 years,5.227645000000001,0.19927234511419056
G7,Bioenergy,30-39 years,6.64179,0.25317806948558663
G7,Bioenergy,40-49 years,4.8019,0.1830433921974104
G7,Bioenergy,50+ years,5.6975,0.2171827249723538
G7,Geothermal,0-9 years,0.49360000000000004,0.018815514356534245
G7,Geothermal,10-19 years,0.694,0.02645455219496508
G7,Geothermal,20-29 years,0.5812999999999999,0.02215854638462997
G7,Geothermal,30-39 years,1.4122999999999999,0.05383539490626683
G7,Geothermal,40-49 years,1.635,0.0623244853584552
G7,Geothermal,50+ years,0.3782,0.014416587377717283
G20,Coal,0-9 years,549.3068000000001,7.30471325643106
G20,Coal,10-19 years,805.8036,10.71562237896904
G20,Coal,20-29 years,303.2658,4.032845960549133
G20,Coal,30-39 years,141.2276,1.8780527055080023
G20,Coal,40-49 years,158.756,2.1111463716414383
G20,Coal,50+ years,118.9001,1.581140332981457
G20,Oil and gas,0-9 years,393.71759,5.235679039405826
G20,Oil and gas,10-19 years,464.95504,6.1829987255436
G20,Oil and gas,20-29 years,478.2013,6.359148248943152
G20,Oil and gas,30-39 years,134.1952,1.7845354479307691
G20,Oil and gas,40-49 years,86.3519,1.1483125070507214
G20,Oil and gas,50+ years,131.14459999999997,1.7439683945826785
G20,Utility-scale solar,0-9 years,913.4106584883067,12.146587199766975
G20,Utility-scale solar,10-19 years,129.05494257509474,1.7161800105810519
G20,Utility-scale solar,20-29 years,0.38429199999999997,0.005110337004275943
G20,Utility-scale solar,30-39 years,0.0,0.0
G20,Utility-scale solar,40-49 years,0.005,6.649028608813016e-05
G20,Utility-scale solar,50+ years,0.0,0.0
G20,Wind,0-9 years,649.3708,8.635370053855592
G20,Wind,10-19 years,342.08140000000003,4.549018030285619
G20,Wind,20-29 years,38.18,0.5077198245689619
G20,Wind,30-39 years,1.0491,0.013950991827011469
G20,Wind,40-49 years,0.2112,0.002808549684362618
G20,Wind,50+ years,0.023,0.0003058553160053988
G20,Hydropower,0-9 years,149.452,1.9874212472886459
G20,Hydropower,10-19 years,250.615,3.332692609595348
G20,Hydropower,20-29 years,86.123,1.1452685817536068
G20,Hydropower,30-39 years,86.765,1.1538059344873226
G20,Hydropower,40-49 years,129.452,1.7214601029361252
G20,Hydropower,50+ years,328.5505,4.369083347879641
G20,Nuclear,0-9 years,48.472,0.644583429452769
G20,Nuclear,10-19 years,40.731,0.5416431685311259
G20,Nuclear,20-29 years,28.79,0.3828510672954535
G20,Nuclear,30-39 years,80.893,1.0757197425054226
G20,Nuclear,40-49 years,135.063,1.7960755019842247
G20,Nuclear,50+ years,37.423,0.497653195255219
G20,Bioenergy,0-9 years,41.247606,0.5485130246780948
G20,Bioenergy,10-19 years,28.951179,0.3849944348597332
G20,Bioenergy,20-29 years,9.697445,0.12895717847478147
G20,Bioenergy,30-39 years,7.86209,0.10455052267012545
G20,Bioenergy,40-49 years,5.5097,0.07326830585195415
G20,Bioenergy,50+ years,6.4015,0.08512751327863305
G20,Geothermal,0-9 years,2.8562600000000002,0.03798270890841653
G20,Geothermal,10-19 years,2.66045,0.035378816324633175
G20,Geothermal,20-29 years,1.35775,0.018055437187231745
G20,Geothermal,30-39 years,1.9073,0.025363384531178132
G20,Geothermal,40-49 years,1.915,0.02546577957175385
G20,Geothermal,50+ years,0.3902,0.005188901926317678
OECD,Coal,0-9 years,34.916,1.1080520171707584
OECD,Coal,10-19 years,66.49419999999999,2.110179643720811
OECD,Coal,20-29 years,49.0089,1.5552872752984297
OECD,Coal,30-39 years,50.2473,1.5945876424099052
OECD,Coal,40-49 years,117.6484,3.7335475695071674
OECD,Coal,50+ years,93.365,2.962918907754263
OECD,Oil and gas,0-9 years,177.94404999999998,5.647017514779307
OECD,Oil and gas,10-19 years,272.41245999999995,8.644952909996807
OECD,Oil and gas,20-29 years,411.1639,13.048201076377477
OECD,Oil and gas,30-39 years,91.8923,2.916183078745002
OECD,Oil and gas,40-49 years,42.5505,1.3503312910019578
OECD,Oil and gas,50+ years,94.477,2.9982079970856264
OECD,Utility-scale solar,0-9 years,310.22062877456705,9.844787303289039
OECD,Utility-scale solar,10-19 years,61.767540596585725,1.9601800880319487
OECD,Utility-scale solar,20-29 years,0.38429199999999997,0.012195426904072203
OECD,Utility-scale solar,30-39 years,0.0,0.0
OECD,Utility-scale solar,40-49 years,0.005,0.00015867396282087844
OECD,Utility-scale solar,50+ years,0.0,0.0
OECD,Wind,0-9 years,230.8844,7.3270685403041655
OECD,Wind,10-19 years,171.8319,5.4530497024081805
OECD,Wind,20-29 years,36.8515,1.1694747081787205
OECD,Wind,30-39 years,0.9271,0.029421326186247283
OECD,Wind,40-49 years,0.2112,0.006702388189553906
OECD,Wind,50+ years,0.023,0.0007299002289760408
OECD,Hydropower,0-9 years,15.551,0.49350775916549616
OECD,Hydropower,10-19 years,31.725,1.0067862940984738
OECD,Hydropower,20-29 years,18.124,0.5751613804331203
OECD,Hydropower,30-39 years,46.801,1.4852200267959863
OECD,Hydropower,40-49 years,73.728,2.339742786171545
OECD,Hydropower,50+ years,269.969,8.567410213757947
OECD,Nuclear,0-9 years,12.332,0.3913534619014146
OECD,Nuclear,10-19 years,6.897,0.2188748643151197
OECD,Nuclear,20-29 years,18.703,0.5935358253277779
OECD,Nuclear,30-39 years,69.887,2.2178494479325463
OECD,Nuclear,40-49 years,123.25,3.911313183534654
OECD,Nuclear,50+ years,36.5,1.1583199285924126
OECD,Bioenergy,0-9 years,9.446005999999999,0.29976704096995893
OECD,Bioenergy,10-19 years,10.411379,0.330402952872015
OECD,Bioenergy,20-29 years,5.701944999999999,0.18095004178733876
OECD,Bioenergy,30-39 years,6.9686900000000005,0.22114993159404553
OECD,Bioenergy,40-49 years,4.8694,0.1545293989119971
OECD,Bioenergy,50+ years,5.7075,0.18112632856003275
OECD,Geothermal,0-9 years,2.1436599999999997,0.06802860542812085
OECD,Geothermal,10-19 years,2.4255,0.07697273936440813
OECD,Geothermal,20-29 years,1.3168,0.041788374848506546
OECD,Geothermal,30-39 years,1.8224,0.057833485968953775
OECD,Geothermal,40-49 years,1.923,0.06102600610090986
OECD,Geothermal,50+ years,0.5712,0.018126913512657154
African Union,Coal,0-9 years,11.545,4.331714023916443
African Union,Coal,10-19 years,2.9493,1.1065850299468831
African Union,Coal,20-29 years,4.279,1.6054919279634872
African Union,Coal,30-39 years,14.016,5.2588396499967835
African Union,Coal,40-49 years,13.0313,4.889377649186864
African Union,Coal,50+ years,7.062,2.649680765430742
African Union,Oil and gas,0-9 years,46.94310000000001,17.613173200182935
African Union,Oil and gas,10-19 years,51.6845,19.39215881066344
African Union,Oil and gas,20-29 years,14.159799999999999,5.312793783962931
African Union,Oil and gas,30-39 years,9.818,3.683739132681822
African Union,Oil and gas,40-49 years,7.303,2.740104592175122
African Union,Oil and gas,50+ years,0.997,0.3740769927972883
African Union,Utility-scale solar,0-9 years,12.473764825212607,4.6801890016811685
African Union,Utility-scale solar,10-19 years,2.071650375959509,0.777288608592081
African Union,Utility-scale solar,20-29 years,0.0,0.0
African Union,Utility-scale solar,30-39 years,0.0,0.0
African Union,Utility-scale solar,40-49 years,0.0,0.0
African Union,Utility-scale solar,50+ years,0.0,0.0
African Union,Wind,0-9 years,8.152,3.0586516000837456
African Union,Wind,10-19 years,3.0786,1.1550987262043448
African Union,Wind,20-29 years,0.245,0.09192463714677596
African Union,Wind,30-39 years,0.0,0.0
African Union,Wind,40-49 years,0.0,0.0
African Union,Wind,50+ years,0.0,0.0
African Union,Hydropower,0-9 years,15.606,5.855411784949329
African Union,Hydropower,10-19 years,7.755,2.9096961676459085
African Union,Hydropower,20-29 years,2.365,0.8873541504168374
African Union,Hydropower,30-39 years,2.211,0.8295729499245782
African Union,Hydropower,40-49 years,6.66,2.49884931998991
African Union,Hydropower,50+ years,12.609,4.73092959095387
African Union,Nuclear,0-9 years,0.0,0.0
African Union,Nuclear,10-19 years,0.0,0.0
African Union,Nuclear,20-29 years,0.0,0.0
African Union,Nuclear,30-39 years,0.0,0.0
African Union,Nuclear,40-49 years,1.94,0.727893045162226
African Union,Nuclear,50+ years,0.0,0.0
African Union,Bioenergy,0-9 years,0.256,0.0960518657533659
African Union,Bioenergy,10-19 years,0.37839999999999996,0.14197666406669396
African Union,Bioenergy,20-29 years,0.041,0.015383306624562509
African Union,Bioenergy,30-39 years,0.0295,0.011068476717673024
African Union,Bioenergy,40-49 years,0.0345,0.01294448972066845
African Union,Bioenergy,50+ years,0.045700000000000005,0.01714675884737821
African Union,Geothermal,0-9 years,0.317,0.11893922438991013
African Union,Geothermal,10-19 years,0.4055,0.1521446545429292
African Union,Geothermal,20-29 years,0.129,0.04840113547728203
African Union,Geothermal,30-39 years,0.0,0.0
African Union,Geothermal,40-49 years,0.0,0.0
African Union,Geothermal,50+ years,0.0,0.0
Afghanistan,Oil and gas,0-9 years,0.04,5.706849593815133
Afghanistan,Oil and gas,10-19 years,0.1316,18.77553516365179
Afghanistan,Oil and gas,20-29 years,0.0,0.0
Afghanistan,Oil and gas,30-39 years,0.0,0.0
Afghanistan,Oil and gas,40-49 years,0.0,0.0
Afghanistan,Oil and gas,50+ years,0.0,0.0
Afghanistan,Utility-scale solar,0-9 years,0.06987211170784102,9.968740807972456
Afghanistan,Utility-scale solar,10-19 years,0.01044,1.4894877439857497
Afghanistan,Utility-scale solar,20-29 years,0.0,0.0
Afghanistan,Utility-scale solar,30-39 years,0.0,0.0
Afghanistan,Utility-scale solar,40-49 years,0.0,0.0
Afghanistan,Utility-scale solar,50+ years,0.0,0.0
Afghanistan,Hydropower,0-9 years,0.1,14.267123984537832
Afghanistan,Hydropower,10-19 years,0.042,5.99219207350589
Afghanistan,Hydropower,20-29 years,0.0,0.0
Afghanistan,Hydropower,30-39 years,0.0,0.0
Afghanistan,Hydropower,40-49 years,0.0,0.0
Afghanistan,Hydropower,50+ years,0.212,30.246302847220207
Albania,Utility-scale solar,0-9 years,0.3204331756609924,15.328553880210583
Albania,Utility-scale solar,10-19 years,0.0,0.0
Albania,Utility-scale solar,20-29 years,0.0,0.0
Albania,Utility-scale solar,30-39 years,0.0,0.0
Albania,Utility-scale solar,40-49 years,0.0,0.0
Albania,Utility-scale solar,50+ years,0.0,0.0
Albania,Hydropower,0-9 years,0.269,12.86814633119963
Albania,Hydropower,10-19 years,0.151,7.223383256547006
Albania,Hydropower,20-29 years,0.0,0.0
Albania,Hydropower,30-39 years,0.0,0.0
Albania,Hydropower,40-49 years,1.1,52.620672729812625
Albania,Hydropower,50+ years,0.25,11.959243802230143
Algeria,Oil and gas,0-9 years,9.3686,33.21421080464276
Algeria,Oil and gas,10-19 years,9.893,35.0733500726182
Algeria,Oil and gas,20-29 years,2.827,10.022476564772226
Algeria,Oil and gas,30-39 years,1.992,7.062176624346048
Algeria,Oil and gas,40-49 years,1.204,4.268504345237269
Algeria,Oil and gas,50+ years,0.395,1.4003814089441207
Algeria,Utility-scale solar,0-9 years,0.268681875,0.9525496270132865
Algeria,Utility-scale solar,10-19 years,0.151319375,0.5364679482608704
Algeria,Utility-scale solar,20-29 years,0.0,0.0
Algeria,Utility-scale solar,30-39 years,0.0,0.0
Algeria,Utility-scale solar,40-49 years,0.0,0.0
Algeria,Utility-scale solar,50+ years,0.0,0.0
Algeria,Wind,0-9 years,0.0,0.0
Algeria,Wind,10-19 years,0.01,0.03545269389731952
Algeria,Wind,20-29 years,0.0,0.0
Algeria,Wind,30-39 years,0.0,0.0
Algeria,Wind,40-49 years,0.0,0.0
Algeria,Wind,50+ years,0.0,0.0
Algeria,Hydropower,0-9 years,0.0,0.0
Algeria,Hydropower,10-19 years,0.0,0.0
Algeria,Hydropower,20-29 years,0.0,0.0
Algeria,Hydropower,30-39 years,0.0,0.0
Algeria,Hydropower,40-49 years,0.0,0.0
Algeria,Hydropower,50+ years,0.196,0.6948728003874625
Andorra,Utility-scale solar,0-9 years,0.0033,4.97737556561086
Andorra,Utility-scale solar,10-19 years,0.0,0.0
Andorra,Utility-scale solar,20-29 years,0.0,0.0
Andorra,Utility-scale solar,30-39 years,0.0,0.0
Andorra,Utility-scale solar,40-49 years,0.0,0.0
Andorra,Utility-scale solar,50+ years,0.0,0.0
Andorra,Hydropower,0-9 years,0.0,0.0
Andorra,Hydropower,10-19 years,0.0,0.0
Andorra,Hydropower,20-29 years,0.0,0.0
Andorra,Hydropower,30-39 years,0.0,0.0
Andorra,Hydropower,40-49 years,0.0,0.0
Andorra,Hydropower,50+ years,0.045,67.87330316742081
Angola,Oil and gas,0-9 years,0.804,15.396774102615746
Angola,Oil and gas,10-19 years,0.0,0.0
Angola,Oil and gas,20-29 years,0.0,0.0
Angola,Oil and gas,30-39 years,0.0,0.0
Angola,Oil and gas,40-49 years,0.0,0.0
Angola,Oil and gas,50+ years,0.0,0.0
Angola,Utility-scale solar,0-9 years,0.48887306666666663,9.362025089949844
Angola,Utility-scale solar,10-19 years,0.0,0.0
Angola,Utility-scale solar,20-29 years,0.0,0.0
Angola,Utility-scale solar,30-39 years,0.0,0.0
Angola,Utility-scale solar,40-49 years,0.0,0.0
Angola,Utility-scale solar,50+ years,0.0,0.0
Angola,Wind,0-9 years,0.0,0.0
Angola,Wind,10-19 years,0.05,0.9575108272770985
Angola,Wind,20-29 years,0.0,0.0
Angola,Wind,30-39 years,0.0,0.0
Angola,Wind,40-49 years,0.0,0.0
Angola,Wind,50+ years,0.0,0.0
Angola,Hydropower,0-9 years,2.77,53.04609983115126
Angola,Hydropower,10-19 years,0.11,2.106523820009617
Angola,Hydropower,20-29 years,0.52,9.958112603681824
Angola,Hydropower,30-39 years,0.0,0.0
Angola,Hydropower,40-49 years,0.0,0.0
Angola,Hydropower,50+ years,0.254,4.86415500256766
Angola,Bioenergy,0-9 years,0.0,0.0
Angola,Bioenergy,10-19 years,0.1,1.915021654554197
Angola,Bioenergy,20-29 years,0.0,0.0
Angola,Bioenergy,30-39 years,0.0,0.0
Angola,Bioenergy,40-49 years,0.0,0.0
Angola,Bioenergy,50+ years,0.0,0.0
Anguilla,Utility-scale solar,0-9 years,0.0012,100.0
Anguilla,Utility-scale solar,10-19 years,0.0,0.0
Anguilla,Utility-scale solar,20-29 years,0.0,0.0
Anguilla,Utility-scale solar,30-39 years,0.0,0.0
Anguilla,Utility-scale solar,40-49 years,0.0,0.0
Anguilla,Utility-scale solar,50+ years,0.0,0.0
Antigua and Barbuda,Utility-scale solar,0-9 years,0.010299999999999998,100.0
Antigua and Barbuda,Utility-scale solar,10-19 years,0.0,0.0
Antigua and Barbuda,Utility-scale solar,20-29 years,0.0,0.0
Antigua and Barbuda,Utility-scale solar,30-39 years,0.0,0.0
Antigua and Barbuda,Utility-scale solar,40-49 years,0.0,0.0
Antigua and Barbuda,Utility-scale solar,50+ years,0.0,0.0
Argentina,Coal,0-9 years,0.0,0.0
Argentina,Coal,10-19 years,0.0,0.0
Argentina,Coal,20-29 years,0.0,0.0
Argentina,Coal,30-39 years,0.0,0.0
Argentina,Coal,40-49 years,0.375,0.8690194083686346
Argentina,Coal,50+ years,0.15,0.34760776334745386
Argentina,Oil and gas,0-9 years,6.9162,16.027498752424403
Argentina,Oil and gas,10-19 years,5.119,11.86269427050411
Argentina,Oil and gas,20-29 years,7.233,16.761646348614224
Argentina,Oil and gas,30-39 years,1.147,2.6580406970635306
Argentina,Oil and gas,40-49 years,0.436,1.0103798987965993
Argentina,Oil and gas,50+ years,2.151,4.9846953264024885
Argentina,Utility-scale solar,0-9 years,2.6962441304347826,6.24823594412757
Argentina,Utility-scale solar,10-19 years,0.029765,0.06897696717357976
Argentina,Utility-scale solar,20-29 years,0.0,0.0
Argentina,Utility-scale solar,30-39 years,0.0,0.0
Argentina,Utility-scale solar,40-49 years,0.0,0.0
Argentina,Utility-scale solar,50+ years,0.0,0.0
Argentina,Wind,0-9 years,4.466,10.349441807398193
Argentina,Wind,10-19 years,0.18930000000000002,0.43868099734448684
Argentina,Wind,20-29 years,0.018,0.04171293160169446
Argentina,Wind,30-39 years,0.0,0.0
Argentina,Wind,40-49 years,0.0,0.0
Argentina,Wind,50+ years,0.0,0.0
Argentina,Hydropower,0-9 years,0.0,0.0
Argentina,Hydropower,10-19 years,0.19,0.4403031669067749
Argentina,Hydropower,20-29 years,0.516,1.1957707059152414
Argentina,Hydropower,30-39 years,3.154,7.309032570652462
Argentina,Hydropower,40-49 years,3.604,8.351855860694824
Argentina,Hydropower,50+ years,2.396,5.5524546732033295
Argentina,Nuclear,0-9 years,0.0,0.0
Argentina,Nuclear,10-19 years,0.745,1.726451891292354
Argentina,Nuclear,20-29 years,0.0,0.0
Argentina,Nuclear,30-39 years,0.0,0.0
Argentina,Nuclear,40-49 years,0.656,1.5202046183728648
Argentina,Nuclear,50+ years,0.362,0.8388934022118554
Argentina,Bioenergy,0-9 years,0.108,0.2502775896101668
Argentina,Bioenergy,10-19 years,0.122,0.2827209808559291
Argentina,Bioenergy,20-29 years,0.0,0.0
Argentina,Bioenergy,30-39 years,0.0,0.0
Argentina,Bioenergy,40-49 years,0.0,0.0
Argentina,Bioenergy,50+ years,0.0,0.0
Armenia,Oil and gas,0-9 years,0.254,9.077589753902867
Armenia,Oil and gas,10-19 years,0.673,24.052038993608775
Armenia,Oil and gas,20-29 years,0.0,0.0
Armenia,Oil and gas,30-39 years,0.0,0.0
Armenia,Oil and gas,40-49 years,0.0,0.0
Armenia,Oil and gas,50+ years,0.2,7.147708467640052
Armenia,Hydropower,0-9 years,0.0,0.0
Armenia,Hydropower,10-19 years,0.0,0.0
Armenia,Hydropower,20-29 years,0.0,0.0
Armenia,Hydropower,30-39 years,0.076,2.71612921770322
Armenia,Hydropower,40-49 years,0.171,6.111290739832245
Armenia,Hydropower,50+ years,0.713,25.481580687136784
Armenia,Nuclear,0-9 years,0.0,0.0
Armenia,Nuclear,10-19 years,0.0,0.0
Armenia,Nuclear,20-29 years,0.0,0.0
Armenia,Nuclear,30-39 years,0.0,0.0
Armenia,Nuclear,40-49 years,0.448,16.010866967513714
Armenia,Nuclear,50+ years,0.0,0.0
Australia,Coal,0-9 years,0.0,0.0
Australia,Coal,10-19 years,1.33,1.6927522477478227
Australia,Coal,20-29 years,2.595,3.302776002184662
Australia,Coal,30-39 years,5.696,7.249561506144059
Australia,Coal,40-49 years,12.008,15.283134579666054
Australia,Coal,50+ years,1.0,1.2727460509382125
Australia,Oil and gas,0-9 years,2.0004,2.5460012002968004
Australia,Oil and gas,10-19 years,8.5193,10.842905431757913
Australia,Oil and gas,20-29 years,5.1425,6.545096566949758
Australia,Oil and gas,30-39 years,1.2841,1.6343332040097587
Australia,Oil and gas,40-49 years,0.95,1.209108748391302
Australia,Oil and gas,50+ years,1.021,1.299473718007915
Australia,Utility-scale solar,0-9 years,11.724137464285713,14.92184965832639
Australia,Utility-scale solar,10-19 years,0.24934096428571428,0.3173477276317687
Australia,Utility-scale solar,20-29 years,0.0,0.0
Australia,Utility-scale solar,30-39 years,0.0,0.0
Australia,Utility-scale solar,40-49 years,0.0,0.0
Australia,Utility-scale solar,50+ years,0.0,0.0
Australia,Wind,0-9 years,10.1677,12.940900022124463
Australia,Wind,10-19 years,3.41,4.340064033699305
Australia,Wind,20-29 years,0.7051000000000001,0.8974132405165336
Australia,Wind,30-39 years,0.0,0.0
Australia,Wind,40-49 years,0.0,0.0
Australia,Wind,50+ years,0.0,0.0
Australia,Hydropower,0-9 years,0.0,0.0
Australia,Hydropower,10-19 years,0.14,0.17818444713134973
Australia,Hydropower,20-29 years,0.03,0.038182381528146375
Australia,Hydropower,30-39 years,0.237,0.3016408140723564
Australia,Hydropower,40-49 years,1.827,2.3253070350641143
Australia,Hydropower,50+ years,5.967,7.594475685948314
Australia,Bioenergy,0-9 years,0.0,0.0
Australia,Bioenergy,10-19 years,0.176,0.22400330496512538
Australia,Bioenergy,20-29 years,0.128,0.1629114945200912
Australia,Bioenergy,30-39 years,0.012,0.015272952611258552
Australia,Bioenergy,40-49 years,0.0,0.0
Australia,Bioenergy,50+ years,0.0,0.0
Austria,Oil and gas,0-9 years,0.246,1.1393750222317078
Austria,Oil and gas,10-19 years,2.597,12.028280214372948
Austria,Oil and gas,20-29 years,1.379,6.386984372591566
Austria,Oil and gas,30-39 years,0.194,0.898531521597363
Austria,Oil and gas,40-49 years,0.0,0.0
Austria,Oil and gas,50+ years,0.31,1.435797792243209
Austria,Utility-scale solar,0-9 years,0.826784,3.8293375543935784
Austria,Utility-scale solar,10-19 years,0.0,0.0
Austria,Utility-scale solar,20-29 years,0.0,0.0
Austria,Utility-scale solar,30-39 years,0.0,0.0
Austria,Utility-scale solar,40-49 years,0.0,0.0
Austria,Utility-scale solar,50+ years,0.0,0.0
Austria,Wind,0-9 years,1.024,4.74276432018402
Austria,Wind,10-19 years,1.399,6.4796164882201595
Austria,Wind,20-29 years,0.667,3.0892810562136144
Austria,Wind,30-39 years,0.0,0.0
Austria,Wind,40-49 years,0.0,0.0
Austria,Wind,50+ years,0.0,0.0
Austria,Hydropower,0-9 years,0.986,4.56676330048969
Austria,Hydropower,10-19 years,1.575,7.294779105751788
Austria,Hydropower,20-29 years,0.204,0.94484757941166
Austria,Hydropower,30-39 years,0.763,3.533915211230866
Austria,Hydropower,40-49 years,2.804,12.987022611128896
Austria,Hydropower,50+ years,6.18,28.623323729235583
Austria,Bioenergy,0-9 years,0.111,0.5141082417386974
Austria,Bioenergy,10-19 years,0.029,0.1343165676614615
Austria,Bioenergy,20-29 years,0.0655,0.3033701786836458
Austria,Bioenergy,30-39 years,0.0,0.0
Austria,Bioenergy,40-49 years,0.0,0.0
Austria,Bioenergy,50+ years,0.0,0.0
Azerbaijan,Oil and gas,0-9 years,2.0643000000000002,23.86639535690337
Azerbaijan,Oil and gas,10-19 years,1.9955999999999998,23.07212060952205
Azerbaijan,Oil and gas,20-29 years,0.681,7.873378500242792
Azerbaijan,Oil and gas,30-39 years,2.4,27.74758942816843
Azerbaijan,Oil and gas,40-49 years,0.0,0.0
Azerbaijan,Oil and gas,50+ years,0.0,0.0
Azerbaijan,Utility-scale solar,0-9 years,0.2841,3.284620898559438
Azerbaijan,Utility-scale solar,10-19 years,0.0174,0.2011700233542211
Azerbaijan,Utility-scale solar,20-29 years,0.0,0.0
Azerbaijan,Utility-scale solar,30-39 years,0.0,0.0
Azerbaijan,Utility-scale solar,40-49 years,0.0,0.0
Azerbaijan,Utility-scale solar,50+ years,0.0,0.0
Azerbaijan,Wind,0-9 years,0.05,0.578074779753509
Azerbaijan,Wind,10-19 years,0.0,0.0
Azerbaijan,Wind,20-29 years,0.0,0.0
Azerbaijan,Wind,30-39 years,0.0,0.0
Azerbaijan,Wind,40-49 years,0.0,0.0
Azerbaijan,Wind,50+ years,0.0,0.0
Azerbaijan,Hydropower,0-9 years,0.091,1.0520960991513864
Azerbaijan,Hydropower,10-19 years,0.025,0.2890373898767545
Azerbaijan,Hydropower,20-29 years,0.15,1.7342243392605268
Azerbaijan,Hydropower,30-39 years,0.0,0.0
Azerbaijan,Hydropower,40-49 years,0.38,4.393368326126668
Azerbaijan,Hydropower,50+ years,0.474,5.480148912063265
Azerbaijan,Bioenergy,0-9 years,0.0,0.0
Azerbaijan,Bioenergy,10-19 years,0.037,0.42777533701759657
Azerbaijan,Bioenergy,20-29 years,0.0,0.0
Azerbaijan,Bioenergy,30-39 years,0.0,0.0
Azerbaijan,Bioenergy,40-49 years,0.0,0.0
Azerbaijan,Bioenergy,50+ years,0.0,0.0
Bahrain,Oil and gas,0-9 years,3.9728999999999997,42.749233335126696
Bahrain,Oil and gas,10-19 years,2.168,23.328132565771774
Bahrain,Oil and gas,20-29 years,1.647,17.722063808037877
Bahrain,Oil and gas,30-39 years,0.794,8.54360574595147
Bahrain,Oil and gas,40-49 years,0.7,7.532146123634799
Bahrain,Oil and gas,50+ years,0.0,0.0
Bahrain,Utility-scale solar,0-9 years,0.0075,0.08070156561037284
Bahrain,Utility-scale solar,10-19 years,0.0040999999999999995,0.04411685586700381
Bahrain,Utility-scale solar,20-29 years,0.0,0.0
Bahrain,Utility-scale solar,30-39 years,0.0,0.0
Bahrain,Utility-scale solar,40-49 years,0.0,0.0
Bahrain,Utility-scale solar,50+ years,0.0,0.0
Bangladesh,Coal,0-9 years,7.105,24.22961845779148
Bangladesh,Coal,10-19 years,0.0,0.0
Bangladesh,Coal,20-29 years,0.125,0.42627759426093387
Bangladesh,Coal,30-39 years,0.0,0.0
Bangladesh,Coal,40-49 years,0.0,0.0
Bangladesh,Coal,50+ years,0.0,0.0
Bangladesh,Oil and gas,0-9 years,11.5189,39.281991844258165
Bangladesh,Oil and gas,10-19 years,6.836600000000001,23.314315207394404
Bangladesh,Oil and gas,20-29 years,1.554,5.299483051851929
Bangladesh,Oil and gas,30-39 years,0.457,1.558470884617974
Bangladesh,Oil and gas,40-49 years,0.15,0.5115331131131206
Bangladesh,Oil and gas,50+ years,0.0,0.0
Bangladesh,Utility-scale solar,0-9 years,1.042164865735768,3.554012254312898
Bangladesh,Utility-scale solar,10-19 years,0.0,0.0
Bangladesh,Utility-scale solar,20-29 years,0.0,0.0
Bangladesh,Utility-scale solar,30-39 years,0.0,0.0
Bangladesh,Utility-scale solar,40-49 years,0.0,0.0
Bangladesh,Utility-scale solar,50+ years,0.0,0.0
Bangladesh,Wind,0-9 years,0.06,0.2046132452452482
Bangladesh,Wind,10-19 years,0.0,0.0
Bangladesh,Wind,20-29 years,0.0,0.0
Bangladesh,Wind,30-39 years,0.0,0.0
Bangladesh,Wind,40-49 years,0.0,0.0
Bangladesh,Wind,50+ years,0.0,0.0
Bangladesh,Hydropower,0-9 years,0.0,0.0
Bangladesh,Hydropower,10-19 years,0.0,0.0
Bangladesh,Hydropower,20-29 years,0.0,0.0
Bangladesh,Hydropower,30-39 years,0.0,0.0
Bangladesh,Hydropower,40-49 years,0.0,0.0
Bangladesh,Hydropower,50+ years,0.23,0.7843507734401182
Bangladesh,Bioenergy,0-9 years,0.042,0.14322927167167376
Bangladesh,Bioenergy,10-19 years,0.0,0.0
Bangladesh,Bioenergy,20-29 years,0.0,0.0
Bangladesh,Bioenergy,30-39 years,0.0,0.0
Bangladesh,Bioenergy,40-49 years,0.0,0.0
Bangladesh,Bioenergy,50+ years,0.0,0.0
Barbados,Oil and gas,0-9 years,0.0,0.0
Barbados,Oil and gas,10-19 years,0.0,0.0
Barbados,Oil and gas,20-29 years,0.12,57.63945100201916
Barbados,Oil and gas,30-39 years,0.013,6.244273858552075
Barbados,Oil and gas,40-49 years,0.05,24.016437917507982
Barbados,Oil and gas,50+ years,0.0,0.0
Barbados,Utility-scale solar,0-9 years,0.0146,7.01279987191233
Barbados,Utility-scale solar,10-19 years,0.00959074074074074,4.60670859165829
Barbados,Utility-scale solar,20-29 years,0.0,0.0
Barbados,Utility-scale solar,30-39 years,0.0,0.0
Barbados,Utility-scale solar,40-49 years,0.0,0.0
Barbados,Utility-scale solar,50+ years,0.0,0.0
Barbados,Wind,0-9 years,0.001,0.48032875835015965
Barbados,Wind,10-19 years,0.0,0.0
Barbados,Wind,20-29 years,0.0,0.0
Barbados,Wind,30-39 years,0.0,0.0
Barbados,Wind,40-49 years,0.0,0.0
Barbados,Wind,50+ years,0.0,0.0
Belarus,Oil and gas,0-9 years,1.1812,9.911997990399092
Belarus,Oil and gas,10-19 years,2.046,17.168936580051252
Belarus,Oil and gas,20-29 years,2.072,17.38711465975865
Belarus,Oil and gas,30-39 years,0.484,4.0614688683992215
Belarus,Oil and gas,40-49 years,1.48,12.419367614113321
Belarus,Oil and gas,50+ years,1.91,16.02769739388949
Belarus,Utility-scale solar,0-9 years,0.2179277339055794,1.8287328653270665
Belarus,Utility-scale solar,10-19 years,0.040743124463519305,0.3418944867973107
Belarus,Utility-scale solar,20-29 years,0.0,0.0
Belarus,Utility-scale solar,30-39 years,0.0,0.0
Belarus,Utility-scale solar,40-49 years,0.0,0.0
Belarus,Utility-scale solar,50+ years,0.0,0.0
Belarus,Nuclear,0-9 years,2.388,20.038817474663926
Belarus,Nuclear,10-19 years,0.0,0.0
Belarus,Nuclear,20-29 years,0.0,0.0
Belarus,Nuclear,30-39 years,0.0,0.0
Belarus,Nuclear,40-49 years,0.0,0.0
Belarus,Nuclear,50+ years,0.0,0.0
Belgium,Oil and gas,0-9 years,0.8987999999999999,5.42047673015629
Belgium,Oil and gas,10-19 years,2.108,12.712911601212125
Belgium,Oil and gas,20-29 years,1.8982,11.447651234070618
Belgium,Oil and gas,30-39 years,0.823,4.963342622294867
Belgium,Oil and gas,40-49 years,0.05,0.3015396489851074
Belgium,Oil and gas,50+ years,0.0,0.0
Belgium,Utility-scale solar,0-9 years,0.8387673554987213,5.058432279145024
Belgium,Utility-scale solar,10-19 years,0.0384,0.23158245042056244
Belgium,Utility-scale solar,20-29 years,0.0,0.0
Belgium,Utility-scale solar,30-39 years,0.0,0.0
Belgium,Utility-scale solar,40-49 years,0.0,0.0
Belgium,Utility-scale solar,50+ years,0.0,0.0
Belgium,Wind,0-9 years,2.388,14.401533635528729
Belgium,Wind,10-19 years,1.46,8.804957750365135
Belgium,Wind,20-29 years,0.047,0.2834472700460009
Belgium,Wind,30-39 years,0.0,0.0
Belgium,Wind,40-49 years,0.0,0.0
Belgium,Wind,50+ years,0.0,0.0
Belgium,Hydropower,0-9 years,0.0,0.0
Belgium,Hydropower,10-19 years,0.0,0.0
Belgium,Hydropower,20-29 years,0.0,0.0
Belgium,Hydropower,30-39 years,0.0,0.0
Belgium,Hydropower,40-49 years,0.144,0.8684341890771092
Belgium,Hydropower,50+ years,1.164,7.0198430283733
Belgium,Nuclear,0-9 years,0.0,0.0
Belgium,Nuclear,10-19 years,0.0,0.0
Belgium,Nuclear,20-29 years,0.0,0.0
Belgium,Nuclear,30-39 years,0.0,0.0
Belgium,Nuclear,40-49 years,2.179,13.141097902770978
Belgium,Nuclear,50+ years,1.917,11.561030142089017
Belgium,Bioenergy,0-9 years,0.02,0.12061585959404295
Belgium,Bioenergy,10-19 years,0.126,0.7598799154424707
Belgium,Bioenergy,20-29 years,0.04,0.2412317191880859
Belgium,Bioenergy,30-39 years,0.042,0.25329330514749016
Belgium,Bioenergy,40-49 years,0.0185,0.11156967012448972
Belgium,Bioenergy,50+ years,0.0,0.0
Belize,Utility-scale solar,0-9 years,0.004200000000000001,13.249211356466878
Belize,Utility-scale solar,10-19 years,0.0,0.0
Belize,Utility-scale solar,20-29 years,0.0,0.0
Belize,Utility-scale solar,30-39 years,0.0,0.0
Belize,Utility-scale solar,40-49 years,0.0,0.0
Belize,Utility-scale solar,50+ years,0.0,0.0
Belize,Bioenergy,0-9 years,0.0,0.0
Belize,Bioenergy,10-19 years,0.0275,86.75078864353313
Belize,Bioenergy,20-29 years,0.0,0.0
Belize,Bioenergy,30-39 years,0.0,0.0
Belize,Bioenergy,40-49 years,0.0,0.0
Belize,Bioenergy,50+ years,0.0,0.0
Benin,Oil and gas,0-9 years,0.1274,83.78822755672476
Benin,Oil and gas,10-19 years,0.0,0.0
Benin,Oil and gas,20-29 years,0.0,0.0
Benin,Oil and gas,30-39 years,0.0,0.0
Benin,Oil and gas,40-49 years,0.0,0.0
Benin,Oil and gas,50+ years,0.0,0.0
Benin,Utility-scale solar,0-9 years,0.02465,16.211772443275237
Benin,Utility-scale solar,10-19 years,0.0,0.0
Benin,Utility-scale solar,20-29 years,0.0,0.0
Benin,Utility-scale solar,30-39 years,0.0,0.0
Benin,Utility-scale solar,40-49 years,0.0,0.0
Benin,Utility-scale solar,50+ years,0.0,0.0
Bermuda,Oil and gas,0-9 years,0.056,46.666666666666664
Bermuda,Oil and gas,10-19 years,0.0,0.0
Bermuda,Oil and gas,20-29 years,0.058,48.333333333333336
Bermuda,Oil and gas,30-39 years,0.0,0.0
Bermuda,Oil and gas,40-49 years,0.0,0.0
Bermuda,Oil and gas,50+ years,0.0,0.0
Bermuda,Utility-scale solar,0-9 years,0.006,5.0
Bermuda,Utility-scale solar,10-19 years,0.0,0.0
Bermuda,Utility-scale solar,20-29 years,0.0,0.0
Bermuda,Utility-scale solar,30-39 years,0.0,0.0
Bermuda,Utility-scale solar,40-49 years,0.0,0.0
Bermuda,Utility-scale solar,50+ years,0.0,0.0
Bhutan,Utility-scale solar,0-9 years,0.015137999999999999,0.43510777669641154
Bhutan,Utility-scale solar,10-19 years,0.0,0.0
Bhutan,Utility-scale solar,20-29 years,0.0,0.0
Bhutan,Utility-scale solar,30-39 years,0.0,0.0
Bhutan,Utility-scale solar,40-49 years,0.0,0.0
Bhutan,Utility-scale solar,50+ years,0.0,0.0
Bhutan,Hydropower,0-9 years,1.858,53.40403283801908
Bhutan,Hydropower,10-19 years,0.126,3.6215867263672785
Bhutan,Hydropower,20-29 years,1.144,32.88170805527116
Bhutan,Hydropower,30-39 years,0.0,0.0
Bhutan,Hydropower,40-49 years,0.336,9.657564603646076
Bhutan,Hydropower,50+ years,0.0,0.0
Bolivia,Oil and gas,0-9 years,1.5564,43.28391472905644
Bolivia,Oil and gas,10-19 years,0.5214,14.50027829589439
Bolivia,Oil and gas,20-29 years,0.152,4.227162065546505
Bolivia,Oil and gas,30-39 years,0.125,3.4762845933770596
Bolivia,Oil and gas,40-49 years,0.0,0.0
Bolivia,Oil and gas,50+ years,0.0,0.0
Bolivia,Utility-scale solar,0-9 years,0.16609305555555556,4.619093840757583
Bolivia,Utility-scale solar,10-19 years,0.0,0.0
Bolivia,Utility-scale solar,20-29 years,0.0,0.0
Bolivia,Utility-scale solar,30-39 years,0.0,0.0
Bolivia,Utility-scale solar,40-49 years,0.0,0.0
Bolivia,Utility-scale solar,50+ years,0.0,0.0
Bolivia,Wind,0-9 years,0.108,3.003509888677779
Bolivia,Wind,10-19 years,0.027,0.7508774721694448
Bolivia,Wind,20-29 years,0.0,0.0
Bolivia,Wind,30-39 years,0.0,0.0
Bolivia,Wind,40-49 years,0.0,0.0
Bolivia,Wind,50+ years,0.0,0.0
Bolivia,Hydropower,0-9 years,0.447,12.431193705916364
Bolivia,Hydropower,10-19 years,0.0,0.0
Bolivia,Hydropower,20-29 years,0.123,3.4206640398830266
Bolivia,Hydropower,30-39 years,0.0,0.0
Bolivia,Hydropower,40-49 years,0.0,0.0
Bolivia,Hydropower,50+ years,0.161,4.477454556269652
Bolivia,Bioenergy,0-9 years,0.0,0.0
Bolivia,Bioenergy,10-19 years,0.03,0.8343083024104944
Bolivia,Bioenergy,20-29 years,0.0,0.0
Bolivia,Bioenergy,30-39 years,0.0,0.0
Bolivia,Bioenergy,40-49 years,0.0,0.0
Bolivia,Bioenergy,50+ years,0.0,0.0
Bolivia,Geothermal,0-9 years,0.005,0.13905138373508238
Bolivia,Geothermal,10-19 years,0.0,0.0
Bolivia,Geothermal,20-29 years,0.0,0.0
Bolivia,Geothermal,30-39 years,0.0,0.0
Bolivia,Geothermal,40-49 years,0.0,0.0
Bolivia,Geothermal,50+ years,0.0,0.0
Bosnia and Herzegovina,Coal,0-9 years,0.0,0.0
Bosnia and Herzegovina,Coal,10-19 years,0.3,6.2945485167746025
Bosnia and Herzegovina,Coal,20-29 years,0.0,0.0
Bosnia and Herzegovina,Coal,30-39 years,0.23,4.825820529527195
Bosnia and Herzegovina,Coal,40-49 years,0.94,19.722918685893752
Bosnia and Herzegovina,Coal,50+ years,0.52,10.910550762409311
Bosnia and Herzegovina,Utility-scale solar,0-9 years,0.5020288772183992,10.533483748243643
Bosnia and Herzegovina,Utility-scale solar,10-19 years,0.0,0.0
Bosnia and Herzegovina,Utility-scale solar,20-29 years,0.0,0.0
Bosnia and Herzegovina,Utility-scale solar,30-39 years,0.0,0.0
Bosnia and Herzegovina,Utility-scale solar,40-49 years,0.0,0.0
Bosnia and Herzegovina,Utility-scale solar,50+ years,0.0,0.0
Bosnia and Herzegovina,Wind,0-9 years,0.244,5.119566126976677
Bosnia and Herzegovina,Wind,10-19 years,0.0,0.0
Bosnia and Herzegovina,Wind,20-29 years,0.0,0.0
Bosnia and Herzegovina,Wind,30-39 years,0.0,0.0
Bosnia and Herzegovina,Wind,40-49 years,0.0,0.0
Bosnia and Herzegovina,Wind,50+ years,0.0,0.0
Bosnia and Herzegovina,Hydropower,0-9 years,0.035,0.7343639936237036
Bosnia and Herzegovina,Hydropower,10-19 years,0.06,1.2589097033549206
Bosnia and Herzegovina,Hydropower,20-29 years,0.03,0.6294548516774603
Bosnia and Herzegovina,Hydropower,30-39 years,0.315,6.6092759426133325
Bosnia and Herzegovina,Hydropower,40-49 years,0.874,18.338118012203342
Bosnia and Herzegovina,Hydropower,50+ years,0.716,15.022989126702052
Botswana,Coal,0-9 years,0.0,0.0
Botswana,Coal,10-19 years,0.6,65.16072980017377
Botswana,Coal,20-29 years,0.0,0.0
Botswana,Coal,30-39 years,0.066,7.167680278019114
Botswana,Coal,40-49 years,0.066,7.167680278019114
Botswana,Coal,50+ years,0.0,0.0
Botswana,Oil and gas,0-9 years,0.0,0.0
Botswana,Oil and gas,10-19 years,0.07,7.602085143353605
Botswana,Oil and gas,20-29 years,0.0,0.0
Botswana,Oil and gas,30-39 years,0.0,0.0
Botswana,Oil and gas,40-49 years,0.0,0.0
Botswana,Oil and gas,50+ years,0.0,0.0
Botswana,Utility-scale solar,0-9 years,0.11880000000000002,12.901824500434406
Botswana,Utility-scale solar,10-19 years,0.0,0.0
Botswana,Utility-scale solar,20-29 years,0.0,0.0
Botswana,Utility-scale solar,30-39 years,0.0,0.0
Botswana,Utility-scale solar,40-49 years,0.0,0.0
Botswana,Utility-scale solar,50+ years,0.0,0.0
Brazil,Coal,0-9 years,0.345,0.16421239433497317
Brazil,Coal,10-19 years,1.795,0.8543804284964547
Brazil,Coal,20-29 years,0.0,0.0
Brazil,Coal,30-39 years,0.363,0.17277999751766743
Brazil,Coal,40-49 years,0.262,0.12470622410366079
Brazil,Coal,50+ years,0.232,0.11042688546583704
Brazil,Oil and gas,0-9 years,8.8945,4.233585917137446
Brazil,Oil and gas,10-19 years,6.755400000000001,3.2154214744651535
Brazil,Oil and gas,20-29 years,8.5938,4.090459346190992
Brazil,Oil and gas,30-39 years,0.27,0.12851404774041378
Brazil,Oil and gas,40-49 years,0.0756,0.03598393336731586
Brazil,Oil and gas,50+ years,0.3599,0.17130446585842563
Brazil,Utility-scale solar,0-9 years,21.481333148148146,10.224641013810535
Brazil,Utility-scale solar,10-19 years,0.034166833333333334,0.016262659444958378
Brazil,Utility-scale solar,20-29 years,0.0,0.0
Brazil,Utility-scale solar,30-39 years,0.0,0.0
Brazil,Utility-scale solar,40-49 years,0.0,0.0
Brazil,Utility-scale solar,50+ years,0.0,0.0
Brazil,Wind,0-9 years,24.7175,11.764985092680288
Brazil,Wind,10-19 years,10.0845,4.7999996831044545
Brazil,Wind,20-29 years,0.2348,0.11175962373870059
Brazil,Wind,30-39 years,0.0,0.0
Brazil,Wind,40-49 years,0.0,0.0
Brazil,Wind,50+ years,0.0,0.0
Brazil,Hydropower,0-9 years,2.044,0.9728989391903917
Brazil,Hydropower,10-19 years,28.079,13.36498498704844
Brazil,Hydropower,20-29 years,14.108,6.715096983413918
Brazil,Hydropower,30-39 years,9.062,4.313312224531963
Brazil,Hydropower,40-49 years,29.927,14.244592247138382
Brazil,Hydropower,50+ years,19.403,9.23540025298981
Brazil,Nuclear,0-9 years,0.0,0.0
Brazil,Nuclear,10-19 years,0.0,0.0
Brazil,Nuclear,20-29 years,1.35,0.642570238702069
Brazil,Nuclear,30-39 years,0.0,0.0
Brazil,Nuclear,40-49 years,0.64,0.3046258909402401
Brazil,Nuclear,50+ years,0.0,0.0
Brazil,Bioenergy,0-9 years,3.5496,1.6895313476273064
Brazil,Bioenergy,10-19 years,8.663200000000002,4.123492216239826
Brazil,Bioenergy,20-29 years,2.7996,1.3325478816817127
Brazil,Bioenergy,30-39 years,0.8134,0.3871604682668614
Brazil,Bioenergy,40-49 years,0.6058,0.288347444893121
Brazil,Bioenergy,50+ years,0.6483,0.3085765079633713
Brunei,Coal,0-9 years,0.22,50.32021957913998
Brunei,Coal,10-19 years,0.0,0.0
Brunei,Coal,20-29 years,0.0,0.0
Brunei,Coal,30-39 years,0.0,0.0
Brunei,Coal,40-49 years,0.0,0.0
Brunei,Coal,50+ years,0.0,0.0
Brunei,Oil and gas,0-9 years,0.0,0.0
Brunei,Oil and gas,10-19 years,0.212,48.49039341262581
Brunei,Oil and gas,20-29 years,0.0,0.0
Brunei,Oil and gas,30-39 years,0.0,0.0
Brunei,Oil and gas,40-49 years,0.0,0.0
Brunei,Oil and gas,50+ years,0.0,0.0
Brunei,Utility-scale solar,0-9 years,0.0052,1.189387008234218
Brunei,Utility-scale solar,10-19 years,0.0,0.0
Brunei,Utility-scale solar,20-29 years,0.0,0.0
Brunei,Utility-scale solar,30-39 years,0.0,0.0
Brunei,Utility-scale solar,40-49 years,0.0,0.0
Brunei,Utility-scale solar,50+ years,0.0,0.0
Bulgaria,Coal,0-9 years,0.053,0.41207334786398037
Bulgaria,Coal,10-19 years,0.121,0.9407712281422947
Bulgaria,Coal,20-29 years,0.0,0.0
Bulgaria,Coal,30-39 years,0.464,3.607585536016734
Bulgaria,Coal,40-49 years,1.016,7.899368328864227
Bulgaria,Coal,50+ years,1.771,13.769469793719043
Bulgaria,Oil and gas,0-9 years,0.21,1.6327434538006769
Bulgaria,Oil and gas,10-19 years,0.093,0.7230721009688712
Bulgaria,Oil and gas,20-29 years,0.0,0.0
Bulgaria,Oil and gas,30-39 years,0.0,0.0
Bulgaria,Oil and gas,40-49 years,0.151,1.174020292970963
Bulgaria,Oil and gas,50+ years,0.307,2.3869154300800375
Bulgaria,Utility-scale solar,0-9 years,3.1163349012875536,24.22940671394206
Bulgaria,Utility-scale solar,10-19 years,0.210453,1.63626551467959
Bulgaria,Utility-scale solar,20-29 years,0.0,0.0
Bulgaria,Utility-scale solar,30-39 years,0.0,0.0
Bulgaria,Utility-scale solar,40-49 years,0.0,0.0
Bulgaria,Utility-scale solar,50+ years,0.0,0.0
Bulgaria,Wind,0-9 years,0.0,0.0
Bulgaria,Wind,10-19 years,0.608,4.727181047194342
Bulgaria,Wind,20-29 years,0.0,0.0
Bulgaria,Wind,30-39 years,0.0,0.0
Bulgaria,Wind,40-49 years,0.0,0.0
Bulgaria,Wind,50+ years,0.0,0.0
Bulgaria,Hydropower,0-9 years,0.0,0.0
Bulgaria,Hydropower,10-19 years,0.085,0.660872350347893
Bulgaria,Hydropower,20-29 years,0.0,0.0
Bulgaria,Hydropower,30-39 years,0.864,6.717573067065643
Bulgaria,Hydropower,40-49 years,0.148,1.1506953864880962
Bulgaria,Hydropower,50+ years,1.415,11.001580891085515
Bulgaria,Nuclear,0-9 years,0.0,0.0
Bulgaria,Nuclear,10-19 years,0.0,0.0
Bulgaria,Nuclear,20-29 years,0.0,0.0
Bulgaria,Nuclear,30-39 years,2.08,16.171935161454325
Bulgaria,Nuclear,40-49 years,0.0,0.0
Bulgaria,Nuclear,50+ years,0.0,0.0
Burkina Faso,Oil and gas,0-9 years,0.0549,13.842124454725566
Burkina Faso,Oil and gas,10-19 years,0.036,9.076802921131518
Burkina Faso,Oil and gas,20-29 years,0.0,0.0
Burkina Faso,Oil and gas,30-39 years,0.0,0.0
Burkina Faso,Oil and gas,40-49 years,0.0,0.0
Burkina Faso,Oil and gas,50+ years,0.0,0.0
Burkina Faso,Utility-scale solar,0-9 years,0.19471541968911915,49.094263617320735
Burkina Faso,Utility-scale solar,10-19 years,0.0,0.0
Burkina Faso,Utility-scale solar,20-29 years,0.0,0.0
Burkina Faso,Utility-scale solar,30-39 years,0.0,0.0
Burkina Faso,Utility-scale solar,40-49 years,0.0,0.0
Burkina Faso,Utility-scale solar,50+ years,0.0,0.0
Burundi,Oil and gas,0-9 years,0.03,37.03703703703704
Burundi,Oil and gas,10-19 years,0.0,0.0
Burundi,Oil and gas,20-29 years,0.0,0.0
Burundi,Oil and gas,30-39 years,0.0,0.0
Burundi,Oil and gas,40-49 years,0.0,0.0
Burundi,Oil and gas,50+ years,0.0,0.0
Burundi,Utility-scale solar,0-9 years,0.014,17.28395061728395
Burundi,Utility-scale solar,10-19 years,0.0,0.0
Burundi,Utility-scale solar,20-29 years,0.0,0.0
Burundi,Utility-scale solar,30-39 years,0.0,0.0
Burundi,Utility-scale solar,40-49 years,0.0,0.0
Burundi,Utility-scale solar,50+ years,0.0,0.0
Burundi,Hydropower,0-9 years,0.035,43.20987654320987
Burundi,Hydropower,10-19 years,0.0,0.0
Burundi,Hydropower,20-29 years,0.0,0.0
Burundi,Hydropower,30-39 years,0.0,0.0
Burundi,Hydropower,40-49 years,0.0,0.0
Burundi,Hydropower,50+ years,0.0,0.0
Cabo Verde,Utility-scale solar,0-9 years,0.0073965440414507765,14.43460358110444
Cabo Verde,Utility-scale solar,10-19 years,0.003971740932642487,7.750985537063793
Cabo Verde,Utility-scale solar,20-29 years,0.0,0.0
Cabo Verde,Utility-scale solar,30-39 years,0.0,0.0
Cabo Verde,Utility-scale solar,40-49 years,0.0,0.0
Cabo Verde,Utility-scale solar,50+ years,0.0,0.0
Cabo Verde,Wind,0-9 years,0.013,25.36993567573643
Cabo Verde,Wind,10-19 years,0.0257,50.15441129741739
Cabo Verde,Wind,20-29 years,0.0,0.0
Cabo Verde,Wind,30-39 years,0.0,0.0
Cabo Verde,Wind,40-49 years,0.0,0.0
Cabo Verde,Wind,50+ years,0.0,0.0
Cambodia,Coal,0-9 years,1.085,26.71752384426908
Cambodia,Coal,10-19 years,0.37,9.111044997584848
Cambodia,Coal,20-29 years,0.0,0.0
Cambodia,Coal,30-39 years,0.0,0.0
Cambodia,Coal,40-49 years,0.0,0.0
Cambodia,Coal,50+ years,0.0,0.0
Cambodia,Oil and gas,0-9 years,0.8005,19.71186897450452
Cambodia,Oil and gas,10-19 years,0.0,0.0
Cambodia,Oil and gas,20-29 years,0.0,0.0
Cambodia,Oil and gas,30-39 years,0.0,0.0
Cambodia,Oil and gas,40-49 years,0.0,0.0
Cambodia,Oil and gas,50+ years,0.0,0.0
Cambodia,Utility-scale solar,0-9 years,0.49850507788161996,12.275411340821565
Cambodia,Utility-scale solar,10-19 years,0.0,0.0
Cambodia,Utility-scale solar,20-29 years,0.0,0.0
Cambodia,Utility-scale solar,30-39 years,0.0,0.0
Cambodia,Utility-scale solar,40-49 years,0.0,0.0
Cambodia,Utility-scale solar,50+ years,0.0,0.0
Cambodia,Hydropower,0-9 years,0.4,9.849778375767404
Cambodia,Hydropower,10-19 years,0.898,22.11275245359782
Cambodia,Hydropower,20-29 years,0.0,0.0
Cambodia,Hydropower,30-39 years,0.0,0.0
Cambodia,Hydropower,40-49 years,0.0,0.0
Cambodia,Hydropower,50+ years,0.0,0.0
Cambodia,Bioenergy,0-9 years,0.009,0.22162001345476656
Cambodia,Bioenergy,10-19 years,0.0,0.0
Cambodia,Bioenergy,20-29 years,0.0,0.0
Cambodia,Bioenergy,30-39 years,0.0,0.0
Cambodia,Bioenergy,40-49 years,0.0,0.0
Cambodia,Bioenergy,50+ years,0.0,0.0
Cameroon,Oil and gas,0-9 years,0.0,0.0
Cameroon,Oil and gas,10-19 years,0.364,18.765984574201475
Cameroon,Oil and gas,20-29 years,0.0,0.0
Cameroon,Oil and gas,30-39 years,0.0,0.0
Cameroon,Oil and gas,40-49 years,0.0,0.0
Cameroon,Oil and gas,50+ years,0.0,0.0
Cameroon,Utility-scale solar,0-9 years,0.0616530518134715,3.1785170859451934
Cameroon,Utility-scale solar,10-19 years,0.0,0.0
Cameroon,Utility-scale solar,20-29 years,0.0,0.0
Cameroon,Utility-scale solar,30-39 years,0.0,0.0
Cameroon,Utility-scale solar,40-49 years,0.0,0.0
Cameroon,Utility-scale solar,50+ years,0.0,0.0
Cameroon,Hydropower,0-9 years,0.661,34.077790669085644
Cameroon,Hydropower,10-19 years,0.0,0.0
Cameroon,Hydropower,20-29 years,0.0,0.0
Cameroon,Hydropower,30-39 years,0.0,0.0
Cameroon,Hydropower,40-49 years,0.468,24.127694452544755
Cameroon,Hydropower,50+ years,0.276,14.229153138680239
Canada,Coal,0-9 years,0.0,0.0
Canada,Coal,10-19 years,0.11,0.0721586214757441
Canada,Coal,20-29 years,0.0,0.0
Canada,Coal,30-39 years,1.113,0.730114051840938
Canada,Coal,40-49 years,1.5557999999999998,1.020585302654206
Canada,Coal,50+ years,0.452,0.2965063355185121
Canada,Oil and gas,0-9 years,8.609200000000001,5.64752730917251
Canada,Oil and gas,10-19 years,7.157,4.6949023081990955
Canada,Oil and gas,20-29 years,7.1926000000000005,4.718255462058519
Canada,Oil and gas,30-39 years,1.7774,1.1659521255544325
Canada,Oil and gas,40-49 years,0.0,0.0
Canada,Oil and gas,50+ years,4.3529,2.855447849288786
Canada,Utility-scale solar,0-9 years,2.33110793814433,1.529177593887809
Canada,Utility-scale solar,10-19 years,1.5911810309278351,1.0437948155464174
Canada,Utility-scale solar,20-29 years,0.0,0.0
Canada,Utility-scale solar,30-39 years,0.0,0.0
Canada,Utility-scale solar,40-49 years,0.0,0.0
Canada,Utility-scale solar,50+ years,0.0,0.0
Canada,Wind,0-9 years,6.284,4.1222252486688715
Canada,Wind,10-19 years,10.033,6.581522266055822
Canada,Wind,20-29 years,1.392,0.9131345554021435
Canada,Wind,30-39 years,0.0,0.0
Canada,Wind,40-49 years,0.0,0.0
Canada,Wind,50+ years,0.0,0.0
Canada,Hydropower,0-9 years,3.478,2.281524413569436
Canada,Hydropower,10-19 years,4.402,2.8876568339656865
Canada,Hydropower,20-29 years,2.069,1.3572380712119503
Canada,Hydropower,30-39 years,7.711,5.058319365449661
Canada,Hydropower,40-49 years,17.303,11.350551158134547
Canada,Hydropower,50+ years,45.949,30.141968165354232
Canada,Nuclear,0-9 years,0.0,0.0
Canada,Nuclear,10-19 years,0.0,0.0
Canada,Nuclear,20-29 years,0.0,0.0
Canada,Nuclear,30-39 years,4.608,3.0227902523657164
Canada,Nuclear,40-49 years,8.937,5.862560001170227
Canada,Nuclear,50+ years,1.084,0.71109041527006
Canada,Bioenergy,0-9 years,0.24530000000000002,0.16091372589090935
Canada,Bioenergy,10-19 years,0.5317999999999999,0.34885413546182464
Canada,Bioenergy,20-29 years,0.294,0.19286031558062514
Canada,Bioenergy,30-39 years,0.617,0.40474426773212824
Canada,Bioenergy,40-49 years,0.205,0.13447743093206854
Canada,Bioenergy,50+ years,0.0878,0.05759569968700302
Canada,Geothermal,0-9 years,0.01,0.0065598746796131
Canada,Geothermal,10-19 years,0.0,0.0
Canada,Geothermal,20-29 years,0.0,0.0
Canada,Geothermal,30-39 years,0.0,0.0
Canada,Geothermal,40-49 years,0.0,0.0
Canada,Geothermal,50+ years,0.0,0.0
Cayman Islands,Oil and gas,0-9 years,0.0,0.0
Cayman Islands,Oil and gas,10-19 years,0.039700000000000006,25.031525851197983
Cayman Islands,Oil and gas,20-29 years,0.0,0.0
Cayman Islands,Oil and gas,30-39 years,0.0,0.0
Cayman Islands,Oil and gas,40-49 years,0.0,0.0
Cayman Islands,Oil and gas,50+ years,0.0,0.0
Cayman Islands,Utility-scale solar,0-9 years,0.004900000000000001,3.0895334174022704
Cayman Islands,Utility-scale solar,10-19 years,0.0,0.0
Cayman Islands,Utility-scale solar,20-29 years,0.0,0.0
Cayman Islands,Utility-scale solar,30-39 years,0.0,0.0
Cayman Islands,Utility-scale solar,40-49 years,0.0,0.0
Cayman Islands,Utility-scale solar,50+ years,0.0,0.0
Central African Republic,Oil and gas,0-9 years,0.05,54.04740881880088
Central African Republic,Oil and gas,10-19 years,0.0,0.0
Central African Republic,Oil and gas,20-29 years,0.0,0.0
Central African Republic,Oil and gas,30-39 years,0.0,0.0
Central African Republic,Oil and gas,40-49 years,0.0,0.0
Central African Republic,Oil and gas,50+ years,0.0,0.0
Central African Republic,Utility-scale solar,0-9 years,0.042511373056994824,45.95259118119912
Central African Republic,Utility-scale solar,10-19 years,0.0,0.0
Central African Republic,Utility-scale solar,20-29 years,0.0,0.0
Central African Republic,Utility-scale solar,30-39 years,0.0,0.0
Central African Republic,Utility-scale solar,40-49 years,0.0,0.0
Central African Republic,Utility-scale solar,50+ years,0.0,0.0
Chad,Utility-scale solar,0-9 years,0.11192681347150259,55.70526478656227
Chad,Utility-scale solar,10-19 years,0.0,0.0
Chad,Utility-scale solar,20-29 years,0.0,0.0
Chad,Utility-scale solar,30-39 years,0.0,0.0
Chad,Utility-scale solar,40-49 years,0.0,0.0
Chad,Utility-scale solar,50+ years,0.0,0.0
Chile,Coal,0-9 years,0.0,0.0
Chile,Coal,10-19 years,2.813,7.5829161623471055
Chile,Coal,20-29 years,0.0,0.0
Chile,Coal,30-39 years,0.304,0.8194832966062995
Chile,Coal,40-49 years,0.0,0.0
Chile,Coal,50+ years,0.0,0.0
Chile,Oil and gas,0-9 years,0.6284,1.6939582354848635
Chile,Oil and gas,10-19 years,2.5614,6.90468590765584
Chile,Oil and gas,20-29 years,3.5566,9.587415436545935
Chile,Oil and gas,30-39 years,0.0,0.0
Chile,Oil and gas,40-49 years,0.0,0.0
Chile,Oil and gas,50+ years,0.05,0.13478343694182554
Chile,Utility-scale solar,0-9 years,10.899320486666667,29.380957510467688
Chile,Utility-scale solar,10-19 years,1.4367994666666666,3.8731354062703054
Chile,Utility-scale solar,20-29 years,0.0,0.0
Chile,Utility-scale solar,30-39 years,0.0,0.0
Chile,Utility-scale solar,40-49 years,0.0,0.0
Chile,Utility-scale solar,50+ years,0.0,0.0
Chile,Wind,0-9 years,4.7752,12.872357361692108
Chile,Wind,10-19 years,1.24,3.342629236157274
Chile,Wind,20-29 years,0.0,0.0
Chile,Wind,30-39 years,0.0,0.0
Chile,Wind,40-49 years,0.0,0.0
Chile,Wind,50+ years,0.0,0.0
Chile,Hydropower,0-9 years,0.187,0.5040900541624276
Chile,Hydropower,10-19 years,1.075,2.8978438942492497
Chile,Hydropower,20-29 years,1.045,2.816973832084154
Chile,Hydropower,30-39 years,1.568,4.226808582495649
Chile,Hydropower,40-49 years,0.889,2.3964495088256585
Chile,Hydropower,50+ years,1.431,3.8575019652750475
Chile,Bioenergy,0-9 years,0.184,0.49600304794591804
Chile,Bioenergy,10-19 years,0.424,1.1429635452666806
Chile,Bioenergy,20-29 years,0.2,0.5391337477673022
Chile,Bioenergy,30-39 years,0.0835,0.2250883396928487
Chile,Bioenergy,40-49 years,0.0,0.0
Chile,Bioenergy,50+ years,0.0,0.0
Chile,Geothermal,0-9 years,0.081,0.21834916784575742
Chile,Geothermal,10-19 years,0.0,0.0
Chile,Geothermal,20-29 years,0.0,0.0
Chile,Geothermal,30-39 years,0.0,0.0
Chile,Geothermal,40-49 years,0.0,0.0
Chile,Geothermal,50+ years,0.0,0.0
China,Coal,0-9 years,408.2718,13.482032464799442
China,Coal,10-19 years,577.8062,19.08043109213617
China,Coal,20-29 years,222.9598,7.3626227967378375
China,Coal,30-39 years,45.275,1.49508004188336
China,Coal,40-49 years,4.82,0.15916699728056977
China,Coal,50+ years,0.125,0.004127774825740917
China,Oil and gas,0-9 years,109.76494,3.6246796486476973
China,Oil and gas,10-19 years,51.4261,1.6982028877282795
China,Oil and gas,20-29 years,16.24,0.5362805053602598
China,Oil and gas,30-39 years,0.252,0.008321594048693688
China,Oil and gas,40-49 years,0.0,0.0
China,Oil and gas,50+ years,0.0,0.0
China,Utility-scale solar,0-9 years,479.2136042311282,15.824686813582575
China,Utility-scale solar,10-19 years,59.576330886769476,1.9673414307553447
China,Utility-scale solar,20-29 years,0.0,0.0
China,Utility-scale solar,30-39 years,0.0,0.0
China,Utility-scale solar,40-49 years,0.0,0.0
China,Utility-scale solar,50+ years,0.0,0.0
China,Wind,0-9 years,370.4683,12.233677779800269
China,Wind,10-19 years,143.61260000000001,4.742403799513601
China,Wind,20-29 years,0.9455,0.031222488781904294
China,Wind,30-39 years,0.0,0.0
China,Wind,40-49 years,0.0,0.0
China,Wind,50+ years,0.0,0.0
China,Hydropower,0-9 years,111.824,3.6926743369092185
China,Hydropower,10-19 years,175.721,5.802693761232157
China,Hydropower,20-29 years,39.448,1.3026596906066215
China,Hydropower,30-39 years,24.337,0.8036612474724536
China,Hydropower,40-49 years,7.175,0.23693427499752862
China,Hydropower,50+ years,9.727,0.32120692583985516
China,Nuclear,0-9 years,27.203,0.8983028686770412
China,Nuclear,10-19 years,26.619,0.8790179046911798
China,Nuclear,20-29 years,4.736,0.15639313259767185
China,Nuclear,30-39 years,2.34,0.07727194473786995
China,Nuclear,40-49 years,0.0,0.0
China,Nuclear,50+ years,0.0,0.0
China,Bioenergy,0-9 years,27.877,0.9205598305374364
China,Bioenergy,10-19 years,6.648,0.2195315763322049
China,Bioenergy,20-29 years,0.5105,0.016857832388325902
China,Bioenergy,30-39 years,0.0,0.0
China,Bioenergy,40-49 years,0.0,0.0
China,Bioenergy,50+ years,0.0,0.0
China,Geothermal,0-9 years,0.016,0.0005283551776948374
China,Geothermal,10-19 years,0.0,0.0
China,Geothermal,20-29 years,0.0,0.0
China,Geothermal,30-39 years,0.0,0.0
China,Geothermal,40-49 years,0.0,0.0
China,Geothermal,50+ years,0.0,0.0
Colombia,Coal,0-9 years,0.27,1.2873020411002927
Colombia,Coal,10-19 years,0.334,1.592440302694436
Colombia,Coal,20-29 years,0.165,0.7866845806724011
Colombia,Coal,30-39 years,0.13,0.6198120938631039
Colombia,Coal,40-49 years,0.507,2.417267166066105
Colombia,Coal,50+ years,0.207,0.9869315648435576
Colombia,Oil and gas,0-9 years,1.07,5.101530311027085
Colombia,Oil and gas,10-19 years,0.45,2.145503401833821
Colombia,Oil and gas,20-29 years,2.249,10.722749223831697
Colombia,Oil and gas,30-39 years,0.26,1.2396241877262077
Colombia,Oil and gas,40-49 years,0.198,0.9440214968068813
Colombia,Oil and gas,50+ years,0.132,0.6293476645379209
Colombia,Utility-scale solar,0-9 years,2.5158986481481485,11.995264685046585
Colombia,Utility-scale solar,10-19 years,0.0,0.0
Colombia,Utility-scale solar,20-29 years,0.0,0.0
Colombia,Utility-scale solar,30-39 years,0.0,0.0
Colombia,Utility-scale solar,40-49 years,0.0,0.0
Colombia,Utility-scale solar,50+ years,0.0,0.0
Colombia,Wind,0-9 years,0.08990000000000001,0.4286239018330234
Colombia,Wind,10-19 years,0.0,0.0
Colombia,Wind,20-29 years,0.0,0.0
Colombia,Wind,30-39 years,0.0,0.0
Colombia,Wind,40-49 years,0.0,0.0
Colombia,Wind,50+ years,0.0,0.0
Colombia,Hydropower,0-9 years,1.255,5.983570598447656
Colombia,Hydropower,10-19 years,2.144,10.222131763403805
Colombia,Hydropower,20-29 years,1.141,5.440043069983089
Colombia,Hydropower,30-39 years,2.47,11.776429783398973
Colombia,Hydropower,40-49 years,2.341,11.161385474873278
Colombia,Hydropower,50+ years,2.766,13.187694243271885
Colombia,Bioenergy,0-9 years,0.087,0.4147973243545387
Colombia,Bioenergy,10-19 years,0.11,0.524456387114934
Colombia,Bioenergy,20-29 years,0.0345,0.16448859414059297
Colombia,Bioenergy,30-39 years,0.0,0.0
Colombia,Bioenergy,40-49 years,0.0,0.0
Colombia,Bioenergy,50+ years,0.0,0.0
Cook Islands,Utility-scale solar,0-9 years,0.0,0.0
Cook Islands,Utility-scale solar,10-19 years,0.0010298697318007663,100.0
Cook Islands,Utility-scale solar,20-29 years,0.0,0.0
Cook Islands,Utility-scale solar,30-39 years,0.0,0.0
Cook Islands,Utility-scale solar,40-49 years,0.0,0.0
Cook Islands,Utility-scale solar,50+ years,0.0,0.0
Costa Rica,Oil and gas,0-9 years,0.146,4.718200620475698
Costa Rica,Oil and gas,10-19 years,0.2024,6.540847983453982
Costa Rica,Oil and gas,20-29 years,0.09,2.908479834539814
Costa Rica,Oil and gas,30-39 years,0.10830000000000001,3.4998707342295763
Costa Rica,Oil and gas,40-49 years,0.0,0.0
Costa Rica,Oil and gas,50+ years,0.0,0.0
Costa Rica,Utility-scale solar,0-9 years,0.0218,0.7044984488107549
Costa Rica,Utility-scale solar,10-19 years,0.0,0.0
Costa Rica,Utility-scale solar,20-29 years,0.0,0.0
Costa Rica,Utility-scale solar,30-39 years,0.0,0.0
Costa Rica,Utility-scale solar,40-49 years,0.0,0.0
Costa Rica,Utility-scale solar,50+ years,0.0,0.0
Costa Rica,Wind,0-9 years,0.0644,2.0811789038262667
Costa Rica,Wind,10-19 years,0.211,6.818769389865563
Costa Rica,Wind,20-29 years,0.044,1.421923474663909
Costa Rica,Wind,30-39 years,0.023,0.7432781799379524
Costa Rica,Wind,40-49 years,0.0,0.0
Costa Rica,Wind,50+ years,0.0,0.0
Costa Rica,Hydropower,0-9 years,0.0,0.0
Costa Rica,Hydropower,10-19 years,0.708,22.880041365046537
Costa Rica,Hydropower,20-29 years,0.26,8.402275077559462
Costa Rica,Hydropower,30-39 years,0.065,2.1005687693898656
Costa Rica,Hydropower,40-49 years,0.331,10.696742502585316
Costa Rica,Hydropower,50+ years,0.404,13.055842812823165
Costa Rica,Geothermal,0-9 years,0.055,1.7774043433298863
Costa Rica,Geothermal,10-19 years,0.035,1.1310754912099275
Costa Rica,Geothermal,20-29 years,0.084,2.714581178903826
Costa Rica,Geothermal,30-39 years,0.06,1.9389865563598758
Costa Rica,Geothermal,40-49 years,0.0,0.0
Costa Rica,Geothermal,50+ years,0.0,0.0
Croatia,Coal,0-9 years,0.0,0.0
Croatia,Coal,10-19 years,0.0,0.0
Croatia,Coal,20-29 years,0.217,4.340434043404341
Croatia,Coal,30-39 years,0.0,0.0
Croatia,Coal,40-49 years,0.0,0.0
Croatia,Coal,50+ years,0.0,0.0
Croatia,Oil and gas,0-9 years,0.385,7.700770077007702
Croatia,Oil and gas,10-19 years,0.1,2.0002000200020005
Croatia,Oil and gas,20-29 years,0.24780000000000002,4.956495649564957
Croatia,Oil and gas,30-39 years,0.0,0.0
Croatia,Oil and gas,40-49 years,0.638,12.761276127612762
Croatia,Oil and gas,50+ years,0.05,1.0001000100010002
Croatia,Utility-scale solar,0-9 years,0.2716,5.432543254325433
Croatia,Utility-scale solar,10-19 years,0.0,0.0
Croatia,Utility-scale solar,20-29 years,0.0,0.0
Croatia,Utility-scale solar,30-39 years,0.0,0.0
Croatia,Utility-scale solar,40-49 years,0.0,0.0
Croatia,Utility-scale solar,50+ years,0.0,0.0
Croatia,Wind,0-9 years,0.636,12.721272127212721
Croatia,Wind,10-19 years,0.343,6.860686068606861
Croatia,Wind,20-29 years,0.011,0.22002200220022
Croatia,Wind,30-39 years,0.0,0.0
Croatia,Wind,40-49 years,0.0,0.0
Croatia,Wind,50+ years,0.0,0.0
Croatia,Hydropower,0-9 years,0.0,0.0
Croatia,Hydropower,10-19 years,0.042,0.8400840084008401
Croatia,Hydropower,20-29 years,0.0,0.0
Croatia,Hydropower,30-39 years,0.076,1.5201520152015202
Croatia,Hydropower,40-49 years,0.317,6.34063406340634
Croatia,Hydropower,50+ years,1.441,28.822882288228826
Croatia,Geothermal,0-9 years,0.0361,0.7220722072207221
Croatia,Geothermal,10-19 years,0.0,0.0
Croatia,Geothermal,20-29 years,0.0,0.0
Croatia,Geothermal,30-39 years,0.0,0.0
Croatia,Geothermal,40-49 years,0.0,0.0
Croatia,Geothermal,50+ years,0.0,0.0
Cuba,Oil and gas,0-9 years,0.084,3.919011349555362
Cuba,Oil and gas,10-19 years,0.547,25.520228669128365
Cuba,Oil and gas,20-29 years,0.173,8.071297184203303
Cuba,Oil and gas,30-39 years,0.25,11.663724254629052
Cuba,Oil and gas,40-49 years,0.0,0.0
Cuba,Oil and gas,50+ years,0.125,5.831862127314526
Cuba,Utility-scale solar,0-9 years,0.8301977222222222,38.73278923528451
Cuba,Utility-scale solar,10-19 years,0.0,0.0
Cuba,Utility-scale solar,20-29 years,0.0,0.0
Cuba,Utility-scale solar,30-39 years,0.0,0.0
Cuba,Utility-scale solar,40-49 years,0.0,0.0
Cuba,Utility-scale solar,50+ years,0.0,0.0
Cuba,Wind,0-9 years,0.0,0.0
Cuba,Wind,10-19 years,0.0112,0.5225348466073815
Cuba,Wind,20-29 years,0.0,0.0
Cuba,Wind,30-39 years,0.0,0.0
Cuba,Wind,40-49 years,0.0,0.0
Cuba,Wind,50+ years,0.0,0.0
Cuba,Bioenergy,0-9 years,0.06,2.7992938211109726
Cuba,Bioenergy,10-19 years,0.0,0.0
Cuba,Bioenergy,20-29 years,0.0,0.0
Cuba,Bioenergy,30-39 years,0.0,0.0
Cuba,Bioenergy,40-49 years,0.0,0.0
Cuba,Bioenergy,50+ years,0.0,0.0
Curaçao,Wind,0-9 years,0.0395,56.83453237410072
Curaçao,Wind,10-19 years,0.03,43.16546762589928
Curaçao,Wind,20-29 years,0.0,0.0
Curaçao,Wind,30-39 years,0.0,0.0
Curaçao,Wind,40-49 years,0.0,0.0
Curaçao,Wind,50+ years,0.0,0.0
Cyprus,Oil and gas,0-9 years,0.0,0.0
Cyprus,Oil and gas,10-19 years,0.76,31.60214561936047
Cyprus,Oil and gas,20-29 years,0.463,19.252359765478815
Cyprus,Oil and gas,30-39 years,0.39,16.216890515198138
Cyprus,Oil and gas,40-49 years,0.24,9.979624932429623
Cyprus,Oil and gas,50+ years,0.0,0.0
Cyprus,Utility-scale solar,0-9 years,0.38489999999999996,16.004823485384005
Cyprus,Utility-scale solar,10-19 years,0.011,0.45739947606969106
Cyprus,Utility-scale solar,20-29 years,0.0,0.0
Cyprus,Utility-scale solar,30-39 years,0.0,0.0
Cyprus,Utility-scale solar,40-49 years,0.0,0.0
Cyprus,Utility-scale solar,50+ years,0.0,0.0
Cyprus,Wind,0-9 years,0.0,0.0
Cyprus,Wind,10-19 years,0.156,6.486756206079254
Cyprus,Wind,20-29 years,0.0,0.0
Cyprus,Wind,30-39 years,0.0,0.0
Cyprus,Wind,40-49 years,0.0,0.0
Cyprus,Wind,50+ years,0.0,0.0
Czech Republic,Coal,0-9 years,0.66,3.7233631446848143
Czech Republic,Coal,10-19 years,0.885,4.992691489463728
Czech Republic,Coal,20-29 years,0.6116,3.4503165140745953
Czech Republic,Coal,30-39 years,0.038,0.21437545378488326
Czech Republic,Coal,40-49 years,1.355,7.6441773652241265
Czech Republic,Coal,50+ years,3.364,18.9778691192723
Czech Republic,Oil and gas,0-9 years,0.123,0.6938994951458064
Czech Republic,Oil and gas,10-19 years,0.977,5.511705745995552
Czech Republic,Oil and gas,20-29 years,0.172,0.9703310013421031
Czech Republic,Oil and gas,30-39 years,0.466,2.628920038519884
Czech Republic,Oil and gas,40-49 years,0.0,0.0
Czech Republic,Oil and gas,50+ years,0.081,0.45695820412040905
Czech Republic,Utility-scale solar,0-9 years,2.5988,14.661024455161964
Czech Republic,Utility-scale solar,10-19 years,0.20031000000000002,1.1300407144118412
Czech Republic,Utility-scale solar,20-29 years,0.0,0.0
Czech Republic,Utility-scale solar,30-39 years,0.0,0.0
Czech Republic,Utility-scale solar,40-49 years,0.0,0.0
Czech Republic,Utility-scale solar,50+ years,0.0,0.0
Czech Republic,Wind,0-9 years,0.053,0.2989973434368109
Czech Republic,Wind,10-19 years,0.098,0.5528630123925937
Czech Republic,Wind,20-29 years,0.0,0.0
Czech Republic,Wind,30-39 years,0.0,0.0
Czech Republic,Wind,40-49 years,0.0,0.0
Czech Republic,Wind,50+ years,0.0,0.0
Czech Republic,Hydropower,0-9 years,0.0,0.0
Czech Republic,Hydropower,10-19 years,0.0,0.0
Czech Republic,Hydropower,20-29 years,0.0,0.0
Czech Republic,Hydropower,30-39 years,0.65,3.666948551583529
Czech Republic,Hydropower,40-49 years,0.472,2.6627687943806553
Czech Republic,Hydropower,50+ years,0.697,3.932097139159569
Czech Republic,Nuclear,0-9 years,0.0,0.0
Czech Republic,Nuclear,10-19 years,0.0,0.0
Czech Republic,Nuclear,20-29 years,2.164,12.208117947118089
Czech Republic,Nuclear,30-39 years,0.5,2.8207296550642535
Czech Republic,Nuclear,40-49 years,1.5,8.46218896519276
Czech Republic,Nuclear,50+ years,0.0,0.0
Czech Republic,Bioenergy,0-9 years,0.0075,0.0423109448259638
Czech Republic,Bioenergy,10-19 years,0.0,0.0
Czech Republic,Bioenergy,20-29 years,0.0,0.0
Czech Republic,Bioenergy,30-39 years,0.022699999999999998,0.1280611263399171
Czech Republic,Bioenergy,40-49 years,0.0,0.0
Czech Republic,Bioenergy,50+ years,0.03,0.1692437793038552
Côte d'Ivoire,Oil and gas,0-9 years,0.643,24.099907798175455
Côte d'Ivoire,Oil and gas,10-19 years,0.915,34.294581081384976
Côte d'Ivoire,Oil and gas,20-29 years,0.111,4.160326229545063
Côte d'Ivoire,Oil and gas,30-39 years,0.0,0.0
Côte d'Ivoire,Oil and gas,40-49 years,0.0,0.0
Côte d'Ivoire,Oil and gas,50+ years,0.0,0.0
Côte d'Ivoire,Utility-scale solar,0-9 years,0.03306,1.2391025689077457
Côte d'Ivoire,Utility-scale solar,10-19 years,0.0,0.0
Côte d'Ivoire,Utility-scale solar,20-29 years,0.0,0.0
Côte d'Ivoire,Utility-scale solar,30-39 years,0.0,0.0
Côte d'Ivoire,Utility-scale solar,40-49 years,0.0,0.0
Côte d'Ivoire,Utility-scale solar,50+ years,0.0,0.0
Côte d'Ivoire,Hydropower,0-9 years,0.387,14.504921178684139
Côte d'Ivoire,Hydropower,10-19 years,0.0,0.0
Côte d'Ivoire,Hydropower,20-29 years,0.0,0.0
Côte d'Ivoire,Hydropower,30-39 years,0.0,0.0
Côte d'Ivoire,Hydropower,40-49 years,0.375,14.055156180895482
Côte d'Ivoire,Hydropower,50+ years,0.204,7.646004962407142
DR Congo,Utility-scale solar,0-9 years,0.03084269430051813,1.0570375970152126
DR Congo,Utility-scale solar,10-19 years,0.0,0.0
DR Congo,Utility-scale solar,20-29 years,0.0,0.0
DR Congo,Utility-scale solar,30-39 years,0.0,0.0
DR Congo,Utility-scale solar,40-49 years,0.0,0.0
DR Congo,Utility-scale solar,50+ years,0.0,0.0
DR Congo,Hydropower,0-9 years,0.465,15.93643142271837
DR Congo,Hydropower,10-19 years,0.064,2.1934013140945714
DR Congo,Hydropower,20-29 years,0.0,0.0
DR Congo,Hydropower,30-39 years,0.04,1.3708758213091068
DR Congo,Hydropower,40-49 years,1.424,48.80317923860421
DR Congo,Hydropower,50+ years,0.894,30.639074606258543
Denmark,Coal,0-9 years,0.0,0.0
Denmark,Coal,10-19 years,0.0,0.0
Denmark,Coal,20-29 years,0.411,3.5473551058959765
Denmark,Coal,30-39 years,0.0,0.0
Denmark,Coal,40-49 years,0.0,0.0
Denmark,Coal,50+ years,0.0,0.0
Denmark,Oil and gas,0-9 years,0.362,3.1244344241711524
Denmark,Oil and gas,10-19 years,0.025,0.21577585802286964
Denmark,Oil and gas,20-29 years,0.382,3.297055110589448
Denmark,Oil and gas,30-39 years,0.2562,2.211270993018368
Denmark,Oil and gas,40-49 years,0.0,0.0
Denmark,Oil and gas,50+ years,0.126,1.0875103244352629
Denmark,Utility-scale solar,0-9 years,2.6182956975308644,22.598600027692406
Denmark,Utility-scale solar,10-19 years,0.14790620370370372,1.2765835204428801
Denmark,Utility-scale solar,20-29 years,0.21924000000000002,1.8922679645173575
Denmark,Utility-scale solar,30-39 years,0.0,0.0
Denmark,Utility-scale solar,40-49 years,0.0,0.0
Denmark,Utility-scale solar,50+ years,0.0,0.0
Denmark,Wind,0-9 years,2.2626,19.52857825450179
Denmark,Wind,10-19 years,2.069,17.857610009972692
Denmark,Wind,20-29 years,0.522,4.5053999155175175
Denmark,Wind,30-39 years,0.024,0.20714482370195486
Denmark,Wind,40-49 years,0.0,0.0
Denmark,Wind,50+ years,0.0,0.0
Denmark,Bioenergy,0-9 years,0.384,3.3143171792312778
Denmark,Bioenergy,10-19 years,0.099,0.8544723977705637
Denmark,Bioenergy,20-29 years,0.624,5.385765416250826
Denmark,Bioenergy,30-39 years,0.25,2.157758580228696
Denmark,Bioenergy,40-49 years,0.414,3.573248208858721
Denmark,Bioenergy,50+ years,0.163,1.40685859430911
Djibouti,Oil and gas,0-9 years,0.0,0.0
Djibouti,Oil and gas,10-19 years,0.0,0.0
Djibouti,Oil and gas,20-29 years,0.108,34.12031815510635
Djibouti,Oil and gas,30-39 years,0.0,0.0
Djibouti,Oil and gas,40-49 years,0.0,0.0
Djibouti,Oil and gas,50+ years,0.0,0.0
Djibouti,Utility-scale solar,0-9 years,0.1359869170984456,42.96219329936143
Djibouti,Utility-scale solar,10-19 years,0.013540025906735751,4.277685108946352
Djibouti,Utility-scale solar,20-29 years,0.0,0.0
Djibouti,Utility-scale solar,30-39 years,0.0,0.0
Djibouti,Utility-scale solar,40-49 years,0.0,0.0
Djibouti,Utility-scale solar,50+ years,0.0,0.0
Djibouti,Wind,0-9 years,0.059,18.639803436585872
Djibouti,Wind,10-19 years,0.0,0.0
Djibouti,Wind,20-29 years,0.0,0.0
Djibouti,Wind,30-39 years,0.0,0.0
Djibouti,Wind,40-49 years,0.0,0.0
Djibouti,Wind,50+ years,0.0,0.0
Dominican Republic,Coal,0-9 years,0.752,11.950758821205174
Dominican Republic,Coal,10-19 years,0.0,0.0
Dominican Republic,Coal,20-29 years,0.052,0.8263822589131238
Dominican Republic,Coal,30-39 years,0.132,2.0977395803179295
Dominican Republic,Coal,40-49 years,0.128,2.034171714247689
Dominican Republic,Coal,50+ years,0.0,0.0
Dominican Republic,Oil and gas,0-9 years,1.6965999999999999,26.962310393692412
Dominican Republic,Oil and gas,10-19 years,0.22269999999999998,3.539140943460627
Dominican Republic,Oil and gas,20-29 years,0.8757999999999999,13.91818427607911
Dominican Republic,Oil and gas,30-39 years,0.0,0.0
Dominican Republic,Oil and gas,40-49 years,0.0,0.0
Dominican Republic,Oil and gas,50+ years,0.198,3.146609370476894
Dominican Republic,Utility-scale solar,0-9 years,1.045096,16.60863063963596
Dominican Republic,Utility-scale solar,10-19 years,0.03,0.4767589955268021
Dominican Republic,Utility-scale solar,20-29 years,0.0,0.0
Dominican Republic,Utility-scale solar,30-39 years,0.0,0.0
Dominican Republic,Utility-scale solar,40-49 years,0.0,0.0
Dominican Republic,Utility-scale solar,50+ years,0.0,0.0
Dominican Republic,Wind,0-9 years,0.33,5.244348950794824
Dominican Republic,Wind,10-19 years,0.1354,2.151772266477634
Dominican Republic,Wind,20-29 years,0.0,0.0
Dominican Republic,Wind,30-39 years,0.0,0.0
Dominican Republic,Wind,40-49 years,0.0,0.0
Dominican Republic,Wind,50+ years,0.0,0.0
Dominican Republic,Hydropower,0-9 years,0.0,0.0
Dominican Republic,Hydropower,10-19 years,0.14,2.2248753124584097
Dominican Republic,Hydropower,20-29 years,0.052,0.8263822589131238
Dominican Republic,Hydropower,30-39 years,0.158,2.510930709774491
Dominican Republic,Hydropower,40-49 years,0.0,0.0
Dominican Republic,Hydropower,50+ years,0.134,2.1295235133530497
Dominican Republic,Bioenergy,0-9 years,0.037,0.5880027611497226
Dominican Republic,Bioenergy,10-19 years,0.0,0.0
Dominican Republic,Bioenergy,20-29 years,0.007,0.11124376562292049
Dominican Republic,Bioenergy,30-39 years,0.0,0.0
Dominican Republic,Bioenergy,40-49 years,0.0,0.0
Dominican Republic,Bioenergy,50+ years,0.0,0.0
Ecuador,Oil and gas,0-9 years,0.32330000000000003,4.5413460079050045
Ecuador,Oil and gas,10-19 years,0.43960000000000005,6.174994448113331
Ecuador,Oil and gas,20-29 years,0.48460000000000003,6.807102615003913
Ecuador,Oil and gas,30-39 years,0.0,0.0
Ecuador,Oil and gas,40-49 years,0.2785,3.912047210645047
Ecuador,Oil and gas,50+ years,0.0,0.0
Ecuador,Utility-scale solar,0-9 years,0.013100000000000002,0.18401371080592502
Ecuador,Utility-scale solar,10-19 years,0.0038362962962962964,0.053887871544466254
Ecuador,Utility-scale solar,20-29 years,0.0,0.0
Ecuador,Utility-scale solar,30-39 years,0.0,0.0
Ecuador,Utility-scale solar,40-49 years,0.0,0.0
Ecuador,Utility-scale solar,50+ years,0.0,0.0
Ecuador,Wind,0-9 years,0.05,0.7023424076562024
Ecuador,Wind,10-19 years,0.016,0.22474957044998473
Ecuador,Wind,20-29 years,0.0,0.0
Ecuador,Wind,30-39 years,0.0,0.0
Ecuador,Wind,40-49 years,0.0,0.0
Ecuador,Wind,50+ years,0.0,0.0
Ecuador,Hydropower,0-9 years,0.96,13.484974226999086
Ecuador,Hydropower,10-19 years,2.578,36.21277453875379
Ecuador,Hydropower,20-29 years,0.07,0.9832793707186833
Ecuador,Hydropower,30-39 years,0.388,5.45017708341213
Ecuador,Hydropower,40-49 years,1.172,16.462906035461383
Ecuador,Hydropower,50+ years,0.118,1.6575280820686373
Ecuador,Bioenergy,0-9 years,0.0,0.0
Ecuador,Bioenergy,10-19 years,0.043,0.604014470584334
Ecuador,Bioenergy,20-29 years,0.03,0.4214054445937214
Ecuador,Bioenergy,30-39 years,0.0,0.0
Ecuador,Bioenergy,40-49 years,0.0,0.0
Ecuador,Bioenergy,50+ years,0.0,0.0
Egypt,Oil and gas,0-9 years,24.4577,38.38805021947037
Egypt,Oil and gas,10-19 years,16.094,25.26064512330089
Egypt,Oil and gas,20-29 years,6.6698,10.468711994742902
Egypt,Oil and gas,30-39 years,4.823,7.570031777661251
Egypt,Oil and gas,40-49 years,2.109,3.310221235556206
Egypt,Oil and gas,50+ years,0.0,0.0
Egypt,Utility-scale solar,0-9 years,3.257432631578947,5.112765609505152
Egypt,Utility-scale solar,10-19 years,0.02,0.03139138203467241
Egypt,Utility-scale solar,20-29 years,0.0,0.0
Egypt,Utility-scale solar,30-39 years,0.0,0.0
Egypt,Utility-scale solar,40-49 years,0.0,0.0
Egypt,Utility-scale solar,50+ years,0.0,0.0
Egypt,Wind,0-9 years,2.499,3.9223531852323177
Egypt,Wind,10-19 years,0.2,0.3139138203467241
Egypt,Wind,20-29 years,0.225,0.3531530478900646
Egypt,Wind,30-39 years,0.0,0.0
Egypt,Wind,40-49 years,0.0,0.0
Egypt,Wind,50+ years,0.0,0.0
Egypt,Hydropower,0-9 years,0.032,0.050226211255475856
Egypt,Hydropower,10-19 years,0.064,0.10045242251095171
Egypt,Hydropower,20-29 years,0.0,0.0
Egypt,Hydropower,30-39 years,0.086,0.13498294274909137
Egypt,Hydropower,40-49 years,0.27,0.4237836574680775
Egypt,Hydropower,50+ years,2.422,3.8014963643988287
El Salvador,Oil and gas,0-9 years,0.378,13.508172801904223
El Salvador,Oil and gas,10-19 years,0.12459999999999999,4.452693997664725
El Salvador,Oil and gas,20-29 years,0.283,10.113261647986494
El Salvador,Oil and gas,30-39 years,0.1439,5.142397000513274
El Salvador,Oil and gas,40-49 years,0.0,0.0
El Salvador,Oil and gas,50+ years,0.0,0.0
El Salvador,Utility-scale solar,0-9 years,0.6899052037037037,24.654388117890377
El Salvador,Utility-scale solar,10-19 years,0.005899462962962962,0.21082265910618408
El Salvador,Utility-scale solar,20-29 years,0.0,0.0
El Salvador,Utility-scale solar,30-39 years,0.0,0.0
El Salvador,Utility-scale solar,40-49 years,0.0,0.0
El Salvador,Utility-scale solar,50+ years,0.0,0.0
El Salvador,Wind,0-9 years,0.054,1.9297389717006033
El Salvador,Wind,10-19 years,0.0,0.0
El Salvador,Wind,20-29 years,0.0,0.0
El Salvador,Wind,30-39 years,0.0,0.0
El Salvador,Wind,40-49 years,0.0,0.0
El Salvador,Wind,50+ years,0.0,0.0
El Salvador,Hydropower,0-9 years,0.067,2.3943057611840817
El Salvador,Hydropower,10-19 years,0.0,0.0
El Salvador,Hydropower,20-29 years,0.0,0.0
El Salvador,Hydropower,30-39 years,0.0,0.0
El Salvador,Hydropower,40-49 years,0.18,6.4324632390020104
El Salvador,Hydropower,50+ years,0.352,12.579039222937267
El Salvador,Bioenergy,0-9 years,0.0,0.0
El Salvador,Bioenergy,10-19 years,0.154,5.503329660035053
El Salvador,Bioenergy,20-29 years,0.045,1.6081158097505026
El Salvador,Bioenergy,30-39 years,0.0,0.0
El Salvador,Bioenergy,40-49 years,0.0,0.0
El Salvador,Bioenergy,50+ years,0.0,0.0
El Salvador,Geothermal,0-9 years,0.0135,0.4824347429251508
El Salvador,Geothermal,10-19 years,0.0448,1.6009686283738338
El Salvador,Geothermal,20-29 years,0.0562,2.008357966843961
El Salvador,Geothermal,30-39 years,0.0092,0.32877034332676935
El Salvador,Geothermal,40-49 years,0.035,1.2507567409170575
El Salvador,Geothermal,50+ years,0.06,2.14415441300067
Equatorial Guinea,Oil and gas,0-9 years,0.04,11.678377189648451
Equatorial Guinea,Oil and gas,10-19 years,0.0,0.0
Equatorial Guinea,Oil and gas,20-29 years,0.0,0.0
Equatorial Guinea,Oil and gas,30-39 years,0.0,0.0
Equatorial Guinea,Oil and gas,40-49 years,0.0,0.0
Equatorial Guinea,Oil and gas,50+ years,0.0,0.0
Equatorial Guinea,Hydropower,0-9 years,0.0,0.0
Equatorial Guinea,Hydropower,10-19 years,0.12,35.035131568945346
Equatorial Guinea,Hydropower,20-29 years,0.0,0.0
Equatorial Guinea,Hydropower,30-39 years,0.0,0.0
Equatorial Guinea,Hydropower,40-49 years,0.0,0.0
Equatorial Guinea,Hydropower,50+ years,0.0,0.0
Eritrea,Oil and gas,0-9 years,0.046,24.10901467505241
Eritrea,Oil and gas,10-19 years,0.0,0.0
Eritrea,Oil and gas,20-29 years,0.088,46.12159329140461
Eritrea,Oil and gas,30-39 years,0.012,6.289308176100629
Eritrea,Oil and gas,40-49 years,0.0,0.0
Eritrea,Oil and gas,50+ years,0.0,0.0
Eritrea,Utility-scale solar,0-9 years,0.0228,11.949685534591195
Eritrea,Utility-scale solar,10-19 years,0.0,0.0
Eritrea,Utility-scale solar,20-29 years,0.0,0.0
Eritrea,Utility-scale solar,30-39 years,0.0,0.0
Eritrea,Utility-scale solar,40-49 years,0.0,0.0
Eritrea,Utility-scale solar,50+ years,0.0,0.0
Estonia,Oil and gas,0-9 years,0.0,0.0
Estonia,Oil and gas,10-19 years,0.2511,11.148792603592215
Estonia,Oil and gas,20-29 years,0.0,0.0
Estonia,Oil and gas,30-39 years,0.0,0.0
Estonia,Oil and gas,40-49 years,0.207,9.190760927692507
Estonia,Oil and gas,50+ years,0.0,0.0
Estonia,Utility-scale solar,0-9 years,1.0011618271604938,44.45139615151645
Estonia,Utility-scale solar,10-19 years,0.0,0.0
Estonia,Utility-scale solar,20-29 years,0.0,0.0
Estonia,Utility-scale solar,30-39 years,0.0,0.0
Estonia,Utility-scale solar,40-49 years,0.0,0.0
Estonia,Utility-scale solar,50+ years,0.0,0.0
Estonia,Wind,0-9 years,0.429,19.047519024058385
Estonia,Wind,10-19 years,0.241,10.700354510018812
Estonia,Wind,20-29 years,0.018,0.799196602408044
Estonia,Wind,30-39 years,0.0,0.0
Estonia,Wind,40-49 years,0.0,0.0
Estonia,Wind,50+ years,0.0,0.0
Estonia,Bioenergy,0-9 years,0.01,0.44399811244891335
Estonia,Bioenergy,10-19 years,0.095,4.217982068264678
Estonia,Bioenergy,20-29 years,0.0,0.0
Estonia,Bioenergy,30-39 years,0.0,0.0
Estonia,Bioenergy,40-49 years,0.0,0.0
Estonia,Bioenergy,50+ years,0.0,0.0
Eswatini,Utility-scale solar,0-9 years,0.013726683937823832,12.62494489915055
Eswatini,Utility-scale solar,10-19 years,0.0,0.0
Eswatini,Utility-scale solar,20-29 years,0.0,0.0
Eswatini,Utility-scale solar,30-39 years,0.0,0.0
Eswatini,Utility-scale solar,40-49 years,0.0,0.0
Eswatini,Utility-scale solar,50+ years,0.0,0.0
Eswatini,Bioenergy,0-9 years,0.025,22.993435552855118
Eswatini,Bioenergy,10-19 years,0.0,0.0
Eswatini,Bioenergy,20-29 years,0.0,0.0
Eswatini,Bioenergy,30-39 years,0.0,0.0
Eswatini,Bioenergy,40-49 years,0.0,0.0
Eswatini,Bioenergy,50+ years,0.0,0.0
Ethiopia,Utility-scale solar,0-9 years,0.0015,0.014800927524791552
Ethiopia,Utility-scale solar,10-19 years,0.0,0.0
Ethiopia,Utility-scale solar,20-29 years,0.0,0.0
Ethiopia,Utility-scale solar,30-39 years,0.0,0.0
Ethiopia,Utility-scale solar,40-49 years,0.0,0.0
Ethiopia,Utility-scale solar,50+ years,0.0,0.0
Ethiopia,Wind,0-9 years,0.34,3.3548769056194185
Ethiopia,Wind,10-19 years,0.324,3.197000345354976
Ethiopia,Wind,20-29 years,0.0,0.0
Ethiopia,Wind,30-39 years,0.0,0.0
Ethiopia,Wind,40-49 years,0.0,0.0
Ethiopia,Wind,50+ years,0.0,0.0
Ethiopia,Hydropower,0-9 years,5.404,53.3228082293157
Ethiopia,Hydropower,10-19 years,3.147,31.05234594701268
Ethiopia,Hydropower,20-29 years,0.257,2.5358922492476195
Ethiopia,Hydropower,30-39 years,0.153,1.5096946075287383
Ethiopia,Hydropower,40-49 years,0.0,0.0
Ethiopia,Hydropower,50+ years,0.24,2.3681484039666483
Ethiopia,Bioenergy,0-9 years,0.206,2.0326607134047068
Ethiopia,Bioenergy,10-19 years,0.031,0.3058858355123588
Ethiopia,Bioenergy,20-29 years,0.0,0.0
Ethiopia,Bioenergy,30-39 years,0.0,0.0
Ethiopia,Bioenergy,40-49 years,0.0,0.0
Ethiopia,Bioenergy,50+ years,0.0,0.0
Faroe Islands,Wind,0-9 years,0.025,67.56756756756756
Faroe Islands,Wind,10-19 years,0.012,32.432432432432435
Faroe Islands,Wind,20-29 years,0.0,0.0
Faroe Islands,Wind,30-39 years,0.0,0.0
Faroe Islands,Wind,40-49 years,0.0,0.0
Faroe Islands,Wind,50+ years,0.0,0.0
Fiji,Oil and gas,0-9 years,0.0,0.0
Fiji,Oil and gas,10-19 years,0.036,11.753183153770813
Fiji,Oil and gas,20-29 years,0.082,26.771139405811294
Fiji,Oil and gas,30-39 years,0.0,0.0
Fiji,Oil and gas,40-49 years,0.0,0.0
Fiji,Oil and gas,50+ years,0.01,3.26477309826967
Fiji,Wind,0-9 years,0.0,0.0
Fiji,Wind,10-19 years,0.01,3.26477309826967
Fiji,Wind,20-29 years,0.0,0.0
Fiji,Wind,30-39 years,0.0,0.0
Fiji,Wind,40-49 years,0.0,0.0
Fiji,Wind,50+ years,0.0,0.0
Fiji,Hydropower,0-9 years,0.0,0.0
Fiji,Hydropower,10-19 years,0.04,13.05909239307868
Fiji,Hydropower,20-29 years,0.0,0.0
Fiji,Hydropower,30-39 years,0.0,0.0
Fiji,Hydropower,40-49 years,0.08,26.11818478615736
Fiji,Hydropower,50+ years,0.0,0.0
Fiji,Bioenergy,0-9 years,0.012,3.917727717923604
Fiji,Bioenergy,10-19 years,0.024,7.835455435847208
Fiji,Bioenergy,20-29 years,0.0,0.0
Fiji,Bioenergy,30-39 years,0.0,0.0
Fiji,Bioenergy,40-49 years,0.0,0.0
Fiji,Bioenergy,50+ years,0.0,0.0
Finland,Coal,0-9 years,0.0,0.0
Finland,Coal,10-19 years,0.0,0.0
Finland,Coal,20-29 years,0.0,0.0
Finland,Coal,30-39 years,0.614,2.6593741757966645
Finland,Coal,40-49 years,0.039200000000000006,0.1697841493342496
Finland,Coal,50+ years,0.0,0.0
Finland,Oil and gas,0-9 years,0.031,0.13426807727963616
Finland,Oil and gas,10-19 years,0.679,2.940904015253966
Finland,Oil and gas,20-29 years,0.637,2.758992426681556
Finland,Oil and gas,30-39 years,0.4,1.7324913197372407
Finland,Oil and gas,40-49 years,0.0,0.0
Finland,Oil and gas,50+ years,0.564,2.442812760829509
Finland,Utility-scale solar,0-9 years,0.19273876543209878,0.8347955952199582
Finland,Utility-scale solar,10-19 years,0.0,0.0
Finland,Utility-scale solar,20-29 years,0.0,0.0
Finland,Utility-scale solar,30-39 years,0.0,0.0
Finland,Utility-scale solar,40-49 years,0.0,0.0
Finland,Utility-scale solar,50+ years,0.0,0.0
Finland,Wind,0-9 years,7.2269,31.30135379652266
Finland,Wind,10-19 years,1.32,5.717221355132894
Finland,Wind,20-29 years,0.0115,0.049809125442445666
Finland,Wind,30-39 years,0.0,0.0
Finland,Wind,40-49 years,0.0,0.0
Finland,Wind,50+ years,0.0,0.0
Finland,Hydropower,0-9 years,0.0,0.0
Finland,Hydropower,10-19 years,0.0,0.0
Finland,Hydropower,20-29 years,0.0,0.0
Finland,Hydropower,30-39 years,0.0,0.0
Finland,Hydropower,40-49 years,0.041,0.17758036027306717
Finland,Hydropower,50+ years,2.504,10.845395661555127
Finland,Nuclear,0-9 years,1.72,7.449712674870135
Finland,Nuclear,10-19 years,0.0,0.0
Finland,Nuclear,20-29 years,0.0,0.0
Finland,Nuclear,30-39 years,0.0,0.0
Finland,Nuclear,40-49 years,2.902,12.56922452469368
Finland,Nuclear,50+ years,0.0,0.0
Finland,Bioenergy,0-9 years,0.909,3.937086524102879
Finland,Bioenergy,10-19 years,0.9067999999999999,3.9275578218443243
Finland,Bioenergy,20-29 years,0.768,3.3263833338955022
Finland,Bioenergy,30-39 years,0.537,2.3258695967472454
Finland,Bioenergy,40-49 years,0.263,1.1391130427272358
Finland,Bioenergy,50+ years,0.134,0.5803845921119756
France,Coal,0-9 years,0.0,0.0
France,Coal,10-19 years,0.0,0.0
France,Coal,20-29 years,0.0,0.0
France,Coal,30-39 years,0.0,0.0
France,Coal,40-49 years,1.907,1.367770317040368
France,Coal,50+ years,0.0,0.0
France,Oil and gas,0-9 years,0.5205,0.3733216832823868
France,Oil and gas,10-19 years,7.09,5.085207943270167
France,Oil and gas,20-29 years,2.5203,1.8076515626831884
France,Oil and gas,30-39 years,0.3549,0.25454729182885505
France,Oil and gas,40-49 years,0.616,0.4418177846339102
France,Oil and gas,50+ years,0.266,0.19078495245555213
France,Utility-scale solar,0-9 years,9.170043224719102,6.577091205426284
France,Utility-scale solar,10-19 years,2.976336426966292,2.13473760793418
France,Utility-scale solar,20-29 years,0.0,0.0
France,Utility-scale solar,30-39 years,0.0,0.0
France,Utility-scale solar,40-49 years,0.0,0.0
France,Utility-scale solar,50+ years,0.0,0.0
France,Wind,0-9 years,10.8232,7.762795854950872
France,Wind,10-19 years,10.0801,7.22981729040305
France,Wind,20-29 years,1.2952000000000001,0.9289649263925982
France,Wind,30-39 years,0.0,0.0
France,Wind,40-49 years,0.0,0.0
France,Wind,50+ years,0.023,0.01649644325743496
France,Hydropower,0-9 years,0.097,0.06957195634657352
France,Hydropower,10-19 years,0.055,0.03944801648517055
France,Hydropower,20-29 years,0.035,0.025103283217835805
France,Hydropower,30-39 years,2.656,1.9049805779020546
France,Hydropower,40-49 years,2.659,1.9071322878921544
France,Hydropower,50+ years,15.653,11.22690549167954
France,Nuclear,0-9 years,1.65,1.1834404945551167
France,Nuclear,10-19 years,0.0,0.0
France,Nuclear,20-29 years,6.242,4.476991252735175
France,Nuclear,30-39 years,21.061,15.105721367166854
France,Nuclear,40-49 years,36.737,26.349123302103827
France,Nuclear,50+ years,0.0,0.0
France,Bioenergy,0-9 years,0.1394,0.0999827908733232
France,Bioenergy,10-19 years,0.218939,0.1570310778408501
France,Bioenergy,20-29 years,0.09090000000000001,0.06519681270003642
France,Bioenergy,30-39 years,0.1603,0.114973037137688
France,Bioenergy,40-49 years,0.012,0.008606839960400849
France,Bioenergy,50+ years,0.064,0.045903146455471194
France,Geothermal,0-9 years,0.0,0.0
France,Geothermal,10-19 years,0.0017,0.0012193023277234534
France,Geothermal,20-29 years,0.0,0.0
France,Geothermal,30-39 years,0.0,0.0
France,Geothermal,40-49 years,0.0,0.0
France,Geothermal,50+ years,0.0,0.0
French Guiana,Oil and gas,0-9 years,0.028,9.070430815468924
French Guiana,Oil and gas,10-19 years,0.04,12.957758307812748
French Guiana,Oil and gas,20-29 years,0.0,0.0
French Guiana,Oil and gas,30-39 years,0.04,12.957758307812748
French Guiana,Oil and gas,40-49 years,0.0366,11.856348851648665
French Guiana,Oil and gas,50+ years,0.0,0.0
French Guiana,Utility-scale solar,0-9 years,0.01584537037037037,5.133011988925916
French Guiana,Utility-scale solar,10-19 years,0.02175,7.045781079873183
French Guiana,Utility-scale solar,20-29 years,0.0,0.0
French Guiana,Utility-scale solar,30-39 years,0.0,0.0
French Guiana,Utility-scale solar,40-49 years,0.0,0.0
French Guiana,Utility-scale solar,50+ years,0.0,0.0
French Guiana,Hydropower,0-9 years,0.0,0.0
French Guiana,Hydropower,10-19 years,0.0,0.0
French Guiana,Hydropower,20-29 years,0.0,0.0
French Guiana,Hydropower,30-39 years,0.116,37.57749909265697
French Guiana,Hydropower,40-49 years,0.0,0.0
French Guiana,Hydropower,50+ years,0.0,0.0
French Guiana,Bioenergy,0-9 years,0.0105,3.401411555800846
French Guiana,Bioenergy,10-19 years,0.0,0.0
French Guiana,Bioenergy,20-29 years,0.0,0.0
French Guiana,Bioenergy,30-39 years,0.0,0.0
French Guiana,Bioenergy,40-49 years,0.0,0.0
French Guiana,Bioenergy,50+ years,0.0,0.0
French Polynesia,Utility-scale solar,0-9 years,0.016885961685823757,100.0
French Polynesia,Utility-scale solar,10-19 years,0.0,0.0
French Polynesia,Utility-scale solar,20-29 years,0.0,0.0
French Polynesia,Utility-scale solar,30-39 years,0.0,0.0
French Polynesia,Utility-scale solar,40-49 years,0.0,0.0
French Polynesia,Utility-scale solar,50+ years,0.0,0.0
Gabon,Oil and gas,0-9 years,0.0,0.0
Gabon,Oil and gas,10-19 years,0.225,27.12248514290536
Gabon,Oil and gas,20-29 years,0.0,0.0
Gabon,Oil and gas,30-39 years,0.0,0.0
Gabon,Oil and gas,40-49 years,0.0,0.0
Gabon,Oil and gas,50+ years,0.0,0.0
Gabon,Hydropower,0-9 years,0.0,0.0
Gabon,Hydropower,10-19 years,0.16,19.287100546066036
Gabon,Hydropower,20-29 years,0.0,0.0
Gabon,Hydropower,30-39 years,0.0,0.0
Gabon,Hydropower,40-49 years,0.164,19.76927805971769
Gabon,Hydropower,50+ years,0.0,0.0
Georgia,Oil and gas,0-9 years,0.255,6.105152269680138
Georgia,Oil and gas,10-19 years,0.2312,5.535338057843324
Georgia,Oil and gas,20-29 years,0.11,2.633595096724765
Georgia,Oil and gas,30-39 years,0.3,7.182532081976632
Georgia,Oil and gas,40-49 years,0.0,0.0
Georgia,Oil and gas,50+ years,0.272,6.512162420992147
Georgia,Utility-scale solar,0-9 years,0.0129,0.30884887952499523
Georgia,Utility-scale solar,10-19 years,0.0,0.0
Georgia,Utility-scale solar,20-29 years,0.0,0.0
Georgia,Utility-scale solar,30-39 years,0.0,0.0
Georgia,Utility-scale solar,40-49 years,0.0,0.0
Georgia,Utility-scale solar,50+ years,0.0,0.0
Georgia,Wind,0-9 years,0.0,0.0
Georgia,Wind,10-19 years,0.0207,0.49559471365638763
Georgia,Wind,20-29 years,0.0,0.0
Georgia,Wind,30-39 years,0.0,0.0
Georgia,Wind,40-49 years,0.0,0.0
Georgia,Wind,50+ years,0.0,0.0
Georgia,Hydropower,0-9 years,0.353,8.451446083125838
Georgia,Hydropower,10-19 years,0.193,4.620762306071634
Georgia,Hydropower,20-29 years,0.0,0.0
Georgia,Hydropower,30-39 years,0.046,1.1013215859030836
Georgia,Hydropower,40-49 years,1.522,36.43937942922811
Georgia,Hydropower,50+ years,0.861,20.613867075272935
Germany,Coal,0-9 years,1.1,0.704022881978135
Germany,Coal,10-19 years,7.127,4.5614282544165174
Germany,Coal,20-29 years,5.735,3.670519298313277
Germany,Coal,30-39 years,4.6174,2.9552320502234912
Germany,Coal,40-49 years,4.329,2.7706500509848606
Germany,Coal,50+ years,5.2646999999999995,3.369517515227534
Germany,Oil and gas,0-9 years,6.56525,4.201896569006319
Germany,Oil and gas,10-19 years,9.99316,6.395830275698746
Germany,Oil and gas,20-29 years,6.4208,4.109445564186554
Germany,Oil and gas,30-39 years,3.0918,1.9788163149999982
Germany,Oil and gas,40-49 years,1.8580999999999999,1.1892226518214297
Germany,Oil and gas,50+ years,6.6261,4.240841834795747
Germany,Utility-scale solar,0-9 years,23.20079660102302,14.848992442946132
Germany,Utility-scale solar,10-19 years,9.555134,6.115484523970241
Germany,Utility-scale solar,20-29 years,0.131718,0.08430225997126908
Germany,Utility-scale solar,30-39 years,0.0,0.0
Germany,Utility-scale solar,40-49 years,0.0,0.0
Germany,Utility-scale solar,50+ years,0.0,0.0
Germany,Wind,0-9 years,20.9626,13.416500059777139
Germany,Wind,10-19 years,19.218,12.299919768959818
Germany,Wind,20-29 years,8.671,5.5496203723930995
Germany,Wind,30-39 years,0.122,0.07808253781939317
Germany,Wind,40-49 years,0.0,0.0
Germany,Wind,50+ years,0.0,0.0
Germany,Hydropower,0-9 years,0.0,0.0
Germany,Hydropower,10-19 years,0.14,0.08960291225176263
Germany,Hydropower,20-29 years,1.06,0.6784220499062028
Germany,Hydropower,30-39 years,0.184,0.11776382753088804
Germany,Hydropower,40-49 years,1.167,0.7469042756986215
Germany,Hydropower,50+ years,4.8915,3.130661751996407
Germany,Bioenergy,0-9 years,0.134966,0.08638104753550999
Germany,Bioenergy,10-19 years,0.72966,0.46699757824015087
Germany,Bioenergy,20-29 years,0.831305,0.5320524926389396
Germany,Bioenergy,30-39 years,0.2102,0.13453237253800363
Germany,Bioenergy,40-49 years,0.1447,0.09261101002021467
Germany,Bioenergy,50+ years,0.1525,0.09760317227424145
Germany,Geothermal,0-9 years,0.012199999999999999,0.007808253781939315
Germany,Geothermal,10-19 years,0.032299999999999995,0.020672671898085235
Germany,Geothermal,20-29 years,0.0,0.0
Germany,Geothermal,30-39 years,0.0,0.0
Germany,Geothermal,40-49 years,0.0,0.0
Germany,Geothermal,50+ years,0.0,0.0
Ghana,Oil and gas,0-9 years,2.127,38.25505159190558
Ghana,Oil and gas,10-19 years,1.172,21.078947092483936
Ghana,Oil and gas,20-29 years,0.33,5.935198413412712
Ghana,Oil and gas,30-39 years,0.0,0.0
Ghana,Oil and gas,40-49 years,0.0,0.0
Ghana,Oil and gas,50+ years,0.0,0.0
Ghana,Utility-scale solar,0-9 years,0.2790366683937824,5.018599974347716
Ghana,Utility-scale solar,10-19 years,0.02,0.3597089947522856
Ghana,Utility-scale solar,20-29 years,0.0,0.0
Ghana,Utility-scale solar,30-39 years,0.0,0.0
Ghana,Utility-scale solar,40-49 years,0.0,0.0
Ghana,Utility-scale solar,50+ years,0.0,0.0
Ghana,Hydropower,0-9 years,0.0,0.0
Ghana,Hydropower,10-19 years,0.404,7.266121693996169
Ghana,Hydropower,20-29 years,0.0,0.0
Ghana,Hydropower,30-39 years,0.0,0.0
Ghana,Hydropower,40-49 years,0.16,2.877671958018285
Ghana,Hydropower,50+ years,1.02,18.345158732366563
Gibraltar,Oil and gas,0-9 years,0.0864,100.0
Gibraltar,Oil and gas,10-19 years,0.0,0.0
Gibraltar,Oil and gas,20-29 years,0.0,0.0
Gibraltar,Oil and gas,30-39 years,0.0,0.0
Gibraltar,Oil and gas,40-49 years,0.0,0.0
Gibraltar,Oil and gas,50+ years,0.0,0.0
Greece,Coal,0-9 years,0.66,2.8799516995905003
Greece,Coal,10-19 years,0.0,0.0
Greece,Coal,20-29 years,0.0,0.0
Greece,Coal,30-39 years,0.0,0.0
Greece,Coal,40-49 years,0.0,0.0
Greece,Coal,50+ years,0.0,0.0
Greece,Oil and gas,0-9 years,1.764,7.697325451632793
Greece,Oil and gas,10-19 years,3.5776,15.611083637052992
Greece,Oil and gas,20-29 years,2.317,10.110375890835137
Greece,Oil and gas,30-39 years,0.273,1.19125274846698
Greece,Oil and gas,40-49 years,0.184,0.802895625340382
Greece,Oil and gas,50+ years,0.093,0.40581137585138877
Greece,Utility-scale solar,0-9 years,3.5953500079681278,15.688536918288682
Greece,Utility-scale solar,10-19 years,0.0,0.0
Greece,Utility-scale solar,20-29 years,0.0,0.0
Greece,Utility-scale solar,30-39 years,0.0,0.0
Greece,Utility-scale solar,40-49 years,0.0,0.0
Greece,Utility-scale solar,50+ years,0.0,0.0
Greece,Wind,0-9 years,3.0663,13.379993782506594
Greece,Wind,10-19 years,1.7090999999999998,7.457765832985038
Greece,Wind,20-29 years,0.7499,3.2722360295801765
Greece,Wind,30-39 years,0.0033,0.0143997584979525
Greece,Wind,40-49 years,0.0,0.0
Greece,Wind,50+ years,0.0,0.0
Greece,Hydropower,0-9 years,0.0,0.0
Greece,Hydropower,10-19 years,0.154,0.6719887299044501
Greece,Hydropower,20-29 years,0.5,2.1817815905988645
Greece,Hydropower,30-39 years,0.36,1.5708827452311822
Greece,Hydropower,40-49 years,0.723,3.154856180005958
Greece,Hydropower,50+ years,1.382,6.03044431641526
Guadeloupe,Oil and gas,0-9 years,0.0,0.0
Guadeloupe,Oil and gas,10-19 years,0.2112,49.9526963103122
Guadeloupe,Oil and gas,20-29 years,0.04,9.46073793755913
Guadeloupe,Oil and gas,30-39 years,0.041,9.697256385998108
Guadeloupe,Oil and gas,40-49 years,0.0,0.0
Guadeloupe,Oil and gas,50+ years,0.0,0.0
Guadeloupe,Utility-scale solar,0-9 years,0.0366,8.656575212866603
Guadeloupe,Utility-scale solar,10-19 years,0.0,0.0
Guadeloupe,Utility-scale solar,20-29 years,0.0,0.0
Guadeloupe,Utility-scale solar,30-39 years,0.0,0.0
Guadeloupe,Utility-scale solar,40-49 years,0.0,0.0
Guadeloupe,Utility-scale solar,50+ years,0.0,0.0
Guadeloupe,Wind,0-9 years,0.041,9.697256385998108
Guadeloupe,Wind,10-19 years,0.0,0.0
Guadeloupe,Wind,20-29 years,0.0,0.0
Guadeloupe,Wind,30-39 years,0.0,0.0
Guadeloupe,Wind,40-49 years,0.0,0.0
Guadeloupe,Wind,50+ years,0.0,0.0
Guadeloupe,Bioenergy,0-9 years,0.0,0.0
Guadeloupe,Bioenergy,10-19 years,0.038,8.987701040681173
Guadeloupe,Bioenergy,20-29 years,0.0,0.0
Guadeloupe,Bioenergy,30-39 years,0.0,0.0
Guadeloupe,Bioenergy,40-49 years,0.0,0.0
Guadeloupe,Bioenergy,50+ years,0.0,0.0
Guadeloupe,Geothermal,0-9 years,0.0,0.0
Guadeloupe,Geothermal,10-19 years,0.0,0.0
Guadeloupe,Geothermal,20-29 years,0.01,2.3651844843897827
Guadeloupe,Geothermal,30-39 years,0.0,0.0
Guadeloupe,Geothermal,40-49 years,0.005,1.1825922421948913
Guadeloupe,Geothermal,50+ years,0.0,0.0
Guatemala,Coal,0-9 years,0.0,0.0
Guatemala,Coal,10-19 years,0.0,0.0
Guatemala,Coal,20-29 years,0.139,4.946356089453315
Guatemala,Coal,30-39 years,0.0,0.0
Guatemala,Coal,40-49 years,0.0,0.0
Guatemala,Coal,50+ years,0.0,0.0
Guatemala,Oil and gas,0-9 years,0.0,0.0
Guatemala,Oil and gas,10-19 years,0.0,0.0
Guatemala,Oil and gas,20-29 years,0.227,8.077862102920161
Guatemala,Oil and gas,30-39 years,0.129,4.590503133377537
Guatemala,Oil and gas,40-49 years,0.0,0.0
Guatemala,Oil and gas,50+ years,0.0,0.0
Guatemala,Utility-scale solar,0-9 years,0.2292919814814815,8.159422941465774
Guatemala,Utility-scale solar,10-19 years,0.0938575,3.339946882488234
Guatemala,Utility-scale solar,20-29 years,0.0,0.0
Guatemala,Utility-scale solar,30-39 years,0.0,0.0
Guatemala,Utility-scale solar,40-49 years,0.0,0.0
Guatemala,Utility-scale solar,50+ years,0.0,0.0
Guatemala,Wind,0-9 years,0.03,1.067558868227334
Guatemala,Wind,10-19 years,0.076,2.704482466175913
Guatemala,Wind,20-29 years,0.0,0.0
Guatemala,Wind,30-39 years,0.0,0.0
Guatemala,Wind,40-49 years,0.0,0.0
Guatemala,Wind,50+ years,0.0,0.0
Guatemala,Hydropower,0-9 years,0.056,1.992776554024357
Guatemala,Hydropower,10-19 years,0.301,10.711173977880918
Guatemala,Hydropower,20-29 years,0.155,5.515720819174559
Guatemala,Hydropower,30-39 years,0.0,0.0
Guatemala,Hydropower,40-49 years,0.38,13.522412330879567
Guatemala,Hydropower,50+ years,0.06,2.135117736454668
Guatemala,Bioenergy,0-9 years,0.0,0.0
Guatemala,Bioenergy,10-19 years,0.493,17.543550734535856
Guatemala,Bioenergy,20-29 years,0.3275,11.65418431148173
Guatemala,Bioenergy,30-39 years,0.0,0.0
Guatemala,Bioenergy,40-49 years,0.04,1.4234118243031122
Guatemala,Bioenergy,50+ years,0.0,0.0
Guatemala,Geothermal,0-9 years,0.0,0.0
Guatemala,Geothermal,10-19 years,0.0,0.0
Guatemala,Geothermal,20-29 years,0.046,1.636923597948579
Guatemala,Geothermal,30-39 years,0.0,0.0
Guatemala,Geothermal,40-49 years,0.0,0.0
Guatemala,Geothermal,50+ years,0.0,0.0
Guinea,Oil and gas,0-9 years,0.136,11.295681063122924
Guinea,Oil and gas,10-19 years,0.075,6.229235880398671
Guinea,Oil and gas,20-29 years,0.0,0.0
Guinea,Oil and gas,30-39 years,0.0,0.0
Guinea,Oil and gas,40-49 years,0.0,0.0
Guinea,Oil and gas,50+ years,0.0,0.0
Guinea,Hydropower,0-9 years,0.45,37.37541528239203
Guinea,Hydropower,10-19 years,0.24,19.93355481727575
Guinea,Hydropower,20-29 years,0.08,6.64451827242525
Guinea,Hydropower,30-39 years,0.0,0.0
Guinea,Hydropower,40-49 years,0.0,0.0
Guinea,Hydropower,50+ years,0.0,0.0
Guinea-Bissau,Utility-scale solar,0-9 years,0.0,0.0
Guinea-Bissau,Utility-scale solar,10-19 years,0.009026683937823833,100.0
Guinea-Bissau,Utility-scale solar,20-29 years,0.0,0.0
Guinea-Bissau,Utility-scale solar,30-39 years,0.0,0.0
Guinea-Bissau,Utility-scale solar,40-49 years,0.0,0.0
Guinea-Bissau,Utility-scale solar,50+ years,0.0,0.0
Guyana,Oil and gas,0-9 years,0.072,67.28488694564167
Guyana,Oil and gas,10-19 years,0.0,0.0
Guyana,Oil and gas,20-29 years,0.0,0.0
Guyana,Oil and gas,30-39 years,0.0,0.0
Guyana,Oil and gas,40-49 years,0.0,0.0
Guyana,Oil and gas,50+ years,0.0,0.0
Guyana,Utility-scale solar,0-9 years,0.005007685185185185,4.679743493674303
Guyana,Utility-scale solar,10-19 years,0.0,0.0
Guyana,Utility-scale solar,20-29 years,0.0,0.0
Guyana,Utility-scale solar,30-39 years,0.0,0.0
Guyana,Utility-scale solar,40-49 years,0.0,0.0
Guyana,Utility-scale solar,50+ years,0.0,0.0
Guyana,Bioenergy,0-9 years,0.0,0.0
Guyana,Bioenergy,10-19 years,0.03,28.035369560684032
Guyana,Bioenergy,20-29 years,0.0,0.0
Guyana,Bioenergy,30-39 years,0.0,0.0
Guyana,Bioenergy,40-49 years,0.0,0.0
Guyana,Bioenergy,50+ years,0.0,0.0
Honduras,Oil and gas,0-9 years,0.516,17.099698446596967
Honduras,Oil and gas,10-19 years,0.0,0.0
Honduras,Oil and gas,20-29 years,0.6487999999999999,21.500551070062233
Honduras,Oil and gas,30-39 years,0.08,2.651116038232088
Honduras,Oil and gas,40-49 years,0.0,0.0
Honduras,Oil and gas,50+ years,0.0,0.0
Honduras,Utility-scale solar,0-9 years,0.21227885185185183,7.034698359024223
Honduras,Utility-scale solar,10-19 years,0.40267748148148147,13.344309117380753
Honduras,Utility-scale solar,20-29 years,0.0,0.0
Honduras,Utility-scale solar,30-39 years,0.0,0.0
Honduras,Utility-scale solar,40-49 years,0.0,0.0
Honduras,Utility-scale solar,50+ years,0.0,0.0
Honduras,Wind,0-9 years,0.059,1.9551980781961649
Honduras,Wind,10-19 years,0.176,5.832455284110594
Honduras,Wind,20-29 years,0.0,0.0
Honduras,Wind,30-39 years,0.0,0.0
Honduras,Wind,40-49 years,0.0,0.0
Honduras,Wind,50+ years,0.0,0.0
Honduras,Hydropower,0-9 years,0.165,5.467926828853682
Honduras,Hydropower,10-19 years,0.039,1.292419068638143
Honduras,Hydropower,20-29 years,0.03,0.994168514337033
Honduras,Hydropower,30-39 years,0.0,0.0
Honduras,Hydropower,40-49 years,0.3,9.94168514337033
Honduras,Hydropower,50+ years,0.109,3.61214560209122
Honduras,Bioenergy,0-9 years,0.0,0.0
Honduras,Bioenergy,10-19 years,0.063,2.0877538801077695
Honduras,Bioenergy,20-29 years,0.09209999999999999,3.0520973390146913
Honduras,Bioenergy,30-39 years,0.0,0.0
Honduras,Bioenergy,40-49 years,0.0,0.0
Honduras,Bioenergy,50+ years,0.0,0.0
Honduras,Geothermal,0-9 years,0.035,1.1598632667265385
Honduras,Geothermal,10-19 years,0.0,0.0
Honduras,Geothermal,20-29 years,0.0,0.0
Honduras,Geothermal,30-39 years,0.0,0.0
Honduras,Geothermal,40-49 years,0.0,0.0
Honduras,Geothermal,50+ years,0.0,0.0
Hong Kong,Coal,0-9 years,0.0,0.0
Hong Kong,Coal,10-19 years,0.0,0.0
Hong Kong,Coal,20-29 years,0.35,3.4292151437363154
Hong Kong,Coal,30-39 years,2.7325,26.772372515027094
Hong Kong,Coal,40-49 years,1.0275,10.067195886254469
Hong Kong,Coal,50+ years,0.0,0.0
Hong Kong,Oil and gas,0-9 years,2.29,22.436864797589035
Hong Kong,Oil and gas,10-19 years,0.0,0.0
Hong Kong,Oil and gas,20-29 years,2.325,22.779786311962667
Hong Kong,Oil and gas,30-39 years,1.4805,14.505580058004613
Hong Kong,Oil and gas,40-49 years,0.0,0.0
Hong Kong,Oil and gas,50+ years,0.0,0.0
Hong Kong,Utility-scale solar,0-9 years,0.0009170759101471727,0.008985287425806999
Hong Kong,Utility-scale solar,10-19 years,0.0,0.0
Hong Kong,Utility-scale solar,20-29 years,0.0,0.0
Hong Kong,Utility-scale solar,30-39 years,0.0,0.0
Hong Kong,Utility-scale solar,40-49 years,0.0,0.0
Hong Kong,Utility-scale solar,50+ years,0.0,0.0
Hungary,Coal,0-9 years,0.0,0.0
Hungary,Coal,10-19 years,0.0,0.0
Hungary,Coal,20-29 years,0.0,0.0
Hungary,Coal,30-39 years,0.0,0.0
Hungary,Coal,40-49 years,0.0,0.0
Hungary,Coal,50+ years,0.884,8.535978285434695
Hungary,Oil and gas,0-9 years,0.114,1.1007935797958768
Hungary,Oil and gas,10-19 years,1.099,10.612036352593586
Hungary,Oil and gas,20-29 years,1.45,14.00132184828089
Hungary,Oil and gas,30-39 years,0.297,2.8678569578892583
Hungary,Oil and gas,40-49 years,0.0,0.0
Hungary,Oil and gas,50+ years,0.0,0.0
Hungary,Utility-scale solar,0-9 years,3.864470051502146,37.31564756146495
Hungary,Utility-scale solar,10-19 years,0.0,0.0
Hungary,Utility-scale solar,20-29 years,0.0,0.0
Hungary,Utility-scale solar,30-39 years,0.0,0.0
Hungary,Utility-scale solar,40-49 years,0.0,0.0
Hungary,Utility-scale solar,50+ years,0.0,0.0
Hungary,Wind,0-9 years,0.0,0.0
Hungary,Wind,10-19 years,0.319,3.0802908066217958
Hungary,Wind,20-29 years,0.0,0.0
Hungary,Wind,30-39 years,0.0,0.0
Hungary,Wind,40-49 years,0.0,0.0
Hungary,Wind,50+ years,0.0,0.0
Hungary,Nuclear,0-9 years,0.0,0.0
Hungary,Nuclear,10-19 years,0.0,0.0
Hungary,Nuclear,20-29 years,0.0,0.0
Hungary,Nuclear,30-39 years,0.506,4.885978520848366
Hungary,Nuclear,40-49 years,1.521,14.686903814644989
Hungary,Nuclear,50+ years,0.0,0.0
Hungary,Bioenergy,0-9 years,0.0,0.0
Hungary,Bioenergy,10-19 years,0.04,0.38624336133188664
Hungary,Bioenergy,20-29 years,0.05,0.48280420166485827
Hungary,Bioenergy,30-39 years,0.06,0.57936504199783
Hungary,Bioenergy,40-49 years,0.024,0.231746016799132
Hungary,Bioenergy,50+ years,0.035,0.3379629411654008
Hungary,Geothermal,0-9 years,0.0034,0.032830685713210364
Hungary,Geothermal,10-19 years,0.0,0.0
Hungary,Geothermal,20-29 years,0.0,0.0
Hungary,Geothermal,30-39 years,0.0,0.0
Hungary,Geothermal,40-49 years,0.0,0.0
Hungary,Geothermal,50+ years,0.0,0.0
Iceland,Hydropower,0-9 years,0.1,3.613500036135
Iceland,Hydropower,10-19 years,0.785,28.36597528365975
Iceland,Hydropower,20-29 years,0.215,7.76902507769025
Iceland,Hydropower,30-39 years,0.15,5.4202500542025005
Iceland,Hydropower,40-49 years,0.36,13.008600130086002
Iceland,Hydropower,50+ years,0.318,11.4909301149093
Iceland,Geothermal,0-9 years,0.175,6.323625063236251
Iceland,Geothermal,10-19 years,0.243,8.780805087808051
Iceland,Geothermal,20-29 years,0.34,12.285900122859001
Iceland,Geothermal,30-39 years,0.008400000000000001,0.30353400303534006
Iceland,Geothermal,40-49 years,0.038,1.3731300137313
Iceland,Geothermal,50+ years,0.005,0.18067500180675003
India,Coal,0-9 years,60.002,12.526279080322794
India,Coal,10-19 years,138.3965,28.892256637110318
India,Coal,20-29 years,18.7482,3.9139559590298294
India,Coal,30-39 years,23.9645,5.002933485890397
India,Coal,40-49 years,12.8715,2.6871104493579354
India,Coal,50+ years,0.335,0.06993606032979127
India,Oil and gas,0-9 years,1.0092,0.21068499129798615
India,Oil and gas,10-19 years,13.2719,2.7706996987789756
India,Oil and gas,20-29 years,8.17,1.7056048146101332
India,Oil and gas,30-39 years,4.912100000000001,1.0254714087939334
India,Oil and gas,40-49 years,0.0,0.0
India,Oil and gas,50+ years,0.0,0.0
India,Utility-scale solar,0-9 years,82.57254281818182,17.238203988407868
India,Utility-scale solar,10-19 years,6.561837068181818,1.3698777106705202
India,Utility-scale solar,20-29 years,0.0,0.0
India,Utility-scale solar,30-39 years,0.0,0.0
India,Utility-scale solar,40-49 years,0.0,0.0
India,Utility-scale solar,50+ years,0.0,0.0
India,Wind,0-9 years,16.5177,3.4483070558489355
India,Wind,10-19 years,10.0715,2.1025702436163964
India,Wind,20-29 years,0.3212,0.06705511217292226
India,Wind,30-39 years,0.145,0.030270832083043986
India,Wind,40-49 years,0.0,0.0
India,Wind,50+ years,0.0,0.0
India,Hydropower,0-9 years,7.422,1.549449073933465
India,Hydropower,10-19 years,9.996,2.086808534497294
India,Hydropower,20-29 years,11.91,2.486383517993475
India,Hydropower,30-39 years,5.166,1.0784766795931395
India,Hydropower,40-49 years,5.945,1.2411041154048033
India,Hydropower,50+ years,10.756,2.2454694474842833
India,Nuclear,0-9 years,3.1,0.6471695134995611
India,Nuclear,10-19 years,1.88,0.3924769952836048
India,Nuclear,20-29 years,1.96,0.40917814401907726
India,Nuclear,30-39 years,0.88,0.18371263609019797
India,Nuclear,40-49 years,0.42,0.08768103086123084
India,Nuclear,50+ years,0.0,0.0
India,Bioenergy,0-9 years,0.1285,0.026826220156352772
India,Bioenergy,10-19 years,0.9332,0.19481889999928723
India,Bioenergy,20-29 years,0.4029,0.08411116031902359
India,Bioenergy,30-39 years,0.144,0.030062067723850575
India,Bioenergy,40-49 years,0.0,0.0
India,Bioenergy,50+ years,0.0,0.0
Indonesia,Coal,0-9 years,33.583,34.295047439539616
Indonesia,Coal,10-19 years,16.662,17.015277981050208
Indonesia,Coal,20-29 years,6.754,6.897202465731191
Indonesia,Coal,30-39 years,2.811,2.870600552438611
Indonesia,Coal,40-49 years,0.8,0.8169620924763035
Indonesia,Coal,50+ years,0.0,0.0
Indonesia,Oil and gas,0-9 years,8.079600000000001,8.250908652964425
Indonesia,Oil and gas,10-19 years,5.2452,5.356411959320883
Indonesia,Oil and gas,20-29 years,3.433,3.5057885793389367
Indonesia,Oil and gas,30-39 years,5.9557,6.0819764177014
Indonesia,Oil and gas,40-49 years,1.4185,1.4485759102220452
Indonesia,Oil and gas,50+ years,0.0,0.0
Indonesia,Utility-scale solar,0-9 years,0.8788601557632398,0.8974942898079828
Indonesia,Utility-scale solar,10-19 years,0.0,0.0
Indonesia,Utility-scale solar,20-29 years,0.0,0.0
Indonesia,Utility-scale solar,30-39 years,0.0,0.0
Indonesia,Utility-scale solar,40-49 years,0.0,0.0
Indonesia,Utility-scale solar,50+ years,0.0,0.0
Indonesia,Wind,0-9 years,0.147,0.15011678449252075
Indonesia,Wind,10-19 years,0.01,0.010212026155953792
Indonesia,Wind,20-29 years,0.0,0.0
Indonesia,Wind,30-39 years,0.0,0.0
Indonesia,Wind,40-49 years,0.0,0.0
Indonesia,Wind,50+ years,0.0,0.0
Indonesia,Hydropower,0-9 years,0.905,0.9241883671138181
Indonesia,Hydropower,10-19 years,0.512,0.5228557391848341
Indonesia,Hydropower,20-29 years,0.747,0.7628383538497483
Indonesia,Hydropower,30-39 years,0.457,0.4666895953270883
Indonesia,Hydropower,40-49 years,2.599,2.65410559793239
Indonesia,Hydropower,50+ years,0.322,0.3288272422217121
Indonesia,Bioenergy,0-9 years,0.015,0.015318039233930688
Indonesia,Bioenergy,10-19 years,2.415,2.4662043166628407
Indonesia,Bioenergy,20-29 years,0.535,0.5463433993435278
Indonesia,Bioenergy,30-39 years,0.0,0.0
Indonesia,Bioenergy,40-49 years,0.0,0.0
Indonesia,Bioenergy,50+ years,0.0,0.0
Indonesia,Geothermal,0-9 years,0.9835,1.0043527724380554
Indonesia,Geothermal,10-19 years,0.67345,0.6877289014727082
Indonesia,Geothermal,20-29 years,0.46695,0.4768505613522623
Indonesia,Geothermal,30-39 years,0.275,0.28083071928872927
Indonesia,Geothermal,40-49 years,0.03,0.030636078467861375
Indonesia,Geothermal,50+ years,0.0,0.0
Iran,Oil and gas,0-9 years,23.9387,25.174608606571475
Iran,Oil and gas,10-19 years,24.5916,25.86121656603587
Iran,Oil and gas,20-29 years,15.8575,16.676191939357906
Iran,Oil and gas,30-39 years,5.6096,5.8992127575609095
Iran,Oil and gas,40-49 years,6.5763,6.9158216018161385
Iran,Oil and gas,50+ years,1.6244,1.708264618400945
Iran,Utility-scale solar,0-9 years,0.8012541353383458,0.8426213307965639
Iran,Utility-scale solar,10-19 years,0.0,0.0
Iran,Utility-scale solar,20-29 years,0.0,0.0
Iran,Utility-scale solar,30-39 years,0.0,0.0
Iran,Utility-scale solar,40-49 years,0.0,0.0
Iran,Utility-scale solar,50+ years,0.0,0.0
Iran,Wind,0-9 years,0.329,0.3459856312816491
Iran,Wind,10-19 years,0.018,0.018929305054923053
Iran,Wind,20-29 years,0.0,0.0
Iran,Wind,30-39 years,0.0,0.0
Iran,Wind,40-49 years,0.0,0.0
Iran,Wind,50+ years,0.0,0.0
Iran,Hydropower,0-9 years,0.616,0.6478028841018111
Iran,Hydropower,10-19 years,5.147,5.412729617649386
Iran,Hydropower,20-29 years,4.705,4.9479100157451645
Iran,Hydropower,30-39 years,0.0,0.0
Iran,Hydropower,40-49 years,1.032,1.085280156482255
Iran,Hydropower,50+ years,0.797,0.8381475627096485
Iran,Nuclear,0-9 years,0.0,0.0
Iran,Nuclear,10-19 years,1.0,1.0516280586068363
Iran,Nuclear,20-29 years,0.0,0.0
Iran,Nuclear,30-39 years,0.0,0.0
Iran,Nuclear,40-49 years,0.0,0.0
Iran,Nuclear,50+ years,0.0,0.0
Iran,Geothermal,0-9 years,0.005,0.005258140293034181
Iran,Geothermal,10-19 years,0.0,0.0
Iran,Geothermal,20-29 years,0.0,0.0
Iran,Geothermal,30-39 years,0.0,0.0
Iran,Geothermal,40-49 years,0.0,0.0
Iran,Geothermal,50+ years,0.0,0.0
Iraq,Oil and gas,0-9 years,19.281599999999997,38.33445828739909
Iraq,Oil and gas,10-19 years,15.4976,30.81134868241205
Iraq,Oil and gas,20-29 years,1.327,2.6382575173937117
Iraq,Oil and gas,30-39 years,0.0,0.0
Iraq,Oil and gas,40-49 years,3.161,6.284500386195571
Iraq,Oil and gas,50+ years,0.805,1.600450114168755
Iraq,Utility-scale solar,0-9 years,0.72175,1.4349377265854646
Iraq,Utility-scale solar,10-19 years,0.0,0.0
Iraq,Utility-scale solar,20-29 years,0.0,0.0
Iraq,Utility-scale solar,30-39 years,0.0,0.0
Iraq,Utility-scale solar,40-49 years,0.0,0.0
Iraq,Utility-scale solar,50+ years,0.0,0.0
Iraq,Hydropower,0-9 years,0.038,0.0755491979359164
Iraq,Hydropower,10-19 years,0.0,0.0
Iraq,Hydropower,20-29 years,0.0,0.0
Iraq,Hydropower,30-39 years,0.0,0.0
Iraq,Hydropower,40-49 years,1.824,3.6263615009239865
Iraq,Hydropower,50+ years,0.724,1.4394110343579858
Iraq,Bioenergy,0-9 years,0.1,0.19881367877872735
Iraq,Bioenergy,10-19 years,0.0,0.0
Iraq,Bioenergy,20-29 years,0.0,0.0
Iraq,Bioenergy,30-39 years,0.0,0.0
Iraq,Bioenergy,40-49 years,0.0,0.0
Iraq,Bioenergy,50+ years,0.0,0.0
Ireland,Oil and gas,0-9 years,1.9569,16.107350870084414
Ireland,Oil and gas,10-19 years,1.852,15.243913235932514
Ireland,Oil and gas,20-29 years,1.774,14.601890972216133
Ireland,Oil and gas,30-39 years,0.245,2.016608392442476
Ireland,Oil and gas,40-49 years,0.27,2.222384759018239
Ireland,Oil and gas,50+ years,0.0,0.0
Ireland,Utility-scale solar,0-9 years,0.7651190185185185,6.297736465150182
Ireland,Utility-scale solar,10-19 years,0.0,0.0
Ireland,Utility-scale solar,20-29 years,0.0,0.0
Ireland,Utility-scale solar,30-39 years,0.0,0.0
Ireland,Utility-scale solar,40-49 years,0.0,0.0
Ireland,Utility-scale solar,50+ years,0.0,0.0
Ireland,Wind,0-9 years,2.3211,19.105100978360127
Ireland,Wind,10-19 years,1.644,13.531853866022164
Ireland,Wind,20-29 years,0.35,2.88086913206068
Ireland,Wind,30-39 years,0.0,0.0
Ireland,Wind,40-49 years,0.0,0.0
Ireland,Wind,50+ years,0.0,0.0
Ireland,Hydropower,0-9 years,0.0,0.0
Ireland,Hydropower,10-19 years,0.0,0.0
Ireland,Hydropower,20-29 years,0.0,0.0
Ireland,Hydropower,30-39 years,0.0,0.0
Ireland,Hydropower,40-49 years,0.0,0.0
Ireland,Hydropower,50+ years,0.46,3.7862851449940367
Ireland,Bioenergy,0-9 years,0.068,0.5597117170860749
Ireland,Bioenergy,10-19 years,0.017,0.13992792927151873
Ireland,Bioenergy,20-29 years,0.0384,0.3160724990603717
Ireland,Bioenergy,30-39 years,0.0,0.0
Ireland,Bioenergy,40-49 years,0.0,0.0
Ireland,Bioenergy,50+ years,0.0,0.0
Israel,Coal,0-9 years,0.0,0.0
Israel,Coal,10-19 years,0.0,0.0
Israel,Coal,20-29 years,0.0,0.0
Israel,Coal,30-39 years,1.15,5.740738098178759
Israel,Coal,40-49 years,1.5,7.487919258494033
Israel,Coal,50+ years,0.0,0.0
Israel,Oil and gas,0-9 years,3.015,15.050717709573009
Israel,Oil and gas,10-19 years,7.214,36.01189968718398
Israel,Oil and gas,20-29 years,1.932,9.644440004940314
Israel,Oil and gas,30-39 years,0.66,3.294684473737375
Israel,Oil and gas,40-49 years,0.456,2.276327454582186
Israel,Oil and gas,50+ years,0.456,2.276327454582186
Israel,Utility-scale solar,0-9 years,2.4761932857142854,12.36102359456908
Israel,Utility-scale solar,10-19 years,0.148074,0.739177437521497
Israel,Utility-scale solar,20-29 years,0.0,0.0
Israel,Utility-scale solar,30-39 years,0.0,0.0
Israel,Utility-scale solar,40-49 years,0.0,0.0
Israel,Utility-scale solar,50+ years,0.0,0.0
Israel,Wind,0-9 years,0.309,1.542511367249771
Israel,Wind,10-19 years,0.0,0.0
Israel,Wind,20-29 years,0.0,0.0
Israel,Wind,30-39 years,0.0,0.0
Israel,Wind,40-49 years,0.0,0.0
Israel,Wind,50+ years,0.0,0.0
Israel,Hydropower,0-9 years,0.644,3.2148133349801054
Israel,Hydropower,10-19 years,0.0,0.0
Israel,Hydropower,20-29 years,0.0,0.0
Israel,Hydropower,30-39 years,0.0,0.0
Israel,Hydropower,40-49 years,0.0,0.0
Israel,Hydropower,50+ years,0.0,0.0
Italy,Coal,0-9 years,0.0,0.0
Italy,Coal,10-19 years,0.0,0.0
Italy,Coal,20-29 years,0.35,0.41510292599753085
Italy,Coal,30-39 years,0.64,0.759045350395485
Italy,Coal,40-49 years,0.24,0.2846420063983069
Italy,Coal,50+ years,0.0,0.0
Italy,Oil and gas,0-9 years,3.7178,4.409341880781772
Italy,Oil and gas,10-19 years,13.8636,16.442345499598197
Italy,Oil and gas,20-29 years,26.202,31.075791048535155
Italy,Oil and gas,30-39 years,1.9781,2.346043136902045
Italy,Oil and gas,40-49 years,0.545,0.6463745561961551
Italy,Oil and gas,50+ years,2.371,2.812025821543273
Italy,Utility-scale solar,0-9 years,1.2294933476702508,1.4581893888926305
Italy,Utility-scale solar,10-19 years,0.405639,0.4810912451391784
Italy,Utility-scale solar,20-29 years,0.0,0.0
Italy,Utility-scale solar,30-39 years,0.0,0.0
Italy,Utility-scale solar,40-49 years,0.0,0.0
Italy,Utility-scale solar,50+ years,0.0,0.0
Italy,Wind,0-9 years,2.0609,2.4442446291094613
Italy,Wind,10-19 years,5.221,6.192149647523167
Italy,Wind,20-29 years,0.9468,1.1229127152413205
Italy,Wind,30-39 years,0.017,0.020162142119880072
Italy,Wind,40-49 years,0.0,0.0
Italy,Wind,50+ years,0.0,0.0
Italy,Hydropower,0-9 years,0.0,0.0
Italy,Hydropower,10-19 years,0.0,0.0
Italy,Hydropower,20-29 years,0.198,0.2348296552786032
Italy,Hydropower,30-39 years,1.485,1.7612224145895239
Italy,Hydropower,40-49 years,0.438,0.5194716616769101
Italy,Hydropower,50+ years,11.396,13.515751270479607
Italy,Bioenergy,0-9 years,0.078,0.09250865207944974
Italy,Bioenergy,10-19 years,0.45298,0.5372380669096044
Italy,Bioenergy,20-29 years,0.217,0.25736381411846915
Italy,Bioenergy,30-39 years,0.0,0.0
Italy,Bioenergy,40-49 years,0.0,0.0
Italy,Bioenergy,50+ years,0.063,0.07471852667955556
Italy,Geothermal,0-9 years,0.0,0.0
Italy,Geothermal,10-19 years,0.077,0.0913226437194568
Italy,Geothermal,20-29 years,0.389,0.46135725203725575
Italy,Geothermal,30-39 years,0.315,0.37359263339777776
Italy,Geothermal,40-49 years,0.038,0.04506831767973193
Italy,Geothermal,50+ years,0.0,0.0
Jamaica,Oil and gas,0-9 years,0.344,38.9210716871832
Jamaica,Oil and gas,10-19 years,0.0655,7.4108435916002895
Jamaica,Oil and gas,20-29 years,0.1701,19.245564808110064
Jamaica,Oil and gas,30-39 years,0.13419999999999999,15.183743664011583
Jamaica,Oil and gas,40-49 years,0.0,0.0
Jamaica,Oil and gas,50+ years,0.0,0.0
Jamaica,Utility-scale solar,0-9 years,0.05074,5.740858073859522
Jamaica,Utility-scale solar,10-19 years,0.02,2.2628530050687905
Jamaica,Utility-scale solar,20-29 years,0.0,0.0
Jamaica,Utility-scale solar,30-39 years,0.0,0.0
Jamaica,Utility-scale solar,40-49 years,0.0,0.0
Jamaica,Utility-scale solar,50+ years,0.0,0.0
Jamaica,Wind,0-9 years,0.0,0.0
Jamaica,Wind,10-19 years,0.0783,8.859069514844316
Jamaica,Wind,20-29 years,0.021,2.3759956553222303
Jamaica,Wind,30-39 years,0.0,0.0
Jamaica,Wind,40-49 years,0.0,0.0
Jamaica,Wind,50+ years,0.0,0.0
Japan,Coal,0-9 years,11.296,4.553960330597027
Japan,Coal,10-19 years,4.5235,1.8236401872747567
Japan,Coal,20-29 years,19.0593,7.683719558157572
Japan,Coal,30-39 years,10.9559,4.416849680062675
Japan,Coal,40-49 years,4.658,1.8778635994972517
Japan,Coal,50+ years,2.367,0.9542514255066541
Japan,Oil and gas,0-9 years,12.1205,4.886355894741614
Japan,Oil and gas,10-19 years,26.1545,10.544135576009204
Japan,Oil and gas,20-29 years,17.034599999999998,6.86746570888705
Japan,Oil and gas,30-39 years,18.923,7.628770479451802
Japan,Oil and gas,40-49 years,14.073799999999999,5.673824973508892
Japan,Oil and gas,50+ years,7.93,3.1969640068727356
Japan,Utility-scale solar,0-9 years,18.772287511494255,7.56801103416314
Japan,Utility-scale solar,10-19 years,12.198543086206897,4.91781881247033
Japan,Utility-scale solar,20-29 years,0.0,0.0
Japan,Utility-scale solar,30-39 years,0.0,0.0
Japan,Utility-scale solar,40-49 years,0.0,0.0
Japan,Utility-scale solar,50+ years,0.0,0.0
Japan,Wind,0-9 years,3.0547,1.2314963369223388
Japan,Wind,10-19 years,1.549,0.6244763236627828
Japan,Wind,20-29 years,0.725,0.2922823335413283
Japan,Wind,30-39 years,0.0,0.0
Japan,Wind,40-49 years,0.0,0.0
Japan,Wind,50+ years,0.0,0.0
Japan,Hydropower,0-9 years,0.0,0.0
Japan,Hydropower,10-19 years,1.762,0.7103468575169939
Japan,Hydropower,20-29 years,2.232,0.8998264392610273
Japan,Hydropower,30-39 years,6.764,2.7268933849290273
Japan,Hydropower,40-49 years,10.257,4.135089510528834
Japan,Hydropower,50+ years,19.273,7.769872295644167
Japan,Nuclear,0-9 years,1.645,0.6631785361041174
Japan,Nuclear,10-19 years,0.0,0.0
Japan,Nuclear,20-29 years,1.18,0.4757146945914033
Japan,Nuclear,30-39 years,4.43,1.7859458449490822
Japan,Nuclear,40-49 years,3.52,1.419081122848932
Japan,Nuclear,50+ years,2.478,0.999000858641947
Japan,Bioenergy,0-9 years,3.06643,1.2362252635050144
Japan,Bioenergy,10-19 years,0.6768,0.2728505977114083
Japan,Bioenergy,20-29 years,0.27104,0.10926924645936777
Japan,Bioenergy,30-39 years,0.062,0.024995178868361872
Japan,Bioenergy,40-49 years,0.2,0.08062960925278023
Japan,Bioenergy,50+ years,0.099,0.039911656580126215
Japan,Geothermal,0-9 years,0.10640000000000001,0.04289495212247908
Japan,Geothermal,10-19 years,0.007,0.002822036323847308
Japan,Geothermal,20-29 years,0.0053,0.002136684645198676
Japan,Geothermal,30-39 years,0.3163,0.12751572703327194
Japan,Geothermal,40-49 years,0.13,0.05240924601430715
Japan,Geothermal,50+ years,0.0482,0.019431735829920038
Jordan,Oil and gas,0-9 years,1.177,16.840462322710394
Jordan,Oil and gas,10-19 years,2.3658,33.84975850727974
Jordan,Oil and gas,20-29 years,0.6,8.584772636895696
Jordan,Oil and gas,30-39 years,0.51,7.2970567413613425
Jordan,Oil and gas,40-49 years,0.0,0.0
Jordan,Oil and gas,50+ years,0.0,0.0
Jordan,Utility-scale solar,0-9 years,1.436135,20.548154084813667
Jordan,Utility-scale solar,10-19 years,0.20551142857142854,2.940448147615574
Jordan,Utility-scale solar,20-29 years,0.0,0.0
Jordan,Utility-scale solar,30-39 years,0.0,0.0
Jordan,Utility-scale solar,40-49 years,0.0,0.0
Jordan,Utility-scale solar,50+ years,0.0,0.0
Jordan,Wind,0-9 years,0.541,7.740603327600954
Jordan,Wind,10-19 years,0.08,1.144636351586093
Jordan,Wind,20-29 years,0.0,0.0
Jordan,Wind,30-39 years,0.0,0.0
Jordan,Wind,40-49 years,0.0,0.0
Jordan,Wind,50+ years,0.0,0.0
Jordan,Bioenergy,0-9 years,0.0,0.0
Jordan,Bioenergy,10-19 years,0.013,0.1860034071327401
Jordan,Bioenergy,20-29 years,0.0,0.0
Jordan,Bioenergy,30-39 years,0.0,0.0
Jordan,Bioenergy,40-49 years,0.0,0.0
Jordan,Bioenergy,50+ years,0.0,0.0
Kazakhstan,Coal,0-9 years,0.43,1.8382061678256858
Kazakhstan,Coal,10-19 years,1.249,5.339347682823911
Kazakhstan,Coal,20-29 years,0.15,0.6412347097066345
Kazakhstan,Coal,30-39 years,1.38,5.8993593293010385
Kazakhstan,Coal,40-49 years,5.38,22.998951588144628
Kazakhstan,Coal,50+ years,4.702,20.10057070027064
Kazakhstan,Oil and gas,0-9 years,1.3898499999999998,5.94146707523844
Kazakhstan,Oil and gas,10-19 years,0.9,3.8474082582398075
Kazakhstan,Oil and gas,20-29 years,0.0,0.0
Kazakhstan,Oil and gas,30-39 years,0.35,1.496214322648814
Kazakhstan,Oil and gas,40-49 years,0.77,3.291671509827391
Kazakhstan,Oil and gas,50+ years,1.55,6.626092000301891
Kazakhstan,Utility-scale solar,0-9 years,1.1266206451612901,4.816188415663342
Kazakhstan,Utility-scale solar,10-19 years,0.0435,0.18595806581492405
Kazakhstan,Utility-scale solar,20-29 years,0.0,0.0
Kazakhstan,Utility-scale solar,30-39 years,0.0,0.0
Kazakhstan,Utility-scale solar,40-49 years,0.0,0.0
Kazakhstan,Utility-scale solar,50+ years,0.0,0.0
Kazakhstan,Wind,0-9 years,1.3332,5.699294099872568
Kazakhstan,Wind,10-19 years,0.09670000000000001,0.41338264285754384
Kazakhstan,Wind,20-29 years,0.0,0.0
Kazakhstan,Wind,30-39 years,0.0,0.0
Kazakhstan,Wind,40-49 years,0.0,0.0
Kazakhstan,Wind,50+ years,0.0,0.0
Kazakhstan,Hydropower,0-9 years,0.0,0.0
Kazakhstan,Hydropower,10-19 years,0.3,1.282469419413269
Kazakhstan,Hydropower,20-29 years,0.0,0.0
Kazakhstan,Hydropower,30-39 years,0.702,3.00097844142705
Kazakhstan,Hydropower,40-49 years,0.0,0.0
Kazakhstan,Hydropower,50+ years,1.496,6.395247504807503
Kenya,Oil and gas,0-9 years,0.0,0.0
Kenya,Oil and gas,10-19 years,0.4521,14.387626436469834
Kenya,Oil and gas,20-29 years,0.053,1.6866715353525792
Kenya,Oil and gas,30-39 years,0.06,1.9094394739840523
Kenya,Oil and gas,40-49 years,0.0,0.0
Kenya,Oil and gas,50+ years,0.0,0.0
Kenya,Utility-scale solar,0-9 years,0.24468341968911914,7.786803003063512
Kenya,Utility-scale solar,10-19 years,0.0,0.0
Kenya,Utility-scale solar,20-29 years,0.0,0.0
Kenya,Utility-scale solar,30-39 years,0.0,0.0
Kenya,Utility-scale solar,40-49 years,0.0,0.0
Kenya,Utility-scale solar,50+ years,0.0,0.0
Kenya,Wind,0-9 years,0.607,19.317162678471995
Kenya,Wind,10-19 years,0.0255,0.8115117764432223
Kenya,Wind,20-29 years,0.0,0.0
Kenya,Wind,30-39 years,0.0,0.0
Kenya,Wind,40-49 years,0.0,0.0
Kenya,Wind,50+ years,0.0,0.0
Kenya,Hydropower,0-9 years,0.0,0.0
Kenya,Hydropower,10-19 years,0.132,4.200766842764915
Kenya,Hydropower,20-29 years,0.0,0.0
Kenya,Hydropower,30-39 years,0.271,8.624301624161303
Kenya,Hydropower,40-49 years,0.265,8.433357676762897
Kenya,Hydropower,50+ years,0.094,2.9914551759083485
Kenya,Bioenergy,0-9 years,0.0,0.0
Kenya,Bioenergy,10-19 years,0.0,0.0
Kenya,Bioenergy,20-29 years,0.0,0.0
Kenya,Bioenergy,30-39 years,0.0095,0.3023279167141416
Kenya,Bioenergy,40-49 years,0.0025,0.07955997808266883
Kenya,Bioenergy,50+ years,0.0057,0.18139675002848496
Kenya,Geothermal,0-9 years,0.317,10.088205220882408
Kenya,Geothermal,10-19 years,0.4055,12.904628445008887
Kenya,Geothermal,20-29 years,0.129,4.1052948690657125
Kenya,Geothermal,30-39 years,0.0,0.0
Kenya,Geothermal,40-49 years,0.0,0.0
Kenya,Geothermal,50+ years,0.0,0.0
Kiribati,Utility-scale solar,0-9 years,0.0041406130268199235,100.0
Kiribati,Utility-scale solar,10-19 years,0.0,0.0
Kiribati,Utility-scale solar,20-29 years,0.0,0.0
Kiribati,Utility-scale solar,30-39 years,0.0,0.0
Kiribati,Utility-scale solar,40-49 years,0.0,0.0
Kiribati,Utility-scale solar,50+ years,0.0,0.0
Kosovo,Coal,0-9 years,0.0,0.0
Kosovo,Coal,10-19 years,0.0,0.0
Kosovo,Coal,20-29 years,0.0,0.0
Kosovo,Coal,30-39 years,0.0,0.0
Kosovo,Coal,40-49 years,0.68,46.04238607894915
Kosovo,Coal,50+ years,0.61,41.30272868846909
Kosovo,Utility-scale solar,0-9 years,0.0169,1.1442887128444714
Kosovo,Utility-scale solar,10-19 years,0.0,0.0
Kosovo,Utility-scale solar,20-29 years,0.0,0.0
Kosovo,Utility-scale solar,30-39 years,0.0,0.0
Kosovo,Utility-scale solar,40-49 years,0.0,0.0
Kosovo,Utility-scale solar,50+ years,0.0,0.0
Kosovo,Wind,0-9 years,0.135,9.140767824497258
Kosovo,Wind,10-19 years,0.0,0.0
Kosovo,Wind,20-29 years,0.0,0.0
Kosovo,Wind,30-39 years,0.0,0.0
Kosovo,Wind,40-49 years,0.0,0.0
Kosovo,Wind,50+ years,0.0,0.0
Kosovo,Hydropower,0-9 years,0.0,0.0
Kosovo,Hydropower,10-19 years,0.0,0.0
Kosovo,Hydropower,20-29 years,0.0,0.0
Kosovo,Hydropower,30-39 years,0.035,2.3698286952400296
Kosovo,Hydropower,40-49 years,0.0,0.0
Kosovo,Hydropower,50+ years,0.0,0.0
Kuwait,Oil and gas,0-9 years,1.685,8.269208119037337
Kuwait,Oil and gas,10-19 years,9.161700000000002,44.9614267205842
Kuwait,Oil and gas,20-29 years,2.4,11.778100584978995
Kuwait,Oil and gas,30-39 years,2.5108,12.321856228652193
Kuwait,Oil and gas,40-49 years,3.522,17.28436260845668
Kuwait,Oil and gas,50+ years,0.804,3.945663695967964
Kuwait,Utility-scale solar,0-9 years,0.031299999999999994,0.15360606179576775
Kuwait,Utility-scale solar,10-19 years,0.0,0.0
Kuwait,Utility-scale solar,20-29 years,0.0,0.0
Kuwait,Utility-scale solar,30-39 years,0.0,0.0
Kuwait,Utility-scale solar,40-49 years,0.0,0.0
Kuwait,Utility-scale solar,50+ years,0.0,0.0
Kuwait,Wind,0-9 years,0.01,0.04907541910407915
Kuwait,Wind,10-19 years,0.0,0.0
Kuwait,Wind,20-29 years,0.0,0.0
Kuwait,Wind,30-39 years,0.0,0.0
Kuwait,Wind,40-49 years,0.0,0.0
Kuwait,Wind,50+ years,0.0,0.0
Kyrgyzstan,Coal,0-9 years,0.3,7.515030060120241
Kyrgyzstan,Coal,10-19 years,0.0,0.0
Kyrgyzstan,Coal,20-29 years,0.1,2.50501002004008
Kyrgyzstan,Coal,30-39 years,0.0,0.0
Kyrgyzstan,Coal,40-49 years,0.0,0.0
Kyrgyzstan,Coal,50+ years,0.413,10.345691382765532
Kyrgyzstan,Hydropower,0-9 years,0.025,0.62625250501002
Kyrgyzstan,Hydropower,10-19 years,0.12,3.006012024048096
Kyrgyzstan,Hydropower,20-29 years,0.0,0.0
Kyrgyzstan,Hydropower,30-39 years,0.24,6.012024048096192
Kyrgyzstan,Hydropower,40-49 years,1.25,31.312625250501004
Kyrgyzstan,Hydropower,50+ years,1.544,38.677354709418836
Laos,Coal,0-9 years,0.0,0.0
Laos,Coal,10-19 years,1.878,13.773727594456101
Laos,Coal,20-29 years,0.0,0.0
Laos,Coal,30-39 years,0.0,0.0
Laos,Coal,40-49 years,0.0,0.0
Laos,Coal,50+ years,0.0,0.0
Laos,Utility-scale solar,0-9 years,1.0416532710280373,7.6397488833942155
Laos,Utility-scale solar,10-19 years,0.0,0.0
Laos,Utility-scale solar,20-29 years,0.0,0.0
Laos,Utility-scale solar,30-39 years,0.0,0.0
Laos,Utility-scale solar,40-49 years,0.0,0.0
Laos,Utility-scale solar,50+ years,0.0,0.0
Laos,Wind,0-9 years,0.85,6.234115258406648
Laos,Wind,10-19 years,0.0,0.0
Laos,Wind,20-29 years,0.0,0.0
Laos,Wind,30-39 years,0.0,0.0
Laos,Wind,40-49 years,0.0,0.0
Laos,Wind,50+ years,0.0,0.0
Laos,Hydropower,0-9 years,6.154,45.13499447086413
Laos,Hydropower,10-19 years,2.739,20.088519638559777
Laos,Hydropower,20-29 years,0.652,4.781933115860158
Laos,Hydropower,30-39 years,0.045,0.33004139603329313
Laos,Hydropower,40-49 years,0.0,0.0
Laos,Hydropower,50+ years,0.275,2.0169196424256803
Latvia,Oil and gas,0-9 years,0.0,0.0
Latvia,Oil and gas,10-19 years,0.881,26.668761968845338
Latvia,Oil and gas,20-29 years,0.206,6.235828564792439
Latvia,Oil and gas,30-39 years,0.0,0.0
Latvia,Oil and gas,40-49 years,0.0,0.0
Latvia,Oil and gas,50+ years,0.0,0.0
Latvia,Utility-scale solar,0-9 years,0.5574904320987654,16.875799811067775
Latvia,Utility-scale solar,10-19 years,0.0,0.0
Latvia,Utility-scale solar,20-29 years,0.0,0.0
Latvia,Utility-scale solar,30-39 years,0.0,0.0
Latvia,Utility-scale solar,40-49 years,0.0,0.0
Latvia,Utility-scale solar,50+ years,0.0,0.0
Latvia,Wind,0-9 years,0.059,1.7859897345764753
Latvia,Wind,10-19 years,0.021,0.6356912614594235
Latvia,Wind,20-29 years,0.02,0.6054202490089747
Latvia,Wind,30-39 years,0.0,0.0
Latvia,Wind,40-49 years,0.0,0.0
Latvia,Wind,50+ years,0.0,0.0
Latvia,Hydropower,0-9 years,0.0,0.0
Latvia,Hydropower,10-19 years,0.0,0.0
Latvia,Hydropower,20-29 years,0.0,0.0
Latvia,Hydropower,30-39 years,0.0,0.0
Latvia,Hydropower,40-49 years,0.0,0.0
Latvia,Hydropower,50+ years,1.536,46.496275123889255
Latvia,Bioenergy,0-9 years,0.0,0.0
Latvia,Bioenergy,10-19 years,0.023,0.696233286360321
Latvia,Bioenergy,20-29 years,0.0,0.0
Latvia,Bioenergy,30-39 years,0.0,0.0
Latvia,Bioenergy,40-49 years,0.0,0.0
Latvia,Bioenergy,50+ years,0.0,0.0
Lebanon,Oil and gas,0-9 years,0.27,8.943062502070154
Lebanon,Oil and gas,10-19 years,0.198,6.558245834851446
Lebanon,Oil and gas,20-29 years,0.93,30.803881951574972
Lebanon,Oil and gas,30-39 years,0.312,10.334205557947733
Lebanon,Oil and gas,40-49 years,0.726,24.046901394455304
Lebanon,Oil and gas,50+ years,0.19,6.293266205160479
Lebanon,Utility-scale solar,0-9 years,0.0050999999999999995,0.16892451392799177
Lebanon,Utility-scale solar,10-19 years,0.0,0.0
Lebanon,Utility-scale solar,20-29 years,0.0,0.0
Lebanon,Utility-scale solar,30-39 years,0.0,0.0
Lebanon,Utility-scale solar,40-49 years,0.0,0.0
Lebanon,Utility-scale solar,50+ years,0.0,0.0
Lebanon,Hydropower,0-9 years,0.0,0.0
Lebanon,Hydropower,10-19 years,0.0,0.0
Lebanon,Hydropower,20-29 years,0.0,0.0
Lebanon,Hydropower,30-39 years,0.0,0.0
Lebanon,Hydropower,40-49 years,0.0,0.0
Lebanon,Hydropower,50+ years,0.19,6.293266205160479
Lesotho,Utility-scale solar,0-9 years,0.029200000000000004,100.0
Lesotho,Utility-scale solar,10-19 years,0.0,0.0
Lesotho,Utility-scale solar,20-29 years,0.0,0.0
Lesotho,Utility-scale solar,30-39 years,0.0,0.0
Lesotho,Utility-scale solar,40-49 years,0.0,0.0
Lesotho,Utility-scale solar,50+ years,0.0,0.0
Liberia,Oil and gas,0-9 years,0.0,0.0
Liberia,Oil and gas,10-19 years,0.028,22.22222222222222
Liberia,Oil and gas,20-29 years,0.0,0.0
Liberia,Oil and gas,30-39 years,0.0,0.0
Liberia,Oil and gas,40-49 years,0.0,0.0
Liberia,Oil and gas,50+ years,0.0,0.0
Liberia,Hydropower,0-9 years,0.0,0.0
Liberia,Hydropower,10-19 years,0.0,0.0
Liberia,Hydropower,20-29 years,0.0,0.0
Liberia,Hydropower,30-39 years,0.0,0.0
Liberia,Hydropower,40-49 years,0.0,0.0
Liberia,Hydropower,50+ years,0.088,69.84126984126983
Libya,Oil and gas,0-9 years,3.214,21.246338369753385
Libya,Oil and gas,10-19 years,7.547,49.88989286761941
Libya,Oil and gas,20-29 years,0.624,4.12498915455075
Libya,Oil and gas,30-39 years,1.827,12.077492284237534
Libya,Oil and gas,40-49 years,1.1,7.271615496804208
Libya,Oil and gas,50+ years,0.26,1.7187454810628129
Libya,Utility-scale solar,0-9 years,0.4553125,3.009870391716969
Libya,Utility-scale solar,10-19 years,0.0,0.0
Libya,Utility-scale solar,20-29 years,0.0,0.0
Libya,Utility-scale solar,30-39 years,0.0,0.0
Libya,Utility-scale solar,40-49 years,0.0,0.0
Libya,Utility-scale solar,50+ years,0.0,0.0
Lithuania,Oil and gas,0-9 years,0.0,0.0
Lithuania,Oil and gas,10-19 years,1.127,25.379513202771015
Lithuania,Oil and gas,20-29 years,0.021,0.4729101839025655
Lithuania,Oil and gas,30-39 years,0.0,0.0
Lithuania,Oil and gas,40-49 years,0.0,0.0
Lithuania,Oil and gas,50+ years,0.0,0.0
Lithuania,Utility-scale solar,0-9 years,0.8395895061728395,18.90716322699341
Lithuania,Utility-scale solar,10-19 years,0.0,0.0
Lithuania,Utility-scale solar,20-29 years,0.0,0.0
Lithuania,Utility-scale solar,30-39 years,0.0,0.0
Lithuania,Utility-scale solar,40-49 years,0.0,0.0
Lithuania,Utility-scale solar,50+ years,0.0,0.0
Lithuania,Wind,0-9 years,0.89,20.04238398444206
Lithuania,Wind,10-19 years,0.338,7.611602007574625
Lithuania,Wind,20-29 years,0.03,0.675585977003665
Lithuania,Wind,30-39 years,0.0,0.0
Lithuania,Wind,40-49 years,0.0,0.0
Lithuania,Wind,50+ years,0.0,0.0
Lithuania,Hydropower,0-9 years,0.0,0.0
Lithuania,Hydropower,10-19 years,0.0,0.0
Lithuania,Hydropower,20-29 years,0.0,0.0
Lithuania,Hydropower,30-39 years,0.9,20.267579310109948
Lithuania,Hydropower,40-49 years,0.0,0.0
Lithuania,Hydropower,50+ years,0.101,2.2744727892456718
Lithuania,Bioenergy,0-9 years,0.124,2.7924220382818152
Lithuania,Bioenergy,10-19 years,0.02,0.4503906513357766
Lithuania,Bioenergy,20-29 years,0.0,0.0
Lithuania,Bioenergy,30-39 years,0.0,0.0
Lithuania,Bioenergy,40-49 years,0.0,0.0
Lithuania,Bioenergy,50+ years,0.0,0.0
Luxembourg,Wind,0-9 years,0.056600000000000004,3.6950949552129484
Luxembourg,Wind,10-19 years,0.062,4.047630516311004
Luxembourg,Wind,20-29 years,0.013,0.8486967211619847
Luxembourg,Wind,30-39 years,0.0,0.0
Luxembourg,Wind,40-49 years,0.0,0.0
Luxembourg,Wind,50+ years,0.0,0.0
Luxembourg,Hydropower,0-9 years,0.0,0.0
Luxembourg,Hydropower,10-19 years,0.0,0.0
Luxembourg,Hydropower,20-29 years,0.0,0.0
Luxembourg,Hydropower,30-39 years,0.0,0.0
Luxembourg,Hydropower,40-49 years,0.0,0.0
Luxembourg,Hydropower,50+ years,1.294,84.47796593720062
Luxembourg,Bioenergy,0-9 years,0.0,0.0
Luxembourg,Bioenergy,10-19 years,0.0178,1.162061664360256
Luxembourg,Bioenergy,20-29 years,0.0,0.0
Luxembourg,Bioenergy,30-39 years,0.0,0.0
Luxembourg,Bioenergy,40-49 years,0.0,0.0
Luxembourg,Bioenergy,50+ years,0.0,0.0
Macao,Oil and gas,0-9 years,0.0,0.0
Macao,Oil and gas,10-19 years,0.0,0.0
Macao,Oil and gas,20-29 years,0.136,29.190813479287403
Macao,Oil and gas,30-39 years,0.0,0.0
Macao,Oil and gas,40-49 years,0.2712,58.20991629104958
Macao,Oil and gas,50+ years,0.0,0.0
Macao,Bioenergy,0-9 years,0.03,6.439150032195751
Macao,Bioenergy,10-19 years,0.0,0.0
Macao,Bioenergy,20-29 years,0.0,0.0
Macao,Bioenergy,30-39 years,0.0287,6.1601201974672675
Macao,Bioenergy,40-49 years,0.0,0.0
Macao,Bioenergy,50+ years,0.0,0.0
Madagascar,Coal,0-9 years,0.0,0.0
Madagascar,Coal,10-19 years,0.12,19.131992566708718
Madagascar,Coal,20-29 years,0.0,0.0
Madagascar,Coal,30-39 years,0.0,0.0
Madagascar,Coal,40-49 years,0.0,0.0
Madagascar,Coal,50+ years,0.0,0.0
Madagascar,Oil and gas,0-9 years,0.247,39.380018033142115
Madagascar,Oil and gas,10-19 years,0.0,0.0
Madagascar,Oil and gas,20-29 years,0.0,0.0
Madagascar,Oil and gas,30-39 years,0.0,0.0
Madagascar,Oil and gas,40-49 years,0.0,0.0
Madagascar,Oil and gas,50+ years,0.0,0.0
Madagascar,Utility-scale solar,0-9 years,0.08416670984455958,13.418973892587028
Madagascar,Utility-scale solar,10-19 years,0.0,0.0
Madagascar,Utility-scale solar,20-29 years,0.0,0.0
Madagascar,Utility-scale solar,30-39 years,0.0,0.0
Madagascar,Utility-scale solar,40-49 years,0.0,0.0
Madagascar,Utility-scale solar,50+ years,0.0,0.0
Madagascar,Wind,0-9 years,0.016,2.5509323422278287
Madagascar,Wind,10-19 years,0.0,0.0
Madagascar,Wind,20-29 years,0.0,0.0
Madagascar,Wind,30-39 years,0.0,0.0
Madagascar,Wind,40-49 years,0.0,0.0
Madagascar,Wind,50+ years,0.0,0.0
Madagascar,Hydropower,0-9 years,0.0,0.0
Madagascar,Hydropower,10-19 years,0.0,0.0
Madagascar,Hydropower,20-29 years,0.0,0.0
Madagascar,Hydropower,30-39 years,0.0,0.0
Madagascar,Hydropower,40-49 years,0.091,14.508427696420778
Madagascar,Hydropower,50+ years,0.024,3.8263985133417435
Malawi,Utility-scale solar,0-9 years,0.10087,18.179032926631464
Malawi,Utility-scale solar,10-19 years,0.0,0.0
Malawi,Utility-scale solar,20-29 years,0.0,0.0
Malawi,Utility-scale solar,30-39 years,0.0,0.0
Malawi,Utility-scale solar,40-49 years,0.0,0.0
Malawi,Utility-scale solar,50+ years,0.0,0.0
Malawi,Hydropower,0-9 years,0.0,0.0
Malawi,Hydropower,10-19 years,0.0,0.0
Malawi,Hydropower,20-29 years,0.13,23.42891127651522
Malawi,Hydropower,30-39 years,0.1,18.022239443473246
Malawi,Hydropower,40-49 years,0.0,0.0
Malawi,Hydropower,50+ years,0.121,21.806909726602626
Malaysia,Coal,0-9 years,3.6,9.082263402141075
Malaysia,Coal,10-19 years,5.07,12.79085429134868
Malaysia,Coal,20-29 years,4.01,10.116632289607143
Malaysia,Coal,30-39 years,0.6,1.5137105670235125
Malaysia,Coal,40-49 years,0.0,0.0
Malaysia,Coal,50+ years,0.0,0.0
Malaysia,Oil and gas,0-9 years,7.7782,19.62323922070381
Malaysia,Oil and gas,10-19 years,3.429,8.650855890539374
Malaysia,Oil and gas,20-29 years,2.9078000000000004,7.3359459779849505
Malaysia,Oil and gas,30-39 years,2.414,6.090162181324599
Malaysia,Oil and gas,40-49 years,0.564,1.4228879330021018
Malaysia,Oil and gas,50+ years,0.104,0.2623764982840755
Malaysia,Utility-scale solar,0-9 years,2.4933364705882353,6.290316271124202
Malaysia,Utility-scale solar,10-19 years,0.01653,0.04170272612149777
Malaysia,Utility-scale solar,20-29 years,0.0,0.0
Malaysia,Utility-scale solar,30-39 years,0.0,0.0
Malaysia,Utility-scale solar,40-49 years,0.0,0.0
Malaysia,Utility-scale solar,50+ years,0.0,0.0
Malaysia,Hydropower,0-9 years,0.0,0.0
Malaysia,Hydropower,10-19 years,3.981,10.043469612201006
Malaysia,Hydropower,20-29 years,0.654,1.6499445180556287
Malaysia,Hydropower,30-39 years,0.0,0.0
Malaysia,Hydropower,40-49 years,1.123,2.8331616112790075
Malaysia,Hydropower,50+ years,0.441,1.1125772667622817
Malaysia,Bioenergy,0-9 years,0.0,0.0
Malaysia,Bioenergy,10-19 years,0.0259,0.06534183947651495
Malaysia,Bioenergy,20-29 years,0.0195,0.049195593428264156
Malaysia,Bioenergy,30-39 years,0.0,0.0
Malaysia,Bioenergy,40-49 years,0.0,0.0
Malaysia,Bioenergy,50+ years,0.0,0.0
Maldives,Oil and gas,0-9 years,0.08,55.59416261292564
Maldives,Oil and gas,10-19 years,0.0,0.0
Maldives,Oil and gas,20-29 years,0.0,0.0
Maldives,Oil and gas,30-39 years,0.0,0.0
Maldives,Oil and gas,40-49 years,0.0,0.0
Maldives,Oil and gas,50+ years,0.0,0.0
Maldives,Utility-scale solar,0-9 years,0.0019,1.320361362056984
Maldives,Utility-scale solar,10-19 years,0.0,0.0
Maldives,Utility-scale solar,20-29 years,0.0,0.0
Maldives,Utility-scale solar,30-39 years,0.0,0.0
Maldives,Utility-scale solar,40-49 years,0.0,0.0
Maldives,Utility-scale solar,50+ years,0.0,0.0
Mali,Oil and gas,0-9 years,0.19,22.150577657708396
Mali,Oil and gas,10-19 years,0.0,0.0
Mali,Oil and gas,20-29 years,0.0,0.0
Mali,Oil and gas,30-39 years,0.0,0.0
Mali,Oil and gas,40-49 years,0.0,0.0
Mali,Oil and gas,50+ years,0.0,0.0
Mali,Utility-scale solar,0-9 years,0.15376544041450776,17.926280678806776
Mali,Utility-scale solar,10-19 years,0.0,0.0
Mali,Utility-scale solar,20-29 years,0.0,0.0
Mali,Utility-scale solar,30-39 years,0.0,0.0
Mali,Utility-scale solar,40-49 years,0.0,0.0
Mali,Utility-scale solar,50+ years,0.0,0.0
Mali,Hydropower,0-9 years,0.14,16.321478274100926
Mali,Hydropower,10-19 years,0.062,7.228083235673266
Mali,Hydropower,20-29 years,0.2,23.316397534429893
Mali,Hydropower,30-39 years,0.0,0.0
Mali,Hydropower,40-49 years,0.048,5.595935408263173
Mali,Hydropower,50+ years,0.0,0.0
Malta,Oil and gas,0-9 years,0.3578,63.159752868490735
Malta,Oil and gas,10-19 years,0.0,0.0
Malta,Oil and gas,20-29 years,0.115,20.30008826125331
Malta,Oil and gas,30-39 years,0.075,13.239187996469552
Malta,Oil and gas,40-49 years,0.0,0.0
Malta,Oil and gas,50+ years,0.0,0.0
Malta,Utility-scale solar,0-9 years,0.018699999999999998,3.300970873786407
Malta,Utility-scale solar,10-19 years,0.0,0.0
Malta,Utility-scale solar,20-29 years,0.0,0.0
Malta,Utility-scale solar,30-39 years,0.0,0.0
Malta,Utility-scale solar,40-49 years,0.0,0.0
Malta,Utility-scale solar,50+ years,0.0,0.0
Martinique,Oil and gas,0-9 years,0.0,0.0
Martinique,Oil and gas,10-19 years,0.2866,64.819631346828
Martinique,Oil and gas,20-29 years,0.0,0.0
Martinique,Oil and gas,30-39 years,0.077,17.414904444193148
Martinique,Oil and gas,40-49 years,0.0,0.0
Martinique,Oil and gas,50+ years,0.0,0.0
Martinique,Utility-scale solar,0-9 years,0.0202,4.568585321723397
Martinique,Utility-scale solar,10-19 years,0.00435,0.9838290173018207
Martinique,Utility-scale solar,20-29 years,0.0,0.0
Martinique,Utility-scale solar,30-39 years,0.0,0.0
Martinique,Utility-scale solar,40-49 years,0.0,0.0
Martinique,Utility-scale solar,50+ years,0.0,0.0
Martinique,Wind,0-9 years,0.014,3.1663462625805723
Martinique,Wind,10-19 years,0.0,0.0
Martinique,Wind,20-29 years,0.0,0.0
Martinique,Wind,30-39 years,0.0,0.0
Martinique,Wind,40-49 years,0.0,0.0
Martinique,Wind,50+ years,0.0,0.0
Martinique,Bioenergy,0-9 years,0.04,9.046703607373063
Martinique,Bioenergy,10-19 years,0.0,0.0
Martinique,Bioenergy,20-29 years,0.0,0.0
Martinique,Bioenergy,30-39 years,0.0,0.0
Martinique,Bioenergy,40-49 years,0.0,0.0
Martinique,Bioenergy,50+ years,0.0,0.0
Mauritania,Oil and gas,0-9 years,0.0,0.0
Mauritania,Oil and gas,10-19 years,0.18,26.77646920266704
Mauritania,Oil and gas,20-29 years,0.0,0.0
Mauritania,Oil and gas,30-39 years,0.0,0.0
Mauritania,Oil and gas,40-49 years,0.0,0.0
Mauritania,Oil and gas,50+ years,0.0,0.0
Mauritania,Utility-scale solar,0-9 years,0.1114,16.57165927320616
Mauritania,Utility-scale solar,10-19 years,0.010832020725388601,1.6113514964223277
Mauritania,Utility-scale solar,20-29 years,0.0,0.0
Mauritania,Utility-scale solar,30-39 years,0.0,0.0
Mauritania,Utility-scale solar,40-49 years,0.0,0.0
Mauritania,Utility-scale solar,50+ years,0.0,0.0
Mauritania,Wind,0-9 years,0.1,14.875816223703914
Mauritania,Wind,10-19 years,0.03,4.462744867111174
Mauritania,Wind,20-29 years,0.0,0.0
Mauritania,Wind,30-39 years,0.0,0.0
Mauritania,Wind,40-49 years,0.0,0.0
Mauritania,Wind,50+ years,0.0,0.0
Mauritius,Coal,0-9 years,0.0,0.0
Mauritius,Coal,10-19 years,0.09,10.220382303667522
Mauritius,Coal,20-29 years,0.105,11.923779354278775
Mauritius,Coal,30-39 years,0.0,0.0
Mauritius,Coal,40-49 years,0.0,0.0
Mauritius,Coal,50+ years,0.0,0.0
Mauritius,Oil and gas,0-9 years,0.068,7.722066629437683
Mauritius,Oil and gas,10-19 years,0.07,7.949186236185851
Mauritius,Oil and gas,20-29 years,0.171,19.418726376968294
Mauritius,Oil and gas,30-39 years,0.147,16.693291095990286
Mauritius,Oil and gas,40-49 years,0.0,0.0
Mauritius,Oil and gas,50+ years,0.0,0.0
Mauritius,Utility-scale solar,0-9 years,0.0803265725388601,9.121869783227014
Mauritius,Utility-scale solar,10-19 years,0.013540025906735751,1.5376026796489095
Mauritius,Utility-scale solar,20-29 years,0.0,0.0
Mauritius,Utility-scale solar,30-39 years,0.0,0.0
Mauritius,Utility-scale solar,40-49 years,0.0,0.0
Mauritius,Utility-scale solar,50+ years,0.0,0.0
Mauritius,Wind,0-9 years,0.0,0.0
Mauritius,Wind,10-19 years,0.0094,1.0674621517163858
Mauritius,Wind,20-29 years,0.0,0.0
Mauritius,Wind,30-39 years,0.0,0.0
Mauritius,Wind,40-49 years,0.0,0.0
Mauritius,Wind,50+ years,0.0,0.0
Mauritius,Hydropower,0-9 years,0.0,0.0
Mauritius,Hydropower,10-19 years,0.0,0.0
Mauritius,Hydropower,20-29 years,0.0,0.0
Mauritius,Hydropower,30-39 years,0.0,0.0
Mauritius,Hydropower,40-49 years,0.03,3.4067941012225074
Mauritius,Hydropower,50+ years,0.0,0.0
Mauritius,Bioenergy,0-9 years,0.0,0.0
Mauritius,Bioenergy,10-19 years,0.016300000000000002,1.8510247949975622
Mauritius,Bioenergy,20-29 years,0.041,4.655951938337427
Mauritius,Bioenergy,30-39 years,0.0,0.0
Mauritius,Bioenergy,40-49 years,0.0,0.0
Mauritius,Bioenergy,50+ years,0.0,0.0
Mayotte,Utility-scale solar,0-9 years,0.013254746113989638,100.0
Mayotte,Utility-scale solar,10-19 years,0.0,0.0
Mayotte,Utility-scale solar,20-29 years,0.0,0.0
Mayotte,Utility-scale solar,30-39 years,0.0,0.0
Mayotte,Utility-scale solar,40-49 years,0.0,0.0
Mayotte,Utility-scale solar,50+ years,0.0,0.0
Mexico,Coal,0-9 years,0.0,0.0
Mexico,Coal,10-19 years,0.678,0.7049515042146774
Mexico,Coal,20-29 years,0.0,0.0
Mexico,Coal,30-39 years,3.8,3.95105562834185
Mexico,Coal,40-49 years,0.9,0.9357763330283329
Mexico,Coal,50+ years,0.0,0.0
Mexico,Oil and gas,0-9 years,15.6829,16.306318503611156
Mexico,Oil and gas,10-19 years,8.9861,9.343310784695447
Mexico,Oil and gas,20-29 years,17.302599999999998,17.99040397761781
Mexico,Oil and gas,30-39 years,5.7635,5.992607661565329
Mexico,Oil and gas,40-49 years,5.036,5.236188459034094
Mexico,Oil and gas,50+ years,0.5558,0.5778938732190526
Mexico,Utility-scale solar,0-9 years,12.143011388888889,12.625714077128587
Mexico,Utility-scale solar,10-19 years,0.29567,0.3074233204294302
Mexico,Utility-scale solar,20-29 years,0.0,0.0
Mexico,Utility-scale solar,30-39 years,0.0,0.0
Mexico,Utility-scale solar,40-49 years,0.0,0.0
Mexico,Utility-scale solar,50+ years,0.0,0.0
Mexico,Wind,0-9 years,4.007,4.166284184938367
Mexico,Wind,10-19 years,3.641,3.7857351428401778
Mexico,Wind,20-29 years,0.0,0.0
Mexico,Wind,30-39 years,0.083,0.08629937293483514
Mexico,Wind,40-49 years,0.0,0.0
Mexico,Wind,50+ years,0.0,0.0
Mexico,Hydropower,0-9 years,0.0,0.0
Mexico,Hydropower,10-19 years,1.607,1.6708806301961456
Mexico,Hydropower,20-29 years,0.03,0.031192544434277762
Mexico,Hydropower,30-39 years,2.526,2.6264122413661877
Mexico,Hydropower,40-49 years,3.033,3.153566242305482
Mexico,Hydropower,50+ years,5.01,5.209154920524386
Mexico,Nuclear,0-9 years,0.0,0.0
Mexico,Nuclear,10-19 years,0.0,0.0
Mexico,Nuclear,20-29 years,0.0,0.0
Mexico,Nuclear,30-39 years,1.608,1.671920381677288
Mexico,Nuclear,40-49 years,0.0,0.0
Mexico,Nuclear,50+ years,0.0,0.0
Mexico,Bioenergy,0-9 years,0.123,0.1278894321805388
Mexico,Bioenergy,10-19 years,0.2243,0.2332162572202834
Mexico,Bioenergy,20-29 years,0.0128,0.01330881895862518
Mexico,Bioenergy,30-39 years,0.16240000000000002,0.16885564053755697
Mexico,Bioenergy,40-49 years,0.0675,0.07018322497712497
Mexico,Bioenergy,50+ years,0.01,0.01039751481142592
Mexico,Geothermal,0-9 years,0.025,0.025993787028564804
Mexico,Geothermal,10-19 years,0.176,0.1829962606810962
Mexico,Geothermal,20-29 years,0.11,0.11437266292568514
Mexico,Geothermal,30-39 years,0.22,0.22874532585137028
Mexico,Geothermal,40-49 years,0.25,0.259937870285648
Mexico,Geothermal,50+ years,0.0,0.0
Micronesia,Utility-scale solar,0-9 years,0.00174,46.51162790697675
Micronesia,Utility-scale solar,10-19 years,0.0020009999999999997,53.48837209302326
Micronesia,Utility-scale solar,20-29 years,0.0,0.0
Micronesia,Utility-scale solar,30-39 years,0.0,0.0
Micronesia,Utility-scale solar,40-49 years,0.0,0.0
Micronesia,Utility-scale solar,50+ years,0.0,0.0
Moldova,Oil and gas,0-9 years,0.0,0.0
Moldova,Oil and gas,10-19 years,0.0,0.0
Moldova,Oil and gas,20-29 years,0.0,0.0
Moldova,Oil and gas,30-39 years,0.0,0.0
Moldova,Oil and gas,40-49 years,0.66,47.2204335694355
Moldova,Oil and gas,50+ years,0.508,36.34542462617157
Moldova,Utility-scale solar,0-9 years,0.1657,11.855190670387064
Moldova,Utility-scale solar,10-19 years,0.0,0.0
Moldova,Utility-scale solar,20-29 years,0.0,0.0
Moldova,Utility-scale solar,30-39 years,0.0,0.0
Moldova,Utility-scale solar,40-49 years,0.0,0.0
Moldova,Utility-scale solar,50+ years,0.0,0.0
Moldova,Hydropower,0-9 years,0.0,0.0
Moldova,Hydropower,10-19 years,0.0,0.0
Moldova,Hydropower,20-29 years,0.0,0.0
Moldova,Hydropower,30-39 years,0.0,0.0
Moldova,Hydropower,40-49 years,0.016,1.1447377835014667
Moldova,Hydropower,50+ years,0.048,3.4342133505043995
Mongolia,Coal,0-9 years,0.42,25.702681334983673
Mongolia,Coal,10-19 years,0.175,10.709450556243198
Mongolia,Coal,20-29 years,0.0,0.0
Mongolia,Coal,30-39 years,0.16,9.79149765142235
Mongolia,Coal,40-49 years,0.54,33.04630457355044
Mongolia,Coal,50+ years,0.0,0.0
Mongolia,Utility-scale solar,0-9 years,0.18407075910147175,11.264552533984936
Mongolia,Utility-scale solar,10-19 years,0.0,0.0
Mongolia,Utility-scale solar,20-29 years,0.0,0.0
Mongolia,Utility-scale solar,30-39 years,0.0,0.0
Mongolia,Utility-scale solar,40-49 years,0.0,0.0
Mongolia,Utility-scale solar,50+ years,0.0,0.0
Mongolia,Wind,0-9 years,0.105,6.425670333745918
Mongolia,Wind,10-19 years,0.05,3.0598430160694847
Mongolia,Wind,20-29 years,0.0,0.0
Mongolia,Wind,30-39 years,0.0,0.0
Mongolia,Wind,40-49 years,0.0,0.0
Mongolia,Wind,50+ years,0.0,0.0
Montenegro,Coal,0-9 years,0.0,0.0
Montenegro,Coal,10-19 years,0.0,0.0
Montenegro,Coal,20-29 years,0.0,0.0
Montenegro,Coal,30-39 years,0.0,0.0
Montenegro,Coal,40-49 years,0.225,22.301516503122212
Montenegro,Coal,50+ years,0.0,0.0
Montenegro,Utility-scale solar,0-9 years,0.0169,1.6750916840122907
Montenegro,Utility-scale solar,10-19 years,0.0,0.0
Montenegro,Utility-scale solar,20-29 years,0.0,0.0
Montenegro,Utility-scale solar,30-39 years,0.0,0.0
Montenegro,Utility-scale solar,40-49 years,0.0,0.0
Montenegro,Utility-scale solar,50+ years,0.0,0.0
Montenegro,Wind,0-9 years,0.118,11.695906432748538
Montenegro,Wind,10-19 years,0.0,0.0
Montenegro,Wind,20-29 years,0.0,0.0
Montenegro,Wind,30-39 years,0.0,0.0
Montenegro,Wind,40-49 years,0.0,0.0
Montenegro,Wind,50+ years,0.0,0.0
Montenegro,Hydropower,0-9 years,0.0,0.0
Montenegro,Hydropower,10-19 years,0.0,0.0
Montenegro,Hydropower,20-29 years,0.0,0.0
Montenegro,Hydropower,30-39 years,0.0,0.0
Montenegro,Hydropower,40-49 years,0.0,0.0
Montenegro,Hydropower,50+ years,0.649,64.32748538011695
Morocco,Coal,0-9 years,1.736,16.496563671236125
Morocco,Coal,10-19 years,0.7,6.651840190014567
Morocco,Coal,20-29 years,0.696,6.613829674643055
Morocco,Coal,30-39 years,0.66,6.271735036299448
Morocco,Coal,40-49 years,0.3,2.8507886528633857
Morocco,Coal,50+ years,0.0,0.0
Morocco,Oil and gas,0-9 years,0.0,0.0
Morocco,Oil and gas,10-19 years,1.201,11.412657240296422
Morocco,Oil and gas,20-29 years,0.4,3.801051537151181
Morocco,Oil and gas,30-39 years,0.0,0.0
Morocco,Oil and gas,40-49 years,0.3,2.8507886528633857
Morocco,Oil and gas,50+ years,0.0,0.0
Morocco,Utility-scale solar,0-9 years,0.76822375,7.300145164533861
Morocco,Utility-scale solar,10-19 years,0.18,1.7104731917180316
Morocco,Utility-scale solar,20-29 years,0.0,0.0
Morocco,Utility-scale solar,30-39 years,0.0,0.0
Morocco,Utility-scale solar,40-49 years,0.0,0.0
Morocco,Utility-scale solar,50+ years,0.0,0.0
Morocco,Wind,0-9 years,0.842,8.001213485703236
Morocco,Wind,10-19 years,0.775,7.364537353230413
Morocco,Wind,20-29 years,0.01,0.09502628842877953
Morocco,Wind,30-39 years,0.0,0.0
Morocco,Wind,40-49 years,0.0,0.0
Morocco,Wind,50+ years,0.0,0.0
Morocco,Hydropower,0-9 years,0.35,3.3259200950072834
Morocco,Hydropower,10-19 years,0.0,0.0
Morocco,Hydropower,20-29 years,0.798,7.583097816616606
Morocco,Hydropower,30-39 years,0.307,2.9173070547635316
Morocco,Hydropower,40-49 years,0.164,1.5584311302319842
Morocco,Hydropower,50+ years,0.302,2.8697939105491415
Morocco,Bioenergy,0-9 years,0.0,0.0
Morocco,Bioenergy,10-19 years,0.0046,0.04371209267723858
Morocco,Bioenergy,20-29 years,0.0,0.0
Morocco,Bioenergy,30-39 years,0.0,0.0
Morocco,Bioenergy,40-49 years,0.0,0.0
Morocco,Bioenergy,50+ years,0.0,0.0
Mozambique,Oil and gas,0-9 years,0.246,8.4019234256896
Mozambique,Oil and gas,10-19 years,0.4116,14.057852365909914
Mozambique,Oil and gas,20-29 years,0.0,0.0
Mozambique,Oil and gas,30-39 years,0.0,0.0
Mozambique,Oil and gas,40-49 years,0.0,0.0
Mozambique,Oil and gas,50+ years,0.0,0.0
Mozambique,Utility-scale solar,0-9 years,0.099301,3.3915422686764343
Mozambique,Utility-scale solar,10-19 years,0.0,0.0
Mozambique,Utility-scale solar,20-29 years,0.0,0.0
Mozambique,Utility-scale solar,30-39 years,0.0,0.0
Mozambique,Utility-scale solar,40-49 years,0.0,0.0
Mozambique,Utility-scale solar,50+ years,0.0,0.0
Mozambique,Hydropower,0-9 years,0.0,0.0
Mozambique,Hydropower,10-19 years,0.0,0.0
Mozambique,Hydropower,20-29 years,0.0,0.0
Mozambique,Hydropower,30-39 years,0.0,0.0
Mozambique,Hydropower,40-49 years,0.0,0.0
Mozambique,Hydropower,50+ years,2.171,74.14868193972406
Myanmar,Coal,0-9 years,0.06,0.8398299268050043
Myanmar,Coal,10-19 years,0.0,0.0
Myanmar,Coal,20-29 years,0.12,1.6796598536100087
Myanmar,Coal,30-39 years,0.0,0.0
Myanmar,Coal,40-49 years,0.0,0.0
Myanmar,Coal,50+ years,0.0,0.0
Myanmar,Oil and gas,0-9 years,1.9236,26.924947453368443
Myanmar,Oil and gas,10-19 years,0.8533,11.943781275711837
Myanmar,Oil and gas,20-29 years,0.092,1.2877392211010068
Myanmar,Oil and gas,30-39 years,0.15419999999999998,2.1583629118888616
Myanmar,Oil and gas,40-49 years,0.0,0.0
Myanmar,Oil and gas,50+ years,0.054299999999999994,0.760046083758529
Myanmar,Utility-scale solar,0-9 years,0.3028636363636364,4.23923242598617
Myanmar,Utility-scale solar,10-19 years,0.0,0.0
Myanmar,Utility-scale solar,20-29 years,0.0,0.0
Myanmar,Utility-scale solar,30-39 years,0.0,0.0
Myanmar,Utility-scale solar,40-49 years,0.0,0.0
Myanmar,Utility-scale solar,50+ years,0.0,0.0
Myanmar,Wind,0-9 years,0.21,2.9394047438175157
Myanmar,Wind,10-19 years,0.0,0.0
Myanmar,Wind,20-29 years,0.0,0.0
Myanmar,Wind,30-39 years,0.0,0.0
Myanmar,Wind,40-49 years,0.0,0.0
Myanmar,Wind,50+ years,0.0,0.0
Myanmar,Hydropower,0-9 years,0.131,1.8336286735242595
Myanmar,Hydropower,10-19 years,2.474,34.628987315259685
Myanmar,Hydropower,20-29 years,0.385,5.3889086969987785
Myanmar,Hydropower,30-39 years,0.0,0.0
Myanmar,Hydropower,40-49 years,0.056,0.7838412650180041
Myanmar,Hydropower,50+ years,0.168,2.351523795054012
Namibia,Coal,0-9 years,0.0,0.0
Namibia,Coal,10-19 years,0.0,0.0
Namibia,Coal,20-29 years,0.0,0.0
Namibia,Coal,30-39 years,0.0,0.0
Namibia,Coal,40-49 years,0.03,3.7270921066777567
Namibia,Coal,50+ years,0.09,11.18127632003327
Namibia,Oil and gas,0-9 years,0.0495,6.149701976018299
Namibia,Oil and gas,10-19 years,0.0,0.0
Namibia,Oil and gas,20-29 years,0.0,0.0
Namibia,Oil and gas,30-39 years,0.0,0.0
Namibia,Oil and gas,40-49 years,0.0,0.0
Namibia,Oil and gas,50+ years,0.0,0.0
Namibia,Utility-scale solar,0-9 years,0.2601165958549223,32.315950374225636
Namibia,Utility-scale solar,10-19 years,0.02592683678756477,3.2210569580685044
Namibia,Utility-scale solar,20-29 years,0.0,0.0
Namibia,Utility-scale solar,30-39 years,0.0,0.0
Namibia,Utility-scale solar,40-49 years,0.0,0.0
Namibia,Utility-scale solar,50+ years,0.0,0.0
Namibia,Hydropower,0-9 years,0.0,0.0
Namibia,Hydropower,10-19 years,0.0,0.0
Namibia,Hydropower,20-29 years,0.0,0.0
Namibia,Hydropower,30-39 years,0.0,0.0
Namibia,Hydropower,40-49 years,0.332,41.24648598056718
Namibia,Hydropower,50+ years,0.0,0.0
Nauru,Utility-scale solar,0-9 years,0.005617471264367816,100.0
Nauru,Utility-scale solar,10-19 years,0.0,0.0
Nauru,Utility-scale solar,20-29 years,0.0,0.0
Nauru,Utility-scale solar,30-39 years,0.0,0.0
Nauru,Utility-scale solar,40-49 years,0.0,0.0
Nauru,Utility-scale solar,50+ years,0.0,0.0
Nepal,Utility-scale solar,0-9 years,0.03175,0.9421784352419247
Nepal,Utility-scale solar,10-19 years,0.0,0.0
Nepal,Utility-scale solar,20-29 years,0.0,0.0
Nepal,Utility-scale solar,30-39 years,0.0,0.0
Nepal,Utility-scale solar,40-49 years,0.0,0.0
Nepal,Utility-scale solar,50+ years,0.0,0.0
Nepal,Hydropower,0-9 years,2.474,73.41573067050462
Nepal,Hydropower,10-19 years,0.209,6.202056471356292
Nepal,Hydropower,20-29 years,0.286,8.487024645013873
Nepal,Hydropower,30-39 years,0.081,2.403667819042391
Nepal,Hydropower,40-49 years,0.121,3.5906642728904847
Nepal,Hydropower,50+ years,0.035,1.0386218971170824
Netherlands,Coal,0-9 years,0.0,0.0
Netherlands,Coal,10-19 years,3.5,8.951343256532654
Netherlands,Coal,20-29 years,0.0,0.0
Netherlands,Coal,30-39 years,0.0,0.0
Netherlands,Coal,40-49 years,0.0,0.0
Netherlands,Coal,50+ years,0.0,0.0
Netherlands,Oil and gas,0-9 years,0.19,0.485930062497487
Netherlands,Oil and gas,10-19 years,7.5934,19.4203228240443
Netherlands,Oil and gas,20-29 years,2.369,6.0587806213502455
Netherlands,Oil and gas,30-39 years,3.4533,8.831906762224062
Netherlands,Oil and gas,40-49 years,0.4343,1.1107338218034664
Netherlands,Oil and gas,50+ years,0.0,0.0
Netherlands,Utility-scale solar,0-9 years,6.371439904761904,16.295127321683868
Netherlands,Utility-scale solar,10-19 years,0.0,0.0
Netherlands,Utility-scale solar,20-29 years,0.0,0.0
Netherlands,Utility-scale solar,30-39 years,0.0,0.0
Netherlands,Utility-scale solar,40-49 years,0.0,0.0
Netherlands,Utility-scale solar,50+ years,0.0,0.0
Netherlands,Wind,0-9 years,8.9173,22.806232348993895
Netherlands,Wind,10-19 years,1.845,4.718636659515071
Netherlands,Wind,20-29 years,0.084,0.2148322381567837
Netherlands,Wind,30-39 years,0.031,0.07928332598643209
Netherlands,Wind,40-49 years,0.0,0.0
Netherlands,Wind,50+ years,0.0,0.0
Netherlands,Nuclear,0-9 years,0.0,0.0
Netherlands,Nuclear,10-19 years,0.0,0.0
Netherlands,Nuclear,20-29 years,0.0,0.0
Netherlands,Nuclear,30-39 years,0.0,0.0
Netherlands,Nuclear,40-49 years,0.0,0.0
Netherlands,Nuclear,50+ years,0.515,1.317126222032662
Netherlands,Bioenergy,0-9 years,0.5,1.2787633223618078
Netherlands,Bioenergy,10-19 years,0.334,0.8542138993376877
Netherlands,Bioenergy,20-29 years,0.192,0.4910451157869342
Netherlands,Bioenergy,30-39 years,0.3272,0.8368227181535671
Netherlands,Bioenergy,40-49 years,0.083,0.2122747115120601
Netherlands,Bioenergy,50+ years,0.171,0.4373370562477383
New Caledonia,Coal,0-9 years,0.0,0.0
New Caledonia,Coal,10-19 years,0.37,40.86140254003313
New Caledonia,Coal,20-29 years,0.0,0.0
New Caledonia,Coal,30-39 years,0.0,0.0
New Caledonia,Coal,40-49 years,0.0,0.0
New Caledonia,Coal,50+ years,0.0,0.0
New Caledonia,Oil and gas,0-9 years,0.198,21.86637217007178
New Caledonia,Oil and gas,10-19 years,0.0,0.0
New Caledonia,Oil and gas,20-29 years,0.0,0.0
New Caledonia,Oil and gas,30-39 years,0.055,6.073992269464385
New Caledonia,Oil and gas,40-49 years,0.0,0.0
New Caledonia,Oil and gas,50+ years,0.0,0.0
New Caledonia,Utility-scale solar,0-9 years,0.11,12.14798453892877
New Caledonia,Utility-scale solar,10-19 years,0.0,0.0
New Caledonia,Utility-scale solar,20-29 years,0.0,0.0
New Caledonia,Utility-scale solar,30-39 years,0.0,0.0
New Caledonia,Utility-scale solar,40-49 years,0.0,0.0
New Caledonia,Utility-scale solar,50+ years,0.0,0.0
New Caledonia,Wind,0-9 years,0.02,2.2087244616234125
New Caledonia,Wind,10-19 years,0.01,1.1043622308117063
New Caledonia,Wind,20-29 years,0.0245,2.70568746548868
New Caledonia,Wind,30-39 years,0.004,0.44174489232468256
New Caledonia,Wind,40-49 years,0.0,0.0
New Caledonia,Wind,50+ years,0.0,0.0
New Caledonia,Hydropower,0-9 years,0.0,0.0
New Caledonia,Hydropower,10-19 years,0.0,0.0
New Caledonia,Hydropower,20-29 years,0.0,0.0
New Caledonia,Hydropower,30-39 years,0.0,0.0
New Caledonia,Hydropower,40-49 years,0.0,0.0
New Caledonia,Hydropower,50+ years,0.068,7.5096631695196026
New Zealand,Coal,0-9 years,0.0,0.0
New Zealand,Coal,10-19 years,0.0,0.0
New Zealand,Coal,20-29 years,0.0,0.0
New Zealand,Coal,30-39 years,0.0,0.0
New Zealand,Coal,40-49 years,0.75,7.134570539931327
New Zealand,Coal,50+ years,0.0,0.0
New Zealand,Oil and gas,0-9 years,0.1,0.9512760719908437
New Zealand,Oil and gas,10-19 years,0.713,6.782598393294716
New Zealand,Oil and gas,20-29 years,0.6081,5.78470979377632
New Zealand,Oil and gas,30-39 years,0.182,1.7313224510233354
New Zealand,Oil and gas,40-49 years,0.0,0.0
New Zealand,Oil and gas,50+ years,0.0,0.0
New Zealand,Utility-scale solar,0-9 years,0.26939545454545455,2.5626944981218784
New Zealand,Utility-scale solar,10-19 years,0.0,0.0
New Zealand,Utility-scale solar,20-29 years,0.0,0.0
New Zealand,Utility-scale solar,30-39 years,0.0,0.0
New Zealand,Utility-scale solar,40-49 years,0.0,0.0
New Zealand,Utility-scale solar,50+ years,0.0,0.0
New Zealand,Wind,0-9 years,0.574,5.460324653227442
New Zealand,Wind,10-19 years,0.5,4.7563803599542185
New Zealand,Wind,20-29 years,0.159,1.5125289544654414
New Zealand,Wind,30-39 years,0.0,0.0
New Zealand,Wind,40-49 years,0.0,0.0
New Zealand,Wind,50+ years,0.0,0.0
New Zealand,Hydropower,0-9 years,0.0,0.0
New Zealand,Hydropower,10-19 years,0.0,0.0
New Zealand,Hydropower,20-29 years,0.0,0.0
New Zealand,Hydropower,30-39 years,0.432,4.109512631000444
New Zealand,Hydropower,40-49 years,1.0,9.512760719908437
New Zealand,Hydropower,50+ years,3.693,35.130625338621854
New Zealand,Bioenergy,0-9 years,0.0155,0.14744779115858075
New Zealand,Bioenergy,10-19 years,0.0,0.0
New Zealand,Bioenergy,20-29 years,0.039,0.37099766807642903
New Zealand,Bioenergy,30-39 years,0.01,0.09512760719908436
New Zealand,Bioenergy,40-49 years,0.0,0.0
New Zealand,Bioenergy,50+ years,0.0,0.0
New Zealand,Geothermal,0-9 years,0.329,3.1296982768498753
New Zealand,Geothermal,10-19 years,0.566,5.384222567468175
New Zealand,Geothermal,20-29 years,0.193,1.8359628189423283
New Zealand,Geothermal,30-39 years,0.1217,1.1577029796128566
New Zealand,Geothermal,40-49 years,0.0,0.0
New Zealand,Geothermal,50+ years,0.188,1.788399015342786
Nicaragua,Oil and gas,0-9 years,0.148,14.223758913408757
Nicaragua,Oil and gas,10-19 years,0.0,0.0
Nicaragua,Oil and gas,20-29 years,0.126,12.109416372226374
Nicaragua,Oil and gas,30-39 years,0.0,0.0
Nicaragua,Oil and gas,40-49 years,0.053,5.093643394666649
Nicaragua,Oil and gas,50+ years,0.053,5.093643394666649
Nicaragua,Utility-scale solar,0-9 years,0.054172185185185184,5.2062979857203215
Nicaragua,Utility-scale solar,10-19 years,0.0013427037037037038,0.12904252549744935
Nicaragua,Utility-scale solar,20-29 years,0.0,0.0
Nicaragua,Utility-scale solar,30-39 years,0.0,0.0
Nicaragua,Utility-scale solar,40-49 years,0.0,0.0
Nicaragua,Utility-scale solar,50+ years,0.0,0.0
Nicaragua,Wind,0-9 years,0.0,0.0
Nicaragua,Wind,10-19 years,0.189,18.16412455833956
Nicaragua,Wind,20-29 years,0.0,0.0
Nicaragua,Wind,30-39 years,0.0,0.0
Nicaragua,Wind,40-49 years,0.0,0.0
Nicaragua,Wind,50+ years,0.0,0.0
Nicaragua,Hydropower,0-9 years,0.0,0.0
Nicaragua,Hydropower,10-19 years,0.0,0.0
Nicaragua,Hydropower,20-29 years,0.0,0.0
Nicaragua,Hydropower,30-39 years,0.0,0.0
Nicaragua,Hydropower,40-49 years,0.0,0.0
Nicaragua,Hydropower,50+ years,0.104,9.99507383104399
Nicaragua,Bioenergy,0-9 years,0.04,3.84425916578615
Nicaragua,Bioenergy,10-19 years,0.042,4.036472124075457
Nicaragua,Bioenergy,20-29 years,0.015,1.4415971871698063
Nicaragua,Bioenergy,30-39 years,0.0,0.0
Nicaragua,Bioenergy,40-49 years,0.0,0.0
Nicaragua,Bioenergy,50+ years,0.0,0.0
Nicaragua,Geothermal,0-9 years,0.0104,0.999507383104399
Nicaragua,Geothermal,10-19 years,0.072,6.919666498415071
Nicaragua,Geothermal,20-29 years,0.0,0.0
Nicaragua,Geothermal,30-39 years,0.035,3.3637267700628817
Nicaragua,Geothermal,40-49 years,0.035,3.3637267700628817
Nicaragua,Geothermal,50+ years,0.0,0.0
Niger,Coal,0-9 years,0.03,9.360374414976599
Niger,Coal,10-19 years,0.0,0.0
Niger,Coal,20-29 years,0.0,0.0
Niger,Coal,30-39 years,0.0,0.0
Niger,Coal,40-49 years,0.0,0.0
Niger,Coal,50+ years,0.0,0.0
Niger,Oil and gas,0-9 years,0.212,66.14664586583463
Niger,Oil and gas,10-19 years,0.0,0.0
Niger,Oil and gas,20-29 years,0.0,0.0
Niger,Oil and gas,30-39 years,0.0,0.0
Niger,Oil and gas,40-49 years,0.0,0.0
Niger,Oil and gas,50+ years,0.0,0.0
Niger,Utility-scale solar,0-9 years,0.0535,16.69266770670827
Niger,Utility-scale solar,10-19 years,0.0,0.0
Niger,Utility-scale solar,20-29 years,0.0,0.0
Niger,Utility-scale solar,30-39 years,0.0,0.0
Niger,Utility-scale solar,40-49 years,0.0,0.0
Niger,Utility-scale solar,50+ years,0.0,0.0
Nigeria,Coal,0-9 years,0.06,0.4179496928204022
Nigeria,Coal,10-19 years,0.2845,1.9817781267900736
Nigeria,Coal,20-29 years,0.0,0.0
Nigeria,Coal,30-39 years,0.0,0.0
Nigeria,Coal,40-49 years,0.0,0.0
Nigeria,Coal,50+ years,0.0,0.0
Nigeria,Oil and gas,0-9 years,1.724,12.009087840372889
Nigeria,Oil and gas,10-19 years,5.318,37.04427444031498
Nigeria,Oil and gas,20-29 years,0.936,6.520015207998274
Nigeria,Oil and gas,30-39 years,0.6,4.1794969282040215
Nigeria,Oil and gas,40-49 years,2.25,15.67311348076508
Nigeria,Oil and gas,50+ years,0.0,0.0
Nigeria,Utility-scale solar,0-9 years,0.14529473575129534,1.0120981695945899
Nigeria,Utility-scale solar,10-19 years,0.0,0.0
Nigeria,Utility-scale solar,20-29 years,0.0,0.0
Nigeria,Utility-scale solar,30-39 years,0.0,0.0
Nigeria,Utility-scale solar,40-49 years,0.0,0.0
Nigeria,Utility-scale solar,50+ years,0.0,0.0
Nigeria,Wind,0-9 years,0.01,0.0696582821367337
Nigeria,Wind,10-19 years,0.0,0.0
Nigeria,Wind,20-29 years,0.0,0.0
Nigeria,Wind,30-39 years,0.0,0.0
Nigeria,Wind,40-49 years,0.0,0.0
Nigeria,Wind,50+ years,0.0,0.0
Nigeria,Hydropower,0-9 years,0.78,5.433346006665228
Nigeria,Hydropower,10-19 years,0.13,0.905557667777538
Nigeria,Hydropower,20-29 years,0.0,0.0
Nigeria,Hydropower,30-39 years,0.6,4.1794969282040215
Nigeria,Hydropower,40-49 years,0.578,4.026248707503208
Nigeria,Hydropower,50+ years,0.76,5.294029442391761
North Korea,Coal,0-9 years,0.8,10.91703056768559
North Korea,Coal,10-19 years,0.0,0.0
North Korea,Coal,20-29 years,0.0,0.0
North Korea,Coal,30-39 years,0.25,3.411572052401747
North Korea,Coal,40-49 years,0.85,11.59934497816594
North Korea,Coal,50+ years,1.35,18.42248908296943
North Korea,Hydropower,0-9 years,0.134,1.8286026200873364
North Korea,Hydropower,10-19 years,0.61,8.324235807860262
North Korea,Hydropower,20-29 years,0.1,1.3646288209606987
North Korea,Hydropower,30-39 years,0.295,4.025655021834061
North Korea,Hydropower,40-49 years,0.296,4.039301310043668
North Korea,Hydropower,50+ years,2.638,35.998908296943235
North Korea,Nuclear,0-9 years,0.0,0.0
North Korea,Nuclear,10-19 years,0.0,0.0
North Korea,Nuclear,20-29 years,0.0,0.0
North Korea,Nuclear,30-39 years,0.0,0.0
North Korea,Nuclear,40-49 years,0.005,0.06823144104803493
North Korea,Nuclear,50+ years,0.0,0.0
North Macedonia,Coal,0-9 years,0.0,0.0
North Macedonia,Coal,10-19 years,0.0,0.0
North Macedonia,Coal,20-29 years,0.0,0.0
North Macedonia,Coal,30-39 years,0.233,10.25470260031431
North Macedonia,Coal,40-49 years,0.591,26.0108550935011
North Macedonia,Coal,50+ years,0.0,0.0
North Macedonia,Oil and gas,0-9 years,0.0,0.0
North Macedonia,Oil and gas,10-19 years,0.22,9.682551811455571
North Macedonia,Oil and gas,20-29 years,0.0,0.0
North Macedonia,Oil and gas,30-39 years,0.0,0.0
North Macedonia,Oil and gas,40-49 years,0.198,8.714296630310015
North Macedonia,Oil and gas,50+ years,0.0,0.0
North Macedonia,Utility-scale solar,0-9 years,0.4331283013400942,19.062669176060016
North Macedonia,Utility-scale solar,10-19 years,0.0,0.0
North Macedonia,Utility-scale solar,20-29 years,0.0,0.0
North Macedonia,Utility-scale solar,30-39 years,0.0,0.0
North Macedonia,Utility-scale solar,40-49 years,0.0,0.0
North Macedonia,Utility-scale solar,50+ years,0.0,0.0
North Macedonia,Wind,0-9 years,0.036,1.5844175691472753
North Macedonia,Wind,10-19 years,0.037,1.628429168290255
North Macedonia,Wind,20-29 years,0.0,0.0
North Macedonia,Wind,30-39 years,0.0,0.0
North Macedonia,Wind,40-49 years,0.0,0.0
North Macedonia,Wind,50+ years,0.0,0.0
North Macedonia,Hydropower,0-9 years,0.0,0.0
North Macedonia,Hydropower,10-19 years,0.036,1.5844175691472753
North Macedonia,Hydropower,20-29 years,0.082,3.6089511297243493
North Macedonia,Hydropower,30-39 years,0.0,0.0
North Macedonia,Hydropower,40-49 years,0.0,0.0
North Macedonia,Hydropower,50+ years,0.406,17.86870925204983
Norway,Oil and gas,0-9 years,0.0,0.0
Norway,Oil and gas,10-19 years,0.294,0.8330413438418949
Norway,Oil and gas,20-29 years,0.0,0.0
Norway,Oil and gas,30-39 years,0.0,0.0
Norway,Oil and gas,40-49 years,0.0,0.0
Norway,Oil and gas,50+ years,0.0,0.0
Norway,Utility-scale solar,0-9 years,0.032966,0.09340830252072077
Norway,Utility-scale solar,10-19 years,0.0,0.0
Norway,Utility-scale solar,20-29 years,0.0,0.0
Norway,Utility-scale solar,30-39 years,0.0,0.0
Norway,Utility-scale solar,40-49 years,0.0,0.0
Norway,Utility-scale solar,50+ years,0.0,0.0
Norway,Wind,0-9 years,4.0318000000000005,11.424000306468542
Norway,Wind,10-19 years,0.55,1.5584106772552455
Norway,Wind,20-29 years,0.244,0.6913676459095998
Norway,Wind,30-39 years,0.0,0.0
Norway,Wind,40-49 years,0.0,0.0
Norway,Wind,50+ years,0.0,0.0
Norway,Hydropower,0-9 years,0.92,2.6067960419542286
Norway,Hydropower,10-19 years,1.175,3.3293319014089335
Norway,Hydropower,20-29 years,0.798,2.261112218999429
Norway,Hydropower,30-39 years,3.445,9.761317787535129
Norway,Hydropower,40-49 years,6.916,19.59630589799505
Norway,Hydropower,50+ years,15.679,44.42603819760908
Oman,Oil and gas,0-9 years,4.9697,28.540672215656134
Oman,Oil and gas,10-19 years,6.94,39.855980275802075
Oman,Oil and gas,20-29 years,1.975,11.342299862350012
Oman,Oil and gas,30-39 years,0.171,0.9820421652971404
Oman,Oil and gas,40-49 years,0.0,0.0
Oman,Oil and gas,50+ years,0.0,0.0
Oman,Utility-scale solar,0-9 years,1.660842857142857,9.538115296180472
Oman,Utility-scale solar,10-19 years,0.5129614285714286,2.945904982621053
Oman,Utility-scale solar,20-29 years,0.0,0.0
Oman,Utility-scale solar,30-39 years,0.0,0.0
Oman,Utility-scale solar,40-49 years,0.0,0.0
Oman,Utility-scale solar,50+ years,0.0,0.0
Oman,Wind,0-9 years,0.05,0.2871468319582282
Oman,Wind,10-19 years,0.0,0.0
Oman,Wind,20-29 years,0.0,0.0
Oman,Wind,30-39 years,0.0,0.0
Oman,Wind,40-49 years,0.0,0.0
Oman,Wind,50+ years,0.0,0.0
Pakistan,Coal,0-9 years,8.278,17.28159793244421
Pakistan,Coal,10-19 years,0.07,0.14613576410619653
Pakistan,Coal,20-29 years,0.0,0.0
Pakistan,Coal,30-39 years,0.0,0.0
Pakistan,Coal,40-49 years,0.0,0.0
Pakistan,Coal,50+ years,0.0,0.0
Pakistan,Oil and gas,0-9 years,5.993,12.511309061263368
Pakistan,Oil and gas,10-19 years,5.225899999999999,10.909869852036747
Pakistan,Oil and gas,20-29 years,3.4789,7.262738710700672
Pakistan,Oil and gas,30-39 years,5.744,11.991483271799899
Pakistan,Oil and gas,40-49 years,0.42,0.8768145846371792
Pakistan,Oil and gas,50+ years,0.0,0.0
Pakistan,Utility-scale solar,0-9 years,0.9231630773361976,1.9272448814450431
Pakistan,Utility-scale solar,10-19 years,0.374,0.7807825110816785
Pakistan,Utility-scale solar,20-29 years,0.0,0.0
Pakistan,Utility-scale solar,30-39 years,0.0,0.0
Pakistan,Utility-scale solar,40-49 years,0.0,0.0
Pakistan,Utility-scale solar,50+ years,0.0,0.0
Pakistan,Wind,0-9 years,1.358,2.8350338236602126
Pakistan,Wind,10-19 years,0.583,1.2171021496273224
Pakistan,Wind,20-29 years,0.0,0.0
Pakistan,Wind,30-39 years,0.0,0.0
Pakistan,Wind,40-49 years,0.0,0.0
Pakistan,Wind,50+ years,0.0,0.0
Pakistan,Hydropower,0-9 years,4.421,9.229517330192783
Pakistan,Hydropower,10-19 years,0.584,1.219189803400268
Pakistan,Hydropower,20-29 years,1.664,3.4738558781815856
Pakistan,Hydropower,30-39 years,0.0,0.0
Pakistan,Hydropower,40-49 years,4.548,9.494649359356883
Pakistan,Hydropower,50+ years,0.243,0.5072998668257965
Pakistan,Nuclear,0-9 years,2.54,5.302640583281988
Pakistan,Nuclear,10-19 years,0.665,1.388289759008867
Pakistan,Nuclear,20-29 years,0.325,0.6784874762073411
Pakistan,Nuclear,30-39 years,0.0,0.0
Pakistan,Nuclear,40-49 years,0.0,0.0
Pakistan,Nuclear,50+ years,0.0,0.0
Pakistan,Bioenergy,0-9 years,0.1885,0.39352273620025774
Pakistan,Bioenergy,10-19 years,0.1662,0.3469680570635694
Pakistan,Bioenergy,20-29 years,0.0,0.0
Pakistan,Bioenergy,30-39 years,0.0,0.0
Pakistan,Bioenergy,40-49 years,0.0,0.0
Pakistan,Bioenergy,50+ years,0.0,0.0
Palau,Utility-scale solar,0-9 years,0.013311,100.0
Palau,Utility-scale solar,10-19 years,0.0,0.0
Palau,Utility-scale solar,20-29 years,0.0,0.0
Palau,Utility-scale solar,30-39 years,0.0,0.0
Palau,Utility-scale solar,40-49 years,0.0,0.0
Palau,Utility-scale solar,50+ years,0.0,0.0
Palestine,Oil and gas,0-9 years,0.14,79.56224527903618
Palestine,Oil and gas,10-19 years,0.0,0.0
Palestine,Oil and gas,20-29 years,0.0,0.0
Palestine,Oil and gas,30-39 years,0.0,0.0
Palestine,Oil and gas,40-49 years,0.0,0.0
Palestine,Oil and gas,50+ years,0.0,0.0
Palestine,Utility-scale solar,0-9 years,0.03596285714285714,20.437754720963838
Palestine,Utility-scale solar,10-19 years,0.0,0.0
Palestine,Utility-scale solar,20-29 years,0.0,0.0
Palestine,Utility-scale solar,30-39 years,0.0,0.0
Palestine,Utility-scale solar,40-49 years,0.0,0.0
Palestine,Utility-scale solar,50+ years,0.0,0.0
Panama,Coal,0-9 years,0.306,7.2571175803627375
Panama,Coal,10-19 years,0.0,0.0
Panama,Coal,20-29 years,0.0,0.0
Panama,Coal,30-39 years,0.0,0.0
Panama,Coal,40-49 years,0.0,0.0
Panama,Coal,50+ years,0.0,0.0
Panama,Oil and gas,0-9 years,1.051,24.925590120788353
Panama,Oil and gas,10-19 years,0.237,5.620708714202513
Panama,Oil and gas,20-29 years,0.0,0.0
Panama,Oil and gas,30-39 years,0.0,0.0
Panama,Oil and gas,40-49 years,0.0,0.0
Panama,Oil and gas,50+ years,0.0,0.0
Panama,Utility-scale solar,0-9 years,0.733560119402985,17.39716352539997
Panama,Utility-scale solar,10-19 years,0.01653,0.39202664576273216
Panama,Utility-scale solar,20-29 years,0.0,0.0
Panama,Utility-scale solar,30-39 years,0.0,0.0
Panama,Utility-scale solar,40-49 years,0.0,0.0
Panama,Utility-scale solar,50+ years,0.0,0.0
Panama,Wind,0-9 years,0.3365,7.980457731346605
Panama,Wind,10-19 years,0.0,0.0
Panama,Wind,20-29 years,0.0,0.0
Panama,Wind,30-39 years,0.0,0.0
Panama,Wind,40-49 years,0.0,0.0
Panama,Wind,50+ years,0.0,0.0
Panama,Hydropower,0-9 years,0.0,0.0
Panama,Hydropower,10-19 years,0.678,16.079495815313514
Panama,Hydropower,20-29 years,0.12,2.845928462887348
Panama,Hydropower,30-39 years,0.0,0.0
Panama,Hydropower,40-49 years,0.402,9.533860350672615
Panama,Hydropower,50+ years,0.296,7.0199568751221255
Papua New Guinea,Oil and gas,0-9 years,0.133,29.663001538907597
Papua New Guinea,Oil and gas,10-19 years,0.0,0.0
Papua New Guinea,Oil and gas,20-29 years,0.0,0.0
Papua New Guinea,Oil and gas,30-39 years,0.015,3.345451301380556
Papua New Guinea,Oil and gas,40-49 years,0.041,9.144233557106855
Papua New Guinea,Oil and gas,50+ years,0.0,0.0
Papua New Guinea,Utility-scale solar,0-9 years,0.00087,0.19403617548007226
Papua New Guinea,Utility-scale solar,10-19 years,0.0,0.0
Papua New Guinea,Utility-scale solar,20-29 years,0.0,0.0
Papua New Guinea,Utility-scale solar,30-39 years,0.0,0.0
Papua New Guinea,Utility-scale solar,40-49 years,0.0,0.0
Papua New Guinea,Utility-scale solar,50+ years,0.0,0.0
Papua New Guinea,Hydropower,0-9 years,0.054,12.043624684970004
Papua New Guinea,Hydropower,10-19 years,0.0,0.0
Papua New Guinea,Hydropower,20-29 years,0.0,0.0
Papua New Guinea,Hydropower,30-39 years,0.134,29.886031625666305
Papua New Guinea,Hydropower,40-49 years,0.0,0.0
Papua New Guinea,Hydropower,50+ years,0.036,8.029083123313335
Papua New Guinea,Geothermal,0-9 years,0.0,0.0
Papua New Guinea,Geothermal,10-19 years,0.03,6.690902602761112
Papua New Guinea,Geothermal,20-29 years,0.0,0.0
Papua New Guinea,Geothermal,30-39 years,0.0,0.0
Papua New Guinea,Geothermal,40-49 years,0.0,0.0
Papua New Guinea,Geothermal,50+ years,0.0,0.0
Paraguay,Utility-scale solar,0-9 years,0.004329074074074075,0.04939424384326223
Paraguay,Utility-scale solar,10-19 years,0.0,0.0
Paraguay,Utility-scale solar,20-29 years,0.0,0.0
Paraguay,Utility-scale solar,30-39 years,0.0,0.0
Paraguay,Utility-scale solar,40-49 years,0.0,0.0
Paraguay,Utility-scale solar,50+ years,0.0,0.0
Paraguay,Hydropower,0-9 years,0.0,0.0
Paraguay,Hydropower,10-19 years,0.0,0.0
Paraguay,Hydropower,20-29 years,0.0,0.0
Paraguay,Hydropower,30-39 years,1.55,17.685324077858784
Paraguay,Hydropower,40-49 years,7.0,79.86920551291064
Paraguay,Hydropower,50+ years,0.21,2.3960761653873193
Peru,Oil and gas,0-9 years,0.8915,5.68043901797029
Peru,Oil and gas,10-19 years,5.2284,33.314197825637535
Peru,Oil and gas,20-29 years,0.8426,5.368859132408039
Peru,Oil and gas,30-39 years,0.0573,0.36510281068950934
Peru,Oil and gas,40-49 years,0.1192,0.7595157946629933
Peru,Oil and gas,50+ years,0.0,0.0
Peru,Utility-scale solar,0-9 years,0.9423495000000001,6.004440682405826
Peru,Utility-scale solar,10-19 years,0.09396,0.598692148209185
Peru,Utility-scale solar,20-29 years,0.0,0.0
Peru,Utility-scale solar,30-39 years,0.0,0.0
Peru,Utility-scale solar,40-49 years,0.0,0.0
Peru,Utility-scale solar,50+ years,0.0,0.0
Peru,Wind,0-9 years,1.2089,7.702840974564536
Peru,Wind,10-19 years,0.239,1.5228546554065052
Peru,Wind,20-29 years,0.0,0.0
Peru,Wind,30-39 years,0.0,0.0
Peru,Wind,40-49 years,0.0,0.0
Peru,Wind,50+ years,0.0,0.0
Peru,Hydropower,0-9 years,0.296,1.8860459330557553
Peru,Hydropower,10-19 years,1.775,11.309903821533668
Peru,Hydropower,20-29 years,0.75,4.778832600648029
Peru,Hydropower,30-39 years,0.256,1.6311748610211938
Peru,Hydropower,40-49 years,0.21,1.338073128181448
Peru,Hydropower,50+ years,2.573,16.39458170862317
Peru,Bioenergy,0-9 years,0.0217,0.13826755657874962
Peru,Bioenergy,10-19 years,0.0895,0.5702740236773314
Peru,Bioenergy,20-29 years,0.0,0.0
Peru,Bioenergy,30-39 years,0.0028,0.017840975042419306
Peru,Bioenergy,40-49 years,0.0,0.0
Peru,Bioenergy,50+ years,0.0,0.0
Philippines,Coal,0-9 years,5.2338000000000005,17.777393729734094
Philippines,Coal,10-19 years,3.2536,11.051344766529644
Philippines,Coal,20-29 years,2.82,9.578556749942708
Philippines,Coal,30-39 years,1.035,3.515534126308759
Philippines,Coal,40-49 years,0.3,1.0189953989300753
Philippines,Coal,50+ years,0.0,0.0
Philippines,Oil and gas,0-9 years,1.0257,3.4839452689419272
Philippines,Oil and gas,10-19 years,1.4154,4.807620292152095
Philippines,Oil and gas,20-29 years,3.0078,10.216447869672935
Philippines,Oil and gas,30-39 years,0.5552,1.8858208182865928
Philippines,Oil and gas,40-49 years,0.0,0.0
Philippines,Oil and gas,50+ years,0.65,2.207823364348496
Philippines,Utility-scale solar,0-9 years,2.5032699166666665,8.502735091211354
Philippines,Utility-scale solar,10-19 years,0.6272142777777777,2.1304282106626853
Philippines,Utility-scale solar,20-29 years,0.0,0.0
Philippines,Utility-scale solar,30-39 years,0.0,0.0
Philippines,Utility-scale solar,40-49 years,0.0,0.0
Philippines,Utility-scale solar,50+ years,0.0,0.0
Philippines,Wind,0-9 years,0.176,0.5978106340389775
Philippines,Wind,10-19 years,0.313,1.0631518662170452
Philippines,Wind,20-29 years,0.033,0.11208949388230828
Philippines,Wind,30-39 years,0.0,0.0
Philippines,Wind,40-49 years,0.0,0.0
Philippines,Wind,50+ years,0.0,0.0
Philippines,Hydropower,0-9 years,0.045,0.15284930983951128
Philippines,Hydropower,10-19 years,0.0,0.0
Philippines,Hydropower,20-29 years,0.66,2.2417898776461653
Philippines,Hydropower,30-39 years,0.08,0.27173210638135337
Philippines,Hydropower,40-49 years,1.938,6.582710277088285
Philippines,Hydropower,50+ years,0.771,2.6188181752502935
Philippines,Bioenergy,0-9 years,0.161,0.5468608640924738
Philippines,Bioenergy,10-19 years,0.199,0.6759336146236166
Philippines,Bioenergy,20-29 years,0.0,0.0
Philippines,Bioenergy,30-39 years,0.0,0.0
Philippines,Bioenergy,40-49 years,0.0064,0.02173856851050827
Philippines,Bioenergy,50+ years,0.0,0.0
Philippines,Geothermal,0-9 years,0.106,0.36004504095529327
Philippines,Geothermal,10-19 years,0.06,0.20379907978601508
Philippines,Geothermal,20-29 years,0.442,1.5013198877569776
Philippines,Geothermal,30-39 years,0.393,1.3348839725983985
Philippines,Geothermal,40-49 years,0.92,3.124919223385564
Philippines,Geothermal,50+ years,0.0,0.0
Poland,Coal,0-9 years,4.401,8.42988136891458
Poland,Coal,10-19 years,2.159,4.135449642237351
Poland,Coal,20-29 years,1.399,2.679710073872188
Poland,Coal,30-39 years,2.7706,5.306936905411211
Poland,Coal,40-49 years,9.954,19.06635745198267
Poland,Coal,50+ years,6.578399999999999,12.600575232280772
Poland,Oil and gas,0-9 years,4.0295,7.718292882536083
Poland,Oil and gas,10-19 years,0.2235,0.4281023599073867
Poland,Oil and gas,20-29 years,0.761,1.4576550151656433
Poland,Oil and gas,30-39 years,0.0,0.0
Poland,Oil and gas,40-49 years,0.04,0.0766178720192191
Poland,Oil and gas,50+ years,0.158,0.30264059447591546
Poland,Utility-scale solar,0-9 years,1.7568977837837838,3.36524423871989
Poland,Utility-scale solar,10-19 years,0.0,0.0
Poland,Utility-scale solar,20-29 years,0.0,0.0
Poland,Utility-scale solar,30-39 years,0.0,0.0
Poland,Utility-scale solar,40-49 years,0.0,0.0
Poland,Utility-scale solar,50+ years,0.0,0.0
Poland,Wind,0-9 years,3.7805,7.241346629216445
Poland,Wind,10-19 years,4.312,8.259406603671819
Poland,Wind,20-29 years,0.152,0.29114791367303255
Poland,Wind,30-39 years,0.0,0.0
Poland,Wind,40-49 years,0.0,0.0
Poland,Wind,50+ years,0.0,0.0
Poland,Hydropower,0-9 years,0.0,0.0
Poland,Hydropower,10-19 years,0.0,0.0
Poland,Hydropower,20-29 years,0.092,0.17622110564420393
Poland,Hydropower,30-39 years,0.0,0.0
Poland,Hydropower,40-49 years,0.78,1.4940485043747724
Poland,Hydropower,50+ years,1.229,2.354084117790507
Poland,Bioenergy,0-9 years,0.016,0.030647148807687638
Poland,Bioenergy,10-19 years,0.358,0.6857299545720109
Poland,Bioenergy,20-29 years,0.0,0.0
Poland,Bioenergy,30-39 years,0.0,0.0
Poland,Bioenergy,40-49 years,0.28,0.5363251041345337
Poland,Bioenergy,50+ years,0.1,0.19154468004804773
Portugal,Oil and gas,0-9 years,0.0,0.0
Portugal,Oil and gas,10-19 years,2.0145,9.233559125914367
Portugal,Oil and gas,20-29 years,2.373,10.876761382871578
Portugal,Oil and gas,30-39 years,0.0,0.0
Portugal,Oil and gas,40-49 years,0.161,0.7379513622597236
Portugal,Oil and gas,50+ years,0.0,0.0
Portugal,Utility-scale solar,0-9 years,2.8012450372670807,12.839643424065416
Portugal,Utility-scale solar,10-19 years,0.2789821801242236,1.2787284463904247
Portugal,Utility-scale solar,20-29 years,0.009396000000000002,0.04306702484343083
Portugal,Utility-scale solar,30-39 years,0.0,0.0
Portugal,Utility-scale solar,40-49 years,0.0,0.0
Portugal,Utility-scale solar,50+ years,0.0,0.0
Portugal,Wind,0-9 years,0.5795,2.6561665492516138
Portugal,Wind,10-19 years,3.72,17.050801662150132
Portugal,Wind,20-29 years,1.4533,6.66127152032333
Portugal,Wind,30-39 years,0.011800000000000001,0.05408587624015365
Portugal,Wind,40-49 years,0.0,0.0
Portugal,Wind,50+ years,0.0,0.0
Portugal,Hydropower,0-9 years,2.206,10.111308727608387
Portugal,Hydropower,10-19 years,0.969,4.441458820060076
Portugal,Hydropower,20-29 years,0.67,3.070977718720589
Portugal,Hydropower,30-39 years,1.04,4.766890787267779
Portugal,Hydropower,40-49 years,0.639,2.9288877048693376
Portugal,Hydropower,50+ years,2.259,10.354236815805686
Portugal,Bioenergy,0-9 years,0.0,0.0
Portugal,Bioenergy,10-19 years,0.08009999999999999,0.3671422615962972
Portugal,Bioenergy,20-29 years,0.2855,1.3086031920816836
Portugal,Bioenergy,30-39 years,0.09469,0.4340162390830635
Portugal,Bioenergy,40-49 years,0.0,0.0
Portugal,Bioenergy,50+ years,0.0,0.0
Portugal,Geothermal,0-9 years,0.0,0.0
Portugal,Geothermal,10-19 years,0.0,0.0
Portugal,Geothermal,20-29 years,0.009,0.04125193950520194
Portugal,Geothermal,30-39 years,0.005,0.022917744169556633
Portugal,Geothermal,40-49 years,0.0,0.0
Portugal,Geothermal,50+ years,0.0,0.0
Puerto Rico,Coal,0-9 years,0.0,0.0
Puerto Rico,Coal,10-19 years,0.0,0.0
Puerto Rico,Coal,20-29 years,0.51,8.544001608282654
Puerto Rico,Coal,30-39 years,0.0,0.0
Puerto Rico,Coal,40-49 years,0.0,0.0
Puerto Rico,Coal,50+ years,0.0,0.0
Puerto Rico,Oil and gas,0-9 years,0.15,2.5129416494948984
Puerto Rico,Oil and gas,10-19 years,0.66,11.056943257777553
Puerto Rico,Oil and gas,20-29 years,0.82,13.737414350572113
Puerto Rico,Oil and gas,30-39 years,0.0,0.0
Puerto Rico,Oil and gas,40-49 years,0.592,9.917743043339867
Puerto Rico,Oil and gas,50+ years,2.892,48.44951500226165
Puerto Rico,Utility-scale solar,0-9 years,0.020399999999999998,0.3417600643313062
Puerto Rico,Utility-scale solar,10-19 years,0.16369999999999998,2.7424569868154327
Puerto Rico,Utility-scale solar,20-29 years,0.0,0.0
Puerto Rico,Utility-scale solar,30-39 years,0.0,0.0
Puerto Rico,Utility-scale solar,40-49 years,0.0,0.0
Puerto Rico,Utility-scale solar,50+ years,0.0,0.0
Puerto Rico,Wind,0-9 years,0.026,0.4355765525791157
Puerto Rico,Wind,10-19 years,0.101,1.6920473773265652
Puerto Rico,Wind,20-29 years,0.0,0.0
Puerto Rico,Wind,30-39 years,0.0,0.0
Puerto Rico,Wind,40-49 years,0.0,0.0
Puerto Rico,Wind,50+ years,0.0,0.0
Puerto Rico,Hydropower,0-9 years,0.0,0.0
Puerto Rico,Hydropower,10-19 years,0.0,0.0
Puerto Rico,Hydropower,20-29 years,0.0,0.0
Puerto Rico,Hydropower,30-39 years,0.0,0.0
Puerto Rico,Hydropower,40-49 years,0.0,0.0
Puerto Rico,Hydropower,50+ years,0.034,0.5696001072188437
Qatar,Oil and gas,0-9 years,2.52,17.870122502526282
Qatar,Oil and gas,10-19 years,7.881,55.886680731114936
Qatar,Oil and gas,20-29 years,1.1325,8.030918148456752
Qatar,Oil and gas,30-39 years,0.91,6.453099792578936
Qatar,Oil and gas,40-49 years,0.134,0.9502366727533816
Qatar,Oil and gas,50+ years,0.0,0.0
Qatar,Utility-scale solar,0-9 years,1.47425,10.454376229900545
Qatar,Utility-scale solar,10-19 years,0.0,0.0
Qatar,Utility-scale solar,20-29 years,0.0,0.0
Qatar,Utility-scale solar,30-39 years,0.0,0.0
Qatar,Utility-scale solar,40-49 years,0.0,0.0
Qatar,Utility-scale solar,50+ years,0.0,0.0
Qatar,Bioenergy,0-9 years,0.0,0.0
Qatar,Bioenergy,10-19 years,0.05,0.35456592266917225
Qatar,Bioenergy,20-29 years,0.0,0.0
Qatar,Bioenergy,30-39 years,0.0,0.0
Qatar,Bioenergy,40-49 years,0.0,0.0
Qatar,Bioenergy,50+ years,0.0,0.0
Republic of the Congo,Oil and gas,0-9 years,0.22,29.972752043596728
Republic of the Congo,Oil and gas,10-19 years,0.314,42.77929155313351
Republic of the Congo,Oil and gas,20-29 years,0.0,0.0
Republic of the Congo,Oil and gas,30-39 years,0.0,0.0
Republic of the Congo,Oil and gas,40-49 years,0.0,0.0
Republic of the Congo,Oil and gas,50+ years,0.0,0.0
Republic of the Congo,Hydropower,0-9 years,0.0,0.0
Republic of the Congo,Hydropower,10-19 years,0.12,16.348773841961854
Republic of the Congo,Hydropower,20-29 years,0.0,0.0
Republic of the Congo,Hydropower,30-39 years,0.0,0.0
Republic of the Congo,Hydropower,40-49 years,0.074,10.08174386920981
Republic of the Congo,Hydropower,50+ years,0.0,0.0
Romania,Coal,0-9 years,0.0,0.0
Romania,Coal,10-19 years,0.0,0.0
Romania,Coal,20-29 years,0.0,0.0
Romania,Coal,30-39 years,0.35,1.6822521722922301
Romania,Coal,40-49 years,1.37,6.584815645829586
Romania,Coal,50+ years,0.48,2.3070886934293444
Romania,Oil and gas,0-9 years,0.301,1.4467368681713177
Romania,Oil and gas,10-19 years,1.1787999999999998,5.665825316280231
Romania,Oil and gas,20-29 years,0.06,0.28838608667866805
Romania,Oil and gas,30-39 years,0.305,1.465962607283229
Romania,Oil and gas,40-49 years,0.105,0.504675651687669
Romania,Oil and gas,50+ years,1.4,6.7290086891689205
Romania,Utility-scale solar,0-9 years,3.0693962105263157,14.752852693666954
Romania,Utility-scale solar,10-19 years,0.3932457894736842,1.8901102388196522
Romania,Utility-scale solar,20-29 years,0.0,0.0
Romania,Utility-scale solar,30-39 years,0.0,0.0
Romania,Utility-scale solar,40-49 years,0.0,0.0
Romania,Utility-scale solar,50+ years,0.0,0.0
Romania,Wind,0-9 years,0.247,1.1871893901605166
Romania,Wind,10-19 years,4.626,22.234567282925305
Romania,Wind,20-29 years,0.0,0.0
Romania,Wind,30-39 years,0.0,0.0
Romania,Wind,40-49 years,0.0,0.0
Romania,Wind,50+ years,0.0,0.0
Romania,Hydropower,0-9 years,0.0,0.0
Romania,Hydropower,10-19 years,0.075,0.360482608348335
Romania,Hydropower,20-29 years,0.085,0.40854695612811304
Romania,Hydropower,30-39 years,0.622,2.989602431902192
Romania,Hydropower,40-49 years,1.838,8.834227121923197
Romania,Hydropower,50+ years,2.248,10.804865380894094
Romania,Nuclear,0-9 years,0.0,0.0
Romania,Nuclear,10-19 years,0.705,3.388536518474349
Romania,Nuclear,20-29 years,0.0,0.0
Romania,Nuclear,30-39 years,0.706,3.393342953252327
Romania,Nuclear,40-49 years,0.0,0.0
Romania,Nuclear,50+ years,0.0,0.0
Romania,Bioenergy,0-9 years,0.0,0.0
Romania,Bioenergy,10-19 years,0.03,0.14419304333933403
Romania,Bioenergy,20-29 years,0.0,0.0
Romania,Bioenergy,30-39 years,0.0,0.0
Romania,Bioenergy,40-49 years,0.0,0.0
Romania,Bioenergy,50+ years,0.0,0.0
Russia,Coal,0-9 years,0.861,0.3622953056964014
Russia,Coal,10-19 years,4.7264,1.9887950439529283
Russia,Coal,20-29 years,1.4639000000000002,0.6159861765493171
Russia,Coal,30-39 years,5.3208,2.2389092480248696
Russia,Coal,40-49 years,9.3188,3.9212049880646047
Russia,Coal,50+ years,15.5871,6.558807386086387
Russia,Oil and gas,0-9 years,13.0555,5.4935497834139
Russia,Oil and gas,10-19 years,23.949080000000002,10.077397514224822
Russia,Oil and gas,20-29 years,4.668,1.964221239245995
Russia,Oil and gas,30-39 years,15.302,6.438841774409215
Russia,Oil and gas,40-49 years,22.325,9.394010104148851
Russia,Oil and gas,50+ years,31.089,13.081763947497588
Russia,Utility-scale solar,0-9 years,1.8842990987124462,0.7928835284453882
Russia,Utility-scale solar,10-19 years,0.05390450643776824,0.022682171473037027
Russia,Utility-scale solar,20-29 years,0.0,0.0
Russia,Utility-scale solar,30-39 years,0.0,0.0
Russia,Utility-scale solar,40-49 years,0.0,0.0
Russia,Utility-scale solar,50+ years,0.0,0.0
Russia,Wind,0-9 years,2.6052,1.0962273291524562
Russia,Wind,10-19 years,0.0,0.0
Russia,Wind,20-29 years,0.0,0.0
Russia,Wind,30-39 years,0.0,0.0
Russia,Wind,40-49 years,0.0,0.0
Russia,Wind,50+ years,0.0,0.0
Russia,Hydropower,0-9 years,0.346,0.14559137720203819
Russia,Hydropower,10-19 years,3.763,1.5834114231539587
Russia,Hydropower,20-29 years,3.539,1.48915573386709
Russia,Hydropower,30-39 years,2.23,0.9383490495969513
Russia,Hydropower,40-49 years,10.416,4.382889551839392
Russia,Hydropower,50+ years,32.007,13.468043959842879
Russia,Nuclear,0-9 years,5.837,2.4561181177118407
Russia,Nuclear,10-19 years,3.885,1.634747111069128
Russia,Nuclear,20-29 years,2.041,0.858820811761156
Russia,Nuclear,30-39 years,5.0,2.103921635867604
Russia,Nuclear,40-49 years,10.492,4.41486916070458
Russia,Nuclear,50+ years,1.321,0.5558560961962209
Russia,Bioenergy,0-9 years,0.154,0.0648007863847222
Russia,Bioenergy,10-19 years,0.0,0.0
Russia,Bioenergy,20-29 years,0.0,0.0
Russia,Bioenergy,30-39 years,0.0,0.0
Russia,Bioenergy,40-49 years,0.0,0.0
Russia,Bioenergy,50+ years,0.0,0.0
Russia,Geothermal,0-9 years,0.0,0.0
Russia,Geothermal,10-19 years,0.0,0.0
Russia,Geothermal,20-29 years,0.062,0.026088628284758286
Russia,Geothermal,30-39 years,0.0,0.0
Russia,Geothermal,40-49 years,0.0,0.0
Russia,Geothermal,50+ years,0.012,0.005049411926082249
Rwanda,Oil and gas,0-9 years,0.0,0.0
Rwanda,Oil and gas,10-19 years,0.0261,11.891808831754371
Rwanda,Oil and gas,20-29 years,0.0,0.0
Rwanda,Oil and gas,30-39 years,0.0,0.0
Rwanda,Oil and gas,40-49 years,0.0,0.0
Rwanda,Oil and gas,50+ years,0.0,0.0
Rwanda,Utility-scale solar,0-9 years,0.013578805699481866,6.186841438382185
Rwanda,Utility-scale solar,10-19 years,0.0,0.0
Rwanda,Utility-scale solar,20-29 years,0.0,0.0
Rwanda,Utility-scale solar,30-39 years,0.0,0.0
Rwanda,Utility-scale solar,40-49 years,0.0,0.0
Rwanda,Utility-scale solar,50+ years,0.0,0.0
Rwanda,Hydropower,0-9 years,0.04,18.224994378167615
Rwanda,Hydropower,10-19 years,0.0,0.0
Rwanda,Hydropower,20-29 years,0.0,0.0
Rwanda,Hydropower,30-39 years,0.04,18.224994378167615
Rwanda,Hydropower,40-49 years,0.0,0.0
Rwanda,Hydropower,50+ years,0.015,6.834372891812857
Réunion,Oil and gas,0-9 years,0.0,0.0
Réunion,Oil and gas,10-19 years,0.2196,19.546235030927452
Réunion,Oil and gas,20-29 years,0.08,7.120668499427123
Réunion,Oil and gas,30-39 years,0.0,0.0
Réunion,Oil and gas,40-49 years,0.0,0.0
Réunion,Oil and gas,50+ years,0.0,0.0
Réunion,Utility-scale solar,0-9 years,0.09193299999999999,8.18280521447292
Réunion,Utility-scale solar,10-19 years,0.030225000000000002,2.69027756743981
Réunion,Utility-scale solar,20-29 years,0.0,0.0
Réunion,Utility-scale solar,30-39 years,0.0,0.0
Réunion,Utility-scale solar,40-49 years,0.0,0.0
Réunion,Utility-scale solar,50+ years,0.0,0.0
Réunion,Wind,0-9 years,0.026600000000000002,2.3676222760595182
Réunion,Wind,10-19 years,0.0,0.0
Réunion,Wind,20-29 years,0.0,0.0
Réunion,Wind,30-39 years,0.0,0.0
Réunion,Wind,40-49 years,0.0,0.0
Réunion,Wind,50+ years,0.0,0.0
Réunion,Bioenergy,0-9 years,0.4633,41.237571447307324
Réunion,Bioenergy,10-19 years,0.0,0.0
Réunion,Bioenergy,20-29 years,0.0,0.0
Réunion,Bioenergy,30-39 years,0.122,10.859019461626362
Réunion,Bioenergy,40-49 years,0.0,0.0
Réunion,Bioenergy,50+ years,0.0,0.0
Saint Pierre and Miquelon,Oil and gas,0-9 years,0.0,0.0
Saint Pierre and Miquelon,Oil and gas,10-19 years,0.021,100.0
Saint Pierre and Miquelon,Oil and gas,20-29 years,0.0,0.0
Saint Pierre and Miquelon,Oil and gas,30-39 years,0.0,0.0
Saint Pierre and Miquelon,Oil and gas,40-49 years,0.0,0.0
Saint Pierre and Miquelon,Oil and gas,50+ years,0.0,0.0
Saint Vincent and the Grenadines,Utility-scale solar,0-9 years,0.0012,100.0
Saint Vincent and the Grenadines,Utility-scale solar,10-19 years,0.0,0.0
Saint Vincent and the Grenadines,Utility-scale solar,20-29 years,0.0,0.0
Saint Vincent and the Grenadines,Utility-scale solar,30-39 years,0.0,0.0
Saint Vincent and the Grenadines,Utility-scale solar,40-49 years,0.0,0.0
Saint Vincent and the Grenadines,Utility-scale solar,50+ years,0.0,0.0
Samoa,Oil and gas,0-9 years,0.0,0.0
Samoa,Oil and gas,10-19 years,0.024,75.45573384074022
Samoa,Oil and gas,20-29 years,0.0,0.0
Samoa,Oil and gas,30-39 years,0.0,0.0
Samoa,Oil and gas,40-49 years,0.0,0.0
Samoa,Oil and gas,50+ years,0.0,0.0
Samoa,Utility-scale solar,0-9 years,0.0018724904214559386,5.88708911919645
Samoa,Utility-scale solar,10-19 years,0.00593423754789272,18.65717704006333
Samoa,Utility-scale solar,20-29 years,0.0,0.0
Samoa,Utility-scale solar,30-39 years,0.0,0.0
Samoa,Utility-scale solar,40-49 years,0.0,0.0
Samoa,Utility-scale solar,50+ years,0.0,0.0
Saudi Arabia,Oil and gas,0-9 years,24.8161,22.07263370648054
Saudi Arabia,Oil and gas,10-19 years,44.449400000000004,39.53543565156637
Saudi Arabia,Oil and gas,20-29 years,12.0897,10.75316104147057
Saudi Arabia,Oil and gas,30-39 years,5.130199999999999,4.563046789825415
Saudi Arabia,Oil and gas,40-49 years,11.7633,10.462845172264881
Saudi Arabia,Oil and gas,50+ years,0.9517,0.8464877840779789
Saudi Arabia,Utility-scale solar,0-9 years,11.349872857142856,10.095123173699333
Saudi Arabia,Utility-scale solar,10-19 years,0.009192857142857143,0.00817656958306458
Saudi Arabia,Utility-scale solar,20-29 years,0.0,0.0
Saudi Arabia,Utility-scale solar,30-39 years,0.0,0.0
Saudi Arabia,Utility-scale solar,40-49 years,0.0,0.0
Saudi Arabia,Utility-scale solar,50+ years,0.0,0.0
Saudi Arabia,Wind,0-9 years,0.4,0.35577925147755757
Saudi Arabia,Wind,10-19 years,0.0,0.0
Saudi Arabia,Wind,20-29 years,0.0,0.0
Saudi Arabia,Wind,30-39 years,0.0,0.0
Saudi Arabia,Wind,40-49 years,0.0,0.0
Saudi Arabia,Wind,50+ years,0.0,0.0
Senegal,Coal,0-9 years,0.125,8.570687647852134
Senegal,Coal,10-19 years,0.03,2.056965035484512
Senegal,Coal,20-29 years,0.0,0.0
Senegal,Coal,30-39 years,0.0,0.0
Senegal,Coal,40-49 years,0.0,0.0
Senegal,Coal,50+ years,0.0,0.0
Senegal,Oil and gas,0-9 years,0.463,31.745827047644298
Senegal,Oil and gas,10-19 years,0.3035,20.809629608984977
Senegal,Oil and gas,20-29 years,0.0,0.0
Senegal,Oil and gas,30-39 years,0.0,0.0
Senegal,Oil and gas,40-49 years,0.0,0.0
Senegal,Oil and gas,50+ years,0.0,0.0
Senegal,Utility-scale solar,0-9 years,0.2164194041450777,14.838904910893891
Senegal,Utility-scale solar,10-19 years,0.036539999999999996,2.5053834132201356
Senegal,Utility-scale solar,20-29 years,0.0,0.0
Senegal,Utility-scale solar,30-39 years,0.0,0.0
Senegal,Utility-scale solar,40-49 years,0.0,0.0
Senegal,Utility-scale solar,50+ years,0.0,0.0
Senegal,Wind,0-9 years,0.158,10.833349186885096
Senegal,Wind,10-19 years,0.0,0.0
Senegal,Wind,20-29 years,0.0,0.0
Senegal,Wind,30-39 years,0.0,0.0
Senegal,Wind,40-49 years,0.0,0.0
Senegal,Wind,50+ years,0.0,0.0
Serbia,Coal,0-9 years,0.35,3.7986300154664128
Serbia,Coal,10-19 years,0.0,0.0
Serbia,Coal,20-29 years,0.0,0.0
Serbia,Coal,30-39 years,0.7,7.5972600309328255
Serbia,Coal,40-49 years,2.637,28.619963859385518
Serbia,Coal,50+ years,1.098,11.916845019948918
Serbia,Oil and gas,0-9 years,0.189,2.051260208351863
Serbia,Oil and gas,10-19 years,0.0,0.0
Serbia,Oil and gas,20-29 years,0.0,0.0
Serbia,Oil and gas,30-39 years,0.12,1.3023874338741988
Serbia,Oil and gas,40-49 years,0.285,3.0931701554512214
Serbia,Oil and gas,50+ years,0.0,0.0
Serbia,Utility-scale solar,0-9 years,0.1965481130025353,2.1331816043849
Serbia,Utility-scale solar,10-19 years,0.0,0.0
Serbia,Utility-scale solar,20-29 years,0.0,0.0
Serbia,Utility-scale solar,30-39 years,0.0,0.0
Serbia,Utility-scale solar,40-49 years,0.0,0.0
Serbia,Utility-scale solar,50+ years,0.0,0.0
Serbia,Wind,0-9 years,0.5741,6.230838548226479
Serbia,Wind,10-19 years,0.02,0.21706457231236645
Serbia,Wind,20-29 years,0.0,0.0
Serbia,Wind,30-39 years,0.0,0.0
Serbia,Wind,40-49 years,0.0,0.0
Serbia,Wind,50+ years,0.0,0.0
Serbia,Hydropower,0-9 years,0.0,0.0
Serbia,Hydropower,10-19 years,0.0,0.0
Serbia,Hydropower,20-29 years,0.0,0.0
Serbia,Hydropower,30-39 years,0.08,0.8682582892494658
Serbia,Hydropower,40-49 years,0.92,9.984970326368856
Serbia,Hydropower,50+ years,1.997,21.67389754538979
Serbia,Bioenergy,0-9 years,0.037200000000000004,0.4037401045010016
Serbia,Bioenergy,10-19 years,0.0,0.0
Serbia,Bioenergy,20-29 years,0.0,0.0
Serbia,Bioenergy,30-39 years,0.0,0.0
Serbia,Bioenergy,40-49 years,0.0,0.0
Serbia,Bioenergy,50+ years,0.0,0.0
Seychelles,Oil and gas,0-9 years,0.0,0.0
Seychelles,Oil and gas,10-19 years,0.058,54.833372725124086
Seychelles,Oil and gas,20-29 years,0.023,21.744268494445755
Seychelles,Oil and gas,30-39 years,0.0,0.0
Seychelles,Oil and gas,40-49 years,0.0,0.0
Seychelles,Oil and gas,50+ years,0.0,0.0
Seychelles,Utility-scale solar,0-9 years,0.006775,6.405105176081303
Seychelles,Utility-scale solar,10-19 years,0.0,0.0
Seychelles,Utility-scale solar,20-29 years,0.0,0.0
Seychelles,Utility-scale solar,30-39 years,0.0,0.0
Seychelles,Utility-scale solar,40-49 years,0.0,0.0
Seychelles,Utility-scale solar,50+ years,0.0,0.0
Seychelles,Wind,0-9 years,0.0,0.0
Seychelles,Wind,10-19 years,0.006,5.672417868116284
Seychelles,Wind,20-29 years,0.0,0.0
Seychelles,Wind,30-39 years,0.0,0.0
Seychelles,Wind,40-49 years,0.0,0.0
Seychelles,Wind,50+ years,0.0,0.0
Sierra Leone,Oil and gas,0-9 years,0.186,56.45773258461072
Sierra Leone,Oil and gas,10-19 years,0.0,0.0
Sierra Leone,Oil and gas,20-29 years,0.0,0.0
Sierra Leone,Oil and gas,30-39 years,0.0,0.0
Sierra Leone,Oil and gas,40-49 years,0.0,0.0
Sierra Leone,Oil and gas,50+ years,0.0,0.0
Sierra Leone,Utility-scale solar,0-9 years,0.01045,3.1719532554257093
Sierra Leone,Utility-scale solar,10-19 years,0.0,0.0
Sierra Leone,Utility-scale solar,20-29 years,0.0,0.0
Sierra Leone,Utility-scale solar,30-39 years,0.0,0.0
Sierra Leone,Utility-scale solar,40-49 years,0.0,0.0
Sierra Leone,Utility-scale solar,50+ years,0.0,0.0
Sierra Leone,Hydropower,0-9 years,0.0,0.0
Sierra Leone,Hydropower,10-19 years,0.05,15.176809834572774
Sierra Leone,Hydropower,20-29 years,0.0,0.0
Sierra Leone,Hydropower,30-39 years,0.0,0.0
Sierra Leone,Hydropower,40-49 years,0.0,0.0
Sierra Leone,Hydropower,50+ years,0.0,0.0
Sierra Leone,Bioenergy,0-9 years,0.0,0.0
Sierra Leone,Bioenergy,10-19 years,0.032,9.713158294126575
Sierra Leone,Bioenergy,20-29 years,0.0,0.0
Sierra Leone,Bioenergy,30-39 years,0.0,0.0
Sierra Leone,Bioenergy,40-49 years,0.0,0.0
Sierra Leone,Bioenergy,50+ years,0.0,0.0
Singapore,Oil and gas,0-9 years,0.866,5.627401311561398
Singapore,Oil and gas,10-19 years,5.373,34.91458111665057
Singapore,Oil and gas,20-29 years,4.707,30.58681059297864
Singapore,Oil and gas,30-39 years,3.1,20.14427721228676
Singapore,Oil and gas,40-49 years,0.0,0.0
Singapore,Oil and gas,50+ years,0.0,0.0
Singapore,Utility-scale solar,0-9 years,0.18044200000000002,1.1725398931417572
Singapore,Utility-scale solar,10-19 years,0.04454400000000001,0.28945376907874243
Singapore,Utility-scale solar,20-29 years,0.0,0.0
Singapore,Utility-scale solar,30-39 years,0.0,0.0
Singapore,Utility-scale solar,40-49 years,0.0,0.0
Singapore,Utility-scale solar,50+ years,0.0,0.0
Singapore,Bioenergy,0-9 years,0.12,0.7797784727336811
Singapore,Bioenergy,10-19 years,0.182,1.1826640169794163
Singapore,Bioenergy,20-29 years,0.08,0.5198523151557874
Singapore,Bioenergy,30-39 years,0.056,0.36389662060905115
Singapore,Bioenergy,40-49 years,0.0,0.0
Singapore,Bioenergy,50+ years,0.0,0.0
Slovakia,Coal,0-9 years,0.0,0.0
Slovakia,Coal,10-19 years,0.208,3.0418918227220546
Slovakia,Coal,20-29 years,0.0,0.0
Slovakia,Coal,30-39 years,0.0,0.0
Slovakia,Coal,40-49 years,0.0,0.0
Slovakia,Coal,50+ years,0.0,0.0
Slovakia,Oil and gas,0-9 years,0.06509999999999999,0.9520536425923352
Slovakia,Oil and gas,10-19 years,0.6899,10.089428694692044
Slovakia,Oil and gas,20-29 years,0.218,3.188136621891384
Slovakia,Oil and gas,30-39 years,0.0,0.0
Slovakia,Oil and gas,40-49 years,0.0,0.0
Slovakia,Oil and gas,50+ years,0.103,1.5063214314440942
Slovakia,Utility-scale solar,0-9 years,0.8641,12.637013096221766
Slovakia,Utility-scale solar,10-19 years,0.0,0.0
Slovakia,Utility-scale solar,20-29 years,0.0,0.0
Slovakia,Utility-scale solar,30-39 years,0.0,0.0
Slovakia,Utility-scale solar,40-49 years,0.0,0.0
Slovakia,Utility-scale solar,50+ years,0.0,0.0
Slovakia,Hydropower,0-9 years,0.0,0.0
Slovakia,Hydropower,10-19 years,0.0,0.0
Slovakia,Hydropower,20-29 years,0.072,1.0529625540191727
Slovakia,Hydropower,30-39 years,0.72,10.529625540191727
Slovakia,Hydropower,40-49 years,0.779,11.392469855290772
Slovakia,Hydropower,50+ years,0.518,7.5754805969712695
Slovakia,Nuclear,0-9 years,0.471,6.888130040875421
Slovakia,Nuclear,10-19 years,0.0,0.0
Slovakia,Nuclear,20-29 years,1.0,14.624479916932954
Slovakia,Nuclear,30-39 years,0.0,0.0
Slovakia,Nuclear,40-49 years,1.0,14.624479916932954
Slovakia,Nuclear,50+ years,0.0,0.0
Slovenia,Coal,0-9 years,0.0,0.0
Slovenia,Coal,10-19 years,0.6,19.053246574603165
Slovenia,Coal,20-29 years,0.0,0.0
Slovenia,Coal,30-39 years,0.0,0.0
Slovenia,Coal,40-49 years,0.05,1.5877705478835973
Slovenia,Coal,50+ years,0.074,2.349900410867724
Slovenia,Oil and gas,0-9 years,0.223,7.081456643560843
Slovenia,Oil and gas,10-19 years,0.084,2.6674545204444433
Slovenia,Oil and gas,20-29 years,0.228,7.240233698349203
Slovenia,Oil and gas,30-39 years,0.0,0.0
Slovenia,Oil and gas,40-49 years,0.0,0.0
Slovenia,Oil and gas,50+ years,0.0,0.0
Slovenia,Utility-scale solar,0-9 years,0.09306962260050707,2.9554641133545343
Slovenia,Utility-scale solar,10-19 years,0.0,0.0
Slovenia,Utility-scale solar,20-29 years,0.0,0.0
Slovenia,Utility-scale solar,30-39 years,0.0,0.0
Slovenia,Utility-scale solar,40-49 years,0.0,0.0
Slovenia,Utility-scale solar,50+ years,0.0,0.0
Slovenia,Hydropower,0-9 years,0.0,0.0
Slovenia,Hydropower,10-19 years,0.303,9.6218895201746
Slovenia,Hydropower,20-29 years,0.073,2.3181449999100523
Slovenia,Hydropower,30-39 years,0.081,2.5721882875714277
Slovenia,Hydropower,40-49 years,0.148,4.699800821735448
Slovenia,Hydropower,50+ years,0.465,14.766266095317453
Slovenia,Nuclear,0-9 years,0.0,0.0
Slovenia,Nuclear,10-19 years,0.0,0.0
Slovenia,Nuclear,20-29 years,0.0,0.0
Slovenia,Nuclear,30-39 years,0.0,0.0
Slovenia,Nuclear,40-49 years,0.727,23.086183766227506
Slovenia,Nuclear,50+ years,0.0,0.0
Solomon Islands,Oil and gas,0-9 years,0.0,0.0
Solomon Islands,Oil and gas,10-19 years,0.01,33.62193232072489
Solomon Islands,Oil and gas,20-29 years,0.0,0.0
Solomon Islands,Oil and gas,30-39 years,0.0,0.0
Solomon Islands,Oil and gas,40-49 years,0.0,0.0
Solomon Islands,Oil and gas,50+ years,0.0,0.0
Solomon Islands,Utility-scale solar,0-9 years,0.0018724904214559386,6.29567462213972
Solomon Islands,Utility-scale solar,10-19 years,0.00087,2.9251081119030653
Solomon Islands,Utility-scale solar,20-29 years,0.0,0.0
Solomon Islands,Utility-scale solar,30-39 years,0.0,0.0
Solomon Islands,Utility-scale solar,40-49 years,0.0,0.0
Solomon Islands,Utility-scale solar,50+ years,0.0,0.0
Somalia,Utility-scale solar,0-9 years,0.06256,49.04358733145187
Somalia,Utility-scale solar,10-19 years,0.0,0.0
Somalia,Utility-scale solar,20-29 years,0.0,0.0
Somalia,Utility-scale solar,30-39 years,0.0,0.0
Somalia,Utility-scale solar,40-49 years,0.0,0.0
Somalia,Utility-scale solar,50+ years,0.0,0.0
South Africa,Coal,0-9 years,8.774,13.753374472471705
South Africa,Coal,10-19 years,0.7948,1.2458607283702425
South Africa,Coal,20-29 years,3.478,5.451816322687097
South Africa,Coal,30-39 years,13.07,20.487417865877042
South Africa,Coal,40-49 years,11.9353,18.708758871813487
South Africa,Coal,50+ years,6.972,10.928712881476262
South Africa,Oil and gas,0-9 years,0.0,0.0
South Africa,Oil and gas,10-19 years,3.3633,5.272022380130395
South Africa,Oil and gas,20-29 years,0.0,0.0
South Africa,Oil and gas,30-39 years,0.0,0.0
South Africa,Oil and gas,40-49 years,0.0,0.0
South Africa,Oil and gas,50+ years,0.342,0.5360900466817099
South Africa,Utility-scale solar,0-9 years,3.3824849074074073,5.3020950055912754
South Africa,Utility-scale solar,10-19 years,1.5849677962962962,2.4844604090803752
South Africa,Utility-scale solar,20-29 years,0.0,0.0
South Africa,Utility-scale solar,30-39 years,0.0,0.0
South Africa,Utility-scale solar,40-49 years,0.0,0.0
South Africa,Utility-scale solar,50+ years,0.0,0.0
South Africa,Wind,0-9 years,2.746,4.304395521017472
South Africa,Wind,10-19 years,1.517,2.377919885427351
South Africa,Wind,20-29 years,0.0,0.0
South Africa,Wind,30-39 years,0.0,0.0
South Africa,Wind,40-49 years,0.0,0.0
South Africa,Wind,50+ years,0.0,0.0
South Africa,Hydropower,0-9 years,0.0,0.0
South Africa,Hydropower,10-19 years,1.332,2.087929655497186
South Africa,Hydropower,20-29 years,0.0,0.0
South Africa,Hydropower,30-39 years,0.4,0.6270059025517075
South Africa,Hydropower,40-49 years,1.202,1.884152737167881
South Africa,Hydropower,50+ years,0.6,0.9405088538275612
South Africa,Nuclear,0-9 years,0.0,0.0
South Africa,Nuclear,10-19 years,0.0,0.0
South Africa,Nuclear,20-29 years,0.0,0.0
South Africa,Nuclear,30-39 years,0.0,0.0
South Africa,Nuclear,40-49 years,1.94,3.040978627375781
South Africa,Nuclear,50+ years,0.0,0.0
South Africa,Bioenergy,0-9 years,0.025,0.03918786890948172
South Africa,Bioenergy,10-19 years,0.0505,0.07915949519715307
South Africa,Bioenergy,20-29 years,0.0,0.0
South Africa,Bioenergy,30-39 years,0.02,0.03135029512758537
South Africa,Bioenergy,40-49 years,0.032,0.050160472204136594
South Africa,Bioenergy,50+ years,0.022,0.03448532464034391
South Korea,Coal,0-9 years,12.809,9.100080341895591
South Korea,Coal,10-19 years,13.979,9.931300109248065
South Korea,Coal,20-29 years,11.0,7.814886701604457
South Korea,Coal,30-39 years,3.767,2.676243473176726
South Korea,Coal,40-49 years,0.06,0.04262665473602431
South Korea,Coal,50+ years,0.13,0.09235775192805268
South Korea,Oil and gas,0-9 years,14.5822,10.35984007819423
South Korea,Oil and gas,10-19 years,19.6263,13.943391897427231
South Korea,Oil and gas,20-29 years,10.732299999999999,7.624700777057228
South Korea,Oil and gas,30-39 years,4.054,2.880140971664043
South Korea,Oil and gas,40-49 years,1.4,0.9946219438405672
South Korea,Oil and gas,50+ years,0.0,0.0
South Korea,Utility-scale solar,0-9 years,10.930976520526723,7.7658493678013505
South Korea,Utility-scale solar,10-19 years,0.08410499999999999,0.05975191327622207
South Korea,Utility-scale solar,20-29 years,0.0,0.0
South Korea,Utility-scale solar,30-39 years,0.0,0.0
South Korea,Utility-scale solar,40-49 years,0.0,0.0
South Korea,Utility-scale solar,50+ years,0.0,0.0
South Korea,Wind,0-9 years,0.8992,0.6388314656438844
South Korea,Wind,10-19 years,0.612,0.4347918783074479
South Korea,Wind,20-29 years,0.138,0.09804130589285591
South Korea,Wind,30-39 years,0.0,0.0
South Korea,Wind,40-49 years,0.0,0.0
South Korea,Wind,50+ years,0.0,0.0
South Korea,Hydropower,0-9 years,0.0,0.0
South Korea,Hydropower,10-19 years,0.8,0.5683553964803242
South Korea,Hydropower,20-29 years,2.3,1.6340217648809319
South Korea,Hydropower,30-39 years,0.75,0.5328331842003039
South Korea,Hydropower,40-49 years,1.502,1.0670872568918086
South Korea,Hydropower,50+ years,0.803,0.5704867292171254
South Korea,Nuclear,0-9 years,4.346,3.087590691379361
South Korea,Nuclear,10-19 years,5.679,4.034612870764701
South Korea,Nuclear,20-29 years,8.117,5.766675941538489
South Korea,Nuclear,30-39 years,5.131,3.6452894241756786
South Korea,Nuclear,40-49 years,3.798,2.698267244790339
South Korea,Nuclear,50+ years,0.0,0.0
South Korea,Bioenergy,0-9 years,0.9762000000000001,0.6935356725551156
South Korea,Bioenergy,10-19 years,0.5378,0.38207691528389787
South Korea,Bioenergy,20-29 years,0.04,0.02841776982401621
South Korea,Bioenergy,30-39 years,0.059,0.041916210490423905
South Korea,Bioenergy,40-49 years,0.0,0.0
South Korea,Bioenergy,50+ years,0.0,0.0
South Sudan,Oil and gas,0-9 years,0.033,20.589821276859873
South Sudan,Oil and gas,10-19 years,0.085,53.03438813736634
South Sudan,Oil and gas,20-29 years,0.0,0.0
South Sudan,Oil and gas,30-39 years,0.0,0.0
South Sudan,Oil and gas,40-49 years,0.0,0.0
South Sudan,Oil and gas,50+ years,0.0,0.0
South Sudan,Utility-scale solar,0-9 years,0.042273367875647665,26.375790585773785
South Sudan,Utility-scale solar,10-19 years,0.0,0.0
South Sudan,Utility-scale solar,20-29 years,0.0,0.0
South Sudan,Utility-scale solar,30-39 years,0.0,0.0
South Sudan,Utility-scale solar,40-49 years,0.0,0.0
South Sudan,Utility-scale solar,50+ years,0.0,0.0
Spain,Coal,0-9 years,0.0,0.0
Spain,Coal,10-19 years,0.0,0.0
Spain,Coal,20-29 years,0.26,0.21541568801234115
Spain,Coal,30-39 years,0.0,0.0
Spain,Coal,40-49 years,0.0,0.0
Spain,Coal,50+ years,0.0,0.0
Spain,Oil and gas,0-9 years,0.517,0.4283458103937707
Spain,Oil and gas,10-19 years,9.550600000000001,7.912881038194867
Spain,Oil and gas,20-29 years,19.0924,15.818471083872392
Spain,Oil and gas,30-39 years,1.678,1.390259709556571
Spain,Oil and gas,40-49 years,0.131,0.10853636588314111
Spain,Oil and gas,50+ years,0.069,0.057168009510967455
Spain,Utility-scale solar,0-9 years,27.097148241084167,22.4505801212521
Spain,Utility-scale solar,10-19 years,3.2741274564907275,2.7126862256924866
Spain,Utility-scale solar,20-29 years,0.015138,0.012542164173580077
Spain,Utility-scale solar,30-39 years,0.0,0.0
Spain,Utility-scale solar,40-49 years,0.005,0.004142609384852714
Spain,Utility-scale solar,50+ years,0.0,0.0
Spain,Wind,0-9 years,7.0015,5.800895921609256
Spain,Wind,10-19 years,9.033,7.484038114674914
Spain,Wind,20-29 years,10.7674,8.921026458092623
Spain,Wind,30-39 years,0.139,0.11516454089890546
Spain,Wind,40-49 years,0.0,0.0
Spain,Wind,50+ years,0.0,0.0
Spain,Hydropower,0-9 years,0.0,0.0
Spain,Hydropower,10-19 years,1.104,0.9146881521754793
Spain,Hydropower,20-29 years,0.224,0.18558890044140158
Spain,Hydropower,30-39 years,1.325,1.0977914869859693
Spain,Hydropower,40-49 years,3.218,2.6661834000912066
Spain,Hydropower,50+ years,10.464,8.669652920619761
Spain,Nuclear,0-9 years,0.0,0.0
Spain,Nuclear,10-19 years,0.0,0.0
Spain,Nuclear,20-29 years,0.0,0.0
Spain,Nuclear,30-39 years,2.153,1.7838076011175787
Spain,Nuclear,40-49 years,5.255,4.353882463480203
Spain,Nuclear,50+ years,0.0,0.0
Spain,Bioenergy,0-9 years,0.2965,0.24565673652176598
Spain,Bioenergy,10-19 years,0.30675,0.25414908576071404
Spain,Bioenergy,20-29 years,0.1641,0.13596044001086607
Spain,Bioenergy,30-39 years,0.0,0.0
Spain,Bioenergy,40-49 years,0.0,0.0
Spain,Bioenergy,50+ years,0.0,0.0
Sri Lanka,Coal,0-9 years,0.0,0.0
Sri Lanka,Coal,10-19 years,0.9,21.239548464081786
Sri Lanka,Coal,20-29 years,0.0,0.0
Sri Lanka,Coal,30-39 years,0.0,0.0
Sri Lanka,Coal,40-49 years,0.0,0.0
Sri Lanka,Coal,50+ years,0.0,0.0
Sri Lanka,Oil and gas,0-9 years,0.813,19.18639211255388
Sri Lanka,Oil and gas,10-19 years,0.0624,1.4726086935096705
Sri Lanka,Oil and gas,20-29 years,0.47,11.091764197909376
Sri Lanka,Oil and gas,30-39 years,0.0,0.0
Sri Lanka,Oil and gas,40-49 years,0.08,1.8879598634739363
Sri Lanka,Oil and gas,50+ years,0.0,0.0
Sri Lanka,Utility-scale solar,0-9 years,0.030799999999999998,0.7268645474374655
Sri Lanka,Utility-scale solar,10-19 years,0.0087,0.20531563515279058
Sri Lanka,Utility-scale solar,20-29 years,0.0,0.0
Sri Lanka,Utility-scale solar,30-39 years,0.0,0.0
Sri Lanka,Utility-scale solar,40-49 years,0.0,0.0
Sri Lanka,Utility-scale solar,50+ years,0.0,0.0
Sri Lanka,Wind,0-9 years,0.115,2.7139423037437838
Sri Lanka,Wind,10-19 years,0.11,2.5959448122766626
Sri Lanka,Wind,20-29 years,0.0,0.0
Sri Lanka,Wind,30-39 years,0.0,0.0
Sri Lanka,Wind,40-49 years,0.0,0.0
Sri Lanka,Wind,50+ years,0.0,0.0
Sri Lanka,Hydropower,0-9 years,0.155,3.657922235480752
Sri Lanka,Hydropower,10-19 years,0.15,3.5399247440136303
Sri Lanka,Hydropower,20-29 years,0.07,1.6519648805396945
Sri Lanka,Hydropower,30-39 years,0.172,4.059113706468963
Sri Lanka,Hydropower,40-49 years,0.633,14.938482419737523
Sri Lanka,Hydropower,50+ years,0.315,7.433841962428625
Sri Lanka,Bioenergy,0-9 years,0.03,0.7079849488027262
Sri Lanka,Bioenergy,10-19 years,0.0,0.0
Sri Lanka,Bioenergy,20-29 years,0.0,0.0
Sri Lanka,Bioenergy,30-39 years,0.0,0.0
Sri Lanka,Bioenergy,40-49 years,0.0,0.0
Sri Lanka,Bioenergy,50+ years,0.0,0.0
Sudan,Oil and gas,0-9 years,0.554,15.657352685048744
Sudan,Oil and gas,10-19 years,0.8669,24.50064809145985
Sudan,Oil and gas,20-29 years,0.0,0.0
Sudan,Oil and gas,30-39 years,0.0,0.0
Sudan,Oil and gas,40-49 years,0.0,0.0
Sudan,Oil and gas,50+ years,0.0,0.0
Sudan,Utility-scale solar,0-9 years,0.06167375,1.7430463089522112
Sudan,Utility-scale solar,10-19 years,0.0,0.0
Sudan,Utility-scale solar,20-29 years,0.0,0.0
Sudan,Utility-scale solar,30-39 years,0.0,0.0
Sudan,Utility-scale solar,40-49 years,0.0,0.0
Sudan,Utility-scale solar,50+ years,0.0,0.0
Sudan,Hydropower,0-9 years,0.32,9.043958229631045
Sudan,Hydropower,10-19 years,1.25,35.32796183449627
Sudan,Hydropower,20-29 years,0.0,0.0
Sudan,Hydropower,30-39 years,0.0,0.0
Sudan,Hydropower,40-49 years,0.0,0.0
Sudan,Hydropower,50+ years,0.28,7.913463450927163
Sudan,Bioenergy,0-9 years,0.0,0.0
Sudan,Bioenergy,10-19 years,0.062,1.7522669069910148
Sudan,Bioenergy,20-29 years,0.0,0.0
Sudan,Bioenergy,30-39 years,0.0,0.0
Sudan,Bioenergy,40-49 years,0.0,0.0
Sudan,Bioenergy,50+ years,0.018,0.5087226504167462
Suriname,Oil and gas,0-9 years,0.042,10.251378444280096
Suriname,Oil and gas,10-19 years,0.152,37.10022675072796
Suriname,Oil and gas,20-29 years,0.028,6.834252296186731
Suriname,Oil and gas,30-39 years,0.0,0.0
Suriname,Oil and gas,40-49 years,0.0,0.0
Suriname,Oil and gas,50+ years,0.0,0.0
Suriname,Utility-scale solar,0-9 years,0.007701,1.8796634618905006
Suriname,Utility-scale solar,10-19 years,0.0,0.0
Suriname,Utility-scale solar,20-29 years,0.0,0.0
Suriname,Utility-scale solar,30-39 years,0.0,0.0
Suriname,Utility-scale solar,40-49 years,0.0,0.0
Suriname,Utility-scale solar,50+ years,0.0,0.0
Suriname,Hydropower,0-9 years,0.0,0.0
Suriname,Hydropower,10-19 years,0.0,0.0
Suriname,Hydropower,20-29 years,0.0,0.0
Suriname,Hydropower,30-39 years,0.0,0.0
Suriname,Hydropower,40-49 years,0.0,0.0
Suriname,Hydropower,50+ years,0.18,43.934479046914696
Sweden,Oil and gas,0-9 years,0.0,0.0
Sweden,Oil and gas,10-19 years,0.0,0.0
Sweden,Oil and gas,20-29 years,0.25,0.5663951375928982
Sweden,Oil and gas,30-39 years,0.2,0.4531161100743185
Sweden,Oil and gas,40-49 years,0.126,0.28546314934682065
Sweden,Oil and gas,50+ years,1.196,2.709634338244425
Sweden,Utility-scale solar,0-9 years,0.572808,1.2977426638972511
Sweden,Utility-scale solar,10-19 years,0.004089000000000001,0.009263958870469442
Sweden,Utility-scale solar,20-29 years,0.0,0.0
Sweden,Utility-scale solar,30-39 years,0.0,0.0
Sweden,Utility-scale solar,40-49 years,0.0,0.0
Sweden,Utility-scale solar,50+ years,0.0,0.0
Sweden,Wind,0-9 years,11.7958,26.72433505607323
Sweden,Wind,10-19 years,4.643800000000001,10.520902959815603
Sweden,Wind,20-29 years,0.047,0.10648228586746485
Sweden,Wind,30-39 years,0.0,0.0
Sweden,Wind,40-49 years,0.0,0.0
Sweden,Wind,50+ years,0.0,0.0
Sweden,Hydropower,0-9 years,0.0,0.0
Sweden,Hydropower,10-19 years,0.085,0.19257434678158536
Sweden,Hydropower,20-29 years,0.0,0.0
Sweden,Hydropower,30-39 years,0.125,0.2831975687964491
Sweden,Hydropower,40-49 years,0.416,0.9424815089545825
Sweden,Hydropower,50+ years,13.216,29.94191255371097
Sweden,Nuclear,0-9 years,0.0,0.0
Sweden,Nuclear,10-19 years,0.0,0.0
Sweden,Nuclear,20-29 years,0.0,0.0
Sweden,Nuclear,30-39 years,0.0,0.0
Sweden,Nuclear,40-49 years,7.184,16.27593067386952
Sweden,Nuclear,50+ years,0.0,0.0
Sweden,Bioenergy,0-9 years,0.23,0.5210835265854663
Sweden,Bioenergy,10-19 years,0.8917999999999999,2.0204447348213863
Sweden,Bioenergy,20-29 years,0.586,1.3276302025177533
Sweden,Bioenergy,30-39 years,0.2953,0.6690259365247314
Sweden,Bioenergy,40-49 years,0.558,1.2641939471073487
Sweden,Bioenergy,50+ years,0.7626000000000001,1.7277317277133768
Switzerland,Oil and gas,0-9 years,0.0,0.0
Switzerland,Oil and gas,10-19 years,0.055,0.3032488483795012
Switzerland,Oil and gas,20-29 years,0.0,0.0
Switzerland,Oil and gas,30-39 years,0.0438,0.2414963556185846
Switzerland,Oil and gas,40-49 years,0.0,0.0
Switzerland,Oil and gas,50+ years,0.0,0.0
Switzerland,Utility-scale solar,0-9 years,0.005848787723785166,0.032247966211891195
Switzerland,Utility-scale solar,10-19 years,0.07927087212276215,0.43706910329575144
Switzerland,Utility-scale solar,20-29 years,0.0,0.0
Switzerland,Utility-scale solar,30-39 years,0.0,0.0
Switzerland,Utility-scale solar,40-49 years,0.0,0.0
Switzerland,Utility-scale solar,50+ years,0.0,0.0
Switzerland,Wind,0-9 years,0.026,0.14335400105212787
Switzerland,Wind,10-19 years,0.029,0.15989484732737339
Switzerland,Wind,20-29 years,0.0,0.0
Switzerland,Wind,30-39 years,0.0,0.0
Switzerland,Wind,40-49 years,0.0,0.0
Switzerland,Wind,50+ years,0.0,0.0
Switzerland,Hydropower,0-9 years,1.14,6.285521584593298
Switzerland,Hydropower,10-19 years,1.441,7.945119827542932
Switzerland,Hydropower,20-29 years,1.26,6.947155435603118
Switzerland,Hydropower,30-39 years,0.085,0.4686573111319564
Switzerland,Hydropower,40-49 years,1.068,5.888541273987405
Switzerland,Hydropower,50+ years,9.4515,52.11193619016101
Switzerland,Nuclear,0-9 years,0.0,0.0
Switzerland,Nuclear,10-19 years,0.0,0.0
Switzerland,Nuclear,20-29 years,0.0,0.0
Switzerland,Nuclear,30-39 years,0.0,0.0
Switzerland,Nuclear,40-49 years,2.335,12.874292017566097
Switzerland,Nuclear,50+ years,0.76,4.190347723062199
Switzerland,Bioenergy,0-9 years,0.0,0.0
Switzerland,Bioenergy,10-19 years,0.116,0.6395793893094935
Switzerland,Bioenergy,20-29 years,0.02,0.1102723085016368
Switzerland,Bioenergy,30-39 years,0.0,0.0
Switzerland,Bioenergy,40-49 years,0.0,0.0
Switzerland,Bioenergy,50+ years,0.0,0.0
Syria,Oil and gas,0-9 years,0.49,5.192994695575448
Syria,Oil and gas,10-19 years,3.1935,33.84454808228611
Syria,Oil and gas,20-29 years,1.086,11.509371917132523
Syria,Oil and gas,30-39 years,2.8288,29.97947631600781
Syria,Oil and gas,40-49 years,0.0,0.0
Syria,Oil and gas,50+ years,0.0,0.0
Syria,Utility-scale solar,0-9 years,0.1792957142857143,1.9001667208676027
Syria,Utility-scale solar,10-19 years,0.0,0.0
Syria,Utility-scale solar,20-29 years,0.0,0.0
Syria,Utility-scale solar,30-39 years,0.0,0.0
Syria,Utility-scale solar,40-49 years,0.0,0.0
Syria,Utility-scale solar,50+ years,0.0,0.0
Syria,Hydropower,0-9 years,0.0,0.0
Syria,Hydropower,10-19 years,0.63,6.676707465739861
Syria,Hydropower,20-29 years,0.0,0.0
Syria,Hydropower,30-39 years,0.0,0.0
Syria,Hydropower,40-49 years,0.955,10.121040682192964
Syria,Hydropower,50+ years,0.0,0.0
Taiwan,Coal,0-9 years,3.249,6.08874620262712
Taiwan,Coal,10-19 years,0.879,1.6472785201936715
Taiwan,Coal,20-29 years,7.908,14.819884570752622
Taiwan,Coal,30-39 years,4.157,7.7903717957282055
Taiwan,Coal,40-49 years,0.0,0.0
Taiwan,Coal,50+ years,0.0,0.0
Taiwan,Oil and gas,0-9 years,8.1852,15.339367626267622
Taiwan,Oil and gas,10-19 years,3.382,6.3379931232025
Taiwan,Oil and gas,20-29 years,8.421149999999999,15.78154665566432
Taiwan,Oil and gas,30-39 years,1.3840999999999999,2.59385460728107
Taiwan,Oil and gas,40-49 years,1.2864,2.4107611926929913
Taiwan,Oil and gas,50+ years,0.0,0.0
Taiwan,Utility-scale solar,0-9 years,4.3573810625,8.165893320312772
Taiwan,Utility-scale solar,10-19 years,0.22231125,0.4166195073064908
Taiwan,Utility-scale solar,20-29 years,0.0,0.0
Taiwan,Utility-scale solar,30-39 years,0.0,0.0
Taiwan,Utility-scale solar,40-49 years,0.0,0.0
Taiwan,Utility-scale solar,50+ years,0.0,0.0
Taiwan,Wind,0-9 years,3.8162,7.151699987216256
Taiwan,Wind,10-19 years,0.5152,0.9655038607551532
Taiwan,Wind,20-29 years,0.131,0.2454988465817645
Taiwan,Wind,30-39 years,0.0,0.0
Taiwan,Wind,40-49 years,0.0,0.0
Taiwan,Wind,50+ years,0.0,0.0
Taiwan,Hydropower,0-9 years,0.0,0.0
Taiwan,Hydropower,10-19 years,0.429,0.8039618716303585
Taiwan,Hydropower,20-29 years,0.432,0.8095839826207806
Taiwan,Hydropower,30-39 years,1.602,3.0022072688853947
Taiwan,Hydropower,40-49 years,1.11,2.080181066456172
Taiwan,Hydropower,50+ years,0.907,1.6997515561042775
Taiwan,Bioenergy,0-9 years,0.0,0.0
Taiwan,Bioenergy,10-19 years,0.011800000000000001,0.02211363656232688
Taiwan,Bioenergy,20-29 years,0.1884,0.35306857019850707
Taiwan,Bioenergy,30-39 years,0.1519,0.28466621981503837
Taiwan,Bioenergy,40-49 years,0.0615,0.11525327530365279
Taiwan,Bioenergy,50+ years,0.0,0.0
Taiwan,Geothermal,0-9 years,0.0052,0.009744992383398285
Taiwan,Geothermal,10-19 years,0.0,0.0
Taiwan,Geothermal,20-29 years,0.0,0.0
Taiwan,Geothermal,30-39 years,0.0,0.0
Taiwan,Geothermal,40-49 years,0.0,0.0
Taiwan,Geothermal,50+ years,0.0,0.0
Tajikistan,Coal,0-9 years,0.0,0.0
Tajikistan,Coal,10-19 years,0.4,6.210022977085015
Tajikistan,Coal,20-29 years,0.0,0.0
Tajikistan,Coal,30-39 years,0.0,0.0
Tajikistan,Coal,40-49 years,0.0,0.0
Tajikistan,Coal,50+ years,0.0,0.0
Tajikistan,Oil and gas,0-9 years,0.0,0.0
Tajikistan,Oil and gas,10-19 years,0.0,0.0
Tajikistan,Oil and gas,20-29 years,0.0,0.0
Tajikistan,Oil and gas,30-39 years,0.0,0.0
Tajikistan,Oil and gas,40-49 years,0.0,0.0
Tajikistan,Oil and gas,50+ years,0.206,3.198161833198783
Tajikistan,Utility-scale solar,0-9 years,0.0012,0.018630068931255045
Tajikistan,Utility-scale solar,10-19 years,0.0,0.0
Tajikistan,Utility-scale solar,20-29 years,0.0,0.0
Tajikistan,Utility-scale solar,30-39 years,0.0,0.0
Tajikistan,Utility-scale solar,40-49 years,0.0,0.0
Tajikistan,Utility-scale solar,50+ years,0.0,0.0
Tajikistan,Hydropower,0-9 years,1.2,18.630068931255046
Tajikistan,Hydropower,10-19 years,0.89,13.817301124014158
Tajikistan,Hydropower,20-29 years,0.0,0.0
Tajikistan,Hydropower,30-39 years,0.0,0.0
Tajikistan,Hydropower,40-49 years,0.6,9.315034465627523
Tajikistan,Hydropower,50+ years,3.144,48.81078059988822
Tanzania,Oil and gas,0-9 years,0.24,6.4552569999193095
Tanzania,Oil and gas,10-19 years,0.296,7.961483633233815
Tanzania,Oil and gas,20-29 years,0.208,5.594556066596735
Tanzania,Oil and gas,30-39 years,0.0,0.0
Tanzania,Oil and gas,40-49 years,0.0,0.0
Tanzania,Oil and gas,50+ years,0.0,0.0
Tanzania,Utility-scale solar,0-9 years,0.1399,3.7628768928696306
Tanzania,Utility-scale solar,10-19 years,0.0,0.0
Tanzania,Utility-scale solar,20-29 years,0.0,0.0
Tanzania,Utility-scale solar,30-39 years,0.0,0.0
Tanzania,Utility-scale solar,40-49 years,0.0,0.0
Tanzania,Utility-scale solar,50+ years,0.0,0.0
Tanzania,Hydropower,0-9 years,2.155,57.96282847844213
Tanzania,Hydropower,10-19 years,0.0,0.0
Tanzania,Hydropower,20-29 years,0.18,4.841442749939482
Tanzania,Hydropower,30-39 years,0.148,3.9807418166169075
Tanzania,Hydropower,40-49 years,0.0,0.0
Tanzania,Hydropower,50+ years,0.2,5.379380833266091
Thailand,Coal,0-9 years,0.655,1.2220211735752116
Thailand,Coal,10-19 years,1.805,3.367554531760698
Thailand,Coal,20-29 years,1.489,2.7779992785549465
Thailand,Coal,30-39 years,1.889,3.5242717509672894
Thailand,Coal,40-49 years,0.0,0.0
Thailand,Coal,50+ years,0.0,0.0
Thailand,Oil and gas,0-9 years,11.4991,21.45365446879193
Thailand,Oil and gas,10-19 years,15.5159,28.94772263675668
Thailand,Oil and gas,20-29 years,5.8567,10.926734972943422
Thailand,Oil and gas,30-39 years,1.433,2.6735211324172186
Thailand,Oil and gas,40-49 years,0.0,0.0
Thailand,Oil and gas,50+ years,0.0,0.0
Thailand,Utility-scale solar,0-9 years,3.6110162285714287,6.7370050220427355
Thailand,Utility-scale solar,10-19 years,0.8662354285714285,1.6161191374279138
Thailand,Utility-scale solar,20-29 years,0.0,0.0
Thailand,Utility-scale solar,30-39 years,0.0,0.0
Thailand,Utility-scale solar,40-49 years,0.0,0.0
Thailand,Utility-scale solar,50+ years,0.0,0.0
Thailand,Wind,0-9 years,1.649,3.076508267519884
Thailand,Wind,10-19 years,0.468,0.8731387927224412
Thailand,Wind,20-29 years,0.0,0.0
Thailand,Wind,30-39 years,0.0,0.0
Thailand,Wind,40-49 years,0.0,0.0
Thailand,Wind,50+ years,0.0,0.0
Thailand,Hydropower,0-9 years,0.0,0.0
Thailand,Hydropower,10-19 years,0.03,0.055970435430925725
Thailand,Hydropower,20-29 years,1.0,1.8656811810308576
Thailand,Hydropower,30-39 years,0.547,1.020527606023879
Thailand,Hydropower,40-49 years,1.104,2.0597120238580664
Thailand,Hydropower,50+ years,1.355,2.527998000296812
Thailand,Bioenergy,0-9 years,0.2385,0.44496496167585947
Thailand,Bioenergy,10-19 years,0.511,0.9533630835067681
Thailand,Bioenergy,20-29 years,0.6339,1.1826553006554603
Thailand,Bioenergy,30-39 years,0.0525,0.09794826200412
Thailand,Bioenergy,40-49 years,0.0,0.0
Thailand,Bioenergy,50+ years,0.0,0.0
The Gambia,Oil and gas,0-9 years,0.056,39.713495496773284
The Gambia,Oil and gas,10-19 years,0.0,0.0
The Gambia,Oil and gas,20-29 years,0.024,17.020069498617122
The Gambia,Oil and gas,30-39 years,0.0,0.0
The Gambia,Oil and gas,40-49 years,0.0,0.0
The Gambia,Oil and gas,50+ years,0.0,0.0
The Gambia,Utility-scale solar,0-9 years,0.02001,14.190482944472024
The Gambia,Utility-scale solar,10-19 years,0.0,0.0
The Gambia,Utility-scale solar,20-29 years,0.0,0.0
The Gambia,Utility-scale solar,30-39 years,0.0,0.0
The Gambia,Utility-scale solar,40-49 years,0.0,0.0
The Gambia,Utility-scale solar,50+ years,0.0,0.0
Togo,Oil and gas,0-9 years,0.065,21.45922746781116
Togo,Oil and gas,10-19 years,0.1,33.01419610432486
Togo,Oil and gas,20-29 years,0.0,0.0
Togo,Oil and gas,30-39 years,0.0,0.0
Togo,Oil and gas,40-49 years,0.0,0.0
Togo,Oil and gas,50+ years,0.0,0.0
Togo,Utility-scale solar,0-9 years,0.0719,23.737206999009576
Togo,Utility-scale solar,10-19 years,0.0,0.0
Togo,Utility-scale solar,20-29 years,0.0,0.0
Togo,Utility-scale solar,30-39 years,0.0,0.0
Togo,Utility-scale solar,40-49 years,0.0,0.0
Togo,Utility-scale solar,50+ years,0.0,0.0
Togo,Hydropower,0-9 years,0.0,0.0
Togo,Hydropower,10-19 years,0.0,0.0
Togo,Hydropower,20-29 years,0.0,0.0
Togo,Hydropower,30-39 years,0.066,21.78936942885441
Togo,Hydropower,40-49 years,0.0,0.0
Togo,Hydropower,50+ years,0.0,0.0
Trinidad and Tobago,Oil and gas,0-9 years,0.0,0.0
Trinidad and Tobago,Oil and gas,10-19 years,1.2295999999999998,59.78799961100846
Trinidad and Tobago,Oil and gas,20-29 years,0.225,10.940387046581737
Trinidad and Tobago,Oil and gas,30-39 years,0.0,0.0
Trinidad and Tobago,Oil and gas,40-49 years,0.602,29.271613342409804
Trinidad and Tobago,Oil and gas,50+ years,0.0,0.0
Tunisia,Oil and gas,0-9 years,1.114,18.666845403666343
Tunisia,Oil and gas,10-19 years,2.12,35.52397868561279
Tunisia,Oil and gas,20-29 years,1.587,26.592714233050707
Tunisia,Oil and gas,30-39 years,0.357,5.982103957907436
Tunisia,Oil and gas,40-49 years,0.34,5.697241864673749
Tunisia,Oil and gas,50+ years,0.0,0.0
Tunisia,Utility-scale solar,0-9 years,0.1631,2.7330004356714364
Tunisia,Utility-scale solar,10-19 years,0.0,0.0
Tunisia,Utility-scale solar,20-29 years,0.0,0.0
Tunisia,Utility-scale solar,30-39 years,0.0,0.0
Tunisia,Utility-scale solar,40-49 years,0.0,0.0
Tunisia,Utility-scale solar,50+ years,0.0,0.0
Tunisia,Wind,0-9 years,0.0,0.0
Tunisia,Wind,10-19 years,0.055,0.921612654579577
Tunisia,Wind,20-29 years,0.01,0.16756593719628674
Tunisia,Wind,30-39 years,0.0,0.0
Tunisia,Wind,40-49 years,0.0,0.0
Tunisia,Wind,50+ years,0.0,0.0
Tunisia,Hydropower,0-9 years,0.0,0.0
Tunisia,Hydropower,10-19 years,0.0,0.0
Tunisia,Hydropower,20-29 years,0.0,0.0
Tunisia,Hydropower,30-39 years,0.0,0.0
Tunisia,Hydropower,40-49 years,0.025,0.4189148429907168
Tunisia,Hydropower,50+ years,0.0,0.0
Turkmenistan,Oil and gas,0-9 years,2.146,30.2423900789177
Turkmenistan,Oil and gas,10-19 years,2.176,30.665163472378804
Turkmenistan,Oil and gas,20-29 years,0.58,8.173618940248026
Turkmenistan,Oil and gas,30-39 years,1.555,21.913754227733932
Turkmenistan,Oil and gas,40-49 years,0.42,5.918827508455468
Turkmenistan,Oil and gas,50+ years,0.21,2.959413754227734
Turkmenistan,Utility-scale solar,0-9 years,0.009,0.12683201803833144
Turkmenistan,Utility-scale solar,10-19 years,0.0,0.0
Turkmenistan,Utility-scale solar,20-29 years,0.0,0.0
Turkmenistan,Utility-scale solar,30-39 years,0.0,0.0
Turkmenistan,Utility-scale solar,40-49 years,0.0,0.0
Turkmenistan,Utility-scale solar,50+ years,0.0,0.0
Türkiye,Coal,0-9 years,3.72,3.5102150433138246
Türkiye,Coal,10-19 years,7.2672,6.857374936228555
Türkiye,Coal,20-29 years,3.772,3.559282565424663
Türkiye,Coal,30-39 years,2.444,2.3061735392094054
Türkiye,Coal,40-49 years,2.97,2.8025103974844248
Türkiye,Coal,50+ years,0.3,0.28308185833176003
Türkiye,Oil and gas,0-9 years,3.8588,3.641187583101986
Türkiye,Oil and gas,10-19 years,11.373899999999999,10.73248249493202
Türkiye,Oil and gas,20-29 years,8.68,8.190501767732258
Türkiye,Oil and gas,30-39 years,1.6705999999999999,1.5763885084301277
Türkiye,Oil and gas,40-49 years,0.0,0.0
Türkiye,Oil and gas,50+ years,0.0,0.0
Türkiye,Utility-scale solar,0-9 years,13.969406363636365,13.181618377365655
Türkiye,Utility-scale solar,10-19 years,0.10407490909090909,0.09820572890387844
Türkiye,Utility-scale solar,20-29 years,0.0,0.0
Türkiye,Utility-scale solar,30-39 years,0.0,0.0
Türkiye,Utility-scale solar,40-49 years,0.0,0.0
Türkiye,Utility-scale solar,50+ years,0.0,0.0
Türkiye,Wind,0-9 years,5.1704,4.87882146772844
Türkiye,Wind,10-19 years,5.9487,5.61323016886047
Türkiye,Wind,20-29 years,0.053,0.05001112830527761
Türkiye,Wind,30-39 years,0.0,0.0
Türkiye,Wind,40-49 years,0.0,0.0
Türkiye,Wind,50+ years,0.0,0.0
Türkiye,Hydropower,0-9 years,4.407,4.1584724988935555
Türkiye,Hydropower,10-19 years,9.685,9.138825993143653
Türkiye,Hydropower,20-29 years,2.855,2.693995685123917
Türkiye,Hydropower,30-39 years,5.984,5.646539467524174
Türkiye,Hydropower,40-49 years,1.247,1.1766769244656825
Türkiye,Hydropower,50+ years,2.301,2.1712378534045995
Türkiye,Bioenergy,0-9 years,0.22191,0.20939565060800291
Türkiye,Bioenergy,10-19 years,0.0158,0.014908977872139365
Türkiye,Bioenergy,20-29 years,0.0,0.0
Türkiye,Bioenergy,30-39 years,0.0,0.0
Türkiye,Bioenergy,40-49 years,0.0,0.0
Türkiye,Bioenergy,50+ years,0.0,0.0
Türkiye,Geothermal,0-9 years,1.02116,0.9635729015135337
Türkiye,Geothermal,10-19 years,0.7115,0.6713758073434909
Türkiye,Geothermal,20-29 years,0.0085,0.0080206526527332
Türkiye,Geothermal,30-39 years,0.0,0.0
Türkiye,Geothermal,40-49 years,0.0,0.0
Türkiye,Geothermal,50+ years,0.0,0.0
Uganda,Oil and gas,0-9 years,0.0,0.0
Uganda,Oil and gas,10-19 years,0.1,5.371463562676922
Uganda,Oil and gas,20-29 years,0.0,0.0
Uganda,Oil and gas,30-39 years,0.0,0.0
Uganda,Oil and gas,40-49 years,0.0,0.0
Uganda,Oil and gas,50+ years,0.0,0.0
Uganda,Utility-scale solar,0-9 years,0.11499000000000001,6.176645950722193
Uganda,Utility-scale solar,10-19 years,0.0,0.0
Uganda,Utility-scale solar,20-29 years,0.0,0.0
Uganda,Utility-scale solar,30-39 years,0.0,0.0
Uganda,Utility-scale solar,40-49 years,0.0,0.0
Uganda,Utility-scale solar,50+ years,0.0,0.0
Uganda,Hydropower,0-9 years,0.867,46.570589088408916
Uganda,Hydropower,10-19 years,0.25,13.428658906692306
Uganda,Hydropower,20-29 years,0.2,10.742927125353845
Uganda,Hydropower,30-39 years,0.0,0.0
Uganda,Hydropower,40-49 years,0.0,0.0
Uganda,Hydropower,50+ years,0.18,9.668634412818461
Uganda,Bioenergy,0-9 years,0.0,0.0
Uganda,Bioenergy,10-19 years,0.042,2.2560146963243075
Uganda,Bioenergy,20-29 years,0.0,0.0
Uganda,Bioenergy,30-39 years,0.0,0.0
Uganda,Bioenergy,40-49 years,0.0,0.0
Uganda,Bioenergy,50+ years,0.0,0.0
Ukraine,Coal,0-9 years,0.0,0.0
Ukraine,Coal,10-19 years,0.0,0.0
Ukraine,Coal,20-29 years,0.0,0.0
Ukraine,Coal,30-39 years,0.325,0.9778016755850203
Ukraine,Coal,40-49 years,0.965,2.903318821352445
Ukraine,Coal,50+ years,2.19,6.588878983172905
Ukraine,Oil and gas,0-9 years,2.1441,6.450783300374898
Ukraine,Oil and gas,10-19 years,0.0,0.0
Ukraine,Oil and gas,20-29 years,0.0,0.0
Ukraine,Oil and gas,30-39 years,0.0,0.0
Ukraine,Oil and gas,40-49 years,0.5,1.5043102701308004
Ukraine,Oil and gas,50+ years,1.155,3.474956724002149
Ukraine,Utility-scale solar,0-9 years,2.019888,6.077076525827923
Ukraine,Utility-scale solar,10-19 years,0.509296,1.5322784066730721
Ukraine,Utility-scale solar,20-29 years,0.0,0.0
Ukraine,Utility-scale solar,30-39 years,0.0,0.0
Ukraine,Utility-scale solar,40-49 years,0.0,0.0
Ukraine,Utility-scale solar,50+ years,0.0,0.0
Ukraine,Wind,0-9 years,0.393,1.1823878723228092
Ukraine,Wind,10-19 years,0.117,0.3520086032106073
Ukraine,Wind,20-29 years,0.028300000000000002,0.0851439612894033
Ukraine,Wind,30-39 years,0.0104,0.031289653618720645
Ukraine,Wind,40-49 years,0.0,0.0
Ukraine,Wind,50+ years,0.0,0.0
Ukraine,Hydropower,0-9 years,0.0,0.0
Ukraine,Hydropower,10-19 years,1.296,3.8991722201790346
Ukraine,Hydropower,20-29 years,0.453,1.362905104738505
Ukraine,Hydropower,30-39 years,0.0,0.0
Ukraine,Hydropower,40-49 years,0.702,2.1120516192636436
Ukraine,Hydropower,50+ years,3.796,11.420723570833037
Ukraine,Nuclear,0-9 years,0.0,0.0
Ukraine,Nuclear,10-19 years,0.0,0.0
Ukraine,Nuclear,20-29 years,2.0,6.017241080523202
Ukraine,Nuclear,30-39 years,7.0,21.060343781831207
Ukraine,Nuclear,40-49 years,4.835,14.546680312164838
Ukraine,Nuclear,50+ years,0.0,0.0
United Arab Emirates,Oil and gas,0-9 years,11.109,19.095791215223905
United Arab Emirates,Oil and gas,10-19 years,18.7841,32.2888875475639
United Arab Emirates,Oil and gas,20-29 years,9.8148,16.871128960228603
United Arab Emirates,Oil and gas,30-39 years,1.68,2.887832319882632
United Arab Emirates,Oil and gas,40-49 years,2.85,4.899001256943751
United Arab Emirates,Oil and gas,50+ years,0.0,0.0
United Arab Emirates,Utility-scale solar,0-9 years,6.948912857142857,11.944818533872088
United Arab Emirates,Utility-scale solar,10-19 years,0.11131,0.19133608067031893
United Arab Emirates,Utility-scale solar,20-29 years,0.0,0.0
United Arab Emirates,Utility-scale solar,30-39 years,0.0,0.0
United Arab Emirates,Utility-scale solar,40-49 years,0.0,0.0
United Arab Emirates,Utility-scale solar,50+ years,0.0,0.0
United Arab Emirates,Wind,0-9 years,0.099,0.17017583313594084
United Arab Emirates,Wind,10-19 years,0.0,0.0
United Arab Emirates,Wind,20-29 years,0.0,0.0
United Arab Emirates,Wind,30-39 years,0.0,0.0
United Arab Emirates,Wind,40-49 years,0.0,0.0
United Arab Emirates,Wind,50+ years,0.0,0.0
United Arab Emirates,Hydropower,0-9 years,0.25,0.42973695236348697
United Arab Emirates,Hydropower,10-19 years,0.0,0.0
United Arab Emirates,Hydropower,20-29 years,0.0,0.0
United Arab Emirates,Hydropower,30-39 years,0.0,0.0
United Arab Emirates,Hydropower,40-49 years,0.0,0.0
United Arab Emirates,Hydropower,50+ years,0.0,0.0
United Arab Emirates,Nuclear,0-9 years,5.668,9.742996183984975
United Arab Emirates,Nuclear,10-19 years,0.0,0.0
United Arab Emirates,Nuclear,20-29 years,0.0,0.0
United Arab Emirates,Nuclear,30-39 years,0.0,0.0
United Arab Emirates,Nuclear,40-49 years,0.0,0.0
United Arab Emirates,Nuclear,50+ years,0.0,0.0
United Arab Emirates,Bioenergy,0-9 years,0.232,0.39879589179331587
United Arab Emirates,Bioenergy,10-19 years,0.0,0.0
United Arab Emirates,Bioenergy,20-29 years,0.0,0.0
United Arab Emirates,Bioenergy,30-39 years,0.0,0.0
United Arab Emirates,Bioenergy,40-49 years,0.0,0.0
United Arab Emirates,Bioenergy,50+ years,0.0,0.0
United Kingdom,Oil and gas,0-9 years,3.5754,3.815214458947327
United Kingdom,Oil and gas,10-19 years,11.287,12.044058174788407
United Kingdom,Oil and gas,20-29 years,14.861,15.857778730887794
United Kingdom,Oil and gas,30-39 years,5.862,6.255184639019194
United Kingdom,Oil and gas,40-49 years,0.509,0.5431403925726321
United Kingdom,Oil and gas,50+ years,0.5307999999999999,0.5664025940619904
United Kingdom,Utility-scale solar,0-9 years,2.7692455,2.9549883850687526
United Kingdom,Utility-scale solar,10-19 years,6.911757,7.375352476123062
United Kingdom,Utility-scale solar,20-29 years,0.0,0.0
United Kingdom,Utility-scale solar,30-39 years,0.0,0.0
United Kingdom,Utility-scale solar,40-49 years,0.0,0.0
United Kingdom,Utility-scale solar,50+ years,0.0,0.0
United Kingdom,Wind,0-9 years,15.5993,16.64559906848381
United Kingdom,Wind,10-19 years,13.0449,13.919866615070195
United Kingdom,Wind,20-29 years,1.927,2.0562505628437373
United Kingdom,Wind,30-39 years,0.1923,0.20519822689924788
United Kingdom,Wind,40-49 years,0.0,0.0
United Kingdom,Wind,50+ years,0.0,0.0
United Kingdom,Hydropower,0-9 years,0.0,0.0
United Kingdom,Hydropower,10-19 years,0.1,0.10670734628146016
United Kingdom,Hydropower,20-29 years,0.0,0.0
United Kingdom,Hydropower,30-39 years,0.0,0.0
United Kingdom,Hydropower,40-49 years,2.016,2.151220101034237
United Kingdom,Hydropower,50+ years,2.064,2.202439627249338
United Kingdom,Nuclear,0-9 years,0.0,0.0
United Kingdom,Nuclear,10-19 years,0.0,0.0
United Kingdom,Nuclear,20-29 years,0.0,0.0
United Kingdom,Nuclear,30-39 years,6.534,6.972258006030607
United Kingdom,Nuclear,40-49 years,0.0,0.0
United Kingdom,Nuclear,50+ years,0.0,0.0
United Kingdom,Bioenergy,0-9 years,1.0903,1.16343019650676
United Kingdom,Bioenergy,10-19 years,1.1066500000000001,1.180876847623779
United Kingdom,Bioenergy,20-29 years,0.1522,0.16240858104038233
United Kingdom,Bioenergy,30-39 years,0.0955,0.10190551569879444
United Kingdom,Bioenergy,40-49 years,0.645,0.688262383515418
United Kingdom,Bioenergy,50+ years,2.029,2.1650920560508267
United States,Coal,0-9 years,0.0,0.0
United States,Coal,10-19 years,20.9805,1.64932035843877
United States,Coal,20-29 years,3.651,0.28701263690855555
United States,Coal,30-39 years,12.2074,0.9596488807990963
United States,Coal,40-49 years,74.8654,5.885323436651265
United States,Coal,50+ years,72.7439,5.718547947962824
United States,Oil and gas,0-9 years,91.2314,7.171888436828045
United States,Oil and gas,10-19 years,101.5422,7.982441681592968
United States,Oil and gas,20-29 years,251.1119,19.740424151771432
United States,Oil and gas,30-39 years,37.593300000000006,2.955286815418899
United States,Oil and gas,40-49 years,15.305299999999999,1.2031811864356379
United States,Oil and gas,50+ years,67.4854,5.305166422029206
United States,Utility-scale solar,0-9 years,130.503425,10.259143285359603
United States,Utility-scale solar,10-19 years,21.7878,1.7127838757699878
United States,Utility-scale solar,20-29 years,0.0088,0.0006917861420967649
United States,Utility-scale solar,30-39 years,0.0,0.0
United States,Utility-scale solar,40-49 years,0.0,0.0
United States,Utility-scale solar,50+ years,0.0,0.0
United States,Wind,0-9 years,90.134,7.085619560426114
United States,Wind,10-19 years,62.310300000000005,4.898341142033187
United States,Wind,20-29 years,5.6193,0.4417447577595854
United States,Wind,30-39 years,0.2807,0.02206640569165476
United States,Wind,40-49 years,0.2112,0.016602867410322356
United States,Wind,50+ years,0.0,0.0
United States,Hydropower,0-9 years,0.131,0.010298180069849568
United States,Hydropower,10-19 years,1.516,0.11917588538848813
United States,Hydropower,20-29 years,0.761,0.05982377887904978
United States,Hydropower,30-39 years,4.325,0.3399971664282396
United States,Hydropower,40-49 years,9.21,0.724017087353546
United States,Hydropower,50+ years,79.45,6.24572829427136
United States,Nuclear,0-9 years,2.5,0.19653015400476273
United States,Nuclear,10-19 years,1.218,0.0957494910311204
United States,Nuclear,20-29 years,0.0,0.0
United States,Nuclear,30-39 years,23.356,1.8360633107740956
United States,Nuclear,40-49 years,45.655,3.5890336724349767
United States,Nuclear,50+ years,29.746,2.338394384410269
United States,Bioenergy,0-9 years,0.408,0.03207372113357728
United States,Bioenergy,10-19 years,1.7464000000000002,0.13728810438156708
United States,Bioenergy,20-29 years,0.5577000000000001,0.04384194675538248
United States,Bioenergy,30-39 years,3.8679,0.30406359307000874
United States,Bioenergy,40-49 years,1.9547,0.15366299681324389
United States,Bioenergy,50+ years,1.8066,0.14202055049000173
United States,Geothermal,0-9 years,0.3255,0.02558822605142011
United States,Geothermal,10-19 years,0.576,0.04528054748269733
United States,Geothermal,20-29 years,0.178,0.013992946965139108
United States,Geothermal,30-39 years,0.776,0.06100295980307835
United States,Geothermal,40-49 years,1.467,0.11532389436999478
United States,Geothermal,50+ years,0.33,0.025941980328628683
Uruguay,Oil and gas,0-9 years,0.5322,10.23307962093524
Uruguay,Oil and gas,10-19 years,0.17,3.268740202102575
Uruguay,Oil and gas,20-29 years,0.2,3.84557670835597
Uruguay,Oil and gas,30-39 years,0.2,3.84557670835597
Uruguay,Oil and gas,40-49 years,0.0,0.0
Uruguay,Oil and gas,50+ years,0.0,0.0
Uruguay,Utility-scale solar,0-9 years,0.17991503703703704,3.459385379563157
Uruguay,Utility-scale solar,10-19 years,0.07917,1.522271540002711
Uruguay,Utility-scale solar,20-29 years,0.0,0.0
Uruguay,Utility-scale solar,30-39 years,0.0,0.0
Uruguay,Utility-scale solar,40-49 years,0.0,0.0
Uruguay,Utility-scale solar,50+ years,0.0,0.0
Uruguay,Wind,0-9 years,0.292,5.614541994199716
Uruguay,Wind,10-19 years,1.1734,22.561998547924482
Uruguay,Wind,20-29 years,0.0,0.0
Uruguay,Wind,30-39 years,0.0,0.0
Uruguay,Wind,40-49 years,0.0,0.0
Uruguay,Wind,50+ years,0.0,0.0
Uruguay,Hydropower,0-9 years,0.0,0.0
Uruguay,Hydropower,10-19 years,0.0,0.0
Uruguay,Hydropower,20-29 years,0.0,0.0
Uruguay,Hydropower,30-39 years,0.0,0.0
Uruguay,Hydropower,40-49 years,1.278,24.57323516639465
Uruguay,Hydropower,50+ years,0.26,4.999249720862761
Uruguay,Bioenergy,0-9 years,0.31,5.960643897951754
Uruguay,Bioenergy,10-19 years,0.34,6.53748040420515
Uruguay,Bioenergy,20-29 years,0.0,0.0
Uruguay,Bioenergy,30-39 years,0.0,0.0
Uruguay,Bioenergy,40-49 years,0.0,0.0
Uruguay,Bioenergy,50+ years,0.0,0.0
Uzbekistan,Coal,0-9 years,0.0,0.0
Uzbekistan,Coal,10-19 years,0.15,0.6562330318777543
Uzbekistan,Coal,20-29 years,0.0,0.0
Uzbekistan,Coal,30-39 years,1.2,5.249864255022034
Uzbekistan,Coal,40-49 years,0.9,3.9373981912665257
Uzbekistan,Coal,50+ years,0.136,0.5949846155691639
Uzbekistan,Oil and gas,0-9 years,5.787100000000001,25.317907858531687
Uzbekistan,Oil and gas,10-19 years,1.3948,6.102092219087278
Uzbekistan,Oil and gas,20-29 years,0.8,3.4999095033480234
Uzbekistan,Oil and gas,30-39 years,0.42,1.8374524892577122
Uzbekistan,Oil and gas,40-49 years,1.84,8.049791857700454
Uzbekistan,Oil and gas,50+ years,4.31,18.855762449287475
Uzbekistan,Utility-scale solar,0-9 years,2.417833870967742,10.577749678145922
Uzbekistan,Utility-scale solar,10-19 years,0.0,0.0
Uzbekistan,Utility-scale solar,20-29 years,0.0,0.0
Uzbekistan,Utility-scale solar,30-39 years,0.0,0.0
Uzbekistan,Utility-scale solar,40-49 years,0.0,0.0
Uzbekistan,Utility-scale solar,50+ years,0.0,0.0
Uzbekistan,Wind,0-9 years,1.6,6.999819006696047
Uzbekistan,Wind,10-19 years,0.0,0.0
Uzbekistan,Wind,20-29 years,0.0,0.0
Uzbekistan,Wind,30-39 years,0.0,0.0
Uzbekistan,Wind,40-49 years,0.0,0.0
Uzbekistan,Wind,50+ years,0.0,0.0
Uzbekistan,Hydropower,0-9 years,0.25,1.0937217197962572
Uzbekistan,Hydropower,10-19 years,0.095,0.41561425352257775
Uzbekistan,Hydropower,20-29 years,0.0,0.0
Uzbekistan,Hydropower,30-39 years,0.0,0.0
Uzbekistan,Hydropower,40-49 years,1.076,4.707378282003091
Uzbekistan,Hydropower,50+ years,0.481,2.1043205888879988
Vanuatu,Utility-scale solar,0-9 years,0.0009570000000000001,21.96465457883865
Vanuatu,Utility-scale solar,10-19 years,0.0,0.0
Vanuatu,Utility-scale solar,20-29 years,0.0,0.0
Vanuatu,Utility-scale solar,30-39 years,0.0,0.0
Vanuatu,Utility-scale solar,40-49 years,0.0,0.0
Vanuatu,Utility-scale solar,50+ years,0.0,0.0
Vanuatu,Wind,0-9 years,0.0,0.0
Vanuatu,Wind,10-19 years,0.0034,78.03534542116134
Vanuatu,Wind,20-29 years,0.0,0.0
Vanuatu,Wind,30-39 years,0.0,0.0
Vanuatu,Wind,40-49 years,0.0,0.0
Vanuatu,Wind,50+ years,0.0,0.0
Venezuela,Oil and gas,0-9 years,0.2746,1.4959278729605319
Venezuela,Oil and gas,10-19 years,1.77,9.642361016533654
Venezuela,Oil and gas,20-29 years,0.15,0.8171492386892927
Venezuela,Oil and gas,30-39 years,0.0,0.0
Venezuela,Oil and gas,40-49 years,0.0,0.0
Venezuela,Oil and gas,50+ years,0.138,0.7517772995941492
Venezuela,Utility-scale solar,0-9 years,0.013900000000000001,0.07572249611854111
Venezuela,Utility-scale solar,10-19 years,0.0,0.0
Venezuela,Utility-scale solar,20-29 years,0.0,0.0
Venezuela,Utility-scale solar,30-39 years,0.0,0.0
Venezuela,Utility-scale solar,40-49 years,0.0,0.0
Venezuela,Utility-scale solar,50+ years,0.0,0.0
Venezuela,Hydropower,0-9 years,0.0,0.0
Venezuela,Hydropower,10-19 years,0.0,0.0
Venezuela,Hydropower,20-29 years,2.16,11.766949037125814
Venezuela,Hydropower,30-39 years,2.85,15.52583553509656
Venezuela,Hydropower,40-49 years,10.28,56.001961158172854
Venezuela,Hydropower,50+ years,0.72,3.9223163457086048
Vietnam,Coal,0-9 years,15.205,19.29887125321485
Vietnam,Coal,10-19 years,11.769,14.937745200860611
Vietnam,Coal,20-29 years,0.965,1.2248214902566479
Vietnam,Coal,30-39 years,0.0,0.0
Vietnam,Coal,40-49 years,0.44,0.5584678297543265
Vietnam,Coal,50+ years,0.0,0.0
Vietnam,Oil and gas,0-9 years,1.624,2.061253989820514
Vietnam,Oil and gas,10-19 years,3.848,4.88405502021511
Vietnam,Oil and gas,20-29 years,4.298,5.455215300645671
Vietnam,Oil and gas,30-39 years,0.0,0.0
Vietnam,Oil and gas,40-49 years,0.0,0.0
Vietnam,Oil and gas,50+ years,0.0,0.0
Vietnam,Utility-scale solar,0-9 years,14.849491220883534,18.847643488824435
Vietnam,Utility-scale solar,10-19 years,0.0,0.0
Vietnam,Utility-scale solar,20-29 years,0.0,0.0
Vietnam,Utility-scale solar,30-39 years,0.0,0.0
Vietnam,Utility-scale solar,40-49 years,0.0,0.0
Vietnam,Utility-scale solar,50+ years,0.0,0.0
Vietnam,Wind,0-9 years,5.7243,7.265539540597025
Vietnam,Wind,10-19 years,0.123,0.15611714331768672
Vietnam,Wind,20-29 years,0.0,0.0
Vietnam,Wind,30-39 years,0.0,0.0
Vietnam,Wind,40-49 years,0.0,0.0
Vietnam,Wind,50+ years,0.0,0.0
Vietnam,Hydropower,0-9 years,1.265,1.6055950105436887
Vietnam,Hydropower,10-19 years,11.648,14.78416654767817
Vietnam,Hydropower,20-29 years,1.468,1.863251759271253
Vietnam,Hydropower,30-39 years,3.025,3.8394663295609948
Vietnam,Hydropower,40-49 years,0.0,0.0
Vietnam,Hydropower,50+ years,0.363,0.46073595954731933
Vietnam,Bioenergy,0-9 years,0.179,0.22719486710460102
Vietnam,Bioenergy,10-19 years,0.04,0.05076980270493877
Vietnam,Bioenergy,20-29 years,0.035,0.044423577366821426
Vietnam,Bioenergy,30-39 years,0.0,0.0
Vietnam,Bioenergy,40-49 years,0.0,0.0
Vietnam,Bioenergy,50+ years,0.0,0.0
Virgin Islands (U.S.),Utility-scale solar,0-9 years,0.03304518518518519,100.0
Virgin Islands (U.S.),Utility-scale solar,10-19 years,0.0,0.0
Virgin Islands (U.S.),Utility-scale solar,20-29 years,0.0,0.0
Virgin Islands (U.S.),Utility-scale solar,30-39 years,0.0,0.0
Virgin Islands (U.S.),Utility-scale solar,40-49 years,0.0,0.0
Virgin Islands (U.S.),Utility-scale solar,50+ years,0.0,0.0
Western Sahara,Oil and gas,0-9 years,0.072,7.366105683155149
Western Sahara,Oil and gas,10-19 years,0.0,0.0
Western Sahara,Oil and gas,20-29 years,0.0,0.0
Western Sahara,Oil and gas,30-39 years,0.0,0.0
Western Sahara,Oil and gas,40-49 years,0.0,0.0
Western Sahara,Oil and gas,50+ years,0.0,0.0
Western Sahara,Utility-scale solar,0-9 years,0.09245,9.458284311217966
Western Sahara,Utility-scale solar,10-19 years,0.0,0.0
Western Sahara,Utility-scale solar,20-29 years,0.0,0.0
Western Sahara,Utility-scale solar,30-39 years,0.0,0.0
Western Sahara,Utility-scale solar,40-49 years,0.0,0.0
Western Sahara,Utility-scale solar,50+ years,0.0,0.0
Western Sahara,Wind,0-9 years,0.762,77.95795181339199
Western Sahara,Wind,10-19 years,0.051,5.217658192234897
Western Sahara,Wind,20-29 years,0.0,0.0
Western Sahara,Wind,30-39 years,0.0,0.0
Western Sahara,Wind,40-49 years,0.0,0.0
Western Sahara,Wind,50+ years,0.0,0.0
Yemen,Oil and gas,0-9 years,0.539,22.326295885257156
Yemen,Oil and gas,10-19 years,0.671,27.79396018368748
Yemen,Oil and gas,20-29 years,0.1679,6.954703300806451
Yemen,Oil and gas,30-39 years,0.09,3.7279529307479486
Yemen,Oil and gas,40-49 years,0.335,13.876269242228476
Yemen,Oil and gas,50+ years,0.0,0.0
Yemen,Utility-scale solar,0-9 years,0.23290785714285717,9.647439206999321
Yemen,Utility-scale solar,10-19 years,0.0,0.0
Yemen,Utility-scale solar,20-29 years,0.0,0.0
Yemen,Utility-scale solar,30-39 years,0.0,0.0
Yemen,Utility-scale solar,40-49 years,0.0,0.0
Yemen,Utility-scale solar,50+ years,0.0,0.0
Zambia,Coal,0-9 years,0.0,0.0
Zambia,Coal,10-19 years,0.33,8.607789575184299
Zambia,Coal,20-29 years,0.0,0.0
Zambia,Coal,30-39 years,0.0,0.0
Zambia,Coal,40-49 years,0.0,0.0
Zambia,Coal,50+ years,0.0,0.0
Zambia,Oil and gas,0-9 years,0.105,2.7388421375586405
Zambia,Oil and gas,10-19 years,0.0,0.0
Zambia,Oil and gas,20-29 years,0.0,0.0
Zambia,Oil and gas,30-39 years,0.0,0.0
Zambia,Oil and gas,40-49 years,0.0,0.0
Zambia,Oil and gas,50+ years,0.0,0.0
Zambia,Utility-scale solar,0-9 years,0.28073683937823835,7.322798907182391
Zambia,Utility-scale solar,10-19 years,0.0,0.0
Zambia,Utility-scale solar,20-29 years,0.0,0.0
Zambia,Utility-scale solar,30-39 years,0.0,0.0
Zambia,Utility-scale solar,40-49 years,0.0,0.0
Zambia,Utility-scale solar,50+ years,0.0,0.0
Zambia,Hydropower,0-9 years,0.75,19.563158125418862
Zambia,Hydropower,10-19 years,0.12,3.1301053000670174
Zambia,Hydropower,20-29 years,0.0,0.0
Zambia,Hydropower,30-39 years,0.0,0.0
Zambia,Hydropower,40-49 years,0.99,25.823368725552896
Zambia,Hydropower,50+ years,1.218,31.770568795680234
Zambia,Bioenergy,0-9 years,0.0,0.0
Zambia,Bioenergy,10-19 years,0.04,1.0433684333556725
Zambia,Bioenergy,20-29 years,0.0,0.0
Zambia,Bioenergy,30-39 years,0.0,0.0
Zambia,Bioenergy,40-49 years,0.0,0.0
Zambia,Bioenergy,50+ years,0.0,0.0
Zimbabwe,Coal,0-9 years,0.82,27.233514459779567
Zimbabwe,Coal,10-19 years,0.0,0.0
Zimbabwe,Coal,20-29 years,0.0,0.0
Zimbabwe,Coal,30-39 years,0.22,7.30655265994086
Zimbabwe,Coal,40-49 years,0.7,23.248122099811827
Zimbabwe,Coal,50+ years,0.0,0.0
Zimbabwe,Utility-scale solar,0-9 years,0.07767878238341969,2.5798368820206465
Zimbabwe,Utility-scale solar,10-19 years,0.0019858704663212436,0.06595394153635217
Zimbabwe,Utility-scale solar,20-29 years,0.0,0.0
Zimbabwe,Utility-scale solar,30-39 years,0.0,0.0
Zimbabwe,Utility-scale solar,40-49 years,0.0,0.0
Zimbabwe,Utility-scale solar,50+ years,0.0,0.0
Zimbabwe,Hydropower,0-9 years,0.0,0.0
Zimbabwe,Hydropower,10-19 years,0.0,0.0
Zimbabwe,Hydropower,20-29 years,0.0,0.0
Zimbabwe,Hydropower,30-39 years,0.0,0.0
Zimbabwe,Hydropower,40-49 years,0.0,0.0
Zimbabwe,Hydropower,50+ years,1.05,34.87218314971774
