Country,Year,Coal,Oil and gas,Utility-scale solar,Wind,Hydropower,Nuclear,Bioenergy,Geothermal
World,2000,1083.115,640.55385,0.28167000000000003,7.8133,726.369,364.313,25.433905,8.16625
World,2001,1103.362,709.64825,0.28537,12.433,736.638,366.704,26.777305000000002,8.24625
World,2002,1123.888,811.45795,0.50761,16.4227,743.609,374.202,28.427105,8.46825
World,2003,1150.909,906.22525,0.50848,22.6163,758.402,375.925,29.227705,8.56825
World,2004,1185.615,961.73065,0.5424970000000001,27.381100000000004,770.648,376.084,30.610735000000002,8.58725
World,2005,1235.225,1016.48025,0.5935779999999999,35.8354,783.249,378.701,31.602835,8.74125
World,2006,1324.697,1068.74235,0.6660920000000001,47.133199999999995,798.931,377.821,33.481335,8.87075
World,2007,1404.821,1119.55665,1.0270549015691868,62.3506,815.112,380.324,35.361335,9.04655
World,2008,1466.496,1173.71345,2.044322885062156,83.4558,836.073,379.008,37.081395,9.40125
World,2009,1532.287,1235.1226499999998,3.371377644257452,113.4024,861.782,376.328,39.912295,9.8546
World,2010,1603.349,1307.90071,6.082599315851642,138.808,891.411,379.372,43.140095,10.1609
World,2011,1681.918,1364.24901,11.911617359345302,175.28130000000002,914.674,370.848,45.578275000000005,10.3269
World,2012,1741.789,1427.27581,20.691860638397305,222.4801,970.316,372.498,48.845375,10.8258
World,2013,1797.605,1501.92069,37.62782912521139,255.5542,993.505,370.083,53.048125,11.218399999999999
World,2014,1848.958,1587.94569,59.29635269082747,299.6118,1036.304,375.92,56.684125,11.8903
World,2015,1916.943,1646.60799,87.72814515331439,352.6327,1058.674,379.999,60.496914000000004,12.3514
World,2016,1966.38,1709.6172900000001,136.07831801341135,405.57059999999996,1094.088,389.724,65.650014,12.43
World,2017,2004.31,1769.05229,214.19903084059553,452.8367,1113.54,391.23,69.87988,13.108
World,2018,2018.471,1852.71239,267.84817305448087,496.0496,1126.044,396.56,73.34548,13.71816
World,2019,2060.856,1918.77259,326.8111608054748,548.8788000000001,1138.142,392.616,78.62019000000001,14.416459999999999
World,2020,2073.649,1957.43879,393.26117933149555,640.5916,1151.142,388.363,85.16848999999999,14.56696
World,2021,2085.131,1995.67759,464.2087589279302,728.1044,1178.304,387.362,93.45859,14.84946
World,2022,2107.746,2042.7524,560.2856265967198,795.3089,1208.206,391.463,98.77689,15.11846
World,2023,2155.806,2082.14705,728.4291744935554,885.8836,1225.275,394.205,103.94158999999999,15.300360000000001
World,2024,2168.543,2137.79335,926.1833695976618,968.8412,1249.334,400.38,106.71032000000001,15.662360000000001
World,2025,2238.587,2194.52283,1118.4486518689146,1065.9712,1269.737,401.341,107.95982000000001,15.996360000000001
BRICS,2000,351.697,134.64190000000002,0.0,0.2159,202.661,28.682,3.4193000000000002,0.77595
BRICS,2001,366.951,143.9907,0.0,0.30789999999999995,208.609,31.073,3.9320999999999997,0.8459500000000001
BRICS,2002,378.815,147.85060000000001,0.0,0.30789999999999995,213.063,33.435,4.5616,0.8459500000000001
BRICS,2003,403.153,154.10060000000001,0.0,0.3379,221.512,35.153,4.9431,0.8459500000000001
BRICS,2004,433.797,161.3126,0.0,0.4405,230.005,35.803,5.2794,0.8459500000000001
BRICS,2005,484.508,174.8741,0.0,0.743,239.54,37.343,5.6328,0.8459500000000001
BRICS,2006,570.521,188.815,0.0,1.9627000000000001,251.445,37.883,6.5335,0.8459500000000001
BRICS,2007,647.611,203.5519,0.0,3.5963000000000003,262.532,40.223,7.3126,0.86595
BRICS,2008,706.966,214.5213,0.00087,8.108600000000001,278.345,39.889,8.280100000000001,0.92595
BRICS,2009,764.57,229.66920000000002,0.009569999999999999,16.288400000000003,299.291,39.889,9.8991,1.1994
BRICS,2010,830.578,245.5459,0.10400573924512987,27.3341,323.083,43.075,12.063199999999998,1.1994
BRICS,2011,906.994,259.6971,1.1155846998782468,46.5463,336.95,45.041,13.8073,1.2194
BRICS,2012,977.729,276.45279999999997,3.4859783378652596,66.1717,385.462,46.041,15.4595,1.3294000000000001
BRICS,2013,1044.574,293.94088,11.52979286888979,83.9038,400.708,49.249,17.6215,1.3294000000000001
BRICS,2014,1099.177,320.87098,22.57385251280451,107.9614,439.587,55.721,19.529700000000002,1.3894000000000002
BRICS,2015,1182.603,341.15458,36.949548528199784,137.4088,453.323,62.843,21.1152,1.4244
BRICS,2016,1242.982,352.95068,67.97007721683038,168.3928,479.206,70.516,25.3544,1.5194
BRICS,2017,1283.574,370.60508000000004,115.09539792042061,190.2116,491.705,74.871,27.8086,1.7944
BRICS,2018,1313.043,397.91898,143.76165754316506,211.6938,497.174,84.929,30.3005,1.9504000000000001
BRICS,2019,1368.28,418.47558000000004,171.37575260019835,236.98780000000002,503.974,90.184,34.5344,2.1354
BRICS,2020,1401.718,432.95488,201.12706744045252,295.2206,510.679,90.372,39.811699999999995,2.1354
BRICS,2021,1434.996,448.90198,233.42322201172902,346.89570000000003,534.786,95.375,47.1577,2.2814
BRICS,2022,1467.459,467.81188000000003,291.7207659033306,384.3217000000001,558.339,99.061,51.4994,2.3364000000000003
BRICS,2023,1525.029,488.28038,400.4362289019176,444.41730000000007,572.703,102.569,54.646,2.3364000000000003
BRICS,2024,1559.582,512.46708,529.5249115739878,502.8134,592.075,106.4,56.8625,2.3864
BRICS,2025,1641.284,544.0968200000001,663.412918852885,582.9478,608.049,108.312,57.4615,2.5239000000000003
EU27,2000,164.548,52.0964,0.00587,4.3891,110.2965,128.705,6.971365,0.48
EU27,2001,163.655,56.1831,0.00587,6.926200000000001,110.2965,128.705,7.369365,0.48
EU27,2002,164.229,62.998,0.22511,10.2303,110.4155,132.029,8.244065,0.696
EU27,2003,164.161,72.1027,0.22598000000000001,14.301200000000001,110.7445,132.439,8.471165000000001,0.716
EU27,2004,163.603,81.61580000000001,0.25999700000000003,17.6408,111.7545,131.139,8.978395,0.716
EU27,2005,162.713,94.4734,0.30897800000000003,22.1393,112.3155,130.167,9.308195,0.756
EU27,2006,161.334,107.6311,0.380492,27.8103,112.3485,128.697,9.876395,0.756
EU27,2007,160.314,116.2963,0.6349149015691868,33.962199999999996,112.3735,129.402,10.184895000000001,0.759
EU27,2008,159.67,127.1143,1.6284128850621562,40.0133,112.8985,128.962,10.598654999999999,0.7607
EU27,2009,160.255,133.7728,2.7505587111491123,47.879,113.5915,127.662,11.375255000000001,0.7862
EU27,2010,160.231,147.89976000000001,4.806220301211224,54.0698,113.6335,127.52,12.024055,0.7862
EU27,2011,159.901,157.26276000000001,8.14005510245346,60.8705,114.5615,118.699,12.296035,0.8032
EU27,2012,156.757,164.28635999999997,12.338579001310912,69.615,115.0605,118.699,13.024035,0.8136
EU27,2013,153.318,169.96596,14.271235705633233,77.4535,116.0415,118.699,13.543385,0.8186
EU27,2014,150.058,171.41606,15.700432457878177,84.6071,116.0865,118.699,14.123285,0.8629
EU27,2015,148.661,173.74556,16.901712210197783,94.7911,116.3525,117.354,14.254923999999999,0.8629
EU27,2016,145.599,176.25126,17.880726056758633,102.2091,116.9355,116.693,14.586224,0.867
EU27,2017,140.949,177.78406,28.379084223343877,112.8678,117.9835,114.391,15.17156,0.8704
EU27,2018,139.228,178.78476,32.91027821628134,119.2837,118.0725,114.391,15.25656,0.8821
EU27,2019,134.623,179.63986,38.66312923346491,128.1233,118.4525,111.96,15.615459999999999,0.9144
EU27,2020,125.736,180.69676,45.53832906224077,136.6184,118.5495,109.21,16.10776,0.9144
EU27,2021,110.205,181.13876000000002,55.5080558619447,146.63660000000002,118.5495,104.956,16.182760000000002,0.9187000000000001
EU27,2022,108.585,183.44766,67.67388037663203,158.5604,119.5475,105.62,16.48976,0.9187000000000001
EU27,2023,106.624,188.16020999999998,85.79038303411821,172.1396,119.5845,100.745,17.05376,0.9187000000000001
EU27,2024,95.148,191.72211,102.31559233089295,181.69379999999998,119.7045,102.395,17.19259,0.9187000000000001
EU27,2025,89.934,196.49910999999997,115.44484159336488,187.282,120.1845,102.395,17.22859,0.9187000000000001
G7,2000,583.739,323.3341,0.28167000000000003,7.359400000000001,317.3165,297.529,20.277805,3.7858
G7,2001,585.049,371.1307,0.28537,11.815100000000001,317.4755,297.529,20.947405,3.7858
G7,2002,588.15,444.91240000000005,0.50761,15.713,318.1075,300.561,21.877705000000002,4.0078000000000005
G7,2003,586.828,513.3388,0.50848,21.7516,319.6455,300.566,22.216805,4.0278
G7,2004,588.598,551.5242,0.5424970000000001,26.1548,320.9355,299.026,22.786135,4.0278
G7,2005,585.858,580.6613000000001,0.5935779999999999,33.7184,322.9625,298.054,23.183935,4.0978
G7,2006,584.846,607.2899,0.6660920000000001,43.381,322.9955,295.634,23.997235,4.0068
G7,2007,582.858,623.9981,1.025314901569187,56.143699999999995,325.3015,295.797,24.574135000000002,4.0378
G7,2008,583.543,649.0831999999999,2.041712885062156,71.7565,325.9645,294.815,25.159895,4.1035
G7,2009,586.103,674.1446,3.3243916596027208,91.7875,326.8405,292.135,26.193895,4.153
G7,2010,588.166,702.58336,5.8651232496648324,104.68870000000001,326.1125,291.993,27.014595,4.244
G7,2011,586.124,727.4810600000001,10.241465755159647,120.56490000000001,328.2605,280.13,27.403875,4.265
G7,2012,574.168,749.38516,16.266839519352146,145.917,329.7795,278.685,28.431675,4.551399999999999
G7,2013,560.328,768.0994599999999,24.56103021980849,158.7474,331.0195,273.062,30.095025,4.5984
G7,2014,550.432,786.83036,34.63095984383178,174.2595,332.5065,272.427,31.012725,4.6647
G7,2015,526.028,802.05956,46.348433003160515,195.245,333.4435,268.336,32.127814,4.6967
G7,2016,502.821,823.68036,60.624307173893364,213.1412,334.3665,267.815,32.712314,4.7008
G7,2017,489.466,839.0985599999999,80.4110772858809,234.7628,335.9665,265.233,33.96328,4.7462
G7,2018,467.588,865.43346,92.64071731473791,251.5275,336.0555,261.141,34.54768,4.8449
G7,2019,444.651,878.9713600000001,107.26925707545595,271.438,337.1425,252.16,35.30647999999999,4.956600000000001
G7,2020,422.069,884.20536,128.92128285609965,297.4213,338.0635,247.719,36.23947999999999,5.003100000000001
G7,2021,396.19,888.6601599999999,155.08861353870586,321.9385,338.1185,240.506,36.60358,5.0074
G7,2022,380.631,894.43056,181.9088926707867,346.654,339.3615,238.366,37.36068,5.1293999999999995
G7,2023,367.081,902.14981,221.47824605296017,370.7358,339.3985,235.991,38.323479999999996,5.1669
G7,2024,345.159,913.23311,272.1456028123045,387.8748,339.3775,239.286,38.71171,5.1894
G7,2025,335.556,922.7193100000001,311.9835756601382,399.63870000000003,340.9575,239.286,39.04471,5.1944
G20,2000,992.132,506.4912,0.28167000000000003,7.713100000000001,576.3425,342.971,24.182705000000002,5.38775
G20,2001,1011.615,565.5291,0.28537,12.310799999999999,583.8215,345.362,25.405105,5.46775
G20,2002,1027.124,654.0817,0.50761,16.241,588.4105,352.86,26.994905,5.68975
G20,2003,1052.745,738.9746000000001,0.50848,22.394599999999997,598.9385,354.583,27.715505,5.77975
G20,2004,1086.684,785.108,0.5424970000000001,26.9544,608.6065,354.742,28.621135000000002,5.77975
G20,2005,1135.685,829.7743,0.5935779999999999,35.1275,620.5235,356.359,29.385135000000002,5.84975
G20,2006,1222.266,875.0405,0.6660920000000001,46.360800000000005,632.1935,354.479,31.099135,5.76725
G20,2007,1300.372,912.2198000000001,1.025314901569187,61.168,645.7775,356.982,32.784135,5.81825
G20,2008,1361.912,949.485,2.0425828850621564,82.1301,662.6925,355.666,34.337395,5.94395
G20,2009,1425.306,992.7368,3.3548416596027204,111.70370000000001,686.5305,352.986,37.028395,6.3973
G20,2010,1495.204,1050.5238599999998,6.03552075574934,136.7136,709.1605,356.03,40.165195,6.5356000000000005
G20,2011,1570.655,1093.38516,11.443442221877271,172.8057,727.0025,347.181,42.440375,6.5766
G20,2012,1628.784,1135.00366,19.89645676691393,219.3985,779.2665,348.831,45.232974999999996,7.0755
G20,2013,1682.337,1183.45024,36.1794379352934,251.7286,796.8505,345.416,49.202725,7.290100000000001
G20,2014,1730.16,1248.8501400000002,57.44488922913815,294.1355,838.0035,351.253,52.195025,7.736
G20,2015,1789.825,1297.9249399999999,83.73730063258161,346.09290000000004,854.7275,355.332,55.143814,8.1971
G20,2016,1833.919,1343.73214,129.73112770090643,397.3717,881.8125,364.717,60.007914,8.2757
G20,2017,1865.723,1387.26434,203.8666854143685,442.9879,899.3915,365.883,64.06118000000001,8.825700000000001
G20,2018,1875.03,1454.97724,253.94302793242062,484.2938,906.1165,371.849,67.25048,9.35286
G20,2019,1908.149,1498.88274,301.4471765970659,532.9386,914.0825,368.931,72.32119,9.99616
G20,2020,1917.205,1526.3841400000001,359.4486800679995,622.4952999999999,924.7475,364.678,78.82149,10.14666
G20,2021,1925.692,1550.61814,421.4416618163588,703.8139,949.7615,361.051,86.92159,10.35896
G20,2022,1945.741,1580.3931400000001,509.5101369987754,767.8098,975.3975,362.635,92.08539,10.613959999999999
G20,2023,1989.632,1605.65569,666.7778729078235,853.2829,991.3215,363.751,96.07979,10.731459999999998
G20,2024,2003.644,1647.2351899999999,853.7598763199476,932.7923999999999,1013.1585,369.46,98.69752,10.839459999999999
G20,2025,2076.343,1687.85163,1037.3676448418662,1025.6735,1030.9575,371.372,99.66952,11.08696
OECD,2000,631.74,361.7859,0.28167000000000003,7.555,397.885,312.21,20.819205,5.2719
OECD,2001,636.171,414.61629999999997,0.28537,12.0607,399.966,312.21,21.528805000000002,5.281899999999999
OECD,2002,639.816,497.288,0.50761,16.0441,401.554,318.226,22.523605,5.5039
OECD,2003,641.099,575.0644,0.50848,22.2077,403.29,318.231,22.892705000000003,5.523899999999999
OECD,2004,644.514,615.4105999999999,0.5424970000000001,26.8469,405.709,317.74,23.602035,5.5428999999999995
OECD,2005,642.769,648.1612,0.5935779999999999,34.8175,408.365,317.817,24.042635,5.696899999999999
OECD,2006,643.667,679.2983,0.6660920000000001,44.8591,410.18,316.277,24.875935000000002,5.804399999999999
OECD,2007,644.593,701.1953000000001,1.025314901569187,58.207699999999996,414.93,315.735,25.777235,5.8854
OECD,2008,646.978,729.0068999999999,2.041712885062156,74.6605,416.385,314.753,26.429994999999998,6.1801
OECD,2009,652.799,760.4488,3.346582644257452,95.9673,417.739,312.073,27.518995,6.324
OECD,2010,657.163,795.18026,5.889411809767134,109.6315,418.24,311.931,28.449695,6.5953
OECD,2011,656.271,824.87026,10.271959642627676,125.93370000000002,422.837,301.116,28.974474999999998,6.7413
OECD,2012,644.214,847.00536,16.14679342654981,150.7088,427.258,301.766,30.235875,7.1277
OECD,2013,631.254,875.4956599999999,24.392506568456643,163.93679999999998,430.489,296.143,32.194625,7.448300000000001
OECD,2014,623.684,907.31766,34.72022039277608,182.1071,433.24,295.508,33.134724999999996,7.8342
OECD,2015,601.716,927.99286,47.05495506407655,204.54160000000002,437.432,292.465,34.521014,8.1203
OECD,2016,585.951,953.87636,62.464015596585725,225.028,440.705,293.432,35.164914,8.0779
OECD,2017,576.76,978.04056,87.45002437523993,249.0266,443.014,290.243,36.78898,8.4459
OECD,2018,555.482,1008.51836,108.57232004039217,268.5133,444.485,286.151,37.486380000000004,8.88086
OECD,2019,534.372,1027.08626,130.2193901416874,292.16929999999996,445.627,277.588,38.323190000000004,9.20126
OECD,2020,510.342,1034.92946,158.7388899249134,323.5931,449.531,273.147,39.48819,9.35176
OECD,2021,487.746,1042.54176,190.07073353662585,353.3703,449.726,265.934,40.242290000000004,9.464060000000002
OECD,2022,472.709,1050.21526,222.1959990243541,380.7412,453.102,265.249,41.10989,9.586060000000002
OECD,2023,458.775,1061.7103100000002,271.5133776560277,406.61819999999994,453.688,264.274,42.36569,9.74356
OECD,2024,438.191,1078.60901,329.1621250624116,427.2119,453.974,267.569,42.77192,10.026560000000002
OECD,2025,426.944,1090.44021,371.5900620378194,440.71709999999996,455.898,267.569,43.10492,10.15656
African Union,2000,41.244,23.478,0.0,0.04,22.11,1.94,0.1507,0.104
African Union,2001,42.308,24.6419,0.0,0.073,22.183,1.94,0.1507,0.104
African Union,2002,42.308,26.5985,0.0,0.073,22.383,1.94,0.1507,0.104
African Union,2003,42.308,28.1137,0.0,0.103,22.675,1.94,0.1507,0.174
African Union,2004,42.308,28.686700000000002,0.0,0.15,23.845,1.94,0.1507,0.174
African Union,2005,42.343,30.4637,0.0,0.16,23.845,1.94,0.1507,0.174
African Union,2006,42.343,33.2217,0.0,0.245,23.845,1.94,0.1507,0.174
African Union,2007,42.433,37.7145,0.0,0.305,23.845,1.94,0.15530000000000002,0.174
African Union,2008,42.433,40.192,0.0,0.395,23.969,1.94,0.18680000000000002,0.174
African Union,2009,42.433,44.8895,0.0,0.689,25.569,1.94,0.18680000000000002,0.21
African Union,2010,42.433,52.7934,0.03751176683937824,0.689,26.449,1.94,0.2268,0.245
African Union,2011,42.583,56.3534,0.07751176683937824,0.8754,26.696,1.94,0.2301,0.245
African Union,2012,42.694,61.9974,0.07751176683937824,1.0367,27.226,1.94,0.2921,0.2475
African Union,2013,42.994,67.33739999999999,0.1721765886586068,1.2277,27.924,1.94,0.3351,0.2475
African Union,2014,43.994,70.0483,1.0893952071579351,2.1637,27.924,1.94,0.49710000000000004,0.4135
African Union,2015,44.882,80.2922,1.2465010760890425,2.7622,30.084,1.94,0.5101,0.5535
African Union,2016,45.182,84.9062,2.071650375959509,3.3236,31.6,1.94,0.5291,0.5795
African Union,2017,47.122,91.5102,2.901714607177125,4.2076,34.645,1.94,0.5891000000000001,0.5795
African Union,2018,49.308,110.4022,4.097796713122039,5.2546,35.222,1.94,0.6901,0.5795
African Union,2019,50.897,116.9739,6.093110081406741,5.8826,35.616,1.94,0.6901,0.7435
African Union,2020,51.697,118.5358,7.017167019230576,6.506600000000001,36.36,1.94,0.6901,0.7435
African Union,2021,53.417,123.1039,7.749757729075134,7.7186,37.194,1.94,0.7351,0.7435
African Union,2022,53.147,126.95389999999999,8.988447875231039,8.3476,38.034,1.94,0.7601,0.8265
African Union,2023,53.512,127.40889999999999,10.25757802923219,8.906600000000001,38.984,1.94,0.7601,0.8165
African Union,2024,54.532,129.7549,12.911068153311819,9.6176,41.561,1.94,0.7851,0.8165
African Union,2025,55.582,130.9054,14.493215201172115,11.4756,47.206,1.94,0.7851,0.8515
Afghanistan,2000,0.0,0.0,0.0,0.0,0.212,0.0,0.0,0.0
Afghanistan,2001,0.0,0.0,0.0,0.0,0.212,0.0,0.0,0.0
Afghanistan,2002,0.0,0.0,0.0,0.0,0.212,0.0,0.0,0.0
Afghanistan,2003,0.0,0.0,0.0,0.0,0.212,0.0,0.0,0.0
Afghanistan,2004,0.0,0.0,0.0,0.0,0.212,0.0,0.0,0.0
Afghanistan,2005,0.0,0.0,0.0,0.0,0.212,0.0,0.0,0.0
Afghanistan,2006,0.0,0.0,0.0,0.0,0.212,0.0,0.0,0.0
Afghanistan,2007,0.0,0.0,0.0,0.0,0.212,0.0,0.0,0.0
Afghanistan,2008,0.0,0.0,0.0,0.0,0.212,0.0,0.0,0.0
Afghanistan,2009,0.0,0.105,0.0,0.0,0.212,0.0,0.0,0.0
Afghanistan,2010,0.0,0.1316,0.0,0.0,0.212,0.0,0.0,0.0
Afghanistan,2011,0.0,0.1316,0.0,0.0,0.212,0.0,0.0,0.0
Afghanistan,2012,0.0,0.1316,0.0,0.0,0.212,0.0,0.0,0.0
Afghanistan,2013,0.0,0.1316,0.0,0.0,0.212,0.0,0.0,0.0
Afghanistan,2014,0.0,0.1316,0.0,0.0,0.212,0.0,0.0,0.0
Afghanistan,2015,0.0,0.1316,0.01044,0.0,0.212,0.0,0.0,0.0
Afghanistan,2016,0.0,0.1316,0.01044,0.0,0.254,0.0,0.0,0.0
Afghanistan,2017,0.0,0.1316,0.01194,0.0,0.254,0.0,0.0,0.0
Afghanistan,2018,0.0,0.1316,0.01194,0.0,0.254,0.0,0.0,0.0
Afghanistan,2019,0.0,0.1716,0.045741009667024705,0.0,0.254,0.0,0.0,0.0
Afghanistan,2020,0.0,0.1716,0.04734100966702471,0.0,0.254,0.0,0.0,0.0
Afghanistan,2021,0.0,0.1716,0.04734100966702471,0.0,0.254,0.0,0.0,0.0
Afghanistan,2022,0.0,0.1716,0.04734100966702471,0.0,0.354,0.0,0.0,0.0
Afghanistan,2023,0.0,0.1716,0.04734100966702471,0.0,0.354,0.0,0.0,0.0
Afghanistan,2024,0.0,0.1716,0.0587410096670247,0.0,0.354,0.0,0.0,0.0
Afghanistan,2025,0.0,0.1716,0.0587410096670247,0.0,0.354,0.0,0.0,0.0
Albania,2000,0.0,0.0,0.0,0.0,1.35,0.0,0.0,0.0
Albania,2001,0.0,0.0,0.0,0.0,1.35,0.0,0.0,0.0
Albania,2002,0.0,0.0,0.0,0.0,1.35,0.0,0.0,0.0
Albania,2003,0.0,0.0,0.0,0.0,1.35,0.0,0.0,0.0
Albania,2004,0.0,0.0,0.0,0.0,1.35,0.0,0.0,0.0
Albania,2005,0.0,0.0,0.0,0.0,1.35,0.0,0.0,0.0
Albania,2006,0.0,0.0,0.0,0.0,1.35,0.0,0.0,0.0
Albania,2007,0.0,0.0,0.0,0.0,1.35,0.0,0.0,0.0
Albania,2008,0.0,0.0,0.0,0.0,1.35,0.0,0.0,0.0
Albania,2009,0.0,0.0,0.0,0.0,1.35,0.0,0.0,0.0
Albania,2010,0.0,0.0,0.0,0.0,1.35,0.0,0.0,0.0
Albania,2011,0.0,0.0,0.0,0.0,1.35,0.0,0.0,0.0
Albania,2012,0.0,0.0,0.0,0.0,1.395,0.0,0.0,0.0
Albania,2013,0.0,0.0,0.0,0.0,1.395,0.0,0.0,0.0
Albania,2014,0.0,0.0,0.0,0.0,1.395,0.0,0.0,0.0
Albania,2015,0.0,0.0,0.0,0.0,1.429,0.0,0.0,0.0
Albania,2016,0.0,0.0,0.0,0.0,1.501,0.0,0.0,0.0
Albania,2017,0.0,0.0,0.0018,0.0,1.573,0.0,0.0,0.0
Albania,2018,0.0,0.0,0.01746,0.0,1.573,0.0,0.0,0.0
Albania,2019,0.0,0.0,0.01986,0.0,1.573,0.0,0.0,0.0
Albania,2020,0.0,0.0,0.04066,0.0,1.77,0.0,0.0,0.0
Albania,2021,0.0,0.0,0.052292987323433536,0.0,1.77,0.0,0.0,0.0
Albania,2022,0.0,0.0,0.059292987323433535,0.0,1.77,0.0,0.0,0.0
Albania,2023,0.0,0.0,0.20519298732343355,0.0,1.77,0.0,0.0,0.0
Albania,2024,0.0,0.0,0.25985298732343354,0.0,1.77,0.0,0.0,0.0
Albania,2025,0.0,0.0,0.3204331756609924,0.0,1.77,0.0,0.0,0.0
Algeria,2000,0.0,4.06,0.0,0.0,0.196,0.0,0.0,0.0
Algeria,2001,0.0,4.36,0.0,0.0,0.196,0.0,0.0,0.0
Algeria,2002,0.0,4.778,0.0,0.0,0.196,0.0,0.0,0.0
Algeria,2003,0.0,4.901,0.0,0.0,0.196,0.0,0.0,0.0
Algeria,2004,0.0,5.193,0.0,0.0,0.196,0.0,0.0,0.0
Algeria,2005,0.0,5.538,0.0,0.0,0.196,0.0,0.0,0.0
Algeria,2006,0.0,6.418,0.0,0.0,0.196,0.0,0.0,0.0
Algeria,2007,0.0,6.907,0.0,0.0,0.196,0.0,0.0,0.0
Algeria,2008,0.0,6.907,0.0,0.0,0.196,0.0,0.0,0.0
Algeria,2009,0.0,8.134,0.0,0.0,0.196,0.0,0.0,0.0
Algeria,2010,0.0,9.913,0.0,0.0,0.196,0.0,0.0,0.0
Algeria,2011,0.0,10.188,0.02,0.0,0.196,0.0,0.0,0.0
Algeria,2012,0.0,11.708,0.02,0.0,0.196,0.0,0.0,0.0
Algeria,2013,0.0,13.068,0.02,0.0,0.196,0.0,0.0,0.0
Algeria,2014,0.0,13.562,0.02,0.01,0.196,0.0,0.0,0.0
Algeria,2015,0.0,15.036,0.037399999999999996,0.01,0.196,0.0,0.0,0.0
Algeria,2016,0.0,16.311,0.151319375,0.01,0.196,0.0,0.0,0.0
Algeria,2017,0.0,16.539,0.336795,0.01,0.196,0.0,0.0,0.0
Algeria,2018,0.0,17.707,0.346795,0.01,0.196,0.0,0.0,0.0
Algeria,2019,0.0,19.926599999999997,0.346795,0.01,0.196,0.0,0.0,0.0
Algeria,2020,0.0,20.301599999999997,0.346795,0.01,0.196,0.0,0.0,0.0
Algeria,2021,0.0,21.9656,0.363995,0.01,0.196,0.0,0.0,0.0
Algeria,2022,0.0,23.9656,0.36739499999999997,0.01,0.196,0.0,0.0,0.0
Algeria,2023,0.0,23.9656,0.391495,0.01,0.196,0.0,0.0,0.0
Algeria,2024,0.0,25.1286,0.42000125,0.01,0.196,0.0,0.0,0.0
Algeria,2025,0.0,25.679599999999997,0.42000125,0.01,0.196,0.0,0.0,0.0
Andorra,2000,0.0,0.0,0.0,0.0,0.045,0.0,0.0,0.0
Andorra,2001,0.0,0.0,0.0,0.0,0.045,0.0,0.0,0.0
Andorra,2002,0.0,0.0,0.0,0.0,0.045,0.0,0.0,0.0
Andorra,2003,0.0,0.0,0.0,0.0,0.045,0.0,0.0,0.0
Andorra,2004,0.0,0.0,0.0,0.0,0.045,0.0,0.0,0.0
Andorra,2005,0.0,0.0,0.0,0.0,0.045,0.0,0.0,0.0
Andorra,2006,0.0,0.0,0.0,0.0,0.045,0.0,0.0,0.0
Andorra,2007,0.0,0.0,0.0,0.0,0.045,0.0,0.0,0.0
Andorra,2008,0.0,0.0,0.0,0.0,0.045,0.0,0.0,0.0
Andorra,2009,0.0,0.0,0.0,0.0,0.045,0.0,0.0,0.0
Andorra,2010,0.0,0.0,0.0,0.0,0.045,0.0,0.0,0.0
Andorra,2011,0.0,0.0,0.0,0.0,0.045,0.0,0.0,0.0
Andorra,2012,0.0,0.0,0.0,0.0,0.045,0.0,0.0,0.0
Andorra,2013,0.0,0.0,0.0,0.0,0.045,0.0,0.0,0.0
Andorra,2014,0.0,0.0,0.0,0.0,0.045,0.0,0.0,0.0
Andorra,2015,0.0,0.0,0.0,0.0,0.045,0.0,0.0,0.0
Andorra,2016,0.0,0.0,0.0,0.0,0.045,0.0,0.0,0.0
Andorra,2017,0.0,0.0,0.0,0.0,0.045,0.0,0.0,0.0
Andorra,2018,0.0,0.0,0.0,0.0,0.045,0.0,0.0,0.0
Andorra,2019,0.0,0.0,0.0,0.0,0.045,0.0,0.0,0.0
Andorra,2020,0.0,0.0,0.0,0.0,0.045,0.0,0.0,0.0
Andorra,2021,0.0,0.0,0.0016,0.0,0.045,0.0,0.0,0.0
Andorra,2022,0.0,0.0,0.0016,0.0,0.045,0.0,0.0,0.0
Andorra,2023,0.0,0.0,0.0033,0.0,0.045,0.0,0.0,0.0
Andorra,2024,0.0,0.0,0.0033,0.0,0.045,0.0,0.0,0.0
Andorra,2025,0.0,0.0,0.0033,0.0,0.045,0.0,0.0,0.0
Angola,2000,0.0,0.0,0.0,0.0,0.254,0.0,0.0,0.0
Angola,2001,0.0,0.0,0.0,0.0,0.254,0.0,0.0,0.0
Angola,2002,0.0,0.0,0.0,0.0,0.254,0.0,0.0,0.0
Angola,2003,0.0,0.0,0.0,0.0,0.254,0.0,0.0,0.0
Angola,2004,0.0,0.0,0.0,0.0,0.774,0.0,0.0,0.0
Angola,2005,0.0,0.0,0.0,0.0,0.774,0.0,0.0,0.0
Angola,2006,0.0,0.0,0.0,0.0,0.774,0.0,0.0,0.0
Angola,2007,0.0,0.0,0.0,0.0,0.774,0.0,0.0,0.0
Angola,2008,0.0,0.0,0.0,0.0,0.774,0.0,0.0,0.0
Angola,2009,0.0,0.0,0.0,0.0,0.774,0.0,0.0,0.0
Angola,2010,0.0,0.0,0.0,0.0,0.774,0.0,0.0,0.0
Angola,2011,0.0,0.0,0.0,0.0,0.774,0.0,0.0,0.0
Angola,2012,0.0,0.0,0.0,0.0,0.834,0.0,0.0,0.0
Angola,2013,0.0,0.0,0.0,0.0,0.834,0.0,0.0,0.0
Angola,2014,0.0,0.0,0.0,0.05,0.834,0.0,0.1,0.0
Angola,2015,0.0,0.0,0.0,0.05,0.884,0.0,0.1,0.0
Angola,2016,0.0,0.0,0.0,0.05,0.884,0.0,0.1,0.0
Angola,2017,0.0,0.72,0.0,0.05,3.654,0.0,0.1,0.0
Angola,2018,0.0,0.804,0.0141,0.05,3.654,0.0,0.1,0.0
Angola,2019,0.0,0.804,0.0141,0.05,3.654,0.0,0.1,0.0
Angola,2020,0.0,0.804,0.0141,0.05,3.654,0.0,0.1,0.0
Angola,2021,0.0,0.804,0.022,0.05,3.654,0.0,0.1,0.0
Angola,2022,0.0,0.804,0.35574,0.05,3.654,0.0,0.1,0.0
Angola,2023,0.0,0.804,0.37749,0.05,3.654,0.0,0.1,0.0
Angola,2024,0.0,0.804,0.429255,0.05,3.654,0.0,0.1,0.0
Angola,2025,0.0,0.804,0.48887306666666663,0.05,3.654,0.0,0.1,0.0
Anguilla,2021,0.0,0.0,0.0012,0.0,0.0,0.0,0.0,0.0
Anguilla,2022,0.0,0.0,0.0012,0.0,0.0,0.0,0.0,0.0
Anguilla,2023,0.0,0.0,0.0012,0.0,0.0,0.0,0.0,0.0
Anguilla,2024,0.0,0.0,0.0012,0.0,0.0,0.0,0.0,0.0
Anguilla,2025,0.0,0.0,0.0012,0.0,0.0,0.0,0.0,0.0
Antigua and Barbuda,2017,0.0,0.0,0.0092,0.0,0.0,0.0,0.0,0.0
Antigua and Barbuda,2018,0.0,0.0,0.0092,0.0,0.0,0.0,0.0,0.0
Antigua and Barbuda,2019,0.0,0.0,0.0092,0.0,0.0,0.0,0.0,0.0
Antigua and Barbuda,2020,0.0,0.0,0.0092,0.0,0.0,0.0,0.0,0.0
Antigua and Barbuda,2021,0.0,0.0,0.010299999999999998,0.0,0.0,0.0,0.0,0.0
Antigua and Barbuda,2022,0.0,0.0,0.010299999999999998,0.0,0.0,0.0,0.0,0.0
Antigua and Barbuda,2023,0.0,0.0,0.010299999999999998,0.0,0.0,0.0,0.0,0.0
Antigua and Barbuda,2024,0.0,0.0,0.010299999999999998,0.0,0.0,0.0,0.0,0.0
Antigua and Barbuda,2025,0.0,0.0,0.010299999999999998,0.0,0.0,0.0,0.0,0.0
Argentina,2000,0.525,8.546,0.0,0.018,9.469,1.018,0.0,0.0
Argentina,2001,0.525,10.34,0.0,0.018,9.469,1.018,0.0,0.0
Argentina,2002,0.525,10.8445,0.0,0.018,9.619,1.018,0.0,0.0
Argentina,2003,0.525,10.967,0.0,0.018,9.67,1.018,0.0,0.0
Argentina,2004,0.525,10.967,0.0,0.018,9.67,1.018,0.0,0.0
Argentina,2005,0.525,10.967,0.0,0.018,9.67,1.018,0.0,0.0
Argentina,2006,0.525,10.967,0.0,0.018,9.67,1.018,0.0,0.0
Argentina,2007,0.525,10.967,0.0,0.018,9.67,1.018,0.0,0.0
Argentina,2008,0.525,11.652,0.0,0.018,9.67,1.018,0.0,0.0
Argentina,2009,0.525,11.772,0.0,0.068,9.795,1.018,0.038,0.0
Argentina,2010,0.525,14.238,0.008,0.068,9.795,1.018,0.082,0.0
Argentina,2011,0.525,15.053,0.008,0.07429999999999999,9.795,1.018,0.122,0.0
Argentina,2012,0.525,15.345,0.029765,0.15730000000000002,9.795,1.018,0.122,0.0
Argentina,2013,0.525,15.345,0.029765,0.2073,9.795,1.018,0.122,0.0
Argentina,2014,0.525,15.345,0.029765,0.2073,9.795,1.018,0.122,0.0
Argentina,2015,0.525,15.405,0.029765,0.2073,9.795,1.018,0.122,0.0
Argentina,2016,0.525,16.086,0.029765,0.2073,9.86,1.763,0.122,0.0
Argentina,2017,0.525,17.217200000000002,0.029765,0.3321,9.86,1.763,0.132,0.0
Argentina,2018,0.525,18.7972,0.244035,0.8261000000000001,9.86,1.763,0.132,0.0
Argentina,2019,0.525,18.9522,0.4664688043478261,1.7279,9.86,1.763,0.132,0.0
Argentina,2020,0.525,20.8342,0.755918804347826,2.7869,9.86,1.763,0.19,0.0
Argentina,2021,0.525,21.2837,1.078668804347826,3.4289,9.86,1.763,0.19,0.0
Argentina,2022,0.645,21.2837,1.137433804347826,3.4289,9.86,1.763,0.19,0.0
Argentina,2023,0.645,22.131700000000002,1.4314601086956522,3.8464,9.86,1.763,0.19,0.0
Argentina,2024,0.645,22.8692,1.738675652173913,4.384399999999999,9.86,1.763,0.19,0.0
Argentina,2025,0.645,23.002200000000002,2.7260091304347824,4.6733,9.86,1.763,0.23,0.0
Armenia,2000,0.0,0.2,0.0,0.0,0.96,0.448,0.0,0.0
Armenia,2001,0.0,0.2,0.0,0.0,0.96,0.448,0.0,0.0
Armenia,2002,0.0,0.2,0.0,0.0,0.96,0.448,0.0,0.0
Armenia,2003,0.0,0.2,0.0,0.0,0.96,0.448,0.0,0.0
Armenia,2004,0.0,0.2,0.0,0.0,0.96,0.448,0.0,0.0
Armenia,2005,0.0,0.2,0.0,0.0,0.96,0.448,0.0,0.0
Armenia,2006,0.0,0.2,0.0,0.0,0.96,0.448,0.0,0.0
Armenia,2007,0.0,0.2,0.0,0.0,0.96,0.448,0.0,0.0
Armenia,2008,0.0,0.2,0.0,0.0,0.96,0.448,0.0,0.0
Armenia,2009,0.0,0.2,0.0,0.0,0.96,0.448,0.0,0.0
Armenia,2010,0.0,0.442,0.0,0.0,0.96,0.448,0.0,0.0
Armenia,2011,0.0,0.442,0.0,0.0,0.96,0.448,0.0,0.0
Armenia,2012,0.0,0.873,0.0,0.0,0.96,0.448,0.0,0.0
Armenia,2013,0.0,0.873,0.0,0.0,0.96,0.448,0.0,0.0
Armenia,2014,0.0,0.873,0.0,0.0,0.96,0.448,0.0,0.0
Armenia,2015,0.0,0.873,0.0,0.0,0.96,0.448,0.0,0.0
Armenia,2016,0.0,0.873,0.0,0.0,0.96,0.448,0.0,0.0
Armenia,2017,0.0,0.873,0.0,0.0,0.96,0.448,0.0,0.0
Armenia,2018,0.0,0.873,0.0,0.0,0.96,0.448,0.0,0.0
Armenia,2019,0.0,0.873,0.0,0.0,0.96,0.448,0.0,0.0
Armenia,2020,0.0,0.873,0.0,0.0,0.96,0.448,0.0,0.0
Armenia,2021,0.0,1.127,0.0,0.0,0.96,0.448,0.0,0.0
Armenia,2022,0.0,1.127,0.0,0.0,0.96,0.448,0.0,0.0
Armenia,2023,0.0,1.127,0.0,0.0,0.96,0.448,0.0,0.0
Armenia,2024,0.0,1.127,0.0,0.0,0.96,0.448,0.0,0.0
Armenia,2025,0.0,1.127,0.0,0.0,0.96,0.448,0.0,0.0
Australia,2000,27.748,5.4621,0.0,0.016800000000000002,8.061,0.0,0.11,0.0
Australia,2001,28.819,6.4251000000000005,0.0,0.0668,8.061,0.0,0.11,0.0
Australia,2002,28.863,7.258100000000001,0.0,0.0991,8.061,0.0,0.14,0.0
Australia,2003,29.748,7.4981,0.0,0.18409999999999999,8.061,0.0,0.14,0.0
Australia,2004,29.748,7.4981,0.0,0.2381,8.061,0.0,0.14,0.0
Australia,2005,29.748,7.859100000000001,0.0,0.4671,8.061,0.0,0.14,0.0
Australia,2006,29.748,8.877600000000001,0.0,0.7051000000000001,8.061,0.0,0.14,0.0
Australia,2007,30.498,9.4001,0.0,0.8761,8.061,0.0,0.208,0.0
Australia,2008,30.498,9.783100000000001,0.0,1.2860999999999998,8.061,0.0,0.208,0.0
Australia,2009,30.964,13.780100000000001,0.0,1.5480999999999998,8.201,0.0,0.208,0.0
Australia,2010,30.474,14.3861,0.0,1.9730999999999999,8.201,0.0,0.276,0.0
Australia,2011,30.349,14.6869,0.0,2.3571,8.201,0.0,0.276,0.0
Australia,2012,29.588,15.2709,0.009489285714285714,2.4771,8.201,0.0,0.276,0.0
Australia,2013,29.588,15.5749,0.010912678571428571,3.1501,8.201,0.0,0.316,0.0
Australia,2014,28.287,16.5289,0.034912678571428574,3.8291,8.201,0.0,0.316,0.0
Australia,2015,27.697,17.396900000000002,0.08644096428571428,4.0950999999999995,8.201,0.0,0.316,0.0
Australia,2016,26.937,17.396900000000002,0.25856296428571424,4.1151,8.201,0.0,0.316,0.0
Australia,2017,25.097,18.036900000000003,0.4713629642857143,4.702100000000001,8.201,0.0,0.316,0.0
Australia,2018,25.097,18.036900000000003,2.016992035714286,5.4531,8.201,0.0,0.316,0.0
Australia,2019,25.097,18.2469,3.447842892857143,6.0076,8.201,0.0,0.316,0.0
Australia,2020,25.097,18.0069,4.757517357142857,8.1056,8.201,0.0,0.316,0.0
Australia,2021,25.097,17.8869,6.015062535714286,10.0586,8.201,0.0,0.316,0.0
Australia,2022,24.397,18.0981,8.1389605,11.0946,8.201,0.0,0.316,0.0
Australia,2023,22.863,18.1923,9.252942285714285,11.2516,8.201,0.0,0.316,0.0
Australia,2024,22.829,18.5423,10.696420392857142,14.0308,8.201,0.0,0.316,0.0
Australia,2025,22.629,18.9173,11.973478428571429,14.2828,8.201,0.0,0.316,0.0
Austria,2000,1.993,0.789,0.0,0.0,9.951,0.0,0.0,0.0
Austria,2001,1.856,1.268,0.0,0.01,9.951,0.0,0.0,0.0
Austria,2002,1.856,1.268,0.0,0.029,9.951,0.0,0.0,0.0
Austria,2003,1.856,1.753,0.0,0.276,9.951,0.0,0.0,0.0
Austria,2004,1.856,1.926,0.0,0.462,9.951,0.0,0.0,0.0
Austria,2005,1.856,1.926,0.0,0.613,9.951,0.0,0.0,0.0
Austria,2006,1.526,1.926,0.0,0.782,9.951,0.0,0.0655,0.0
Austria,2007,1.526,1.926,0.0,0.782,9.951,0.0,0.0655,0.0
Austria,2008,1.46,2.331,0.0,0.794,10.476,0.0,0.0795,0.0
Austria,2009,1.46,3.571,0.0,0.794,10.616,0.0,0.0945,0.0
Austria,2010,1.405,3.685,0.0,0.794,10.616,0.0,0.0945,0.0
Austria,2011,1.213,3.685,0.0,0.925,11.096,0.0,0.0945,0.0
Austria,2012,1.213,4.523,0.0,1.176,11.096,0.0,0.0945,0.0
Austria,2013,1.213,4.523,0.0,1.449,11.096,0.0,0.0945,0.0
Austria,2014,1.213,4.523,0.0,1.786,11.096,0.0,0.0945,0.0
Austria,2015,0.763,4.523,0.0,2.051,11.096,0.0,0.0945,0.0
Austria,2016,0.598,4.523,0.0,2.181,11.526,0.0,0.0945,0.0
Austria,2017,0.598,4.523,0.0424,2.358,11.526,0.0,0.0945,0.0
Austria,2018,0.598,4.523,0.1603,2.481,11.615,0.0,0.0945,0.0
Austria,2019,0.246,4.523,0.1742,2.554,11.995,0.0,0.1275,0.0
Austria,2020,0.0,4.769,0.192,2.575,11.995,0.0,0.1555,0.0
Austria,2021,0.0,4.769,0.2308,2.784,11.995,0.0,0.1555,0.0
Austria,2022,0.0,4.726,0.29674399999999995,2.814,11.995,0.0,0.2055,0.0
Austria,2023,0.0,4.726,0.540524,3.019,12.032,0.0,0.2055,0.0
Austria,2024,0.0,4.726,0.7854840000000001,3.09,12.032,0.0,0.2055,0.0
Austria,2025,0.0,4.726,0.826784,3.09,12.512,0.0,0.2055,0.0
Azerbaijan,2000,0.0,2.4,0.0,0.0,1.004,0.0,0.0,0.0
Azerbaijan,2001,0.0,2.507,0.0,0.0,1.004,0.0,0.0,0.0
Azerbaijan,2002,0.0,2.907,0.0,0.0,1.004,0.0,0.0,0.0
Azerbaijan,2003,0.0,2.907,0.0,0.0,1.004,0.0,0.0,0.0
Azerbaijan,2004,0.0,2.907,0.0,0.0,1.004,0.0,0.0,0.0
Azerbaijan,2005,0.0,2.907,0.0,0.0,1.004,0.0,0.0,0.0
Azerbaijan,2006,0.0,3.081,0.0,0.0,1.004,0.0,0.0,0.0
Azerbaijan,2007,0.0,3.3594,0.0,0.0,1.004,0.0,0.0,0.0
Azerbaijan,2008,0.0,3.6672,0.0,0.0,1.004,0.0,0.0,0.0
Azerbaijan,2009,0.0,4.296600000000001,0.0,0.0,1.004,0.0,0.0,0.0
Azerbaijan,2010,0.0,4.296600000000001,0.0,0.0,1.004,0.0,0.0,0.0
Azerbaijan,2011,0.0,4.296600000000001,0.0,0.0,1.004,0.0,0.0,0.0
Azerbaijan,2012,0.0,4.296600000000001,0.0,0.0,1.004,0.0,0.037,0.0
Azerbaijan,2013,0.0,5.0766,0.0,0.0,1.004,0.0,0.037,0.0
Azerbaijan,2014,0.0,5.0766,0.0,0.0,1.029,0.0,0.037,0.0
Azerbaijan,2015,0.0,5.0766,0.0174,0.0,1.029,0.0,0.037,0.0
Azerbaijan,2016,0.0,5.0766,0.0174,0.0,1.029,0.0,0.037,0.0
Azerbaijan,2017,0.0,5.0766,0.025099999999999997,0.0,1.029,0.0,0.037,0.0
Azerbaijan,2018,0.0,5.0766,0.0429,0.05,1.029,0.0,0.037,0.0
Azerbaijan,2019,0.0,5.4766,0.0505,0.05,1.029,0.0,0.037,0.0
Azerbaijan,2020,0.0,5.4766,0.0505,0.05,1.029,0.0,0.037,0.0
Azerbaijan,2021,0.0,5.4766,0.0639,0.05,1.029,0.0,0.037,0.0
Azerbaijan,2022,0.0,5.8609,0.0639,0.05,1.029,0.0,0.037,0.0
Azerbaijan,2023,0.0,5.8609,0.2939,0.05,1.029,0.0,0.037,0.0
Azerbaijan,2024,0.0,5.8609,0.29869999999999997,0.05,1.12,0.0,0.037,0.0
Azerbaijan,2025,0.0,7.140899999999999,0.3015,0.05,1.12,0.0,0.037,0.0
Bahrain,2000,0.0,1.494,0.0,0.0,0.0,0.0,0.0,0.0
Bahrain,2001,0.0,1.494,0.0,0.0,0.0,0.0,0.0,0.0
Bahrain,2002,0.0,1.494,0.0,0.0,0.0,0.0,0.0,0.0
Bahrain,2003,0.0,2.481,0.0,0.0,0.0,0.0,0.0,0.0
Bahrain,2004,0.0,2.481,0.0,0.0,0.0,0.0,0.0,0.0
Bahrain,2005,0.0,3.141,0.0,0.0,0.0,0.0,0.0,0.0
Bahrain,2006,0.0,3.141,0.0,0.0,0.0,0.0,0.0,0.0
Bahrain,2007,0.0,4.083,0.0,0.0,0.0,0.0,0.0,0.0
Bahrain,2008,0.0,4.083,0.0,0.0,0.0,0.0,0.0,0.0
Bahrain,2009,0.0,4.083,0.0,0.0,0.0,0.0,0.0,0.0
Bahrain,2010,0.0,4.083,0.0,0.0,0.0,0.0,0.0,0.0
Bahrain,2011,0.0,4.083,0.0,0.0,0.0,0.0,0.0,0.0
Bahrain,2012,0.0,5.309,0.0,0.0,0.0,0.0,0.0,0.0
Bahrain,2013,0.0,5.309,0.0,0.0,0.0,0.0,0.0,0.0
Bahrain,2014,0.0,5.309,0.0040999999999999995,0.0,0.0,0.0,0.0,0.0
Bahrain,2015,0.0,5.309,0.0040999999999999995,0.0,0.0,0.0,0.0,0.0
Bahrain,2016,0.0,5.309,0.0040999999999999995,0.0,0.0,0.0,0.0,0.0
Bahrain,2017,0.0,5.309,0.007,0.0,0.0,0.0,0.0,0.0
Bahrain,2018,0.0,5.309,0.007,0.0,0.0,0.0,0.0,0.0
Bahrain,2019,0.0,7.100899999999999,0.007,0.0,0.0,0.0,0.0,0.0
Bahrain,2020,0.0,7.100899999999999,0.007,0.0,0.0,0.0,0.0,0.0
Bahrain,2021,0.0,7.100899999999999,0.010199999999999999,0.0,0.0,0.0,0.0,0.0
Bahrain,2022,0.0,8.6009,0.0116,0.0,0.0,0.0,0.0,0.0
Bahrain,2023,0.0,8.6009,0.0116,0.0,0.0,0.0,0.0,0.0
Bahrain,2024,0.0,9.2819,0.0116,0.0,0.0,0.0,0.0,0.0
Bahrain,2025,0.0,9.2819,0.0116,0.0,0.0,0.0,0.0,0.0
Bangladesh,2000,0.0,1.687,0.0,0.0,0.23,0.0,0.0,0.0
Bangladesh,2001,0.0,2.147,0.0,0.0,0.23,0.0,0.0,0.0
Bangladesh,2002,0.0,2.597,0.0,0.0,0.23,0.0,0.0,0.0
Bangladesh,2003,0.0,2.597,0.0,0.0,0.23,0.0,0.0,0.0
Bangladesh,2004,0.0,2.597,0.0,0.0,0.23,0.0,0.0,0.0
Bangladesh,2005,0.0,2.702,0.0,0.0,0.23,0.0,0.0,0.0
Bangladesh,2006,0.25,2.702,0.0,0.0,0.23,0.0,0.0,0.0
Bangladesh,2007,0.25,2.912,0.0,0.0,0.23,0.0,0.0,0.0
Bangladesh,2008,0.25,3.022,0.0,0.0,0.23,0.0,0.0,0.0
Bangladesh,2009,0.25,3.0770999999999997,0.0,0.0,0.23,0.0,0.0,0.0
Bangladesh,2010,0.25,3.3321,0.0,0.0,0.23,0.0,0.0,0.0
Bangladesh,2011,0.25,4.355,0.0,0.0,0.23,0.0,0.0,0.0
Bangladesh,2012,0.25,4.9428,0.0,0.0,0.23,0.0,0.0,0.0
Bangladesh,2013,0.25,5.4108,0.0,0.0,0.23,0.0,0.0,0.0
Bangladesh,2014,0.25,5.9638,0.0,0.0,0.23,0.0,0.0,0.0
Bangladesh,2015,0.25,8.0366,0.0,0.0,0.23,0.0,0.0,0.0
Bangladesh,2016,0.25,9.5386,0.0,0.0,0.23,0.0,0.0,0.0
Bangladesh,2017,0.25,10.999,0.0044,0.0,0.23,0.0,0.0,0.0
Bangladesh,2018,0.525,13.6749,0.0298,0.0,0.23,0.0,0.0,0.0
Bangladesh,2019,0.525,16.391599999999997,0.041,0.0,0.23,0.0,0.0,0.0
Bangladesh,2020,1.845,17.0393,0.09570000000000001,0.0,0.23,0.0,0.0,0.0
Bangladesh,2021,1.845,18.372,0.34723000000000004,0.0,0.23,0.0,0.0,0.0
Bangladesh,2022,2.855,18.833,0.39882999999999996,0.0,0.23,0.0,0.042,0.0
Bangladesh,2023,4.775,19.3295,0.8439800000000001,0.06,0.23,0.0,0.042,0.0
Bangladesh,2024,6.035,20.3535,0.9807148657357679,0.06,0.23,0.0,0.042,0.0
Bangladesh,2025,7.355,20.5165,1.042164865735768,0.06,0.23,0.0,0.042,0.0
Barbados,2000,0.0,0.083,0.0,0.0,0.0,0.0,0.0,0.0
Barbados,2001,0.0,0.103,0.0,0.0,0.0,0.0,0.0,0.0
Barbados,2002,0.0,0.123,0.0,0.0,0.0,0.0,0.0,0.0
Barbados,2003,0.0,0.123,0.0,0.0,0.0,0.0,0.0,0.0
Barbados,2004,0.0,0.123,0.0,0.0,0.0,0.0,0.0,0.0
Barbados,2005,0.0,0.183,0.0,0.0,0.0,0.0,0.0,0.0
Barbados,2006,0.0,0.183,0.0,0.0,0.0,0.0,0.0,0.0
Barbados,2007,0.0,0.183,0.0,0.0,0.0,0.0,0.0,0.0
Barbados,2008,0.0,0.183,0.0,0.0,0.0,0.0,0.0,0.0
Barbados,2009,0.0,0.183,0.0,0.0,0.0,0.0,0.0,0.0
Barbados,2010,0.0,0.183,0.0,0.0,0.0,0.0,0.0,0.0
Barbados,2011,0.0,0.183,0.0,0.0,0.0,0.0,0.0,0.0
Barbados,2012,0.0,0.183,0.0,0.0,0.0,0.0,0.0,0.0
Barbados,2013,0.0,0.183,0.0,0.0,0.0,0.0,0.0,0.0
Barbados,2014,0.0,0.183,0.0,0.0,0.0,0.0,0.0,0.0
Barbados,2015,0.0,0.183,0.0,0.0,0.0,0.0,0.0,0.0
Barbados,2016,0.0,0.183,0.00959074074074074,0.0,0.0,0.0,0.0,0.0
Barbados,2017,0.0,0.183,0.00959074074074074,0.0,0.0,0.0,0.0,0.0
Barbados,2018,0.0,0.183,0.012590740740740741,0.0,0.0,0.0,0.0,0.0
Barbados,2019,0.0,0.183,0.012590740740740741,0.0,0.0,0.0,0.0,0.0
Barbados,2020,0.0,0.183,0.01469074074074074,0.0,0.0,0.0,0.0,0.0
Barbados,2021,0.0,0.183,0.01889074074074074,0.0,0.0,0.0,0.0,0.0
Barbados,2022,0.0,0.183,0.02069074074074074,0.0,0.0,0.0,0.0,0.0
Barbados,2023,0.0,0.183,0.02419074074074074,0.001,0.0,0.0,0.0,0.0
Barbados,2024,0.0,0.183,0.02419074074074074,0.001,0.0,0.0,0.0,0.0
Barbados,2025,0.0,0.183,0.02419074074074074,0.001,0.0,0.0,0.0,0.0
Belarus,2000,0.0,4.371,0.0,0.0,0.0,0.0,0.0,0.0
Belarus,2001,0.0,4.371,0.0,0.0,0.0,0.0,0.0,0.0
Belarus,2002,0.0,5.626,0.0,0.0,0.0,0.0,0.0,0.0
Belarus,2003,0.0,5.841,0.0,0.0,0.0,0.0,0.0,0.0
Belarus,2004,0.0,5.841,0.0,0.0,0.0,0.0,0.0,0.0
Belarus,2005,0.0,6.056,0.0,0.0,0.0,0.0,0.0,0.0
Belarus,2006,0.0,6.056,0.0,0.0,0.0,0.0,0.0,0.0
Belarus,2007,0.0,6.136,0.0,0.0,0.0,0.0,0.0,0.0
Belarus,2008,0.0,6.374,0.0,0.0,0.0,0.0,0.0,0.0
Belarus,2009,0.0,6.596,0.0,0.0,0.0,0.0,0.0,0.0
Belarus,2010,0.0,6.596,0.0,0.0,0.0,0.0,0.0,0.0
Belarus,2011,0.0,6.661,0.0,0.0,0.0,0.0,0.0,0.0
Belarus,2012,0.0,7.061,0.0,0.0,0.0,0.0,0.0,0.0
Belarus,2013,0.0,7.183,0.0,0.0,0.0,0.0,0.0,0.0
Belarus,2014,0.0,8.102,0.0051398454935622315,0.0,0.0,0.0,0.0,0.0
Belarus,2015,0.0,8.102,0.0051398454935622315,0.0,0.0,0.0,0.0,0.0
Belarus,2016,0.0,8.102,0.040743124463519305,0.0,0.0,0.0,0.0,0.0
Belarus,2017,0.0,8.102,0.14080905579399142,0.0,0.0,0.0,0.0,0.0
Belarus,2018,0.0,8.172,0.1421383261802575,0.0,0.0,0.0,0.0,0.0
Belarus,2019,0.0,8.242,0.1421383261802575,0.0,0.0,0.0,0.0,0.0
Belarus,2020,0.0,8.192,0.1474554077253219,0.0,0.0,0.0,0.0,0.0
Belarus,2021,0.0,8.192,0.2586708583690987,0.0,0.0,1.194,0.0,0.0
Belarus,2022,0.0,8.247,0.2586708583690987,0.0,0.0,1.194,0.0,0.0
Belarus,2023,0.0,8.362,0.2586708583690987,0.0,0.0,2.388,0.0,0.0
Belarus,2024,0.0,9.173200000000001,0.2586708583690987,0.0,0.0,2.388,0.0,0.0
Belarus,2025,0.0,9.173200000000001,0.2586708583690987,0.0,0.0,2.388,0.0,0.0
Belgium,2000,2.593,1.9828,0.0,0.0,1.308,6.207,0.3855,0.0
Belgium,2001,2.46,2.4378,0.0,0.0,1.308,6.207,0.3855,0.0
Belgium,2002,2.46,2.4378,0.0,0.0,1.308,6.207,0.3855,0.0
Belgium,2003,2.46,2.4378,0.0,0.0,1.308,6.207,0.3855,0.0
Belgium,2004,2.46,2.4378,0.0,0.013,1.308,6.207,0.3855,0.0
Belgium,2005,2.46,2.824,0.0,0.025,1.308,6.207,0.3855,0.0
Belgium,2006,2.119,2.94,0.0,0.047,1.308,6.207,0.3855,0.0
Belgium,2007,2.119,2.94,0.0,0.086,1.308,6.207,0.3855,0.0
Belgium,2008,2.119,3.206,0.0,0.096,1.308,6.207,0.3855,0.0
Belgium,2009,1.867,3.346,0.0,0.189,1.308,6.207,0.4155,0.0
Belgium,2010,1.41,4.17,0.0,0.41,1.308,6.207,0.5115,0.0
Belgium,2011,1.41,5.048,0.0384,0.584,1.308,6.207,0.5115,0.0
Belgium,2012,1.15,5.048,0.0384,0.805,1.308,6.207,0.5115,0.0
Belgium,2013,0.56,5.048,0.0384,1.132,1.308,6.207,0.5115,0.0
Belgium,2014,0.56,5.048,0.0384,1.186,1.308,6.207,0.5115,0.0
Belgium,2015,0.56,5.048,0.0384,1.387,1.308,6.207,0.5115,0.0
Belgium,2016,0.0,5.048,0.0384,1.507,1.308,6.207,0.5115,0.0
Belgium,2017,0.0,5.048,0.3969,1.786,1.308,6.207,0.5115,0.0
Belgium,2018,0.0,5.048,0.4546,2.177,1.308,6.207,0.5115,0.0
Belgium,2019,0.0,5.048,0.5832,2.644,1.308,6.207,0.5115,0.0
Belgium,2020,0.0,5.048,0.6325,3.405,1.308,6.207,0.4515,0.0
Belgium,2021,0.0,5.048,0.6775,3.546,1.308,6.207,0.4515,0.0
Belgium,2022,0.0,5.048,0.6855,3.7,1.308,5.151,0.4515,0.0
Belgium,2023,0.0,4.943,0.7328,3.793,1.308,4.096,0.2465,0.0
Belgium,2024,0.0,4.903,0.8339673554987211,3.835,1.308,4.096,0.2465,0.0
Belgium,2025,0.0,5.778,0.8771673554987213,3.895,1.308,4.096,0.2465,0.0
Belize,2009,0.0,0.0,0.0,0.0,0.0,0.0,0.0275,0.0
Belize,2010,0.0,0.0,0.0,0.0,0.0,0.0,0.0275,0.0
Belize,2011,0.0,0.0,0.0,0.0,0.0,0.0,0.0275,0.0
Belize,2012,0.0,0.0,0.0,0.0,0.0,0.0,0.0275,0.0
Belize,2013,0.0,0.0,0.0,0.0,0.0,0.0,0.0275,0.0
Belize,2014,0.0,0.0,0.0,0.0,0.0,0.0,0.0275,0.0
Belize,2015,0.0,0.0,0.0,0.0,0.0,0.0,0.0275,0.0
Belize,2016,0.0,0.0,0.0,0.0,0.0,0.0,0.0275,0.0
Belize,2017,0.0,0.0,0.0,0.0,0.0,0.0,0.0275,0.0
Belize,2018,0.0,0.0,0.0,0.0,0.0,0.0,0.0275,0.0
Belize,2019,0.0,0.0,0.0,0.0,0.0,0.0,0.0275,0.0
Belize,2020,0.0,0.0,0.0,0.0,0.0,0.0,0.0275,0.0
Belize,2021,0.0,0.0,0.0012,0.0,0.0,0.0,0.0275,0.0
Belize,2022,0.0,0.0,0.0025999999999999994,0.0,0.0,0.0,0.0275,0.0
Belize,2023,0.0,0.0,0.004200000000000001,0.0,0.0,0.0,0.0275,0.0
Belize,2024,0.0,0.0,0.004200000000000001,0.0,0.0,0.0,0.0275,0.0
Belize,2025,0.0,0.0,0.004200000000000001,0.0,0.0,0.0,0.0275,0.0
Benin,2019,0.0,0.1274,0.0,0.0,0.0,0.0,0.0,0.0
Benin,2020,0.0,0.1274,0.0,0.0,0.0,0.0,0.0,0.0
Benin,2021,0.0,0.1274,0.0,0.0,0.0,0.0,0.0,0.0
Benin,2022,0.0,0.1274,0.02175,0.0,0.0,0.0,0.0,0.0
Benin,2023,0.0,0.1274,0.02175,0.0,0.0,0.0,0.0,0.0
Benin,2024,0.0,0.1274,0.02465,0.0,0.0,0.0,0.0,0.0
Benin,2025,0.0,0.1274,0.02465,0.0,0.0,0.0,0.0,0.0
Bermuda,2005,0.0,0.058,0.0,0.0,0.0,0.0,0.0,0.0
Bermuda,2006,0.0,0.058,0.0,0.0,0.0,0.0,0.0,0.0
Bermuda,2007,0.0,0.058,0.0,0.0,0.0,0.0,0.0,0.0
Bermuda,2008,0.0,0.058,0.0,0.0,0.0,0.0,0.0,0.0
Bermuda,2009,0.0,0.058,0.0,0.0,0.0,0.0,0.0,0.0
Bermuda,2010,0.0,0.058,0.0,0.0,0.0,0.0,0.0,0.0
Bermuda,2011,0.0,0.058,0.0,0.0,0.0,0.0,0.0,0.0
Bermuda,2012,0.0,0.058,0.0,0.0,0.0,0.0,0.0,0.0
Bermuda,2013,0.0,0.058,0.0,0.0,0.0,0.0,0.0,0.0
Bermuda,2014,0.0,0.058,0.0,0.0,0.0,0.0,0.0,0.0
Bermuda,2015,0.0,0.058,0.0,0.0,0.0,0.0,0.0,0.0
Bermuda,2016,0.0,0.058,0.0,0.0,0.0,0.0,0.0,0.0
Bermuda,2017,0.0,0.058,0.0,0.0,0.0,0.0,0.0,0.0
Bermuda,2018,0.0,0.058,0.0,0.0,0.0,0.0,0.0,0.0
Bermuda,2019,0.0,0.058,0.0,0.0,0.0,0.0,0.0,0.0
Bermuda,2020,0.0,0.114,0.0,0.0,0.0,0.0,0.0,0.0
Bermuda,2021,0.0,0.114,0.006,0.0,0.0,0.0,0.0,0.0
Bermuda,2022,0.0,0.114,0.006,0.0,0.0,0.0,0.0,0.0
Bermuda,2023,0.0,0.114,0.006,0.0,0.0,0.0,0.0,0.0
Bermuda,2024,0.0,0.114,0.006,0.0,0.0,0.0,0.0,0.0
Bermuda,2025,0.0,0.114,0.006,0.0,0.0,0.0,0.0,0.0
Bhutan,2000,0.0,0.0,0.0,0.0,0.336,0.0,0.0,0.0
Bhutan,2001,0.0,0.0,0.0,0.0,0.396,0.0,0.0,0.0
Bhutan,2002,0.0,0.0,0.0,0.0,0.46,0.0,0.0,0.0
Bhutan,2003,0.0,0.0,0.0,0.0,0.46,0.0,0.0,0.0
Bhutan,2004,0.0,0.0,0.0,0.0,0.46,0.0,0.0,0.0
Bhutan,2005,0.0,0.0,0.0,0.0,0.46,0.0,0.0,0.0
Bhutan,2006,0.0,0.0,0.0,0.0,1.48,0.0,0.0,0.0
Bhutan,2007,0.0,0.0,0.0,0.0,1.48,0.0,0.0,0.0
Bhutan,2008,0.0,0.0,0.0,0.0,1.48,0.0,0.0,0.0
Bhutan,2009,0.0,0.0,0.0,0.0,1.48,0.0,0.0,0.0
Bhutan,2010,0.0,0.0,0.0,0.0,1.48,0.0,0.0,0.0
Bhutan,2011,0.0,0.0,0.0,0.0,1.48,0.0,0.0,0.0
Bhutan,2012,0.0,0.0,0.0,0.0,1.48,0.0,0.0,0.0
Bhutan,2013,0.0,0.0,0.0,0.0,1.48,0.0,0.0,0.0
Bhutan,2014,0.0,0.0,0.0,0.0,1.48,0.0,0.0,0.0
Bhutan,2015,0.0,0.0,0.0,0.0,1.606,0.0,0.0,0.0
Bhutan,2016,0.0,0.0,0.0,0.0,1.606,0.0,0.0,0.0
Bhutan,2017,0.0,0.0,0.0,0.0,1.606,0.0,0.0,0.0
Bhutan,2018,0.0,0.0,0.0,0.0,1.606,0.0,0.0,0.0
Bhutan,2019,0.0,0.0,0.0,0.0,2.326,0.0,0.0,0.0
Bhutan,2020,0.0,0.0,0.0,0.0,2.326,0.0,0.0,0.0
Bhutan,2021,0.0,0.0,0.0,0.0,2.326,0.0,0.0,0.0
Bhutan,2022,0.0,0.0,0.0,0.0,2.326,0.0,0.0,0.0
Bhutan,2023,0.0,0.0,0.0,0.0,2.326,0.0,0.0,0.0
Bhutan,2024,0.0,0.0,0.0,0.0,2.444,0.0,0.0,0.0
Bhutan,2025,0.0,0.0,0.015137999999999999,0.0,3.464,0.0,0.0,0.0
Bolivia,2000,0.0,0.277,0.0,0.0,0.195,0.0,0.0,0.0
Bolivia,2001,0.0,0.277,0.0,0.0,0.195,0.0,0.0,0.0
Bolivia,2002,0.0,0.277,0.0,0.0,0.284,0.0,0.0,0.0
Bolivia,2003,0.0,0.277,0.0,0.0,0.284,0.0,0.0,0.0
Bolivia,2004,0.0,0.277,0.0,0.0,0.284,0.0,0.0,0.0
Bolivia,2005,0.0,0.277,0.0,0.0,0.284,0.0,0.0,0.0
Bolivia,2006,0.0,0.277,0.0,0.0,0.284,0.0,0.0,0.0
Bolivia,2007,0.0,0.277,0.0,0.0,0.284,0.0,0.0,0.0
Bolivia,2008,0.0,0.277,0.0,0.0,0.284,0.0,0.0,0.0
Bolivia,2009,0.0,0.277,0.0,0.0,0.284,0.0,0.0,0.0
Bolivia,2010,0.0,0.39339999999999997,0.0,0.0,0.284,0.0,0.0,0.0
Bolivia,2011,0.0,0.421,0.0,0.003,0.284,0.0,0.0,0.0
Bolivia,2012,0.0,0.6556000000000001,0.0,0.003,0.284,0.0,0.0,0.0
Bolivia,2013,0.0,0.7084,0.0,0.003,0.284,0.0,0.0,0.0
Bolivia,2014,0.0,0.7584,0.0,0.003,0.284,0.0,0.0,0.0
Bolivia,2015,0.0,0.7984,0.0,0.003,0.284,0.0,0.0,0.0
Bolivia,2016,0.0,0.7984,0.0,0.027,0.284,0.0,0.03,0.0
Bolivia,2017,0.0,0.7984,0.0067,0.027,0.404,0.0,0.03,0.0
Bolivia,2018,0.0,0.7984,0.06369537037037037,0.027,0.528,0.0,0.03,0.0
Bolivia,2019,0.0,1.591,0.11369537037037036,0.027,0.528,0.0,0.03,0.0
Bolivia,2020,0.0,1.7235,0.11369537037037036,0.027,0.528,0.0,0.03,0.0
Bolivia,2021,0.0,2.2468000000000004,0.16369537037037038,0.135,0.731,0.0,0.03,0.0
Bolivia,2022,0.0,2.2468000000000004,0.16609305555555556,0.135,0.731,0.0,0.03,0.005
Bolivia,2023,0.0,2.2468000000000004,0.16609305555555556,0.135,0.731,0.0,0.03,0.005
Bolivia,2024,0.0,2.2468000000000004,0.16609305555555556,0.135,0.731,0.0,0.03,0.005
Bolivia,2025,0.0,2.3548,0.16609305555555556,0.135,0.731,0.0,0.03,0.005
Bosnia and Herzegovina,2000,1.79,0.0,0.0,0.0,1.905,0.0,0.0,0.0
Bosnia and Herzegovina,2001,1.79,0.0,0.0,0.0,1.905,0.0,0.0,0.0
Bosnia and Herzegovina,2002,1.79,0.0,0.0,0.0,1.905,0.0,0.0,0.0
Bosnia and Herzegovina,2003,1.79,0.0,0.0,0.0,1.905,0.0,0.0,0.0
Bosnia and Herzegovina,2004,1.79,0.0,0.0,0.0,1.935,0.0,0.0,0.0
Bosnia and Herzegovina,2005,1.79,0.0,0.0,0.0,1.935,0.0,0.0,0.0
Bosnia and Herzegovina,2006,1.79,0.0,0.0,0.0,1.935,0.0,0.0,0.0
Bosnia and Herzegovina,2007,1.79,0.0,0.0,0.0,1.935,0.0,0.0,0.0
Bosnia and Herzegovina,2008,1.79,0.0,0.0,0.0,1.935,0.0,0.0,0.0
Bosnia and Herzegovina,2009,1.79,0.0,0.0,0.0,1.935,0.0,0.0,0.0
Bosnia and Herzegovina,2010,1.79,0.0,0.0,0.0,1.995,0.0,0.0,0.0
Bosnia and Herzegovina,2011,1.79,0.0,0.0,0.0,1.995,0.0,0.0,0.0
Bosnia and Herzegovina,2012,1.79,0.0,0.0,0.0,1.995,0.0,0.0,0.0
Bosnia and Herzegovina,2013,1.79,0.0,0.0,0.0,1.995,0.0,0.0,0.0
Bosnia and Herzegovina,2014,1.79,0.0,0.0,0.0,1.995,0.0,0.0,0.0
Bosnia and Herzegovina,2015,1.79,0.0,0.0,0.0,1.995,0.0,0.0,0.0
Bosnia and Herzegovina,2016,2.09,0.0,0.0,0.0,1.995,0.0,0.0,0.0
Bosnia and Herzegovina,2017,2.09,0.0,0.010600000000000002,0.0,1.995,0.0,0.0,0.0
Bosnia and Herzegovina,2018,2.09,0.0,0.010600000000000002,0.051,1.995,0.0,0.0,0.0
Bosnia and Herzegovina,2019,2.09,0.0,0.0251,0.087,1.995,0.0,0.0,0.0
Bosnia and Herzegovina,2020,2.09,0.0,0.0251,0.087,1.995,0.0,0.0,0.0
Bosnia and Herzegovina,2021,2.09,0.0,0.0632,0.135,1.995,0.0,0.0,0.0
Bosnia and Herzegovina,2022,2.09,0.0,0.0726,0.135,1.995,0.0,0.0,0.0
Bosnia and Herzegovina,2023,2.09,0.0,0.18175,0.135,1.995,0.0,0.0,0.0
Bosnia and Herzegovina,2024,2.09,0.0,0.4393148315827599,0.219,1.995,0.0,0.0,0.0
Bosnia and Herzegovina,2025,2.09,0.0,0.5020288772183992,0.244,2.03,0.0,0.0,0.0
Botswana,2000,0.132,0.0,0.0,0.0,0.0,0.0,0.0,0.0
Botswana,2001,0.132,0.0,0.0,0.0,0.0,0.0,0.0,0.0
Botswana,2002,0.132,0.0,0.0,0.0,0.0,0.0,0.0,0.0
Botswana,2003,0.132,0.0,0.0,0.0,0.0,0.0,0.0,0.0
Botswana,2004,0.132,0.0,0.0,0.0,0.0,0.0,0.0,0.0
Botswana,2005,0.132,0.0,0.0,0.0,0.0,0.0,0.0,0.0
Botswana,2006,0.132,0.0,0.0,0.0,0.0,0.0,0.0,0.0
Botswana,2007,0.132,0.0,0.0,0.0,0.0,0.0,0.0,0.0
Botswana,2008,0.132,0.0,0.0,0.0,0.0,0.0,0.0,0.0
Botswana,2009,0.132,0.0,0.0,0.0,0.0,0.0,0.0,0.0
Botswana,2010,0.132,0.07,0.0,0.0,0.0,0.0,0.0,0.0
Botswana,2011,0.132,0.07,0.0,0.0,0.0,0.0,0.0,0.0
Botswana,2012,0.132,0.07,0.0,0.0,0.0,0.0,0.0,0.0
Botswana,2013,0.432,0.07,0.0,0.0,0.0,0.0,0.0,0.0
Botswana,2014,0.732,0.07,0.0,0.0,0.0,0.0,0.0,0.0
Botswana,2015,0.732,0.07,0.0,0.0,0.0,0.0,0.0,0.0
Botswana,2016,0.732,0.07,0.0,0.0,0.0,0.0,0.0,0.0
Botswana,2017,0.732,0.07,0.0019,0.0,0.0,0.0,0.0,0.0
Botswana,2018,0.732,0.07,0.0019,0.0,0.0,0.0,0.0,0.0
Botswana,2019,0.732,0.07,0.0019,0.0,0.0,0.0,0.0,0.0
Botswana,2020,0.732,0.07,0.0019,0.0,0.0,0.0,0.0,0.0
Botswana,2021,0.732,0.07,0.0019,0.0,0.0,0.0,0.0,0.0
Botswana,2022,0.732,0.07,0.004200000000000001,0.0,0.0,0.0,0.0,0.0
Botswana,2023,0.732,0.07,0.0144,0.0,0.0,0.0,0.0,0.0
Botswana,2024,0.732,0.07,0.0144,0.0,0.0,0.0,0.0,0.0
Botswana,2025,0.732,0.07,0.06659999999999999,0.0,0.0,0.0,0.0,0.0
Brazil,2000,1.375,1.6499000000000001,0.0,0.019899999999999998,65.191,0.64,2.6078,0.0
Brazil,2001,1.375,3.898,0.0,0.019899999999999998,66.331,1.99,3.1046,0.0
Brazil,2002,1.375,5.2663,0.0,0.019899999999999998,68.348,1.99,3.6971,0.0
Brazil,2003,1.375,5.7837,0.0,0.019899999999999998,69.202,1.99,3.9536,0.0
Brazil,2004,1.375,7.3297,0.0,0.0265,69.597,1.99,4.06,0.0
Brazil,2005,1.375,7.3297,0.0,0.0265,70.943,1.99,4.1944,0.0
Brazil,2006,1.375,9.299299999999999,0.0,0.2348,72.5,1.99,4.867100000000001,0.0
Brazil,2007,1.375,9.4973,0.0,0.245,73.65,1.99,5.2012,0.0
Brazil,2008,1.375,9.8203,0.0,0.3408,74.057,1.99,5.872199999999999,0.0
Brazil,2009,1.451,10.956,0.0,0.6056,74.871,1.99,7.1467,0.0
Brazil,2010,1.555,12.3162,0.0,0.9326,76.485,1.99,8.8628,0.0
Brazil,2011,1.905,13.152,0.005306999999999999,1.3053,78.048,1.99,9.6174,0.0
Brazil,2012,2.265,13.7135,0.005306999999999999,1.9027,82.116,1.99,10.1921,0.0
Brazil,2013,3.35,14.351799999999999,0.005306999999999999,2.2533000000000003,86.47,1.99,11.3704,0.0
Brazil,2014,3.35,14.8818,0.013546740740740741,5.0314,87.168,1.99,12.3071,0.0
Brazil,2015,3.35,15.335700000000001,0.02687787037037037,7.6843,88.988,1.99,12.9316,0.0
Brazil,2016,3.278,16.0547,0.034166833333333334,10.3193,100.579,1.99,13.530299999999999,0.0
Brazil,2017,2.832,16.6457,0.9816787962962963,12.4315,101.339,1.99,13.9105,0.0
Brazil,2018,2.832,16.6457,1.7904324814814816,14.494399999999999,101.399,1.99,14.0034,0.0
Brazil,2019,3.177,16.6457,2.4878363703703705,15.437,102.451,1.99,14.1943,0.0
Brazil,2020,3.177,18.288700000000002,3.6562083703703703,17.2151,102.451,1.99,14.4251,0.0
Brazil,2021,3.177,19.8037,5.037272388888889,20.8923,102.451,1.99,15.078100000000001,0.0
Brazil,2022,3.177,21.8334,9.130211388888888,23.7439,102.623,1.99,16.020799999999998,0.0
Brazil,2023,3.177,23.0072,12.818250407407408,29.1842,102.623,1.99,16.396900000000002,0.0
Brazil,2024,3.101,23.0072,19.600396685185185,33.5147,102.623,1.99,16.6959,0.0
Brazil,2025,2.997,24.9492,21.51549998148148,35.0368,102.623,1.99,17.079900000000002,0.0
Brunei,2008,0.0,0.11,0.0,0.0,0.0,0.0,0.0,0.0
Brunei,2009,0.0,0.11,0.0,0.0,0.0,0.0,0.0,0.0
Brunei,2010,0.0,0.11,0.0,0.0,0.0,0.0,0.0,0.0
Brunei,2011,0.0,0.11,0.0,0.0,0.0,0.0,0.0,0.0
Brunei,2012,0.0,0.11,0.0,0.0,0.0,0.0,0.0,0.0
Brunei,2013,0.0,0.11,0.0,0.0,0.0,0.0,0.0,0.0
Brunei,2014,0.0,0.11,0.0,0.0,0.0,0.0,0.0,0.0
Brunei,2015,0.0,0.212,0.0,0.0,0.0,0.0,0.0,0.0
Brunei,2016,0.0,0.212,0.0,0.0,0.0,0.0,0.0,0.0
Brunei,2017,0.0,0.212,0.0016,0.0,0.0,0.0,0.0,0.0
Brunei,2018,0.0,0.212,0.0016,0.0,0.0,0.0,0.0,0.0
Brunei,2019,0.22,0.212,0.0016,0.0,0.0,0.0,0.0,0.0
Brunei,2020,0.22,0.212,0.0016,0.0,0.0,0.0,0.0,0.0
Brunei,2021,0.22,0.212,0.0052,0.0,0.0,0.0,0.0,0.0
Brunei,2022,0.22,0.212,0.0052,0.0,0.0,0.0,0.0,0.0
Brunei,2023,0.22,0.212,0.0052,0.0,0.0,0.0,0.0,0.0
Brunei,2024,0.22,0.212,0.0052,0.0,0.0,0.0,0.0,0.0
Brunei,2025,0.22,0.212,0.0052,0.0,0.0,0.0,0.0,0.0
Bulgaria,2000,5.625,0.458,0.0,0.0,2.427,3.84,0.0,0.0
Bulgaria,2001,5.625,0.458,0.0,0.0,2.427,3.84,0.0,0.0
Bulgaria,2002,5.625,0.458,0.0,0.0,2.427,2.96,0.0,0.0
Bulgaria,2003,5.625,0.458,0.0,0.0,2.427,2.96,0.0,0.0
Bulgaria,2004,5.505,0.458,0.0,0.0,2.427,2.96,0.0,0.0
Bulgaria,2005,5.505,0.458,0.0,0.0,2.427,2.96,0.0,0.0
Bulgaria,2006,5.505,0.458,0.0,0.0,2.427,2.08,0.0,0.0
Bulgaria,2007,5.505,0.501,0.0,0.0,2.427,2.08,0.0,0.0
Bulgaria,2008,5.505,0.501,0.0,0.045,2.427,2.08,0.0,0.0
Bulgaria,2009,5.626,0.501,0.0,0.082,2.512,2.08,0.0,0.0
Bulgaria,2010,5.626,0.501,0.0,0.407,2.512,2.08,0.0,0.0
Bulgaria,2011,6.316,0.551,0.0,0.554,2.512,2.08,0.0,0.0
Bulgaria,2012,6.316,0.551,0.210453,0.608,2.512,2.08,0.0,0.0
Bulgaria,2013,6.106,0.551,0.210453,0.608,2.512,2.08,0.0,0.0
Bulgaria,2014,5.896,0.551,0.210453,0.608,2.512,2.08,0.0,0.0
Bulgaria,2015,5.056,0.551,0.210453,0.608,2.512,2.08,0.0,0.0
Bulgaria,2016,5.056,0.551,0.210453,0.608,2.512,2.08,0.0,0.0
Bulgaria,2017,5.109,0.551,1.299107,0.608,2.512,2.08,0.0,0.0
Bulgaria,2018,5.109,0.551,1.325007,0.608,2.512,2.08,0.0,0.0
Bulgaria,2019,5.109,0.761,1.347627,0.608,2.512,2.08,0.0,0.0
Bulgaria,2020,5.109,0.761,1.350927,0.608,2.512,2.08,0.0,0.0
Bulgaria,2021,5.109,0.761,1.4992392746781116,0.608,2.512,2.08,0.0,0.0
Bulgaria,2022,5.109,0.761,1.8129240386266094,0.608,2.512,2.08,0.0,0.0
Bulgaria,2023,5.109,0.761,2.460926270386266,0.608,2.512,2.08,0.0,0.0
Bulgaria,2024,4.655,0.761,3.1540379012875537,0.608,2.512,2.08,0.0,0.0
Bulgaria,2025,4.655,0.761,3.326787901287554,0.608,2.512,2.08,0.0,0.0
Burkina Faso,2014,0.0,0.036,0.0,0.0,0.0,0.0,0.0,0.0
Burkina Faso,2015,0.0,0.036,0.0,0.0,0.0,0.0,0.0,0.0
Burkina Faso,2016,0.0,0.036,0.0,0.0,0.0,0.0,0.0,0.0
Burkina Faso,2017,0.0,0.036,0.04653341968911917,0.0,0.0,0.0,0.0,0.0
Burkina Faso,2018,0.0,0.036,0.06143341968911916,0.0,0.0,0.0,0.0,0.0
Burkina Faso,2019,0.0,0.036,0.06543341968911916,0.0,0.0,0.0,0.0,0.0
Burkina Faso,2020,0.0,0.09090000000000001,0.06543341968911916,0.0,0.0,0.0,0.0,0.0
Burkina Faso,2021,0.0,0.09090000000000001,0.06543341968911916,0.0,0.0,0.0,0.0,0.0
Burkina Faso,2022,0.0,0.09090000000000001,0.12459341968911918,0.0,0.0,0.0,0.0,0.0
Burkina Faso,2023,0.0,0.09090000000000001,0.15069341968911917,0.0,0.0,0.0,0.0,0.0
Burkina Faso,2024,0.0,0.09090000000000001,0.19471541968911915,0.0,0.0,0.0,0.0,0.0
Burkina Faso,2025,0.0,0.09090000000000001,0.19471541968911915,0.0,0.0,0.0,0.0,0.0
Burundi,2017,0.0,0.03,0.0,0.0,0.0,0.0,0.0,0.0
Burundi,2018,0.0,0.03,0.0,0.0,0.0,0.0,0.0,0.0
Burundi,2019,0.0,0.03,0.0,0.0,0.0,0.0,0.0,0.0
Burundi,2020,0.0,0.03,0.0,0.0,0.0,0.0,0.0,0.0
Burundi,2021,0.0,0.03,0.014,0.0,0.0,0.0,0.0,0.0
Burundi,2022,0.0,0.03,0.014,0.0,0.0,0.0,0.0,0.0
Burundi,2023,0.0,0.03,0.014,0.0,0.0,0.0,0.0,0.0
Burundi,2024,0.0,0.03,0.014,0.0,0.0,0.0,0.0,0.0
Burundi,2025,0.0,0.03,0.014,0.0,0.035,0.0,0.0,0.0
Cabo Verde,2010,0.0,0.0,0.003971740932642487,0.0,0.0,0.0,0.0,0.0
Cabo Verde,2011,0.0,0.0,0.003971740932642487,0.0154,0.0,0.0,0.0,0.0
Cabo Verde,2012,0.0,0.0,0.003971740932642487,0.0257,0.0,0.0,0.0,0.0
Cabo Verde,2013,0.0,0.0,0.003971740932642487,0.0257,0.0,0.0,0.0,0.0
Cabo Verde,2014,0.0,0.0,0.003971740932642487,0.0257,0.0,0.0,0.0,0.0
Cabo Verde,2015,0.0,0.0,0.003971740932642487,0.0257,0.0,0.0,0.0,0.0
Cabo Verde,2016,0.0,0.0,0.003971740932642487,0.0257,0.0,0.0,0.0,0.0
Cabo Verde,2017,0.0,0.0,0.003971740932642487,0.0257,0.0,0.0,0.0,0.0
Cabo Verde,2018,0.0,0.0,0.003971740932642487,0.0257,0.0,0.0,0.0,0.0
Cabo Verde,2019,0.0,0.0,0.003971740932642487,0.0257,0.0,0.0,0.0,0.0
Cabo Verde,2020,0.0,0.0,0.003971740932642487,0.0257,0.0,0.0,0.0,0.0
Cabo Verde,2021,0.0,0.0,0.003971740932642487,0.0257,0.0,0.0,0.0,0.0
Cabo Verde,2022,0.0,0.0,0.003971740932642487,0.0257,0.0,0.0,0.0,0.0
Cabo Verde,2023,0.0,0.0,0.003971740932642487,0.0257,0.0,0.0,0.0,0.0
Cabo Verde,2024,0.0,0.0,0.010285082901554403,0.0257,0.0,0.0,0.0,0.0
Cabo Verde,2025,0.0,0.0,0.011368284974093264,0.038700000000000005,0.0,0.0,0.0,0.0
Cambodia,2011,0.0,0.0,0.0,0.0,0.194,0.0,0.0,0.0
Cambodia,2012,0.0,0.0,0.0,0.0,0.194,0.0,0.0,0.0
Cambodia,2013,0.0,0.0,0.0,0.0,0.52,0.0,0.0,0.0
Cambodia,2014,0.235,0.0,0.0,0.0,0.52,0.0,0.0,0.0
Cambodia,2015,0.37,0.0,0.0,0.0,0.898,0.0,0.0,0.0
Cambodia,2016,0.37,0.0,0.0,0.0,0.898,0.0,0.0,0.0
Cambodia,2017,0.505,0.0,0.019600000000000003,0.0,1.298,0.0,0.0,0.0
Cambodia,2018,0.505,0.0,0.026199999999999998,0.0,1.298,0.0,0.0,0.0
Cambodia,2019,0.505,0.0,0.0362,0.0,1.298,0.0,0.0,0.0
Cambodia,2020,0.655,0.4003,0.219925015576324,0.0,1.298,0.0,0.0,0.0
Cambodia,2021,0.705,0.8005,0.34372501557632396,0.0,1.298,0.0,0.0,0.0
Cambodia,2022,1.455,0.8005,0.49320507788161994,0.0,1.298,0.0,0.009,0.0
Cambodia,2023,1.455,0.8005,0.49320507788161994,0.0,1.298,0.0,0.009,0.0
Cambodia,2024,1.455,0.8005,0.49320507788161994,0.0,1.298,0.0,0.009,0.0
Cambodia,2025,1.455,0.8005,0.49850507788161996,0.0,1.298,0.0,0.009,0.0
Cameroon,2000,0.0,0.0,0.0,0.0,0.744,0.0,0.0,0.0
Cameroon,2001,0.0,0.0,0.0,0.0,0.744,0.0,0.0,0.0
Cameroon,2002,0.0,0.0,0.0,0.0,0.744,0.0,0.0,0.0
Cameroon,2003,0.0,0.0,0.0,0.0,0.744,0.0,0.0,0.0
Cameroon,2004,0.0,0.0,0.0,0.0,0.744,0.0,0.0,0.0
Cameroon,2005,0.0,0.0,0.0,0.0,0.744,0.0,0.0,0.0
Cameroon,2006,0.0,0.0,0.0,0.0,0.744,0.0,0.0,0.0
Cameroon,2007,0.0,0.0,0.0,0.0,0.744,0.0,0.0,0.0
Cameroon,2008,0.0,0.0,0.0,0.0,0.744,0.0,0.0,0.0
Cameroon,2009,0.0,0.088,0.0,0.0,0.744,0.0,0.0,0.0
Cameroon,2010,0.0,0.088,0.0,0.0,0.744,0.0,0.0,0.0
Cameroon,2011,0.0,0.088,0.0,0.0,0.744,0.0,0.0,0.0
Cameroon,2012,0.0,0.088,0.0,0.0,0.744,0.0,0.0,0.0
Cameroon,2013,0.0,0.304,0.0,0.0,0.744,0.0,0.0,0.0
Cameroon,2014,0.0,0.304,0.0,0.0,0.744,0.0,0.0,0.0
Cameroon,2015,0.0,0.364,0.0,0.0,0.744,0.0,0.0,0.0
Cameroon,2016,0.0,0.364,0.0,0.0,0.744,0.0,0.0,0.0
Cameroon,2017,0.0,0.364,0.0,0.0,0.744,0.0,0.0,0.0
Cameroon,2018,0.0,0.364,0.0,0.0,0.744,0.0,0.0,0.0
Cameroon,2019,0.0,0.364,0.0011,0.0,0.955,0.0,0.0,0.0
Cameroon,2020,0.0,0.364,0.0011,0.0,0.955,0.0,0.0,0.0
Cameroon,2021,0.0,0.364,0.0011,0.0,0.955,0.0,0.0,0.0
Cameroon,2022,0.0,0.364,0.0011,0.0,0.955,0.0,0.0,0.0
Cameroon,2023,0.0,0.364,0.0616530518134715,0.0,0.985,0.0,0.0,0.0
Cameroon,2024,0.0,0.364,0.0616530518134715,0.0,0.985,0.0,0.0,0.0
Cameroon,2025,0.0,0.364,0.0616530518134715,0.0,1.405,0.0,0.0,0.0
Canada,2000,18.564,7.3643,0.0,0.143,71.089,16.388,1.1589,0.0
Canada,2001,18.564,9.088299999999998,0.0,0.249,71.089,16.388,1.2129,0.0
Canada,2002,18.564,9.533299999999999,0.0,0.26,71.274,16.388,1.2479,0.0
Canada,2003,18.564,11.3886,0.0,0.26,72.352,16.388,1.2949000000000002,0.0
Canada,2004,18.564,12.6059,0.0,0.412,72.632,16.388,1.2949000000000002,0.0
Canada,2005,16.372,12.655899999999999,0.0,0.497,73.158,16.388,1.3129000000000002,0.0
Canada,2006,16.372,13.322899999999999,0.0,1.392,73.158,16.388,1.3899000000000001,0.0
Canada,2007,16.372,13.322899999999999,0.0,1.753,74.239,15.846,1.4239000000000002,0.0
Canada,2008,16.372,14.453899999999999,0.0,2.242,74.377,15.304,1.4239000000000002,0.0
Canada,2009,16.372,17.126900000000003,0.049932948453608246,3.259,74.46,15.304,1.4999,0.0
Canada,2010,14.053,18.2099,0.22050294845360827,3.871,74.728,15.304,1.5479,0.0
Canada,2011,13.568,18.259900000000002,0.34056134020618556,5.161,74.728,15.304,1.5479,0.0
Canada,2012,13.338,18.7539,0.4399742680412371,6.063,75.706,14.629,1.6184,0.0
Canada,2013,10.252,19.1249,0.7299866391752577,7.659,75.906,14.629,1.8034000000000001,0.0
Canada,2014,9.98,19.1249,1.0732049484536084,9.454,76.786,14.629,1.8134000000000001,0.0
Canada,2015,9.98,20.379900000000003,1.489256082474227,10.913,77.457,14.629,1.9217,0.0
Canada,2016,9.98,20.4799,1.5911810309278351,11.575,77.56,14.629,1.9217,0.0
Canada,2017,9.98,20.7799,1.752371030927835,11.894,78.036,14.629,2.0377,0.0
Canada,2018,9.315,20.7799,1.7753710309278352,12.457,78.036,14.629,1.9497,0.0
Canada,2019,9.166,21.132900000000003,1.9106710309278352,13.072,78.743,14.629,1.9236,0.0
Canada,2020,8.786,22.236900000000002,2.030021030927835,13.226,79.567,14.629,1.9586,0.0
Canada,2021,5.31,24.9471,2.303281030927835,13.747,79.567,14.629,1.9586,0.0
Canada,2022,4.877,25.0601,3.079751030927835,15.035,79.812,14.629,1.9586,0.0
Canada,2023,4.261,25.681099999999997,3.3446510309278352,16.09,79.812,14.629,1.9809,0.005
Canada,2024,3.381,29.0891,3.778988969072165,17.675,79.812,14.629,1.9809,0.005
Canada,2025,3.381,29.0891,3.9222889690721647,17.709,80.912,14.629,1.9809,0.01
Cayman Islands,2016,0.0,0.039700000000000006,0.0,0.0,0.0,0.0,0.0,0.0
Cayman Islands,2017,0.0,0.039700000000000006,0.004900000000000001,0.0,0.0,0.0,0.0,0.0
Cayman Islands,2018,0.0,0.039700000000000006,0.004900000000000001,0.0,0.0,0.0,0.0,0.0
Cayman Islands,2019,0.0,0.039700000000000006,0.004900000000000001,0.0,0.0,0.0,0.0,0.0
Cayman Islands,2020,0.0,0.039700000000000006,0.004900000000000001,0.0,0.0,0.0,0.0,0.0
Cayman Islands,2021,0.0,0.039700000000000006,0.004900000000000001,0.0,0.0,0.0,0.0,0.0
Cayman Islands,2022,0.0,0.039700000000000006,0.004900000000000001,0.0,0.0,0.0,0.0,0.0
Cayman Islands,2023,0.0,0.039700000000000006,0.004900000000000001,0.0,0.0,0.0,0.0,0.0
Cayman Islands,2024,0.0,0.039700000000000006,0.004900000000000001,0.0,0.0,0.0,0.0,0.0
Cayman Islands,2025,0.0,0.039700000000000006,0.004900000000000001,0.0,0.0,0.0,0.0,0.0
Central African Republic,2021,0.0,0.05,0.007221347150259067,0.0,0.0,0.0,0.0,0.0
Central African Republic,2022,0.0,0.05,0.007221347150259067,0.0,0.0,0.0,0.0,0.0
Central African Republic,2023,0.0,0.05,0.042511373056994824,0.0,0.0,0.0,0.0,0.0
Central African Republic,2024,0.0,0.05,0.042511373056994824,0.0,0.0,0.0,0.0,0.0
Central African Republic,2025,0.0,0.05,0.042511373056994824,0.0,0.0,0.0,0.0,0.0
Chad,2019,0.0,0.0,0.0107,0.0,0.0,0.0,0.0,0.0
Chad,2020,0.0,0.0,0.0107,0.0,0.0,0.0,0.0,0.0
Chad,2021,0.0,0.0,0.0107,0.0,0.0,0.0,0.0,0.0
Chad,2022,0.0,0.0,0.0272,0.0,0.0,0.0,0.0,0.0
Chad,2023,0.0,0.0,0.033100000000000004,0.0,0.0,0.0,0.0,0.0
Chad,2024,0.0,0.0,0.035199999999999995,0.0,0.0,0.0,0.0,0.0
Chad,2025,0.0,0.0,0.11192681347150259,0.0,0.0,0.0,0.0,0.0
Chile,2000,1.978,2.3876,0.0,0.0,4.188,0.0,0.0835,0.0
Chile,2001,1.978,2.7816,0.0,0.0,4.243,0.0,0.0835,0.0
Chile,2002,1.978,2.8895999999999997,0.0,0.0,4.243,0.0,0.0835,0.0
Chile,2003,1.978,3.3005999999999998,0.0,0.0,4.243,0.0,0.1135,0.0
Chile,2004,1.978,3.3005999999999998,0.0,0.0,4.933,0.0,0.2535,0.0
Chile,2005,1.978,3.6566,0.0,0.0,4.933,0.0,0.2835,0.0
Chile,2006,1.978,3.6566,0.0,0.0,4.933,0.0,0.2835,0.0
Chile,2007,1.978,4.0085999999999995,0.0,0.018,5.004,0.0,0.2835,0.0
Chile,2008,1.978,4.5618,0.0,0.018,5.097,0.0,0.3205,0.0
Chile,2009,2.13,5.6656,0.0,0.078,5.097,0.0,0.3205,0.0
Chile,2010,2.554,5.6656,0.0,0.172,5.415,0.0,0.3345,0.0
Chile,2011,3.467,5.6656,0.0,0.172,5.527,0.0,0.3715,0.0
Chile,2012,4.167,5.6656,0.0109,0.192,5.58,0.0,0.5265,0.0
Chile,2013,4.439,5.6656,0.1043,0.372,5.58,0.0,0.6895,0.0
Chile,2014,4.439,5.6656,0.36631400000000003,0.794,5.908,0.0,0.7075,0.0
Chile,2015,4.591,5.804600000000001,0.6879394666666667,0.901,5.948,0.0,0.7075,0.0
Chile,2016,5.141,6.322,1.4367994666666666,1.24,6.008,0.0,0.7075,0.0
Chile,2017,5.141,6.322,1.9563794666666667,1.356,6.042,0.0,0.7075,0.048
Chile,2018,5.141,6.322,2.1299380266666668,1.438,6.042,0.0,0.7075,0.048
Chile,2019,5.189,6.454,2.638666166666667,1.833,6.042,0.0,0.7075,0.048
Chile,2020,4.941,6.427,3.4508872200000003,2.004,6.042,0.0,0.7075,0.048
Chile,2021,4.941,6.778,5.10718428,3.1969000000000003,6.042,0.0,0.7075,0.081
Chile,2022,4.323,6.778,6.61271458,3.8339000000000003,6.042,0.0,0.7075,0.081
Chile,2023,4.103,6.728,9.197223179999998,4.4338999999999995,6.042,0.0,0.8735,0.081
Chile,2024,3.826,6.796399999999999,11.543761153333334,4.8351999999999995,6.195,0.0,0.8915,0.081
Chile,2025,3.117,6.796399999999999,12.031946620000001,6.0152,6.195,0.0,0.8915,0.081
China,2000,200.29,1.311,0.0,0.021,56.021,2.34,0.0,0.0
China,2001,213.608,1.311,0.0,0.021,59.318,2.34,0.0,0.0
China,2002,224.482,1.311,0.0,0.021,59.86,4.708,0.017,0.0
China,2003,247.093,2.626,0.0,0.021,63.025,6.426,0.086,0.0
China,2004,276.96,5.005,0.0,0.021,67.844,7.076,0.2135,0.0
China,2005,323.946,11.8435,0.0,0.2185,74.291,7.076,0.3605,0.0
China,2006,405.511,16.852,0.0,1.0367,80.687,7.076,0.5105,0.0
China,2007,477.233,23.942,0.0,2.5086,87.544,9.196,0.8225,0.0
China,2008,530.905,26.52,0.00087,6.3091,101.138,9.196,1.0325,0.0
China,2009,582.368,29.024900000000002,0.009569999999999999,13.7371,120.923,9.196,1.3025,0.0
China,2010,636.374,31.9399,0.10400573924512987,23.9038,140.344,10.942,1.6045,0.0
China,2011,694.276,34.7839,0.9958327907873377,42.0013,151.01,12.688,2.4755,0.0
China,2012,742.446,36.4039,2.754001428774351,59.536300000000004,190.887,12.688,3.336,0.0
China,2013,789.3,42.1925,9.867505091112012,75.3218,199.172,14.896,4.191,0.0
China,2014,821.073,55.2895,19.283152000405845,95.22630000000001,236.421,20.368,5.131,0.0
China,2015,880.725,64.6135,32.28391088494318,119.6138,244.451,26.49,5.986,0.0
China,2016,922.372,68.3281,59.603891012581165,145.24179999999998,256.408,33.695,7.1885,0.0
China,2017,955.38,74.48110000000001,93.08298596185064,161.3524,266.468,35.87,9.1785,0.0
China,2018,978.137,83.8975,111.25195402090097,177.5217,271.098,44.71,11.4615,0.016
China,2019,1019.953,93.5575,128.6592773997565,199.21110000000002,276.417,48.796,15.4745,0.016
China,2020,1049.591,102.14139999999999,152.51205406209417,254.09179999999998,281.592,49.914,20.437,0.016
China,2021,1074.296,112.592,175.11452753652597,298.7225,305.086,53.312,27.047,0.016
China,2022,1101.23,124.004,213.63804876521917,330.8249,328.167,55.581,30.391,0.016
China,2023,1147.19,135.528,311.375796059862,382.4777,342.471,56.972,32.9465,0.016
China,2024,1174.23,154.738,416.11461654423704,434.3803,361.652,59.686,34.7705,0.016
China,2025,1242.236,177.19304,533.8602674028003,509.7964,368.232,60.898,35.0355,0.016
Colombia,2000,1.009,2.379,0.0,0.0,7.917,0.0,0.0,0.0
Colombia,2001,1.009,2.839,0.0,0.0,8.322,0.0,0.0,0.0
Colombia,2002,1.009,2.839,0.0,0.0,8.718,0.0,0.0345,0.0
Colombia,2003,1.009,2.839,0.0,0.0,8.718,0.0,0.0345,0.0
Colombia,2004,1.009,2.839,0.0,0.0,8.718,0.0,0.0345,0.0
Colombia,2005,1.009,2.839,0.0,0.0,8.718,0.0,0.0345,0.0
Colombia,2006,1.009,2.839,0.0,0.0,8.718,0.0,0.0345,0.0
Colombia,2007,1.009,2.839,0.0,0.0,8.718,0.0,0.0345,0.0
Colombia,2008,1.009,2.839,0.0,0.0,8.718,0.0,0.0345,0.0
Colombia,2009,1.009,2.839,0.0,0.0,8.718,0.0,0.0895,0.0
Colombia,2010,1.009,2.839,0.0,0.0,8.718,0.0,0.0895,0.0
Colombia,2011,1.009,3.289,0.0,0.0,9.378,0.0,0.0895,0.0
Colombia,2012,1.009,3.289,0.0,0.0,9.378,0.0,0.0895,0.0
Colombia,2013,1.009,3.289,0.0,0.0,9.458,0.0,0.0895,0.0
Colombia,2014,1.009,3.289,0.0,0.0,9.458,0.0,0.0895,0.0
Colombia,2015,1.173,3.289,0.0,0.0,10.862,0.0,0.1255,0.0
Colombia,2016,1.343,3.289,0.0,0.0,10.862,0.0,0.1445,0.0
Colombia,2017,1.343,3.289,0.0,0.0,10.862,0.0,0.1795,0.0
Colombia,2018,1.613,3.382,0.0198,0.0,10.862,0.0,0.1795,0.0
Colombia,2019,1.613,3.382,0.0609,0.0,10.917,0.0,0.1795,0.0
Colombia,2020,1.613,3.482,0.11072703703703704,0.0099,10.917,0.0,0.1795,0.0
Colombia,2021,1.613,3.532,0.21532703703703704,0.0699,10.917,0.0,0.1795,0.0
Colombia,2022,1.613,3.741,0.3147611111111111,0.08990000000000001,12.117,0.0,0.1795,0.0
Colombia,2023,1.613,4.307,0.7677986481481481,0.08990000000000001,12.117,0.0,0.2315,0.0
Colombia,2024,1.613,4.359,2.045198648148148,0.08990000000000001,12.117,0.0,0.2315,0.0
Colombia,2025,1.613,4.359,2.5158986481481485,0.08990000000000001,12.117,0.0,0.2315,0.0
Cook Islands,2016,0.0,0.0,0.0010298697318007663,0.0,0.0,0.0,0.0,0.0
Cook Islands,2017,0.0,0.0,0.0010298697318007663,0.0,0.0,0.0,0.0,0.0
Cook Islands,2018,0.0,0.0,0.0010298697318007663,0.0,0.0,0.0,0.0,0.0
Cook Islands,2019,0.0,0.0,0.0010298697318007663,0.0,0.0,0.0,0.0,0.0
Cook Islands,2020,0.0,0.0,0.0010298697318007663,0.0,0.0,0.0,0.0,0.0
Cook Islands,2021,0.0,0.0,0.0010298697318007663,0.0,0.0,0.0,0.0,0.0
Cook Islands,2022,0.0,0.0,0.0010298697318007663,0.0,0.0,0.0,0.0,0.0
Cook Islands,2023,0.0,0.0,0.0010298697318007663,0.0,0.0,0.0,0.0,0.0
Cook Islands,2024,0.0,0.0,0.0010298697318007663,0.0,0.0,0.0,0.0,0.0
Cook Islands,2025,0.0,0.0,0.0010298697318007663,0.0,0.0,0.0,0.0,0.0
Costa Rica,2000,0.0,0.10830000000000001,0.0,0.0538,0.972,0.0,0.0,0.144
Costa Rica,2001,0.0,0.10830000000000001,0.0,0.0538,0.972,0.0,0.0,0.144
Costa Rica,2002,0.0,0.10830000000000001,0.0,0.067,1.01,0.0,0.0,0.144
Costa Rica,2003,0.0,0.1983,0.0,0.067,1.01,0.0,0.0,0.144
Costa Rica,2004,0.0,0.1983,0.0,0.067,1.01,0.0,0.0,0.163
Costa Rica,2005,0.0,0.1983,0.0,0.067,1.01,0.0,0.0,0.163
Costa Rica,2006,0.0,0.1983,0.0,0.067,1.06,0.0,0.0,0.163
Costa Rica,2007,0.0,0.1983,0.0,0.067,1.142,0.0,0.0,0.163
Costa Rica,2008,0.0,0.1983,0.0,0.067,1.142,0.0,0.0,0.163
Costa Rica,2009,0.0,0.1983,0.0,0.067,1.142,0.0,0.0,0.163
Costa Rica,2010,0.0,0.1983,0.0,0.117,1.276,0.0,0.0,0.163
Costa Rica,2011,0.0,0.4007,0.0,0.13,1.276,0.0,0.0,0.198
Costa Rica,2012,0.0,0.4007,0.0,0.145,1.276,0.0,0.0,0.198
Costa Rica,2013,0.0,0.4007,0.0,0.145,1.325,0.0,0.0,0.198
Costa Rica,2014,0.0,0.4007,0.0,0.195,1.363,0.0,0.0,0.198
Costa Rica,2015,0.0,0.4007,0.0,0.266,1.413,0.0,0.0,0.198
Costa Rica,2016,0.0,0.4007,0.0,0.278,1.768,0.0,0.0,0.198
Costa Rica,2017,0.0,0.4007,0.004900000000000001,0.278,1.768,0.0,0.0,0.198
Costa Rica,2018,0.0,0.4007,0.004900000000000001,0.278,1.768,0.0,0.0,0.198
Costa Rica,2019,0.0,0.4007,0.012,0.308,1.768,0.0,0.0,0.253
Costa Rica,2020,0.0,0.4007,0.012,0.308,1.768,0.0,0.0,0.253
Costa Rica,2021,0.0,0.4007,0.016,0.308,1.768,0.0,0.0,0.234
Costa Rica,2022,0.0,0.4007,0.0218,0.308,1.768,0.0,0.0,0.234
Costa Rica,2023,0.0,0.4007,0.0218,0.308,1.768,0.0,0.0,0.234
Costa Rica,2024,0.0,0.5467000000000001,0.0218,0.308,1.768,0.0,0.0,0.234
Costa Rica,2025,0.0,0.5467000000000001,0.0218,0.3424,1.768,0.0,0.0,0.234
Croatia,2000,0.342,0.7358,0.0,0.0,1.834,0.0,0.0,0.0
Croatia,2001,0.342,0.7358,0.0,0.0,1.834,0.0,0.0,0.0
Croatia,2002,0.342,0.7358,0.0,0.0,1.834,0.0,0.0,0.0
Croatia,2003,0.342,0.9358,0.0,0.0,1.834,0.0,0.0,0.0
Croatia,2004,0.342,0.9358,0.0,0.0,1.834,0.0,0.0,0.0
Croatia,2005,0.342,0.9358,0.0,0.0,1.834,0.0,0.0,0.0
Croatia,2006,0.342,0.9358,0.0,0.011,1.834,0.0,0.0,0.0
Croatia,2007,0.342,0.9358,0.0,0.011,1.834,0.0,0.0,0.0
Croatia,2008,0.342,0.9358,0.0,0.011,1.834,0.0,0.0,0.0
Croatia,2009,0.342,1.0358,0.0,0.063,1.834,0.0,0.0,0.0
Croatia,2010,0.342,1.0358,0.0,0.063,1.876,0.0,0.0,0.0
Croatia,2011,0.342,1.0358,0.0,0.074,1.876,0.0,0.0,0.0
Croatia,2012,0.342,1.0358,0.0,0.125,1.876,0.0,0.0,0.0
Croatia,2013,0.342,1.0358,0.0,0.236,1.876,0.0,0.0,0.0
Croatia,2014,0.342,1.0358,0.0,0.236,1.876,0.0,0.0,0.0
Croatia,2015,0.342,1.0358,0.0,0.32,1.876,0.0,0.0,0.0
Croatia,2016,0.342,1.0358,0.0,0.354,1.876,0.0,0.0,0.0
Croatia,2017,0.342,1.2708,0.0162,0.453,1.876,0.0,0.0,0.0
Croatia,2018,0.342,1.2708,0.023,0.463,1.876,0.0,0.0,0.0072
Croatia,2019,0.342,1.2708,0.0339,0.475,1.876,0.0,0.0,0.0361
Croatia,2020,0.342,1.2708,0.040100000000000004,0.533,1.876,0.0,0.0,0.0361
Croatia,2021,0.342,1.2708,0.0421,0.819,1.876,0.0,0.0,0.0361
Croatia,2022,0.342,1.2708,0.10579999999999999,0.849,1.876,0.0,0.0,0.0361
Croatia,2023,0.342,1.2708,0.2095,0.849,1.876,0.0,0.0,0.0361
Croatia,2024,0.342,1.4208,0.269,0.96,1.876,0.0,0.0,0.0361
Croatia,2025,0.342,1.4208,0.2716,0.99,1.876,0.0,0.0,0.0361
Cuba,2000,0.0,0.435,0.0,0.0,0.0,0.0,0.0,0.0
Cuba,2001,0.0,0.435,0.0,0.0,0.0,0.0,0.0,0.0
Cuba,2002,0.0,0.435,0.0,0.0,0.0,0.0,0.0,0.0
Cuba,2003,0.0,0.608,0.0,0.0,0.0,0.0,0.0,0.0
Cuba,2004,0.0,0.608,0.0,0.0,0.0,0.0,0.0,0.0
Cuba,2005,0.0,0.608,0.0,0.0,0.0,0.0,0.0,0.0
Cuba,2006,0.0,0.608,0.0,0.0,0.0,0.0,0.0,0.0
Cuba,2007,0.0,0.608,0.0,0.0016,0.0,0.0,0.0,0.0
Cuba,2008,0.0,0.782,0.0,0.006699999999999999,0.0,0.0,0.0,0.0
Cuba,2009,0.0,0.782,0.0,0.006699999999999999,0.0,0.0,0.0,0.0
Cuba,2010,0.0,0.842,0.0,0.0112,0.0,0.0,0.0,0.0
Cuba,2011,0.0,0.842,0.0,0.0112,0.0,0.0,0.0,0.0
Cuba,2012,0.0,0.842,0.0,0.0112,0.0,0.0,0.0,0.0
Cuba,2013,0.0,0.842,0.0,0.0112,0.0,0.0,0.0,0.0
Cuba,2014,0.0,0.842,0.0,0.0112,0.0,0.0,0.0,0.0
Cuba,2015,0.0,1.155,0.0,0.0112,0.0,0.0,0.0,0.0
Cuba,2016,0.0,1.155,0.0,0.0112,0.0,0.0,0.0,0.0
Cuba,2017,0.0,1.155,0.0888,0.0112,0.0,0.0,0.0,0.0
Cuba,2018,0.0,1.239,0.154928,0.0112,0.0,0.0,0.0,0.0
Cuba,2019,0.0,1.399,0.175791,0.0112,0.0,0.0,0.0,0.0
Cuba,2020,0.0,1.399,0.186991,0.0112,0.0,0.0,0.0,0.0
Cuba,2021,0.0,1.529,0.240844,0.0112,0.0,0.0,0.06,0.0
Cuba,2022,0.0,1.529,0.246244,0.0112,0.0,0.0,0.06,0.0
Cuba,2023,0.0,1.449,0.3161027037037037,0.0112,0.0,0.0,0.06,0.0
Cuba,2024,0.0,1.309,0.3276226296296296,0.0112,0.0,0.0,0.06,0.0
Cuba,2025,0.0,1.179,0.8092899074074075,0.0112,0.0,0.0,0.06,0.0
Curaçao,2012,0.0,0.0,0.0,0.03,0.0,0.0,0.0,0.0
Curaçao,2013,0.0,0.0,0.0,0.03,0.0,0.0,0.0,0.0
Curaçao,2014,0.0,0.0,0.0,0.03,0.0,0.0,0.0,0.0
Curaçao,2015,0.0,0.0,0.0,0.03,0.0,0.0,0.0,0.0
Curaçao,2016,0.0,0.0,0.0,0.03,0.0,0.0,0.0,0.0
Curaçao,2017,0.0,0.0,0.0,0.047,0.0,0.0,0.0,0.0
Curaçao,2018,0.0,0.0,0.0,0.047,0.0,0.0,0.0,0.0
Curaçao,2019,0.0,0.0,0.0,0.047,0.0,0.0,0.0,0.0
Curaçao,2020,0.0,0.0,0.0,0.047,0.0,0.0,0.0,0.0
Curaçao,2021,0.0,0.0,0.0,0.047,0.0,0.0,0.0,0.0
Curaçao,2022,0.0,0.0,0.0,0.047,0.0,0.0,0.0,0.0
Curaçao,2023,0.0,0.0,0.0,0.047,0.0,0.0,0.0,0.0
Curaçao,2024,0.0,0.0,0.0,0.047,0.0,0.0,0.0,0.0
Curaçao,2025,0.0,0.0,0.0,0.0695,0.0,0.0,0.0,0.0
Cyprus,2000,0.0,0.63,0.0,0.0,0.0,0.0,0.0,0.0
Cyprus,2001,0.0,0.63,0.0,0.0,0.0,0.0,0.0,0.0
Cyprus,2002,0.0,0.89,0.0,0.0,0.0,0.0,0.0,0.0
Cyprus,2003,0.0,0.963,0.0,0.0,0.0,0.0,0.0,0.0
Cyprus,2004,0.0,0.963,0.0,0.0,0.0,0.0,0.0,0.0
Cyprus,2005,0.0,1.093,0.0,0.0,0.0,0.0,0.0,0.0
Cyprus,2006,0.0,1.093,0.0,0.0,0.0,0.0,0.0,0.0
Cyprus,2007,0.0,1.093,0.0,0.0,0.0,0.0,0.0,0.0
Cyprus,2008,0.0,1.313,0.0,0.0,0.0,0.0,0.0,0.0
Cyprus,2009,0.0,1.442,0.0,0.0,0.0,0.0,0.0,0.0
Cyprus,2010,0.0,1.493,0.0,0.0,0.0,0.0,0.0,0.0
Cyprus,2011,0.0,1.493,0.0,0.134,0.0,0.0,0.0,0.0
Cyprus,2012,0.0,1.713,0.0,0.145,0.0,0.0,0.0,0.0
Cyprus,2013,0.0,1.713,0.0,0.145,0.0,0.0,0.0,0.0
Cyprus,2014,0.0,1.713,0.0,0.145,0.0,0.0,0.0,0.0
Cyprus,2015,0.0,1.853,0.0,0.156,0.0,0.0,0.0,0.0
Cyprus,2016,0.0,1.853,0.011,0.156,0.0,0.0,0.0,0.0
Cyprus,2017,0.0,1.853,0.0775,0.156,0.0,0.0,0.0,0.0
Cyprus,2018,0.0,1.853,0.098,0.156,0.0,0.0,0.0,0.0
Cyprus,2019,0.0,1.853,0.1545,0.156,0.0,0.0,0.0,0.0
Cyprus,2020,0.0,1.853,0.18159999999999998,0.156,0.0,0.0,0.0,0.0
Cyprus,2021,0.0,1.853,0.2388,0.156,0.0,0.0,0.0,0.0
Cyprus,2022,0.0,1.853,0.3323,0.156,0.0,0.0,0.0,0.0
Cyprus,2023,0.0,1.853,0.36769999999999997,0.156,0.0,0.0,0.0,0.0
Cyprus,2024,0.0,1.853,0.3901,0.156,0.0,0.0,0.0,0.0
Cyprus,2025,0.0,1.853,0.3959,0.156,0.0,0.0,0.0,0.0
Czech Republic,2000,8.819,0.645,0.0,0.0,1.819,2.0,0.052700000000000004,0.0
Czech Republic,2001,8.849,0.668,0.0,0.0,1.819,2.0,0.052700000000000004,0.0
Czech Republic,2002,8.849,0.668,0.0,0.0,1.819,3.082,0.052700000000000004,0.0
Czech Republic,2003,8.849,0.668,0.0,0.0,1.819,4.164,0.052700000000000004,0.0
Czech Republic,2004,8.921,0.668,0.0,0.0,1.819,4.164,0.052700000000000004,0.0
Czech Republic,2005,8.921,0.668,0.0,0.0,1.819,4.164,0.052700000000000004,0.0
Czech Republic,2006,8.951,0.719,0.0,0.0,1.819,4.164,0.052700000000000004,0.0
Czech Republic,2007,8.951,0.719,0.0,0.042,1.819,4.164,0.052700000000000004,0.0
Czech Republic,2008,8.921,0.719,0.0,0.042,1.819,4.164,0.052700000000000004,0.0
Czech Republic,2009,8.921,0.719,0.011,0.06,1.819,4.164,0.052700000000000004,0.0
Czech Republic,2010,8.921,0.719,0.18931,0.06,1.819,4.164,0.052700000000000004,0.0
Czech Republic,2011,8.921,0.719,0.20031000000000002,0.06,1.819,4.164,0.052700000000000004,0.0
Czech Republic,2012,8.291,0.719,0.20031000000000002,0.098,1.819,4.164,0.052700000000000004,0.0
Czech Republic,2013,8.291,0.777,0.20031000000000002,0.098,1.819,4.164,0.052700000000000004,0.0
Czech Republic,2014,8.426,1.696,0.20031000000000002,0.098,1.819,4.164,0.052700000000000004,0.0
Czech Republic,2015,8.426,1.696,0.20031000000000002,0.098,1.819,4.164,0.052700000000000004,0.0
Czech Republic,2016,8.756,1.696,0.20031000000000002,0.098,1.819,4.164,0.052700000000000004,0.0
Czech Republic,2017,8.756,1.696,1.0606099999999998,0.124,1.819,4.164,0.052700000000000004,0.0
Czech Republic,2018,8.756,1.696,2.43891,0.124,1.819,4.164,0.052700000000000004,0.0
Czech Republic,2019,8.556,1.696,2.44771,0.14,1.819,4.164,0.060200000000000004,0.0
Czech Republic,2020,8.156,1.719,2.45771,0.14,1.819,4.164,0.060200000000000004,0.0
Czech Republic,2021,7.61,1.719,2.46101,0.14,1.819,4.164,0.060200000000000004,0.0
Czech Republic,2022,7.61,1.719,2.46211,0.14,1.819,4.164,0.060200000000000004,0.0
Czech Republic,2023,7.569,1.719,2.59671,0.14,1.819,4.164,0.060200000000000004,0.0
Czech Republic,2024,7.569,1.769,2.64671,0.151,1.819,4.164,0.060200000000000004,0.0
Czech Republic,2025,6.969,1.819,2.79911,0.151,1.819,4.164,0.060200000000000004,0.0
Côte d'Ivoire,2000,0.0,0.111,0.0,0.0,0.579,0.0,0.0,0.0
Côte d'Ivoire,2001,0.0,0.111,0.0,0.0,0.579,0.0,0.0,0.0
Côte d'Ivoire,2002,0.0,0.111,0.0,0.0,0.579,0.0,0.0,0.0
Côte d'Ivoire,2003,0.0,0.111,0.0,0.0,0.579,0.0,0.0,0.0
Côte d'Ivoire,2004,0.0,0.111,0.0,0.0,0.579,0.0,0.0,0.0
Côte d'Ivoire,2005,0.0,0.111,0.0,0.0,0.579,0.0,0.0,0.0
Côte d'Ivoire,2006,0.0,0.111,0.0,0.0,0.579,0.0,0.0,0.0
Côte d'Ivoire,2007,0.0,0.111,0.0,0.0,0.579,0.0,0.0,0.0
Côte d'Ivoire,2008,0.0,0.111,0.0,0.0,0.579,0.0,0.0,0.0
Côte d'Ivoire,2009,0.0,0.111,0.0,0.0,0.579,0.0,0.0,0.0
Côte d'Ivoire,2010,0.0,0.211,0.0,0.0,0.579,0.0,0.0,0.0
Côte d'Ivoire,2011,0.0,0.211,0.0,0.0,0.579,0.0,0.0,0.0
Côte d'Ivoire,2012,0.0,0.211,0.0,0.0,0.579,0.0,0.0,0.0
Côte d'Ivoire,2013,0.0,0.311,0.0,0.0,0.579,0.0,0.0,0.0
Côte d'Ivoire,2014,0.0,0.311,0.0,0.0,0.579,0.0,0.0,0.0
Côte d'Ivoire,2015,0.0,0.771,0.0,0.0,0.579,0.0,0.0,0.0
Côte d'Ivoire,2016,0.0,1.026,0.0,0.0,0.579,0.0,0.0,0.0
Côte d'Ivoire,2017,0.0,1.026,0.0,0.0,0.854,0.0,0.0,0.0
Côte d'Ivoire,2018,0.0,1.026,0.0,0.0,0.854,0.0,0.0,0.0
Côte d'Ivoire,2019,0.0,1.026,0.0,0.0,0.854,0.0,0.0,0.0
Côte d'Ivoire,2020,0.0,1.026,0.0,0.0,0.854,0.0,0.0,0.0
Côte d'Ivoire,2021,0.0,1.026,0.0,0.0,0.854,0.0,0.0,0.0
Côte d'Ivoire,2022,0.0,1.279,0.03306,0.0,0.854,0.0,0.0,0.0
Côte d'Ivoire,2023,0.0,1.669,0.03306,0.0,0.854,0.0,0.0,0.0
Côte d'Ivoire,2024,0.0,1.669,0.03306,0.0,0.966,0.0,0.0,0.0
Côte d'Ivoire,2025,0.0,1.669,0.03306,0.0,0.966,0.0,0.0,0.0
DR Congo,2000,0.0,0.0,0.0,0.0,2.358,0.0,0.0,0.0
DR Congo,2001,0.0,0.0,0.0,0.0,2.358,0.0,0.0,0.0
DR Congo,2002,0.0,0.0,0.0,0.0,2.358,0.0,0.0,0.0
DR Congo,2003,0.0,0.0,0.0,0.0,2.358,0.0,0.0,0.0
DR Congo,2004,0.0,0.0,0.0,0.0,2.358,0.0,0.0,0.0
DR Congo,2005,0.0,0.0,0.0,0.0,2.358,0.0,0.0,0.0
DR Congo,2006,0.0,0.0,0.0,0.0,2.358,0.0,0.0,0.0
DR Congo,2007,0.0,0.0,0.0,0.0,2.358,0.0,0.0,0.0
DR Congo,2008,0.0,0.0,0.0,0.0,2.358,0.0,0.0,0.0
DR Congo,2009,0.0,0.0,0.0,0.0,2.358,0.0,0.0,0.0
DR Congo,2010,0.0,0.0,0.0,0.0,2.358,0.0,0.0,0.0
DR Congo,2011,0.0,0.0,0.0,0.0,2.358,0.0,0.0,0.0
DR Congo,2012,0.0,0.0,0.0,0.0,2.358,0.0,0.0,0.0
DR Congo,2013,0.0,0.0,0.0,0.0,2.358,0.0,0.0,0.0
DR Congo,2014,0.0,0.0,0.0,0.0,2.358,0.0,0.0,0.0
DR Congo,2015,0.0,0.0,0.0,0.0,2.358,0.0,0.0,0.0
DR Congo,2016,0.0,0.0,0.0,0.0,2.422,0.0,0.0,0.0
DR Congo,2017,0.0,0.0,0.0,0.0,2.422,0.0,0.0,0.0
DR Congo,2018,0.0,0.0,0.0,0.0,2.647,0.0,0.0,0.0
DR Congo,2019,0.0,0.0,0.0,0.0,2.647,0.0,0.0,0.0
DR Congo,2020,0.0,0.0,0.0,0.0,2.647,0.0,0.0,0.0
DR Congo,2021,0.0,0.0,0.0,0.0,2.647,0.0,0.0,0.0
DR Congo,2022,0.0,0.0,0.0,0.0,2.647,0.0,0.0,0.0
DR Congo,2023,0.0,0.0,0.0112,0.0,2.887,0.0,0.0,0.0
DR Congo,2024,0.0,0.0,0.016399999999999998,0.0,2.887,0.0,0.0,0.0
DR Congo,2025,0.0,0.0,0.03084269430051813,0.0,2.887,0.0,0.0,0.0
Denmark,2000,5.055,0.4452,0.0,0.211,0.0,0.0,0.844,0.0
Denmark,2001,5.055,0.4452,0.0,0.211,0.0,0.0,0.844,0.0
Denmark,2002,4.793,0.4452,0.21924000000000002,0.464,0.0,0.0,1.429,0.0
Denmark,2003,4.793,0.7392000000000001,0.21924000000000002,0.668,0.0,0.0,1.429,0.0
Denmark,2004,4.723,0.7392000000000001,0.21924000000000002,0.668,0.0,0.0,1.451,0.0
Denmark,2005,4.723,0.7642,0.21924000000000002,0.679,0.0,0.0,1.451,0.0
Denmark,2006,4.723,0.7642,0.21924000000000002,0.679,0.0,0.0,1.451,0.0
Denmark,2007,4.723,0.7642,0.21924000000000002,0.679,0.0,0.0,1.451,0.0
Denmark,2008,4.723,0.7892,0.21924000000000002,0.716,0.0,0.0,1.451,0.0
Denmark,2009,4.528,0.7892,0.21924000000000002,1.013,0.0,0.0,1.486,0.0
Denmark,2010,4.202,0.7892,0.21924000000000002,1.366,0.0,0.0,1.486,0.0
Denmark,2011,4.202,0.7892,0.21924000000000002,1.501,0.0,0.0,1.486,0.0
Denmark,2012,3.936,0.7892,0.2210072839506173,1.649,0.0,0.0,1.513,0.0
Denmark,2013,3.936,0.7892,0.23249462962962966,2.298,0.0,0.0,1.513,0.0
Denmark,2014,3.631,0.7892,0.24583762345679014,2.357,0.0,0.0,1.513,0.0
Denmark,2015,3.631,0.7892,0.35104250000000004,2.498,0.0,0.0,1.513,0.0
Denmark,2016,2.88,0.7892,0.3671462037037037,2.684,0.0,0.0,1.55,0.0
Denmark,2017,2.88,0.7892,0.5098462037037037,2.837,0.0,0.0,1.611,0.0
Denmark,2018,2.88,0.7892,0.6710273765432099,3.581,0.0,0.0,1.611,0.0
Denmark,2019,1.823,0.7892,0.7504946604938272,3.581,0.0,0.0,1.704,0.0
Denmark,2020,1.56,0.7892,1.0025194135802469,3.772,0.0,0.0,1.854,0.0
Denmark,2021,1.56,0.7892,1.4632776851851852,4.481,0.0,0.0,1.854,0.0
Denmark,2022,1.56,0.7892,1.8359516975308643,4.517,0.0,0.0,1.934,0.0
Denmark,2023,1.56,0.7892,2.1088048950617284,4.5276000000000005,0.0,0.0,1.934,0.0
Denmark,2024,0.411,1.1512,2.4441900802469134,4.8776,0.0,0.0,1.934,0.0
Denmark,2025,0.411,1.1512,2.985441901234568,4.8776,0.0,0.0,1.934,0.0
Djibouti,2000,0.0,0.108,0.0,0.0,0.0,0.0,0.0,0.0
Djibouti,2001,0.0,0.108,0.0,0.0,0.0,0.0,0.0,0.0
Djibouti,2002,0.0,0.108,0.0,0.0,0.0,0.0,0.0,0.0
Djibouti,2003,0.0,0.108,0.0,0.0,0.0,0.0,0.0,0.0
Djibouti,2004,0.0,0.108,0.0,0.0,0.0,0.0,0.0,0.0
Djibouti,2005,0.0,0.108,0.0,0.0,0.0,0.0,0.0,0.0
Djibouti,2006,0.0,0.108,0.0,0.0,0.0,0.0,0.0,0.0
Djibouti,2007,0.0,0.108,0.0,0.0,0.0,0.0,0.0,0.0
Djibouti,2008,0.0,0.108,0.0,0.0,0.0,0.0,0.0,0.0
Djibouti,2009,0.0,0.108,0.0,0.0,0.0,0.0,0.0,0.0
Djibouti,2010,0.0,0.108,0.013540025906735751,0.0,0.0,0.0,0.0,0.0
Djibouti,2011,0.0,0.108,0.013540025906735751,0.0,0.0,0.0,0.0,0.0
Djibouti,2012,0.0,0.108,0.013540025906735751,0.0,0.0,0.0,0.0,0.0
Djibouti,2013,0.0,0.108,0.013540025906735751,0.0,0.0,0.0,0.0,0.0
Djibouti,2014,0.0,0.108,0.013540025906735751,0.0,0.0,0.0,0.0,0.0
Djibouti,2015,0.0,0.108,0.013540025906735751,0.0,0.0,0.0,0.0,0.0
Djibouti,2016,0.0,0.108,0.013540025906735751,0.0,0.0,0.0,0.0,0.0
Djibouti,2017,0.0,0.108,0.013540025906735751,0.0,0.0,0.0,0.0,0.0
Djibouti,2018,0.0,0.108,0.013540025906735751,0.0,0.0,0.0,0.0,0.0
Djibouti,2019,0.0,0.108,0.03159339378238341,0.0,0.0,0.0,0.0,0.0
Djibouti,2020,0.0,0.108,0.06770012953367875,0.0,0.0,0.0,0.0,0.0
Djibouti,2021,0.0,0.108,0.12186023316062176,0.0,0.0,0.0,0.0,0.0
Djibouti,2022,0.0,0.108,0.14442694300518133,0.0,0.0,0.0,0.0,0.0
Djibouti,2023,0.0,0.108,0.14632694300518134,0.059,0.0,0.0,0.0,0.0
Djibouti,2024,0.0,0.108,0.14852694300518135,0.059,0.0,0.0,0.0,0.0
Djibouti,2025,0.0,0.108,0.14952694300518135,0.059,0.0,0.0,0.0,0.0
Dominican Republic,2000,0.26,0.298,0.0,0.0,0.292,0.0,0.0,0.0
Dominican Republic,2001,0.312,0.6534,0.0,0.0,0.292,0.0,0.0,0.0
Dominican Republic,2002,0.312,0.6534,0.0,0.0,0.344,0.0,0.0,0.0
Dominican Republic,2003,0.312,1.0737999999999999,0.0,0.0,0.344,0.0,0.0,0.0
Dominican Republic,2004,0.312,1.0737999999999999,0.0,0.0,0.344,0.0,0.0,0.0
Dominican Republic,2005,0.312,1.0737999999999999,0.0,0.0,0.344,0.0,0.0,0.0
Dominican Republic,2006,0.312,1.0737999999999999,0.0,0.0,0.344,0.0,0.007,0.0
Dominican Republic,2007,0.312,1.0737999999999999,0.0,0.0,0.344,0.0,0.007,0.0
Dominican Republic,2008,0.312,1.0737999999999999,0.0,0.0,0.394,0.0,0.007,0.0
Dominican Republic,2009,0.312,1.0737999999999999,0.0,0.0,0.394,0.0,0.007,0.0
Dominican Republic,2010,0.312,1.0737999999999999,0.0,0.0,0.394,0.0,0.007,0.0
Dominican Republic,2011,0.312,1.1248,0.0,0.0334,0.394,0.0,0.007,0.0
Dominican Republic,2012,0.312,1.2358,0.0,0.0334,0.484,0.0,0.007,0.0
Dominican Republic,2013,0.312,1.2358,0.0,0.0854,0.484,0.0,0.007,0.0
Dominican Republic,2014,0.312,1.2358,0.0,0.0854,0.484,0.0,0.007,0.0
Dominican Republic,2015,0.312,1.2965,0.0,0.0854,0.484,0.0,0.007,0.0
Dominican Republic,2016,0.312,1.2965,0.03,0.1354,0.484,0.0,0.007,0.0
Dominican Republic,2017,0.312,1.6555,0.03,0.1354,0.484,0.0,0.037,0.0
Dominican Republic,2018,0.312,1.6555,0.08046,0.1834,0.484,0.0,0.037,0.0
Dominican Republic,2019,0.688,1.7065,0.13307,0.4154,0.484,0.0,0.037,0.0
Dominican Republic,2020,1.064,2.4565,0.15807,0.4154,0.484,0.0,0.037,0.0
Dominican Republic,2021,1.064,2.4565,0.32807,0.4154,0.484,0.0,0.037,0.0
Dominican Republic,2022,1.064,2.6065,0.44182,0.4654,0.484,0.0,0.044,0.0
Dominican Republic,2023,1.064,2.9931,0.6638719999999999,0.4654,0.484,0.0,0.044,0.0
Dominican Republic,2024,1.064,2.9931,0.8307960000000001,0.4654,0.484,0.0,0.044,0.0
Dominican Republic,2025,1.064,2.9931,1.075096,0.4654,0.484,0.0,0.044,0.0
Ecuador,2000,0.0,0.6935,0.0,0.0,1.678,0.0,0.0,0.0
Ecuador,2001,0.0,0.6935,0.0,0.0,1.678,0.0,0.0,0.0
Ecuador,2002,0.0,0.9431,0.0,0.0,1.678,0.0,0.0,0.0
Ecuador,2003,0.0,0.9431,0.0,0.0,1.678,0.0,0.0,0.0
Ecuador,2004,0.0,0.9431,0.0,0.0,1.678,0.0,0.0,0.0
Ecuador,2005,0.0,0.9431,0.0,0.0,1.678,0.0,0.0,0.0
Ecuador,2006,0.0,0.9431,0.0,0.0,1.748,0.0,0.03,0.0
Ecuador,2007,0.0,0.9431,0.0,0.0,1.978,0.0,0.03,0.0
Ecuador,2008,0.0,0.9431,0.0,0.0,1.978,0.0,0.03,0.0
Ecuador,2009,0.0,0.9431,0.0,0.0,1.978,0.0,0.03,0.0
Ecuador,2010,0.0,0.9431,0.0,0.0,1.978,0.0,0.03,0.0
Ecuador,2011,0.0,1.0808,0.0,0.0,1.978,0.0,0.03,0.0
Ecuador,2012,0.0,1.2301,0.0,0.0,2.004,0.0,0.03,0.0
Ecuador,2013,0.0,1.2301,0.0009590740740740741,0.016,2.046,0.0,0.03,0.0
Ecuador,2014,0.0,1.3827,0.0038362962962962964,0.016,2.216,0.0,0.073,0.0
Ecuador,2015,0.0,1.3827,0.0038362962962962964,0.016,2.329,0.0,0.073,0.0
Ecuador,2016,0.0,1.3827,0.0038362962962962964,0.016,4.326,0.0,0.073,0.0
Ecuador,2017,0.0,1.3827,0.008936296296296296,0.016,4.438,0.0,0.073,0.0
Ecuador,2018,0.0,1.3827,0.008936296296296296,0.016,4.678,0.0,0.073,0.0
Ecuador,2019,0.0,1.3827,0.008936296296296296,0.016,5.002,0.0,0.073,0.0
Ecuador,2020,0.0,1.3827,0.008936296296296296,0.016,5.002,0.0,0.073,0.0
Ecuador,2021,0.0,1.3827,0.010136296296296298,0.016,5.238,0.0,0.073,0.0
Ecuador,2022,0.0,1.2027,0.010136296296296298,0.016,5.286,0.0,0.073,0.0
Ecuador,2023,0.0,1.2027,0.013836296296296296,0.066,5.286,0.0,0.073,0.0
Ecuador,2024,0.0,1.3040999999999998,0.016936296296296297,0.066,5.286,0.0,0.073,0.0
Ecuador,2025,0.0,1.526,0.016936296296296297,0.066,5.286,0.0,0.073,0.0
Egypt,2000,0.0,10.148,0.0,0.03,2.778,0.0,0.0,0.0
Egypt,2001,0.0,10.849,0.0,0.063,2.778,0.0,0.0,0.0
Egypt,2002,0.0,11.531600000000001,0.0,0.063,2.778,0.0,0.0,0.0
Egypt,2003,0.0,12.896799999999999,0.0,0.093,2.778,0.0,0.0,0.0
Egypt,2004,0.0,12.896799999999999,0.0,0.14,2.778,0.0,0.0,0.0
Egypt,2005,0.0,12.896799999999999,0.0,0.14,2.778,0.0,0.0,0.0
Egypt,2006,0.0,14.396799999999999,0.0,0.225,2.778,0.0,0.0,0.0
Egypt,2007,0.0,14.396799999999999,0.0,0.225,2.778,0.0,0.0,0.0
Egypt,2008,0.0,15.896799999999999,0.0,0.305,2.842,0.0,0.0,0.0
Egypt,2009,0.0,16.6468,0.0,0.425,2.842,0.0,0.0,0.0
Egypt,2010,0.0,20.346799999999998,0.0,0.425,2.842,0.0,0.0,0.0
Egypt,2011,0.0,22.526799999999998,0.02,0.425,2.842,0.0,0.0,0.0
Egypt,2012,0.0,23.776799999999998,0.02,0.425,2.842,0.0,0.0,0.0
Egypt,2013,0.0,24.4268,0.02,0.425,2.842,0.0,0.0,0.0
Egypt,2014,0.0,25.1768,0.02,0.425,2.842,0.0,0.0,0.0
Egypt,2015,0.0,29.866799999999998,0.02,0.425,2.842,0.0,0.0,0.0
Egypt,2016,0.0,30.4908,0.02,0.425,2.842,0.0,0.0,0.0
Egypt,2017,0.0,34.0628,0.07379999999999999,0.425,2.842,0.0,0.0,0.0
Egypt,2018,0.0,49.7128,0.20975631578947368,1.005,2.874,0.0,0.0,0.0
Egypt,2019,0.0,52.6815,1.8343868421052631,1.268,2.874,0.0,0.0,0.0
Egypt,2020,0.0,53.4315,1.884086842105263,1.268,2.874,0.0,0.0,0.0
Egypt,2021,0.0,54.4585,1.8986868421052632,1.52,2.874,0.0,0.0,0.0
Egypt,2022,0.0,54.2935,2.067506315789474,1.52,2.874,0.0,0.0,0.0
Egypt,2023,0.0,54.1535,2.0953063157894736,1.52,2.874,0.0,0.0,0.0
Egypt,2024,0.0,54.1535,3.270932631578947,1.772,2.874,0.0,0.0,0.0
Egypt,2025,0.0,54.1535,3.277432631578947,2.924,2.874,0.0,0.0,0.0
El Salvador,2000,0.0,0.37589999999999996,0.0,0.0,0.532,0.0,0.0,0.16040000000000001
El Salvador,2001,0.0,0.37589999999999996,0.0,0.0,0.532,0.0,0.0,0.16040000000000001
El Salvador,2002,0.0,0.37589999999999996,0.0,0.0,0.532,0.0,0.0,0.16040000000000001
El Salvador,2003,0.0,0.37589999999999996,0.0,0.0,0.532,0.0,0.0,0.16040000000000001
El Salvador,2004,0.0,0.37589999999999996,0.0,0.0,0.532,0.0,0.0,0.16040000000000001
El Salvador,2005,0.0,0.37589999999999996,0.0,0.0,0.532,0.0,0.045,0.16040000000000001
El Salvador,2006,0.0,0.4269,0.0,0.0,0.532,0.0,0.045,0.16040000000000001
El Salvador,2007,0.0,0.4269,0.0,0.0,0.532,0.0,0.045,0.2052
El Salvador,2008,0.0,0.4269,0.0,0.0,0.532,0.0,0.045,0.2052
El Salvador,2009,0.0,0.4779,0.0,0.0,0.532,0.0,0.045,0.2052
El Salvador,2010,0.0,0.4779,0.0,0.0,0.532,0.0,0.045,0.2052
El Salvador,2011,0.0,0.4779,0.0,0.0,0.532,0.0,0.045,0.2052
El Salvador,2012,0.0,0.4779,0.0,0.0,0.532,0.0,0.045,0.2052
El Salvador,2013,0.0,0.5515,0.0023017777777777776,0.0,0.532,0.0,0.045,0.2052
El Salvador,2014,0.0,0.5515,0.0023017777777777776,0.0,0.532,0.0,0.045,0.2052
El Salvador,2015,0.0,0.5515,0.0046994629629629634,0.0,0.532,0.0,0.152,0.2052
El Salvador,2016,0.0,0.5515,0.005899462962962962,0.0,0.532,0.0,0.199,0.2052
El Salvador,2017,0.0,0.5515,0.13019946296296298,0.0,0.532,0.0,0.199,0.2052
El Salvador,2018,0.0,0.5515,0.18029946296296295,0.0,0.532,0.0,0.199,0.2052
El Salvador,2019,0.0,0.5515,0.31031427777777776,0.0,0.532,0.0,0.199,0.2052
El Salvador,2020,0.0,0.5515,0.4759382777777778,0.0,0.532,0.0,0.199,0.2052
El Salvador,2021,0.0,0.5515,0.5104382777777778,0.054,0.532,0.0,0.199,0.2052
El Salvador,2022,0.0,0.9295,0.5418382777777777,0.054,0.532,0.0,0.199,0.2052
El Salvador,2023,0.0,0.9295,0.6296156666666667,0.054,0.599,0.0,0.199,0.2112
El Salvador,2024,0.0,0.9295,0.6709156666666667,0.054,0.599,0.0,0.199,0.2112
El Salvador,2025,0.0,0.9295,0.6958046666666666,0.054,0.599,0.0,0.199,0.21869999999999998
Equatorial Guinea,2012,0.0,0.0,0.0,0.0,0.12,0.0,0.0,0.0
Equatorial Guinea,2013,0.0,0.0,0.0,0.0,0.12,0.0,0.0,0.0
Equatorial Guinea,2014,0.0,0.0,0.0,0.0,0.12,0.0,0.0,0.0
Equatorial Guinea,2015,0.0,0.0,0.0,0.0,0.12,0.0,0.0,0.0
Equatorial Guinea,2016,0.0,0.0,0.0,0.0,0.12,0.0,0.0,0.0
Equatorial Guinea,2017,0.0,0.0,0.0,0.0,0.12,0.0,0.0,0.0
Equatorial Guinea,2018,0.0,0.04,0.0,0.0,0.12,0.0,0.0,0.0
Equatorial Guinea,2019,0.0,0.04,0.0,0.0,0.12,0.0,0.0,0.0
Equatorial Guinea,2020,0.0,0.04,0.0,0.0,0.12,0.0,0.0,0.0
Equatorial Guinea,2021,0.0,0.04,0.0,0.0,0.12,0.0,0.0,0.0
Equatorial Guinea,2022,0.0,0.04,0.0,0.0,0.12,0.0,0.0,0.0
Equatorial Guinea,2023,0.0,0.04,0.0,0.0,0.12,0.0,0.0,0.0
Equatorial Guinea,2024,0.0,0.04,0.0,0.0,0.12,0.0,0.0,0.0
Equatorial Guinea,2025,0.0,0.04,0.0,0.0,0.12,0.0,0.0,0.0
Eritrea,2000,0.0,0.012,0.0,0.0,0.0,0.0,0.0,0.0
Eritrea,2001,0.0,0.1,0.0,0.0,0.0,0.0,0.0,0.0
Eritrea,2002,0.0,0.1,0.0,0.0,0.0,0.0,0.0,0.0
Eritrea,2003,0.0,0.1,0.0,0.0,0.0,0.0,0.0,0.0
Eritrea,2004,0.0,0.1,0.0,0.0,0.0,0.0,0.0,0.0
Eritrea,2005,0.0,0.1,0.0,0.0,0.0,0.0,0.0,0.0
Eritrea,2006,0.0,0.1,0.0,0.0,0.0,0.0,0.0,0.0
Eritrea,2007,0.0,0.1,0.0,0.0,0.0,0.0,0.0,0.0
Eritrea,2008,0.0,0.1,0.0,0.0,0.0,0.0,0.0,0.0
Eritrea,2009,0.0,0.1,0.0,0.0,0.0,0.0,0.0,0.0
Eritrea,2010,0.0,0.1,0.0,0.0,0.0,0.0,0.0,0.0
Eritrea,2011,0.0,0.1,0.0,0.0,0.0,0.0,0.0,0.0
Eritrea,2012,0.0,0.1,0.0,0.0,0.0,0.0,0.0,0.0
Eritrea,2013,0.0,0.1,0.0,0.0,0.0,0.0,0.0,0.0
Eritrea,2014,0.0,0.1,0.0,0.0,0.0,0.0,0.0,0.0
Eritrea,2015,0.0,0.1,0.0,0.0,0.0,0.0,0.0,0.0
Eritrea,2016,0.0,0.1,0.0,0.0,0.0,0.0,0.0,0.0
Eritrea,2017,0.0,0.146,0.0040999999999999995,0.0,0.0,0.0,0.0,0.0
Eritrea,2018,0.0,0.146,0.0217,0.0,0.0,0.0,0.0,0.0
Eritrea,2019,0.0,0.146,0.0217,0.0,0.0,0.0,0.0,0.0
Eritrea,2020,0.0,0.146,0.0217,0.0,0.0,0.0,0.0,0.0
Eritrea,2021,0.0,0.146,0.0217,0.0,0.0,0.0,0.0,0.0
Eritrea,2022,0.0,0.146,0.0217,0.0,0.0,0.0,0.0,0.0
Eritrea,2023,0.0,0.146,0.0217,0.0,0.0,0.0,0.0,0.0
Eritrea,2024,0.0,0.146,0.0217,0.0,0.0,0.0,0.0,0.0
Eritrea,2025,0.0,0.146,0.0228,0.0,0.0,0.0,0.0,0.0
Estonia,2000,0.0,0.207,0.0,0.0,0.0,0.0,0.0,0.0
Estonia,2001,0.0,0.207,0.0,0.0,0.0,0.0,0.0,0.0
Estonia,2002,0.0,0.207,0.0,0.0,0.0,0.0,0.0,0.0
Estonia,2003,0.0,0.207,0.0,0.0,0.0,0.0,0.0,0.0
Estonia,2004,0.0,0.207,0.0,0.0,0.0,0.0,0.0,0.0
Estonia,2005,0.0,0.207,0.0,0.018,0.0,0.0,0.0,0.0
Estonia,2006,0.0,0.207,0.0,0.018,0.0,0.0,0.0,0.0
Estonia,2007,0.0,0.207,0.0,0.039,0.0,0.0,0.0,0.0
Estonia,2008,0.0,0.207,0.0,0.039,0.0,0.0,0.0,0.0
Estonia,2009,0.0,0.207,0.0,0.078,0.0,0.0,0.05,0.0
Estonia,2010,0.0,0.207,0.0,0.094,0.0,0.0,0.05,0.0
Estonia,2011,0.0,0.207,0.0,0.118,0.0,0.0,0.074,0.0
Estonia,2012,0.0,0.207,0.0,0.219,0.0,0.0,0.074,0.0
Estonia,2013,0.0,0.4581,0.0,0.241,0.0,0.0,0.074,0.0
Estonia,2014,0.0,0.4581,0.0,0.241,0.0,0.0,0.074,0.0
Estonia,2015,0.0,0.4581,0.0,0.259,0.0,0.0,0.074,0.0
Estonia,2016,0.0,0.4581,0.0,0.259,0.0,0.0,0.095,0.0
Estonia,2017,0.0,0.4581,0.0039,0.259,0.0,0.0,0.095,0.0
Estonia,2018,0.0,0.4581,0.031900000000000005,0.259,0.0,0.0,0.095,0.0
Estonia,2019,0.0,0.4581,0.10779999999999999,0.259,0.0,0.0,0.105,0.0
Estonia,2020,0.0,0.4581,0.2361,0.271,0.0,0.0,0.105,0.0
Estonia,2021,0.0,0.4581,0.3644,0.271,0.0,0.0,0.105,0.0
Estonia,2022,0.0,0.4581,0.39,0.271,0.0,0.0,0.105,0.0
Estonia,2023,0.0,0.4581,0.5730765432098764,0.331,0.0,0.0,0.105,0.0
Estonia,2024,0.0,0.4581,0.8109719135802469,0.688,0.0,0.0,0.105,0.0
Estonia,2025,0.0,0.4581,1.0011618271604938,0.688,0.0,0.0,0.105,0.0
Eswatini,2018,0.0,0.0,0.0018,0.0,0.0,0.0,0.0,0.0
Eswatini,2019,0.0,0.0,0.0018,0.0,0.0,0.0,0.0,0.0
Eswatini,2020,0.0,0.0,0.0018,0.0,0.0,0.0,0.0,0.0
Eswatini,2021,0.0,0.0,0.010826683937823834,0.0,0.0,0.0,0.0,0.0
Eswatini,2022,0.0,0.0,0.012426683937823833,0.0,0.0,0.0,0.0,0.0
Eswatini,2023,0.0,0.0,0.013726683937823832,0.0,0.0,0.0,0.0,0.0
Eswatini,2024,0.0,0.0,0.013726683937823832,0.0,0.0,0.0,0.025,0.0
Eswatini,2025,0.0,0.0,0.013726683937823832,0.0,0.0,0.0,0.025,0.0
Ethiopia,2000,0.0,0.0,0.0,0.0,0.393,0.0,0.0,0.0
Ethiopia,2001,0.0,0.0,0.0,0.0,0.466,0.0,0.0,0.0
Ethiopia,2002,0.0,0.0,0.0,0.0,0.466,0.0,0.0,0.0
Ethiopia,2003,0.0,0.0,0.0,0.0,0.466,0.0,0.0,0.0
Ethiopia,2004,0.0,0.0,0.0,0.0,0.65,0.0,0.0,0.0
Ethiopia,2005,0.0,0.0,0.0,0.0,0.65,0.0,0.0,0.0
Ethiopia,2006,0.0,0.0,0.0,0.0,0.65,0.0,0.0,0.0
Ethiopia,2007,0.0,0.0,0.0,0.0,0.65,0.0,0.0,0.0
Ethiopia,2008,0.0,0.0,0.0,0.0,0.65,0.0,0.0,0.0
Ethiopia,2009,0.0,0.0,0.0,0.0,0.95,0.0,0.0,0.0
Ethiopia,2010,0.0,0.0,0.0,0.0,1.83,0.0,0.0,0.0
Ethiopia,2011,0.0,0.0,0.0,0.0,1.927,0.0,0.0,0.0
Ethiopia,2012,0.0,0.0,0.0,0.051,1.927,0.0,0.0,0.0
Ethiopia,2013,0.0,0.0,0.0,0.171,1.927,0.0,0.031,0.0
Ethiopia,2014,0.0,0.0,0.0,0.171,1.927,0.0,0.031,0.0
Ethiopia,2015,0.0,0.0,0.0,0.324,3.797,0.0,0.031,0.0
Ethiopia,2016,0.0,0.0,0.0,0.324,3.797,0.0,0.031,0.0
Ethiopia,2017,0.0,0.0,0.0,0.444,3.797,0.0,0.091,0.0
Ethiopia,2018,0.0,0.0,0.0,0.444,3.797,0.0,0.192,0.0
Ethiopia,2019,0.0,0.0,0.0,0.444,3.797,0.0,0.192,0.0
Ethiopia,2020,0.0,0.0,0.0,0.444,4.051,0.0,0.192,0.0
Ethiopia,2021,0.0,0.0,0.0,0.444,4.051,0.0,0.237,0.0
Ethiopia,2022,0.0,0.0,0.0,0.564,4.051,0.0,0.237,0.0
Ethiopia,2023,0.0,0.0,0.0,0.564,4.051,0.0,0.237,0.0
Ethiopia,2024,0.0,0.0,0.0015,0.564,4.051,0.0,0.237,0.0
Ethiopia,2025,0.0,0.0,0.0015,0.664,9.201,0.0,0.237,0.0
Faroe Islands,2014,0.0,0.0,0.0,0.012,0.0,0.0,0.0,0.0
Faroe Islands,2015,0.0,0.0,0.0,0.012,0.0,0.0,0.0,0.0
Faroe Islands,2016,0.0,0.0,0.0,0.012,0.0,0.0,0.0,0.0
Faroe Islands,2017,0.0,0.0,0.0,0.012,0.0,0.0,0.0,0.0
Faroe Islands,2018,0.0,0.0,0.0,0.012,0.0,0.0,0.0,0.0
Faroe Islands,2019,0.0,0.0,0.0,0.012,0.0,0.0,0.0,0.0
Faroe Islands,2020,0.0,0.0,0.0,0.012,0.0,0.0,0.0,0.0
Faroe Islands,2021,0.0,0.0,0.0,0.012,0.0,0.0,0.0,0.0
Faroe Islands,2022,0.0,0.0,0.0,0.037,0.0,0.0,0.0,0.0
Faroe Islands,2023,0.0,0.0,0.0,0.037,0.0,0.0,0.0,0.0
Faroe Islands,2024,0.0,0.0,0.0,0.037,0.0,0.0,0.0,0.0
Faroe Islands,2025,0.0,0.0,0.0,0.037,0.0,0.0,0.0,0.0
Fiji,2000,0.0,0.03,0.0,0.0,0.08,0.0,0.0,0.0
Fiji,2001,0.0,0.03,0.0,0.0,0.08,0.0,0.0,0.0
Fiji,2002,0.0,0.03,0.0,0.0,0.08,0.0,0.0,0.0
Fiji,2003,0.0,0.03,0.0,0.0,0.08,0.0,0.0,0.0
Fiji,2004,0.0,0.03,0.0,0.0,0.08,0.0,0.0,0.0
Fiji,2005,0.0,0.092,0.0,0.0,0.08,0.0,0.0,0.0
Fiji,2006,0.0,0.092,0.0,0.0,0.08,0.0,0.0,0.0
Fiji,2007,0.0,0.092,0.0,0.0,0.08,0.0,0.0,0.0
Fiji,2008,0.0,0.092,0.0,0.01,0.08,0.0,0.0,0.0
Fiji,2009,0.0,0.092,0.0,0.01,0.08,0.0,0.005,0.0
Fiji,2010,0.0,0.092,0.0,0.01,0.08,0.0,0.005,0.0
Fiji,2011,0.0,0.092,0.0,0.01,0.08,0.0,0.005,0.0
Fiji,2012,0.0,0.092,0.0,0.01,0.12,0.0,0.005,0.0
Fiji,2013,0.0,0.092,0.0,0.01,0.12,0.0,0.005,0.0
Fiji,2014,0.0,0.092,0.0,0.01,0.12,0.0,0.005,0.0
Fiji,2015,0.0,0.128,0.0,0.01,0.12,0.0,0.024,0.0
Fiji,2016,0.0,0.128,0.0,0.01,0.12,0.0,0.024,0.0
Fiji,2017,0.0,0.128,0.0,0.01,0.12,0.0,0.036,0.0
Fiji,2018,0.0,0.128,0.0,0.01,0.12,0.0,0.036,0.0
Fiji,2019,0.0,0.128,0.0,0.01,0.12,0.0,0.036,0.0
Fiji,2020,0.0,0.128,0.0,0.01,0.12,0.0,0.036,0.0
Fiji,2021,0.0,0.128,0.0,0.01,0.12,0.0,0.036,0.0
Fiji,2022,0.0,0.128,0.0,0.01,0.12,0.0,0.036,0.0
Fiji,2023,0.0,0.128,0.0,0.01,0.12,0.0,0.036,0.0
Fiji,2024,0.0,0.128,0.0,0.01,0.12,0.0,0.036,0.0
Fiji,2025,0.0,0.128,0.0,0.01,0.12,0.0,0.036,0.0
Finland,2000,3.537,1.661,0.0,0.0,2.545,2.902,1.145,0.0
Finland,2001,3.537,1.661,0.0,0.0,2.545,2.902,1.457,0.0
Finland,2002,3.537,1.661,0.0,0.0,2.545,2.902,1.614,0.0
Finland,2003,3.502,1.661,0.0,0.0,2.545,2.902,1.614,0.0
Finland,2004,3.502,1.661,0.0,0.0115,2.545,2.902,1.709,0.0
Finland,2005,3.502,1.661,0.0,0.0115,2.545,2.902,1.709,0.0
Finland,2006,3.424,1.661,0.0,0.0115,2.545,2.902,1.785,0.0
Finland,2007,3.424,1.661,0.0,0.0115,2.545,2.902,1.785,0.0
Finland,2008,3.424,1.661,0.0,0.0385,2.545,2.902,1.866,0.0
Finland,2009,3.424,1.895,0.0,0.0385,2.545,2.902,1.985,0.0
Finland,2010,3.424,1.895,0.0,0.0795,2.545,2.902,2.175,0.0
Finland,2011,3.424,1.895,0.0,0.0795,2.545,2.902,2.175,0.0
Finland,2012,3.424,1.895,0.0,0.1035,2.545,2.902,2.396,0.0
Finland,2013,3.344,2.215,0.0,0.2895,2.545,2.902,2.4198000000000004,0.0
Finland,2014,2.344,2.215,0.0,0.4235,2.545,2.902,2.6918,0.0
Finland,2015,2.344,2.215,0.0,0.8055,2.545,2.902,2.6918,0.0
Finland,2016,2.344,2.34,0.0,1.3315,2.545,2.902,2.6918,0.0
Finland,2017,1.877,2.34,0.0,1.7945,2.545,2.902,3.0818000000000003,0.0
Finland,2018,1.877,2.371,0.00441820987654321,1.7945,2.545,2.902,3.0818000000000003,0.0
Finland,2019,1.739,2.371,0.006185493827160494,2.0353,2.545,2.902,3.1168,0.0
Finland,2020,1.343,2.371,0.006185493827160494,2.3373000000000004,2.545,2.902,3.2238,0.0
Finland,2021,1.343,2.371,0.00821787037037037,3.0083,2.545,2.902,3.2238,0.0
Finland,2022,1.343,2.311,0.014315,5.0057,2.545,4.622,3.2708000000000004,0.0
Finland,2023,1.115,2.311,0.04586101851851852,6.6836,2.545,4.622,3.5178000000000003,0.0
Finland,2024,0.91,2.311,0.10904141975308641,8.0964,2.545,4.622,3.5178000000000003,0.0
Finland,2025,0.653,2.311,0.19273876543209878,8.558399999999999,2.545,4.622,3.5178000000000003,0.0
France,2000,8.276,2.0603000000000002,0.0,0.023,21.003,62.9,0.2903,0.0
France,2001,8.276,2.499,0.0,0.09290000000000001,21.003,62.9,0.2903,0.0
France,2002,8.276,2.543,0.0,0.1382,21.003,66.022,0.2903,0.0
France,2003,8.276,2.6302,0.0,0.1822,21.003,66.022,0.2903,0.0
France,2004,8.276,2.9132,0.0,0.2632,21.003,66.022,0.2903,0.0
France,2005,7.546,3.7542,0.0,0.598,21.003,66.022,0.3272,0.0
France,2006,7.296,3.8002,0.0,1.3472,21.003,66.022,0.3272,0.0
France,2007,7.296,3.9252,0.0,2.1881999999999997,21.003,66.022,0.4117,0.0
France,2008,7.296,4.3652,0.009800000000000001,3.3001,21.003,66.022,0.4117,0.0017
France,2009,7.296,5.4432,0.0248,4.6017,21.003,66.022,0.4117,0.0017
France,2010,7.296,7.7181999999999995,0.1321,5.7445,21.003,65.88,0.4712,0.0017
France,2011,7.296,8.5462,0.77389,6.7683,21.003,65.88,0.4712,0.0017
France,2012,7.296,9.458200000000001,1.22244,7.5438,21.058,65.88,0.4712,0.0017
France,2013,5.711,9.9572,1.5623384269662923,8.0952,21.058,65.88,0.4712,0.0017
France,2014,5.195,10.083200000000001,2.1341884269662925,8.8453,21.058,65.88,0.5107,0.0017
France,2015,3.137,10.305200000000001,2.651662426966292,9.8297,21.058,65.88,0.5248389999999999,0.0017
France,2016,3.137,10.8902,2.976336426966292,11.443299999999999,21.058,65.88,0.546139,0.0017
France,2017,3.137,10.8902,3.510090202247191,13.2203,21.058,65.88,0.546139,0.0017
France,2018,3.137,10.8902,4.037215730337079,14.6448,21.058,65.88,0.5661390000000001,0.0017
France,2019,3.137,10.8902,4.513898561797753,16.0175,21.058,65.88,0.6055389999999999,0.0017
France,2020,3.137,10.921700000000001,5.065598561797753,16.7576,21.155,64.04,0.6055389999999999,0.0017
France,2021,1.907,10.921700000000001,6.90138795505618,17.3522,21.155,64.04,0.660539,0.0017
France,2022,1.907,11.367700000000001,8.43533695505618,19.1062,21.155,64.04,0.660539,0.0017
France,2023,1.907,11.367700000000001,9.492406471910112,20.056099999999997,21.155,64.04,0.660539,0.0017
France,2024,1.907,11.367700000000001,11.172109651685394,21.983,21.155,65.69,0.685539,0.0017
France,2025,1.907,11.367700000000001,12.146379651685393,22.2095,21.155,65.69,0.685539,0.0017
French Guiana,2000,0.0,0.07659999999999999,0.0,0.0,0.116,0.0,0.0,0.0
French Guiana,2001,0.0,0.07659999999999999,0.0,0.0,0.116,0.0,0.0,0.0
French Guiana,2002,0.0,0.07659999999999999,0.0,0.0,0.116,0.0,0.0,0.0
French Guiana,2003,0.0,0.07659999999999999,0.0,0.0,0.116,0.0,0.0,0.0
French Guiana,2004,0.0,0.07659999999999999,0.0,0.0,0.116,0.0,0.0,0.0
French Guiana,2005,0.0,0.07659999999999999,0.0,0.0,0.116,0.0,0.0,0.0
French Guiana,2006,0.0,0.07659999999999999,0.0,0.0,0.116,0.0,0.0,0.0
French Guiana,2007,0.0,0.07659999999999999,0.0,0.0,0.116,0.0,0.0,0.0
French Guiana,2008,0.0,0.09659999999999999,0.0,0.0,0.116,0.0,0.0,0.0
French Guiana,2009,0.0,0.09659999999999999,0.0,0.0,0.116,0.0,0.0,0.0
French Guiana,2010,0.0,0.09659999999999999,0.01044,0.0,0.116,0.0,0.0,0.0
French Guiana,2011,0.0,0.09659999999999999,0.0174,0.0,0.116,0.0,0.0,0.0
French Guiana,2012,0.0,0.09659999999999999,0.0174,0.0,0.116,0.0,0.0,0.0
French Guiana,2013,0.0,0.09659999999999999,0.0174,0.0,0.116,0.0,0.0,0.0
French Guiana,2014,0.0,0.1166,0.02175,0.0,0.116,0.0,0.0,0.0
French Guiana,2015,0.0,0.1166,0.02175,0.0,0.116,0.0,0.0,0.0
French Guiana,2016,0.0,0.1166,0.02175,0.0,0.116,0.0,0.0,0.0
French Guiana,2017,0.0,0.1166,0.027149999999999997,0.0,0.116,0.0,0.0,0.0
French Guiana,2018,0.0,0.1306,0.027149999999999997,0.0,0.116,0.0,0.0,0.0
French Guiana,2019,0.0,0.1306,0.027149999999999997,0.0,0.116,0.0,0.0,0.0
French Guiana,2020,0.0,0.1446,0.0315,0.0,0.116,0.0,0.0,0.0
French Guiana,2021,0.0,0.1446,0.0315,0.0,0.116,0.0,0.0,0.0
French Guiana,2022,0.0,0.1446,0.0315,0.0,0.116,0.0,0.0,0.0
French Guiana,2023,0.0,0.1446,0.036295370370370374,0.0,0.116,0.0,0.0,0.0
French Guiana,2024,0.0,0.1446,0.03759537037037037,0.0,0.116,0.0,0.0,0.0
French Guiana,2025,0.0,0.1446,0.03759537037037037,0.0,0.116,0.0,0.0105,0.0
French Polynesia,2024,0.0,0.0,0.016885961685823757,0.0,0.0,0.0,0.0,0.0
French Polynesia,2025,0.0,0.0,0.016885961685823757,0.0,0.0,0.0,0.0,0.0
Gabon,2000,0.0,0.0,0.0,0.0,0.164,0.0,0.0,0.0
Gabon,2001,0.0,0.0,0.0,0.0,0.164,0.0,0.0,0.0
Gabon,2002,0.0,0.0,0.0,0.0,0.164,0.0,0.0,0.0
Gabon,2003,0.0,0.0,0.0,0.0,0.164,0.0,0.0,0.0
Gabon,2004,0.0,0.0,0.0,0.0,0.164,0.0,0.0,0.0
Gabon,2005,0.0,0.0,0.0,0.0,0.164,0.0,0.0,0.0
Gabon,2006,0.0,0.0,0.0,0.0,0.164,0.0,0.0,0.0
Gabon,2007,0.0,0.0,0.0,0.0,0.164,0.0,0.0,0.0
Gabon,2008,0.0,0.0,0.0,0.0,0.164,0.0,0.0,0.0
Gabon,2009,0.0,0.0,0.0,0.0,0.164,0.0,0.0,0.0
Gabon,2010,0.0,0.0,0.0,0.0,0.164,0.0,0.0,0.0
Gabon,2011,0.0,0.0,0.0,0.0,0.164,0.0,0.0,0.0
Gabon,2012,0.0,0.0,0.0,0.0,0.164,0.0,0.0,0.0
Gabon,2013,0.0,0.225,0.0,0.0,0.324,0.0,0.0,0.0
Gabon,2014,0.0,0.225,0.0,0.0,0.324,0.0,0.0,0.0
Gabon,2015,0.0,0.225,0.0,0.0,0.324,0.0,0.0,0.0
Gabon,2016,0.0,0.225,0.0,0.0,0.324,0.0,0.0,0.0
Gabon,2017,0.0,0.225,0.0,0.0,0.324,0.0,0.0,0.0
Gabon,2018,0.0,0.225,0.0,0.0,0.324,0.0,0.0,0.0
Gabon,2019,0.0,0.225,0.0,0.0,0.324,0.0,0.0,0.0
Gabon,2020,0.0,0.225,0.0,0.0,0.324,0.0,0.0,0.0
Gabon,2021,0.0,0.225,0.0,0.0,0.324,0.0,0.0,0.0
Gabon,2022,0.0,0.225,0.0,0.0,0.324,0.0,0.0,0.0
Gabon,2023,0.0,0.225,0.0,0.0,0.324,0.0,0.0,0.0
Gabon,2024,0.0,0.225,0.0,0.0,0.324,0.0,0.0,0.0
Gabon,2025,0.0,0.225,0.0,0.0,0.324,0.0,0.0,0.0
Georgia,2000,0.0,0.572,0.0,0.0,2.429,0.0,0.0,0.0
Georgia,2001,0.0,0.572,0.0,0.0,2.429,0.0,0.0,0.0
Georgia,2002,0.0,0.572,0.0,0.0,2.429,0.0,0.0,0.0
Georgia,2003,0.0,0.572,0.0,0.0,2.429,0.0,0.0,0.0
Georgia,2004,0.0,0.572,0.0,0.0,2.429,0.0,0.0,0.0
Georgia,2005,0.0,0.572,0.0,0.0,2.429,0.0,0.0,0.0
Georgia,2006,0.0,0.682,0.0,0.0,2.429,0.0,0.0,0.0
Georgia,2007,0.0,0.682,0.0,0.0,2.429,0.0,0.0,0.0
Georgia,2008,0.0,0.682,0.0,0.0,2.429,0.0,0.0,0.0
Georgia,2009,0.0,0.682,0.0,0.0,2.429,0.0,0.0,0.0
Georgia,2010,0.0,0.682,0.0,0.0,2.429,0.0,0.0,0.0
Georgia,2011,0.0,0.682,0.0,0.0,2.429,0.0,0.0,0.0
Georgia,2012,0.0,0.682,0.0,0.0,2.429,0.0,0.0,0.0
Georgia,2013,0.0,0.682,0.0,0.0,2.429,0.0,0.0,0.0
Georgia,2014,0.0,0.682,0.0,0.0,2.514,0.0,0.0,0.0
Georgia,2015,0.0,0.9132,0.0,0.0,2.514,0.0,0.0,0.0
Georgia,2016,0.0,0.9132,0.0,0.0207,2.622,0.0,0.0,0.0
Georgia,2017,0.0,0.9132,0.0,0.0207,2.848,0.0,0.0,0.0
Georgia,2018,0.0,0.9132,0.0,0.0207,2.899,0.0,0.0,0.0
Georgia,2019,0.0,0.9132,0.0,0.0207,2.929,0.0,0.0,0.0
Georgia,2020,0.0,1.1682000000000001,0.0,0.0207,2.929,0.0,0.0,0.0
Georgia,2021,0.0,1.1682000000000001,0.0,0.0207,2.929,0.0,0.0,0.0
Georgia,2022,0.0,1.1682000000000001,0.0,0.0207,2.929,0.0,0.0,0.0
Georgia,2023,0.0,1.1682000000000001,0.0054,0.0207,2.929,0.0,0.0,0.0
Georgia,2024,0.0,1.1682000000000001,0.0129,0.0207,2.975,0.0,0.0,0.0
Georgia,2025,0.0,1.1682000000000001,0.0129,0.0207,2.975,0.0,0.0,0.0
Germany,2000,52.604,14.986600000000001,0.00087,1.68,6.2825,22.552,0.758275,0.0
Germany,2001,52.019,15.1606,0.00087,3.0095,6.2825,22.552,0.758275,0.0
Germany,2002,52.509,15.2736,0.00087,4.444100000000001,6.2825,22.552,0.795975,0.0
Germany,2003,52.088,15.5686,0.00174,5.931100000000001,6.2825,21.88,0.929175,0.0
Germany,2004,51.998,16.2205,0.035757,6.9741,7.3425,21.88,1.1015050000000002,0.0
Germany,2005,51.488,18.0658,0.084738,8.1681,7.3425,21.523,1.280005,0.0
Germany,2006,51.488,18.5438,0.131718,9.7451,7.3425,21.523,1.4227049999999999,0.0
Germany,2007,51.288,19.8948,0.26648099999999997,10.6701,7.3425,21.523,1.554705,0.003
Germany,2008,51.288,20.7328,0.451791,11.1971,7.3425,21.523,1.626865,0.003
Germany,2009,51.319,21.1513,1.131686,12.507100000000001,7.4825,21.523,1.7802650000000002,0.0085
Germany,2010,51.319,23.56926,2.436959,13.2591,7.4825,21.523,1.8652650000000002,0.0085
Germany,2011,50.573,24.51326,4.43603,14.020100000000001,7.4825,12.702,1.926165,0.0085
Germany,2012,50.485,24.69426,7.045978,15.632100000000001,7.4825,12.702,1.976165,0.0189
Germany,2013,50.772,26.35916,8.03381,17.609099999999998,7.4825,12.702,2.027965,0.023899999999999998
Germany,2014,50.153,26.594759999999997,8.539193,21.300099999999997,7.4825,12.702,2.1523649999999996,0.0282
Germany,2015,52.46,26.91676,9.072785,25.7276,7.4825,11.357,2.086365,0.0282
Germany,2016,51.78,28.66696,9.691463,28.8721,7.4825,11.357,2.086365,0.032299999999999995
Germany,2017,48.43,28.89396,10.05956,33.7266,7.4825,10.013,2.127501,0.032299999999999995
Germany,2018,47.378,28.97766,10.55894,35.7316,7.4825,10.013,2.127501,0.0368
Germany,2019,46.133,29.380560000000003,11.058494000000001,38.1721,7.4825,8.545,2.127501,0.04019999999999999
Germany,2020,46.389,30.12806,12.0153,38.930099999999996,7.4825,8.545,2.127501,0.04019999999999999
Germany,2021,39.705,30.12806,13.625441601023018,40.3291,7.4825,4.291,2.127501,0.0445
Germany,2022,39.184,31.86346,16.55584960102302,42.107,7.4825,4.291,2.127501,0.0445
Germany,2023,39.072,33.71321,20.475744601023017,44.406400000000005,7.4825,0.0,2.1495010000000003,0.0445
Germany,2024,32.342,34.44121,26.329936601023018,46.7681,7.4425,0.0,2.183331,0.0445
Germany,2025,31.974,34.55521,32.73983560102302,48.9736,7.4425,0.0,2.203331,0.0445
Ghana,2000,0.0,0.33,0.0,0.0,1.18,0.0,0.0,0.0
Ghana,2001,0.0,0.33,0.0,0.0,1.18,0.0,0.0,0.0
Ghana,2002,0.0,0.33,0.0,0.0,1.18,0.0,0.0,0.0
Ghana,2003,0.0,0.33,0.0,0.0,1.18,0.0,0.0,0.0
Ghana,2004,0.0,0.33,0.0,0.0,1.18,0.0,0.0,0.0
Ghana,2005,0.0,0.33,0.0,0.0,1.18,0.0,0.0,0.0
Ghana,2006,0.0,0.33,0.0,0.0,1.18,0.0,0.0,0.0
Ghana,2007,0.0,0.33,0.0,0.0,1.18,0.0,0.0,0.0
Ghana,2008,0.0,0.44,0.0,0.0,1.18,0.0,0.0,0.0
Ghana,2009,0.0,0.44,0.0,0.0,1.18,0.0,0.0,0.0
Ghana,2010,0.0,0.52,0.0,0.0,1.18,0.0,0.0,0.0
Ghana,2011,0.0,0.72,0.0,0.0,1.18,0.0,0.0,0.0
Ghana,2012,0.0,0.83,0.0,0.0,1.18,0.0,0.0,0.0
Ghana,2013,0.0,0.962,0.0,0.0,1.584,0.0,0.0,0.0
Ghana,2014,0.0,1.282,0.0,0.0,1.584,0.0,0.0,0.0
Ghana,2015,0.0,1.282,0.0,0.0,1.584,0.0,0.0,0.0
Ghana,2016,0.0,1.502,0.02,0.0,1.584,0.0,0.0,0.0
Ghana,2017,0.0,2.312,0.02,0.0,1.584,0.0,0.0,0.0
Ghana,2018,0.0,2.682,0.04,0.0,1.584,0.0,0.0,0.0
Ghana,2019,0.0,3.235,0.04,0.0,1.584,0.0,0.0,0.0
Ghana,2020,0.0,3.235,0.13592183937823832,0.0,1.584,0.0,0.0,0.0
Ghana,2021,0.0,3.429,0.15552183937823835,0.0,1.584,0.0,0.0,0.0
Ghana,2022,0.0,3.429,0.20052183937823836,0.0,1.584,0.0,0.0,0.0
Ghana,2023,0.0,3.429,0.26858666839378237,0.0,1.584,0.0,0.0,0.0
Ghana,2024,0.0,3.429,0.2990366683937824,0.0,1.584,0.0,0.0,0.0
Ghana,2025,0.0,3.629,0.2990366683937824,0.0,1.584,0.0,0.0,0.0
Gibraltar,2018,0.0,0.0864,0.0,0.0,0.0,0.0,0.0,0.0
Gibraltar,2019,0.0,0.0864,0.0,0.0,0.0,0.0,0.0,0.0
Gibraltar,2020,0.0,0.0864,0.0,0.0,0.0,0.0,0.0,0.0
Gibraltar,2021,0.0,0.0864,0.0,0.0,0.0,0.0,0.0,0.0
Gibraltar,2022,0.0,0.0864,0.0,0.0,0.0,0.0,0.0,0.0
Gibraltar,2023,0.0,0.0864,0.0,0.0,0.0,0.0,0.0,0.0
Gibraltar,2024,0.0,0.0864,0.0,0.0,0.0,0.0,0.0,0.0
Gibraltar,2025,0.0,0.0864,0.0,0.0,0.0,0.0,0.0,0.0
Greece,2000,4.948,1.206,0.0,0.2091,2.965,0.0,0.0,0.0
Greece,2001,4.948,1.206,0.0,0.2489,2.965,0.0,0.0,0.0
Greece,2002,4.948,1.691,0.0,0.2625,2.965,0.0,0.0,0.0
Greece,2003,5.278,1.818,0.0,0.38630000000000003,2.965,0.0,0.0,0.0
Greece,2004,5.278,2.069,0.0,0.4677,2.965,0.0,0.0,0.0
Greece,2005,5.278,2.069,0.0,0.5905,2.965,0.0,0.0,0.0
Greece,2006,5.278,2.867,0.0,0.7532,2.965,0.0,0.0,0.0
Greece,2007,5.278,2.867,0.0,0.8801,2.965,0.0,0.0,0.0
Greece,2008,5.278,3.336,0.0,1.0211000000000001,2.965,0.0,0.0,0.0
Greece,2009,5.278,3.336,0.0,1.1893,2.965,0.0,0.0,0.0
Greece,2010,5.208,4.191,0.0,1.3753,2.965,0.0,0.0,0.0
Greece,2011,4.958,4.66,0.0,1.7282,2.965,0.0,0.0,0.0
Greece,2012,4.958,5.0966000000000005,0.0,1.8474000000000002,2.965,0.0,0.0,0.0
Greece,2013,4.925,5.5136,0.0,1.9365999999999999,2.965,0.0,0.0,0.0
Greece,2014,4.925,5.6336,0.0,2.0631,2.965,0.0,0.0,0.0
Greece,2015,4.925,6.4446,0.0,2.2224,3.119,0.0,0.0,0.0
Greece,2016,4.375,6.4446,0.0,2.4623000000000004,3.119,0.0,0.0,0.0
Greece,2017,4.375,6.4446,0.031299999999999994,2.7405,3.119,0.0,0.0,0.0
Greece,2018,4.375,6.4446,0.031299999999999994,2.9488000000000003,3.119,0.0,0.0,0.0
Greece,2019,3.775,6.5056,0.031299999999999994,3.6622,3.119,0.0,0.0,0.0
Greece,2020,3.175,6.5056,0.06436,4.1834,3.119,0.0,0.0,0.0
Greece,2021,2.525,6.5056,0.06436,4.5294,3.119,0.0,0.0,0.0
Greece,2022,2.225,6.5056,0.9013,4.7433000000000005,3.119,0.0,0.0,0.0
Greece,2023,2.885,7.331600000000001,2.629207,5.3165,3.119,0.0,0.0,0.0
Greece,2024,1.985,7.331600000000001,3.365670007968127,5.4506000000000006,3.119,0.0,0.0,0.0
Greece,2025,1.655,8.2086,3.5953500079681278,5.5286,3.119,0.0,0.0,0.0
Guadeloupe,2000,0.064,0.041,0.0,0.0,0.0,0.0,0.0,0.005
Guadeloupe,2001,0.064,0.041,0.0,0.0,0.0,0.0,0.0,0.005
Guadeloupe,2002,0.064,0.041,0.0,0.0,0.0,0.0,0.0,0.005
Guadeloupe,2003,0.064,0.041,0.0,0.0,0.0,0.0,0.0,0.015
Guadeloupe,2004,0.064,0.081,0.0,0.0,0.0,0.0,0.0,0.015
Guadeloupe,2005,0.064,0.081,0.0,0.0,0.0,0.0,0.0,0.015
Guadeloupe,2006,0.064,0.081,0.0,0.0,0.0,0.0,0.0,0.015
Guadeloupe,2007,0.064,0.081,0.0,0.0,0.0,0.0,0.0,0.015
Guadeloupe,2008,0.064,0.081,0.0,0.0,0.0,0.0,0.0,0.015
Guadeloupe,2009,0.064,0.081,0.0,0.0,0.0,0.0,0.0,0.015
Guadeloupe,2010,0.064,0.081,0.0,0.0,0.0,0.0,0.0,0.015
Guadeloupe,2011,0.102,0.081,0.0,0.0,0.0,0.0,0.038,0.015
Guadeloupe,2012,0.102,0.081,0.0,0.0,0.0,0.0,0.038,0.015
Guadeloupe,2013,0.102,0.081,0.0,0.0,0.0,0.0,0.038,0.015
Guadeloupe,2014,0.102,0.2922,0.0,0.0,0.0,0.0,0.038,0.015
Guadeloupe,2015,0.102,0.2922,0.0,0.0,0.0,0.0,0.038,0.015
Guadeloupe,2016,0.102,0.2922,0.0,0.0,0.0,0.0,0.038,0.015
Guadeloupe,2017,0.102,0.2922,0.0208,0.0,0.0,0.0,0.038,0.015
Guadeloupe,2018,0.102,0.2922,0.024300000000000002,0.016,0.0,0.0,0.038,0.015
Guadeloupe,2019,0.102,0.2922,0.0338,0.028,0.0,0.0,0.038,0.015
Guadeloupe,2020,0.064,0.2922,0.0338,0.041,0.0,0.0,0.038,0.015
Guadeloupe,2021,0.064,0.2922,0.0338,0.041,0.0,0.0,0.038,0.015
Guadeloupe,2022,0.064,0.2922,0.0338,0.041,0.0,0.0,0.038,0.015
Guadeloupe,2023,0.064,0.2922,0.0338,0.041,0.0,0.0,0.038,0.015
Guadeloupe,2024,0.064,0.2922,0.0366,0.041,0.0,0.0,0.038,0.015
Guadeloupe,2025,0.0,0.2922,0.0366,0.041,0.0,0.0,0.038,0.015
Guatemala,2000,0.139,0.196,0.0,0.0,0.44,0.0,0.2495,0.024
Guatemala,2001,0.139,0.196,0.0,0.0,0.44,0.0,0.2495,0.024
Guatemala,2002,0.139,0.196,0.0,0.0,0.479,0.0,0.2495,0.024
Guatemala,2003,0.139,0.356,0.0,0.0,0.527,0.0,0.2495,0.024
Guatemala,2004,0.139,0.356,0.0,0.0,0.595,0.0,0.3215,0.024
Guatemala,2005,0.139,0.356,0.0,0.0,0.595,0.0,0.3675,0.024
Guatemala,2006,0.139,0.356,0.0,0.0,0.595,0.0,0.3675,0.046
Guatemala,2007,0.139,0.356,0.0,0.0,0.595,0.0,0.3675,0.046
Guatemala,2008,0.139,0.356,0.0,0.0,0.595,0.0,0.4125,0.046
Guatemala,2009,0.139,0.356,0.0,0.0,0.595,0.0,0.4125,0.046
Guatemala,2010,0.139,0.356,0.0,0.0,0.692,0.0,0.4125,0.046
Guatemala,2011,0.222,0.356,0.0,0.0,0.692,0.0,0.4125,0.046
Guatemala,2012,0.222,0.356,0.0,0.0,0.779,0.0,0.4745,0.046
Guatemala,2013,0.222,0.356,0.0,0.0,0.779,0.0,0.4745,0.046
Guatemala,2014,0.222,0.356,0.012947499999999999,0.0,0.779,0.0,0.6005,0.046
Guatemala,2015,0.222,0.356,0.0938575,0.076,0.779,0.0,0.7525,0.046
Guatemala,2016,0.222,0.356,0.0938575,0.076,0.896,0.0,0.8605,0.046
Guatemala,2017,0.222,0.356,0.11379148148148148,0.076,0.896,0.0,0.8605,0.046
Guatemala,2018,0.222,0.356,0.11379148148148148,0.106,0.952,0.0,0.8605,0.046
Guatemala,2019,0.222,0.356,0.11379148148148148,0.106,0.952,0.0,0.8605,0.046
Guatemala,2020,0.222,0.356,0.11379148148148148,0.106,0.952,0.0,0.8605,0.046
Guatemala,2021,0.139,0.356,0.11379148148148148,0.106,0.952,0.0,0.8605,0.046
Guatemala,2022,0.139,0.356,0.12689148148148147,0.106,0.952,0.0,0.8605,0.046
Guatemala,2023,0.139,0.356,0.13139148148148147,0.106,0.952,0.0,0.8605,0.046
Guatemala,2024,0.139,0.356,0.1374914814814815,0.106,0.952,0.0,0.8605,0.046
Guatemala,2025,0.139,0.356,0.3231494814814815,0.106,0.952,0.0,0.8605,0.046
Guinea,2000,0.0,0.0,0.0,0.0,0.08,0.0,0.0,0.0
Guinea,2001,0.0,0.0,0.0,0.0,0.08,0.0,0.0,0.0
Guinea,2002,0.0,0.0,0.0,0.0,0.08,0.0,0.0,0.0
Guinea,2003,0.0,0.0,0.0,0.0,0.08,0.0,0.0,0.0
Guinea,2004,0.0,0.0,0.0,0.0,0.08,0.0,0.0,0.0
Guinea,2005,0.0,0.0,0.0,0.0,0.08,0.0,0.0,0.0
Guinea,2006,0.0,0.0,0.0,0.0,0.08,0.0,0.0,0.0
Guinea,2007,0.0,0.0,0.0,0.0,0.08,0.0,0.0,0.0
Guinea,2008,0.0,0.0,0.0,0.0,0.08,0.0,0.0,0.0
Guinea,2009,0.0,0.0,0.0,0.0,0.08,0.0,0.0,0.0
Guinea,2010,0.0,0.0,0.0,0.0,0.08,0.0,0.0,0.0
Guinea,2011,0.0,0.0,0.0,0.0,0.08,0.0,0.0,0.0
Guinea,2012,0.0,0.0,0.0,0.0,0.08,0.0,0.0,0.0
Guinea,2013,0.0,0.0,0.0,0.0,0.08,0.0,0.0,0.0
Guinea,2014,0.0,0.0,0.0,0.0,0.08,0.0,0.0,0.0
Guinea,2015,0.0,0.075,0.0,0.0,0.32,0.0,0.0,0.0
Guinea,2016,0.0,0.075,0.0,0.0,0.32,0.0,0.0,0.0
Guinea,2017,0.0,0.129,0.0,0.0,0.32,0.0,0.0,0.0
Guinea,2018,0.0,0.161,0.0,0.0,0.32,0.0,0.0,0.0
Guinea,2019,0.0,0.161,0.0,0.0,0.32,0.0,0.0,0.0
Guinea,2020,0.0,0.211,0.0,0.0,0.77,0.0,0.0,0.0
Guinea,2021,0.0,0.211,0.0,0.0,0.77,0.0,0.0,0.0
Guinea,2022,0.0,0.211,0.0,0.0,0.77,0.0,0.0,0.0
Guinea,2023,0.0,0.211,0.0,0.0,0.77,0.0,0.0,0.0
Guinea,2024,0.0,0.211,0.0,0.0,0.77,0.0,0.0,0.0
Guinea,2025,0.0,0.211,0.0,0.0,0.77,0.0,0.0,0.0
Guinea-Bissau,2016,0.0,0.0,0.009026683937823833,0.0,0.0,0.0,0.0,0.0
Guinea-Bissau,2017,0.0,0.0,0.009026683937823833,0.0,0.0,0.0,0.0,0.0
Guinea-Bissau,2018,0.0,0.0,0.009026683937823833,0.0,0.0,0.0,0.0,0.0
Guinea-Bissau,2019,0.0,0.0,0.009026683937823833,0.0,0.0,0.0,0.0,0.0
Guinea-Bissau,2020,0.0,0.0,0.009026683937823833,0.0,0.0,0.0,0.0,0.0
Guinea-Bissau,2021,0.0,0.0,0.009026683937823833,0.0,0.0,0.0,0.0,0.0
Guinea-Bissau,2022,0.0,0.0,0.009026683937823833,0.0,0.0,0.0,0.0,0.0
Guinea-Bissau,2023,0.0,0.0,0.009026683937823833,0.0,0.0,0.0,0.0,0.0
Guinea-Bissau,2024,0.0,0.0,0.009026683937823833,0.0,0.0,0.0,0.0,0.0
Guinea-Bissau,2025,0.0,0.0,0.009026683937823833,0.0,0.0,0.0,0.0,0.0
Guyana,2008,0.0,0.0,0.0,0.0,0.0,0.0,0.03,0.0
Guyana,2009,0.0,0.0,0.0,0.0,0.0,0.0,0.03,0.0
Guyana,2010,0.0,0.0,0.0,0.0,0.0,0.0,0.03,0.0
Guyana,2011,0.0,0.0,0.0,0.0,0.0,0.0,0.03,0.0
Guyana,2012,0.0,0.0,0.0,0.0,0.0,0.0,0.03,0.0
Guyana,2013,0.0,0.0,0.0,0.0,0.0,0.0,0.03,0.0
Guyana,2014,0.0,0.0,0.0,0.0,0.0,0.0,0.03,0.0
Guyana,2015,0.0,0.0,0.0,0.0,0.0,0.0,0.03,0.0
Guyana,2016,0.0,0.0,0.0,0.0,0.0,0.0,0.03,0.0
Guyana,2017,0.0,0.0,0.0,0.0,0.0,0.0,0.03,0.0
Guyana,2018,0.0,0.0,0.0,0.0,0.0,0.0,0.03,0.0
Guyana,2019,0.0,0.0,0.0,0.0,0.0,0.0,0.03,0.0
Guyana,2020,0.0,0.0,0.0,0.0,0.0,0.0,0.03,0.0
Guyana,2021,0.0,0.0,0.0,0.0,0.0,0.0,0.03,0.0
Guyana,2022,0.0,0.0,0.0009590740740740741,0.0,0.0,0.0,0.03,0.0
Guyana,2023,0.0,0.0,0.002397685185185185,0.0,0.0,0.0,0.03,0.0
Guyana,2024,0.0,0.072,0.002397685185185185,0.0,0.0,0.0,0.03,0.0
Guyana,2025,0.0,0.072,0.005007685185185185,0.0,0.0,0.0,0.03,0.0
Honduras,2000,0.0,0.2124,0.0,0.0,0.409,0.0,0.0,0.0
Honduras,2001,0.0,0.2124,0.0,0.0,0.409,0.0,0.0,0.0
Honduras,2002,0.0,0.2124,0.0,0.0,0.439,0.0,0.0255,0.0
Honduras,2003,0.0,0.2124,0.0,0.0,0.439,0.0,0.0255,0.0
Honduras,2004,0.0,0.4796,0.0,0.0,0.439,0.0,0.0255,0.0
Honduras,2005,0.0,0.7288,0.0,0.0,0.439,0.0,0.0741,0.0
Honduras,2006,0.0,0.7288,0.0,0.0,0.439,0.0,0.09209999999999999,0.0
Honduras,2007,0.0,0.7288,0.0,0.0,0.439,0.0,0.09209999999999999,0.0
Honduras,2008,0.0,0.7288,0.0,0.0,0.439,0.0,0.09209999999999999,0.0
Honduras,2009,0.0,0.7288,0.0,0.0,0.439,0.0,0.09209999999999999,0.0
Honduras,2010,0.0,0.7288,0.0,0.0,0.439,0.0,0.09209999999999999,0.0
Honduras,2011,0.0,0.7288,0.0,0.102,0.439,0.0,0.09209999999999999,0.0
Honduras,2012,0.0,0.7288,0.0,0.102,0.439,0.0,0.09209999999999999,0.0
Honduras,2013,0.0,0.7288,0.0,0.102,0.439,0.0,0.11209999999999999,0.0
Honduras,2014,0.0,0.7288,0.0,0.126,0.478,0.0,0.11209999999999999,0.0
Honduras,2015,0.07,0.7288,0.3939774814814815,0.176,0.478,0.0,0.11209999999999999,0.0
Honduras,2016,0.07,0.7288,0.40267748148148147,0.176,0.478,0.0,0.1551,0.0
Honduras,2017,0.0,0.7988,0.44762748148148146,0.235,0.478,0.0,0.1551,0.035
Honduras,2018,0.0,0.8338,0.5020274814814815,0.235,0.582,0.0,0.1551,0.035
Honduras,2019,0.0,0.9208,0.5109274814814815,0.235,0.582,0.0,0.1551,0.035
Honduras,2020,0.0,0.9748,0.5308274814814815,0.235,0.582,0.0,0.1551,0.035
Honduras,2021,0.0,0.9748,0.5371274814814815,0.235,0.582,0.0,0.1551,0.035
Honduras,2022,0.0,0.9748,0.5519274814814814,0.235,0.643,0.0,0.1551,0.035
Honduras,2023,0.0,0.9748,0.5617026296296297,0.235,0.643,0.0,0.1551,0.035
Honduras,2024,0.0,1.1548,0.5637026296296297,0.235,0.643,0.0,0.1551,0.035
Honduras,2025,0.0,1.2448,0.6149563333333333,0.235,0.643,0.0,0.1551,0.035
Hong Kong,2000,6.61,3.5055,0.0,0.0,0.0,0.0,0.0,0.0
Hong Kong,2001,6.61,3.5055,0.0,0.0,0.0,0.0,0.0,0.0
Hong Kong,2002,6.61,3.8705,0.0,0.0,0.0,0.0,0.0,0.0
Hong Kong,2003,6.61,3.8705,0.0,0.0,0.0,0.0,0.0,0.0
Hong Kong,2004,6.61,3.8705,0.0,0.0,0.0,0.0,0.0,0.0
Hong Kong,2005,6.61,3.8705,0.0,0.0,0.0,0.0,0.0,0.0
Hong Kong,2006,6.61,4.1705,0.0,0.0,0.0,0.0,0.0,0.0
Hong Kong,2007,6.61,4.1705,0.0,0.0,0.0,0.0,0.0,0.0
Hong Kong,2008,6.61,4.1705,0.0,0.0,0.0,0.0,0.0,0.0
Hong Kong,2009,6.61,4.1705,0.0,0.0,0.0,0.0,0.0,0.0
Hong Kong,2010,6.61,4.1705,0.0,0.0,0.0,0.0,0.0,0.0
Hong Kong,2011,6.61,4.1705,0.0,0.0,0.0,0.0,0.0,0.0
Hong Kong,2012,6.61,4.1705,0.0,0.0,0.0,0.0,0.0,0.0
Hong Kong,2013,6.61,4.1705,0.0,0.0,0.0,0.0,0.0,0.0
Hong Kong,2014,6.61,4.1705,0.0,0.0,0.0,0.0,0.0,0.0
Hong Kong,2015,6.61,4.1705,0.0,0.0,0.0,0.0,0.0,0.0
Hong Kong,2016,6.61,4.1705,0.0,0.0,0.0,0.0,0.0,0.0
Hong Kong,2017,6.36,4.1705,0.0009170759101471727,0.0,0.0,0.0,0.0,0.0
Hong Kong,2018,6.11,4.1705,0.0009170759101471727,0.0,0.0,0.0,0.0,0.0
Hong Kong,2019,6.11,4.1705,0.0009170759101471727,0.0,0.0,0.0,0.0,0.0
Hong Kong,2020,6.11,5.1005,0.0009170759101471727,0.0,0.0,0.0,0.0,0.0
Hong Kong,2021,6.11,5.1005,0.0009170759101471727,0.0,0.0,0.0,0.0,0.0
Hong Kong,2022,6.11,5.1155,0.0009170759101471727,0.0,0.0,0.0,0.0,0.0
Hong Kong,2023,5.16,5.1155,0.0009170759101471727,0.0,0.0,0.0,0.0,0.0
Hong Kong,2024,4.11,6.0955,0.0009170759101471727,0.0,0.0,0.0,0.0,0.0
Hong Kong,2025,4.11,6.0955,0.0009170759101471727,0.0,0.0,0.0,0.0,0.0
Hungary,2000,1.709,1.245,0.0,0.0,0.0,2.027,0.119,0.0
Hungary,2001,1.709,1.295,0.0,0.0,0.0,2.027,0.119,0.0
Hungary,2002,1.709,1.405,0.0,0.0,0.0,2.027,0.119,0.0
Hungary,2003,1.709,1.405,0.0,0.0,0.0,2.027,0.119,0.0
Hungary,2004,1.609,1.535,0.0,0.0,0.0,2.027,0.169,0.0
Hungary,2005,1.609,1.569,0.0,0.0,0.0,2.027,0.169,0.0
Hungary,2006,1.609,1.747,0.0,0.0,0.0,2.027,0.169,0.0
Hungary,2007,1.609,1.904,0.0,0.048,0.0,2.027,0.169,0.0
Hungary,2008,1.609,1.904,0.0,0.095,0.0,2.027,0.169,0.0
Hungary,2009,1.609,1.904,0.0,0.095,0.0,2.027,0.169,0.0
Hungary,2010,1.609,1.904,0.0,0.223,0.0,2.027,0.169,0.0
Hungary,2011,1.304,2.846,0.0,0.319,0.0,2.027,0.169,0.0
Hungary,2012,1.194,2.846,0.0,0.319,0.0,2.027,0.169,0.0
Hungary,2013,1.194,2.846,0.0,0.319,0.0,2.027,0.169,0.0
Hungary,2014,1.194,2.846,0.0,0.319,0.0,2.027,0.169,0.0
Hungary,2015,1.194,2.846,0.0,0.319,0.0,2.027,0.169,0.0
Hungary,2016,1.194,2.846,0.0,0.319,0.0,2.027,0.209,0.0
Hungary,2017,1.194,2.846,0.1767,0.319,0.0,2.027,0.209,0.0034
Hungary,2018,1.134,2.846,0.7720822746781116,0.319,0.0,2.027,0.209,0.0034
Hungary,2019,1.134,2.846,1.388155879828326,0.319,0.0,2.027,0.209,0.0034
Hungary,2020,1.134,2.91,1.8497958798283263,0.319,0.0,2.027,0.209,0.0034
Hungary,2021,1.134,2.91,2.3040958798283264,0.319,0.0,2.027,0.209,0.0034
Hungary,2022,1.134,2.91,2.7611958798283265,0.319,0.0,2.027,0.209,0.0034
Hungary,2023,1.134,2.96,3.4105265665236053,0.319,0.0,2.027,0.209,0.0034
Hungary,2024,1.134,2.96,3.8279700515021458,0.319,0.0,2.027,0.209,0.0034
Hungary,2025,1.014,2.96,3.864470051502146,0.319,0.0,2.027,0.209,0.0034
Iceland,2000,0.0,0.0,0.0,0.0,0.953,0.0,0.0,0.1714
Iceland,2001,0.0,0.0,0.0,0.0,1.043,0.0,0.0,0.1714
Iceland,2002,0.0,0.0,0.0,0.0,1.043,0.0,0.0,0.1714
Iceland,2003,0.0,0.0,0.0,0.0,1.043,0.0,0.0,0.1714
Iceland,2004,0.0,0.0,0.0,0.0,1.043,0.0,0.0,0.1714
Iceland,2005,0.0,0.0,0.0,0.0,1.043,0.0,0.0,0.2014
Iceland,2006,0.0,0.0,0.0,0.0,1.043,0.0,0.0,0.39139999999999997
Iceland,2007,0.0,0.0,0.0,0.0,1.733,0.0,0.0,0.4244
Iceland,2008,0.0,0.0,0.0,0.0,1.733,0.0,0.0,0.5444
Iceland,2009,0.0,0.0,0.0,0.0,1.733,0.0,0.0,0.5444
Iceland,2010,0.0,0.0,0.0,0.0,1.733,0.0,0.0,0.5444
Iceland,2011,0.0,0.0,0.0,0.0,1.733,0.0,0.0,0.6344
Iceland,2012,0.0,0.0,0.0,0.0,1.733,0.0,0.0,0.6344
Iceland,2013,0.0,0.0,0.0,0.0,1.733,0.0,0.0,0.6344
Iceland,2014,0.0,0.0,0.0,0.0,1.828,0.0,0.0,0.6344
Iceland,2015,0.0,0.0,0.0,0.0,1.828,0.0,0.0,0.6344
Iceland,2016,0.0,0.0,0.0,0.0,1.828,0.0,0.0,0.6344
Iceland,2017,0.0,0.0,0.0,0.0,1.828,0.0,0.0,0.6794
Iceland,2018,0.0,0.0,0.0,0.0,1.928,0.0,0.0,0.7243999999999999
Iceland,2019,0.0,0.0,0.0,0.0,1.928,0.0,0.0,0.7243999999999999
Iceland,2020,0.0,0.0,0.0,0.0,1.928,0.0,0.0,0.7243999999999999
Iceland,2021,0.0,0.0,0.0,0.0,1.928,0.0,0.0,0.7243999999999999
Iceland,2022,0.0,0.0,0.0,0.0,1.928,0.0,0.0,0.7243999999999999
Iceland,2023,0.0,0.0,0.0,0.0,1.928,0.0,0.0,0.7544
Iceland,2024,0.0,0.0,0.0,0.0,1.928,0.0,0.0,0.7544
Iceland,2025,0.0,0.0,0.0,0.0,1.928,0.0,0.0,0.8094
India,2000,62.253,9.4837,0.0,0.145,25.085,2.18,0.2025,0.0
India,2001,63.258,10.251700000000001,0.0,0.204,26.433,2.18,0.2185,0.0
India,2002,64.298,10.6277,0.0,0.204,26.868,2.18,0.2385,0.0
India,2003,65.791,11.0531,0.0,0.204,28.968,2.18,0.2945,0.0
India,2004,66.328,11.2601,0.0,0.253,30.508,2.18,0.3969,0.0
India,2005,69.653,11.600100000000001,0.0,0.358,32.161,2.72,0.4689,0.0
India,2006,71.941,13.302100000000001,0.0,0.4662,33.777,3.26,0.5468999999999999,0.0
India,2007,77.149,14.4661,0.0,0.6177,35.687,3.48,0.6799,0.0
India,2008,82.345,14.5581,0.0,1.1537,37.435,3.48,0.7349,0.0
India,2009,87.806,16.545099999999998,0.0,1.5207,37.435,3.48,0.8094,0.0
India,2010,99.074,17.9745,0.0,2.0726999999999998,38.247,3.92,0.9554,0.0
India,2011,113.47,18.0825,0.0944449090909091,2.6767,39.518,4.14,1.0439,0.0
India,2012,131.633,19.3485,0.7066699090909091,4.0187,39.893,4.14,1.2609000000000001,0.0
India,2013,149.389,20.353,1.4366025,5.4847,40.45,4.14,1.3576,0.0
India,2014,169.53,23.507,2.148666,6.4367,41.382,5.14,1.3891,0.0
India,2015,189.624,25.635,3.345009272727273,8.238700000000001,43.298,5.14,1.4650999999999998,0.0
India,2016,207.124,26.574,6.561837068181818,10.537700000000001,43.773,5.14,1.5301,0.0
India,2017,212.512,26.769,18.34983463636364,13.1917,45.452,6.14,1.5540999999999998,0.0
India,2018,218.033,26.8388,27.01717456818182,15.4257,45.892,6.14,1.5540999999999998,0.0
India,2019,225.673,26.8388,32.923953204545455,17.5527,45.892,6.14,1.5840999999999998,0.0
India,2020,225.733,26.9372,36.48053993181818,18.1007,46.702,6.14,1.5840999999999998,0.0
India,2021,231.048,27.162200000000002,43.62439718181818,19.5457,46.915,6.14,1.6220999999999999,0.0
India,2022,232.229,27.162200000000002,56.62547077272727,21.4097,47.215,6.14,1.6220999999999999,0.0
India,2023,237.544,27.2132,61.847309045454544,24.0232,47.275,6.84,1.6471,0.0
India,2024,241.534,26.9932,76.66475938636363,25.7802,47.375,7.54,1.6585999999999999,0.0
India,2025,250.694,27.3632,89.13437988636363,27.055400000000002,51.195,8.24,1.6085999999999998,0.0
Indonesia,2000,8.41,9.7032,0.0,0.0,3.693,0.0,0.535,0.75195
Indonesia,2001,8.41,9.7032,0.0,0.0,3.783,0.0,0.535,0.77195
Indonesia,2002,8.41,9.7032,0.0,0.0,3.783,0.0,0.535,0.77195
Indonesia,2003,8.41,9.7032,0.0,0.0,3.783,0.0,0.535,0.77195
Indonesia,2004,8.44,9.853200000000001,0.0,0.0,3.783,0.0,0.535,0.77195
Indonesia,2005,8.44,10.693200000000001,0.0,0.0,3.833,0.0,0.535,0.77195
Indonesia,2006,10.42,10.8072,0.0,0.0,4.125,0.0,0.535,0.77195
Indonesia,2007,10.58,11.5972,0.0,0.0,4.125,0.0,0.535,0.79195
Indonesia,2008,11.017,11.721200000000001,0.0,0.0,4.125,0.0,0.535,0.8519500000000001
Indonesia,2009,11.347,11.721200000000001,0.0,0.0,4.125,0.0,0.535,1.1254000000000002
Indonesia,2010,11.977,12.187299999999999,0.0,0.0,4.125,0.0,0.535,1.1254000000000002
Indonesia,2011,15.747,13.007299999999999,0.0,0.0,4.395,0.0,0.565,1.1454000000000002
Indonesia,2012,19.712,13.869299999999999,0.0,0.0,4.59,0.0,0.565,1.2554
Indonesia,2013,22.106,14.2793,0.0,0.01,4.59,0.0,0.566,1.2554
Indonesia,2014,23.406,14.549299999999999,0.0,0.01,4.59,0.0,0.566,1.3154000000000001
Indonesia,2015,25.742,15.219,0.0,0.01,4.59,0.0,0.596,1.3504
Indonesia,2016,27.112,16.0524,0.0,0.01,4.637,0.0,2.95,1.4454
Indonesia,2017,29.589,16.1094,0.016,0.01,4.637,0.0,2.95,1.7204000000000002
Indonesia,2018,30.379,16.1094,0.024300000000000002,0.085,4.734,0.0,2.965,1.8604
Indonesia,2019,34.79,17.5713,0.0958,0.157,4.848,0.0,2.965,2.0454
Indonesia,2020,37.716,18.7733,0.1162,0.157,4.968,0.0,2.965,2.0454
Indonesia,2021,40.076,19.5138,0.1464,0.157,5.368,0.0,2.965,2.1914000000000002
Indonesia,2022,46.481,20.418,0.32205,0.157,5.368,0.0,2.965,2.2414
Indonesia,2023,53.71,20.618,0.53249,0.157,5.368,0.0,2.965,2.2414
Indonesia,2024,56.805,23.258,0.7656600000000001,0.157,5.368,0.0,2.965,2.2914
Indonesia,2025,60.64,23.908,0.8788601557632398,0.157,5.542,0.0,2.965,2.4289
Iran,2000,0.0,18.853900000000003,0.0,0.0,1.945,0.0,0.0,0.0
Iran,2001,0.0,22.2329,0.0,0.0,1.945,0.0,0.0,0.0
Iran,2002,0.0,22.4969,0.0,0.0,3.345,0.0,0.0,0.0
Iran,2003,0.0,23.9269,0.0,0.0,3.345,0.0,0.0,0.0
Iran,2004,0.0,24.359900000000003,0.0,0.0,4.495,0.0,0.0,0.0
Iran,2005,0.0,27.6739,0.0,0.0,4.534,0.0,0.0,0.0
Iran,2006,0.0,29.6678,0.0,0.0,6.534,0.0,0.0,0.0
Iran,2007,0.0,30.1869,0.0,0.0,7.704,0.0,0.0,0.0
Iran,2008,0.0,32.2353,0.0,0.0,7.704,0.0,0.0,0.0
Iran,2009,0.0,35.4333,0.0,0.0,7.751,0.0,0.0,0.0
Iran,2010,0.0,40.2813,0.0,0.0,8.751,0.0,0.0,0.0
Iran,2011,0.0,40.5313,0.0,0.0,8.751,0.0,0.0,0.0
Iran,2012,0.0,46.5441,0.0,0.0,9.751,0.0,0.0,0.0
Iran,2013,0.0,49.0541,0.0,0.0,11.231,1.0,0.0,0.0
Iran,2014,0.0,51.374199999999995,0.0,0.0,11.231,1.0,0.0,0.0
Iran,2015,0.0,51.9392,0.0,0.018,11.231,1.0,0.0,0.0
Iran,2016,0.0,54.2594,0.0,0.018,11.681,1.0,0.0,0.0
Iran,2017,0.0,57.025800000000004,0.0886,0.076,11.681,1.0,0.0,0.0
Iran,2018,0.0,57.7461,0.2913,0.137,11.891,1.0,0.0,0.0
Iran,2019,0.0,62.442099999999996,0.3402,0.287,12.206,1.0,0.0,0.0
Iran,2020,0.0,65.1601,0.37260000000000004,0.287,12.206,1.0,0.0,0.0
Iran,2021,0.0,67.1841,0.42469999999999997,0.287,12.206,1.0,0.0,0.0
Iran,2022,0.0,70.01610000000001,0.5101,0.287,12.206,1.0,0.0,0.005
Iran,2023,0.0,74.48910000000001,0.6058,0.297,12.206,1.0,0.0,0.005
Iran,2024,0.0,76.1301,0.6677000000000001,0.347,12.297,1.0,0.0,0.005
Iran,2025,0.0,78.19810000000001,0.8012541353383458,0.347,12.297,1.0,0.0,0.005
Iraq,2000,0.0,3.966,0.0,0.0,2.548,0.0,0.0,0.0
Iraq,2001,0.0,3.966,0.0,0.0,2.548,0.0,0.0,0.0
Iraq,2002,0.0,4.466,0.0,0.0,2.548,0.0,0.0,0.0
Iraq,2003,0.0,4.466,0.0,0.0,2.548,0.0,0.0,0.0
Iraq,2004,0.0,4.716,0.0,0.0,2.548,0.0,0.0,0.0
Iraq,2005,0.0,5.043,0.0,0.0,2.548,0.0,0.0,0.0
Iraq,2006,0.0,5.293,0.0,0.0,2.548,0.0,0.0,0.0
Iraq,2007,0.0,5.293,0.0,0.0,2.548,0.0,0.0,0.0
Iraq,2008,0.0,5.352,0.0,0.0,2.548,0.0,0.0,0.0
Iraq,2009,0.0,5.402,0.0,0.0,2.548,0.0,0.0,0.0
Iraq,2010,0.0,5.652,0.0,0.0,2.548,0.0,0.0,0.0
Iraq,2011,0.0,6.276,0.0,0.0,2.548,0.0,0.0,0.0
Iraq,2012,0.0,9.1126,0.0,0.0,2.548,0.0,0.0,0.0
Iraq,2013,0.0,17.0296,0.0,0.0,2.548,0.0,0.0,0.0
Iraq,2014,0.0,17.970599999999997,0.0,0.0,2.548,0.0,0.0,0.0
Iraq,2015,0.0,18.5506,0.0,0.0,2.548,0.0,0.0,0.0
Iraq,2016,0.0,20.790599999999998,0.0,0.0,2.548,0.0,0.0,0.0
Iraq,2017,0.0,23.220599999999997,0.0,0.0,2.548,0.0,0.0,0.0
Iraq,2018,0.0,23.4806,0.0016,0.0,2.548,0.0,0.0,0.0
Iraq,2019,0.0,24.878400000000003,0.0016,0.0,2.548,0.0,0.0,0.0
Iraq,2020,0.0,29.4784,0.0016,0.0,2.548,0.0,0.0,0.0
Iraq,2021,0.0,31.0184,0.0016,0.0,2.548,0.0,0.0,0.0
Iraq,2022,0.0,36.5664,0.0066,0.0,2.548,0.0,0.0,0.0
Iraq,2023,0.0,38.6064,0.0066,0.0,2.586,0.0,0.0,0.0
Iraq,2024,0.0,39.722199999999994,0.6565,0.0,2.586,0.0,0.0,0.0
Iraq,2025,0.0,40.072199999999995,0.72175,0.0,2.586,0.0,0.1,0.0
Ireland,2000,0.915,1.03,0.0,0.057,0.46,0.0,0.0384,0.0
Ireland,2001,0.915,1.03,0.0,0.057,0.46,0.0,0.0384,0.0
Ireland,2002,0.915,1.777,0.0,0.069,0.46,0.0,0.0384,0.0
Ireland,2003,0.915,1.881,0.0,0.127,0.46,0.0,0.0384,0.0
Ireland,2004,0.915,1.985,0.0,0.18,0.46,0.0,0.0384,0.0
Ireland,2005,0.915,2.155,0.0,0.242,0.46,0.0,0.0384,0.0
Ireland,2006,0.915,2.559,0.0,0.41,0.46,0.0,0.0384,0.0
Ireland,2007,0.915,2.963,0.0,0.547,0.46,0.0,0.0384,0.0
Ireland,2008,0.915,2.963,0.0,0.761,0.46,0.0,0.0384,0.0
Ireland,2009,0.915,2.963,0.0,0.848,0.46,0.0,0.0384,0.0
Ireland,2010,0.915,3.951,0.0,1.063,0.46,0.0,0.0384,0.0
Ireland,2011,0.915,3.951,0.0,1.211,0.46,0.0,0.0554,0.0
Ireland,2012,0.915,3.951,0.0,1.258,0.46,0.0,0.0554,0.0
Ireland,2013,0.915,3.951,0.0,1.42,0.46,0.0,0.0554,0.0
Ireland,2014,0.915,3.951,0.0,1.648,0.46,0.0,0.0554,0.0
Ireland,2015,0.915,4.411,0.0,1.937,0.46,0.0,0.0554,0.0
Ireland,2016,0.915,4.411,0.0,2.054,0.46,0.0,0.0554,0.0
Ireland,2017,0.915,4.411,0.0,2.686,0.46,0.0,0.12340000000000001,0.0
Ireland,2018,0.915,4.411,0.0,3.03,0.46,0.0,0.12340000000000001,0.0
Ireland,2019,0.915,4.411,0.003181111111111111,3.2965,0.46,0.0,0.12340000000000001,0.0
Ireland,2020,0.915,4.411,0.003181111111111111,3.5787,0.46,0.0,0.12340000000000001,0.0
Ireland,2021,0.915,4.411,0.10478111111111112,3.6557,0.46,0.0,0.12340000000000001,0.0
Ireland,2022,0.915,4.411,0.16945652469135802,3.7857,0.46,0.0,0.12340000000000001,0.0
Ireland,2023,0.915,4.351,0.4351249197530864,4.0525,0.46,0.0,0.12340000000000001,0.0
Ireland,2024,0.915,5.0629,0.6711590185185184,4.3151,0.46,0.0,0.12340000000000001,0.0
Ireland,2025,0.0,6.097899999999999,0.7651190185185185,4.3151,0.46,0.0,0.12340000000000001,0.0
Israel,2000,4.35,2.895,0.0,0.0,0.0,0.0,0.0,0.0
Israel,2001,4.9,2.895,0.0,0.0,0.0,0.0,0.0,0.0
Israel,2002,4.9,3.555,0.0,0.0,0.0,0.0,0.0,0.0
Israel,2003,4.9,3.555,0.0,0.0,0.0,0.0,0.0,0.0
Israel,2004,4.9,3.555,0.0,0.0,0.0,0.0,0.0,0.0
Israel,2005,4.9,3.932,0.0,0.0,0.0,0.0,0.0,0.0
Israel,2006,4.9,3.932,0.0,0.0,0.0,0.0,0.0,0.0
Israel,2007,4.9,4.954,0.0,0.0,0.0,0.0,0.0,0.0
Israel,2008,4.9,5.784,0.0,0.0,0.0,0.0,0.0,0.0
Israel,2009,4.9,5.947,0.0,0.0,0.0,0.0,0.0,0.0
Israel,2010,4.9,6.437,0.0,0.0,0.0,0.0,0.0,0.0
Israel,2011,4.9,7.177,0.0,0.0,0.0,0.0,0.0,0.0
Israel,2012,4.9,7.237,0.0,0.0,0.0,0.0,0.0,0.0
Israel,2013,4.9,8.439,0.011658000000000002,0.0,0.0,0.0,0.0,0.0
Israel,2014,4.9,9.813,0.044718,0.0,0.0,0.0,0.0,0.0
Israel,2015,4.9,11.006,0.143028,0.0,0.0,0.0,0.0,0.0
Israel,2016,4.9,11.146,0.19592400000000001,0.0,0.0,0.0,0.0,0.0
Israel,2017,4.9,11.266,0.41682400000000003,0.0,0.0,0.0,0.0,0.0
Israel,2018,4.9,11.642,0.725874,0.0,0.0,0.0,0.0,0.0
Israel,2019,4.9,11.715,1.182689,0.0,0.0,0.0,0.0,0.0
Israel,2020,4.9,11.863,1.270279,0.0,0.3,0.0,0.0,0.0
Israel,2021,4.9,12.313,1.5841225714285716,0.0,0.3,0.0,0.0,0.0
Israel,2022,4.325,12.313,1.7794035714285714,0.102,0.3,0.0,0.0,0.0
Israel,2023,4.325,12.901,2.250775,0.309,0.3,0.0,0.0,0.0
Israel,2024,4.325,13.733,2.4654622857142856,0.309,0.3,0.0,0.0,0.0
Israel,2025,2.65,13.733,2.6242672857142857,0.309,0.644,0.0,0.0,0.0
Italy,2000,8.67,9.6851,0.0,0.159,13.369,0.0,0.148,0.466
Italy,2001,8.602,11.4461,0.0,0.253,13.369,0.0,0.234,0.466
Italy,2002,8.602,13.0661,0.0,0.3508,13.417,0.0,0.234,0.682
Italy,2003,8.602,17.0921,0.0,0.38380000000000003,13.417,0.0,0.28,0.702
Italy,2004,8.352,21.960099999999997,0.0,0.4198,13.367,0.0,0.28,0.702
Italy,2005,8.702,26.321099999999998,0.0,0.8408,13.517,0.0,0.28,0.742
Italy,2006,8.702,31.4161,0.0,0.9838,13.517,0.0,0.28,0.742
Italy,2007,8.702,34.2591,0.0,1.6168,13.517,0.0,0.28,0.742
Italy,2008,8.062,38.6701,0.0,2.3338,13.517,0.0,0.445,0.742
Italy,2009,8.722,39.656099999999995,0.03915,3.1108000000000002,13.517,0.0,0.6081,0.762
Italy,2010,10.042,42.4931,0.15581899999999999,3.7568,13.517,0.0,0.6081,0.762
Italy,2011,10.042,44.1091,0.32294599999999996,4.8448,13.517,0.0,0.62898,0.779
Italy,2012,10.042,44.9531,0.35948599999999997,5.5418,13.517,0.0,0.64898,0.779
Italy,2013,10.042,45.0877,0.387239,5.8048,13.517,0.0,0.7139800000000001,0.779
Italy,2014,9.902,45.0877,0.388239,5.893800000000001,13.517,0.0,0.7139800000000001,0.819
Italy,2015,9.762,45.2797,0.405639,6.1088000000000005,13.517,0.0,0.7139800000000001,0.819
Italy,2016,8.782,45.2797,0.405639,6.2048000000000005,13.517,0.0,0.73298,0.819
Italy,2017,8.627,45.2797,0.7529389999999999,6.4138,13.517,0.0,0.75818,0.819
Italy,2018,8.627,45.4597,0.816859,6.6318,13.517,0.0,0.78818,0.819
Italy,2019,8.477,45.4597,0.816859,7.1478,13.517,0.0,0.78818,0.819
Italy,2020,7.102,45.189699999999995,1.0552641612903226,7.1478,13.517,0.0,0.81098,0.819
Italy,2021,6.166,45.189699999999995,1.0761030143369175,7.2658000000000005,13.517,0.0,0.81098,0.819
Italy,2022,6.166,45.771699999999996,1.1089997311827955,7.6633000000000004,13.517,0.0,0.81098,0.819
Italy,2023,5.526,47.8775,1.226222347670251,7.8667,13.517,0.0,0.81098,0.819
Italy,2024,5.19,47.8775,1.4859273476702508,8.191699999999999,13.517,0.0,0.81098,0.819
Italy,2025,5.19,48.6775,1.635132347670251,8.245700000000001,13.517,0.0,0.81098,0.819
Jamaica,2000,0.0,0.13419999999999999,0.0,0.0,0.0,0.0,0.0,0.0
Jamaica,2001,0.0,0.13419999999999999,0.0,0.0,0.0,0.0,0.0,0.0
Jamaica,2002,0.0,0.13419999999999999,0.0,0.0,0.0,0.0,0.0,0.0
Jamaica,2003,0.0,0.2542,0.0,0.0,0.0,0.0,0.0,0.0
Jamaica,2004,0.0,0.2542,0.0,0.021,0.0,0.0,0.0,0.0
Jamaica,2005,0.0,0.3043,0.0,0.021,0.0,0.0,0.0,0.0
Jamaica,2006,0.0,0.3043,0.0,0.021,0.0,0.0,0.0,0.0
Jamaica,2007,0.0,0.3043,0.0,0.021,0.0,0.0,0.0,0.0
Jamaica,2008,0.0,0.3043,0.0,0.021,0.0,0.0,0.0,0.0
Jamaica,2009,0.0,0.3043,0.0,0.021,0.0,0.0,0.0,0.0
Jamaica,2010,0.0,0.3043,0.0,0.039,0.0,0.0,0.0,0.0
Jamaica,2011,0.0,0.3043,0.0,0.039,0.0,0.0,0.0,0.0
Jamaica,2012,0.0,0.3698,0.0,0.039,0.0,0.0,0.0,0.0
Jamaica,2013,0.0,0.3698,0.0,0.039,0.0,0.0,0.0,0.0
Jamaica,2014,0.0,0.3698,0.0,0.039,0.0,0.0,0.0,0.0
Jamaica,2015,0.0,0.3698,0.0,0.039,0.0,0.0,0.0,0.0
Jamaica,2016,0.0,0.3698,0.02,0.0993,0.0,0.0,0.0,0.0
Jamaica,2017,0.0,0.3698,0.0211,0.0993,0.0,0.0,0.0,0.0
Jamaica,2018,0.0,0.3698,0.0211,0.0993,0.0,0.0,0.0,0.0
Jamaica,2019,0.0,0.5638,0.06634000000000001,0.0993,0.0,0.0,0.0,0.0
Jamaica,2020,0.0,0.7138,0.06634000000000001,0.0993,0.0,0.0,0.0,0.0
Jamaica,2021,0.0,0.7138,0.06634000000000001,0.0993,0.0,0.0,0.0,0.0
Jamaica,2022,0.0,0.7138,0.06914000000000001,0.0993,0.0,0.0,0.0,0.0
Jamaica,2023,0.0,0.7138,0.07074,0.0993,0.0,0.0,0.0,0.0
Jamaica,2024,0.0,0.7138,0.07074,0.0993,0.0,0.0,0.0,0.0
Jamaica,2025,0.0,0.7138,0.07074,0.0993,0.0,0.0,0.0,0.0
Japan,2000,31.808,71.8438,0.0,0.02,37.551,29.31,0.44734,0.4978
Japan,2001,32.932,73.0838,0.0,0.107,37.586,29.31,0.53934,0.4978
Japan,2002,36.482,74.0023,0.0,0.107,37.586,29.31,0.5599400000000001,0.4978
Japan,2003,38.62,76.3497,0.0,0.332,37.586,29.145,0.5599400000000001,0.4978
Japan,2004,40.933,76.80969999999999,0.0,0.451,37.586,29.145,0.58204,0.4978
Japan,2005,41.124,76.9144,0.0,0.634,38.526,29.145,0.6320399999999999,0.4978
Japan,2006,41.219,78.3444,0.0,0.797,38.526,29.145,0.6320399999999999,0.4998
Japan,2007,41.619,78.9204,0.0,0.99,39.726,29.145,0.7035399999999999,0.4998
Japan,2008,42.023,82.4748,0.0,1.283,39.726,29.145,0.7035399999999999,0.4998
Japan,2009,42.623,86.0758,0.0,1.501,39.726,27.765,0.72854,0.4998
Japan,2010,43.602,89.541,0.0,1.697,39.726,27.765,0.72854,0.4998
Japan,2011,43.602,89.8029,0.02436,1.853,39.726,24.953,0.72854,0.4998
Japan,2012,43.602,90.87039999999999,0.02436,1.897,39.726,24.953,0.72854,0.4998
Japan,2013,45.452,93.78439999999999,2.05486,1.913,39.726,23.069,1.0500399999999999,0.4998
Japan,2014,45.452,99.3784,4.929621,2.019,40.288,23.069,1.07284,0.4998
Japan,2015,45.526,101.2038,8.890245022988505,2.226,40.288,20.853,1.18454,0.5068
Japan,2016,45.706,104.49889999999999,12.198543086206897,2.346,40.288,20.287,1.33044,0.5068
Japan,2017,46.111,105.6869,15.140230281609195,2.424,40.288,20.007,1.5940699999999999,0.5118
Japan,2018,46.288,107.29960000000001,17.799768442528737,2.656,40.288,16.567,1.70827,0.5167999999999999
Japan,2019,47.072,108.49310000000001,20.580664373563216,2.843,40.288,11.608,1.94967,0.5702
Japan,2020,48.744,108.5502,24.525837637931037,3.322,40.288,11.608,2.37767,0.5847
Japan,2021,50.574,102.8922,26.863923833333335,3.4680999999999997,40.288,11.608,2.68077,0.5847
Japan,2022,53.326,99.57639999999999,28.627572281609194,3.6381,40.288,11.608,3.0708699999999998,0.5867
Japan,2023,55.62,94.3984,30.171299867816092,4.3905,40.288,11.608,3.6478699999999997,0.5907
Japan,2024,55.248,95.35839999999999,30.55587151724138,4.9589,40.288,13.253,4.05427,0.6132000000000001
Japan,2025,54.581,96.23639999999999,30.97083059770115,5.3286999999999995,40.288,13.253,4.37527,0.6132000000000001
Jordan,2000,0.0,0.51,0.0,0.0,0.0,0.0,0.0,0.0
Jordan,2001,0.0,0.51,0.0,0.0,0.0,0.0,0.0,0.0
Jordan,2002,0.0,0.51,0.0,0.0,0.0,0.0,0.0,0.0
Jordan,2003,0.0,0.51,0.0,0.0,0.0,0.0,0.0,0.0
Jordan,2004,0.0,0.51,0.0,0.0,0.0,0.0,0.0,0.0
Jordan,2005,0.0,0.81,0.0,0.0,0.0,0.0,0.0,0.0
Jordan,2006,0.0,1.11,0.0,0.0,0.0,0.0,0.0,0.0
Jordan,2007,0.0,1.11,0.0,0.0,0.0,0.0,0.0,0.0
Jordan,2008,0.0,1.11,0.0,0.0,0.0,0.0,0.013,0.0
Jordan,2009,0.0,1.51,0.0,0.0,0.0,0.0,0.013,0.0
Jordan,2010,0.0,1.81,0.0,0.0,0.0,0.0,0.013,0.0
Jordan,2011,0.0,1.86,0.0,0.0,0.0,0.0,0.013,0.0
Jordan,2012,0.0,2.233,0.0,0.0,0.0,0.0,0.013,0.0
Jordan,2013,0.0,2.233,0.0,0.0,0.0,0.0,0.013,0.0
Jordan,2014,0.0,3.0468,0.0,0.0,0.0,0.0,0.013,0.0
Jordan,2015,0.0,3.4758,0.01044,0.0,0.0,0.0,0.013,0.0
Jordan,2016,0.0,3.4758,0.20551142857142854,0.08,0.0,0.0,0.013,0.0
Jordan,2017,0.0,3.4758,0.3629114285714286,0.197,0.0,0.0,0.013,0.0
Jordan,2018,0.0,4.1728000000000005,0.6222214285714285,0.283,0.0,0.0,0.013,0.0
Jordan,2019,0.0,4.1728000000000005,1.0472164285714287,0.372,0.0,0.0,0.013,0.0
Jordan,2020,0.0,4.1728000000000005,1.2976364285714286,0.517,0.0,0.0,0.013,0.0
Jordan,2021,0.0,4.6428,1.3844364285714286,0.621,0.0,0.0,0.013,0.0
Jordan,2022,0.0,4.6428,1.4446364285714286,0.621,0.0,0.0,0.013,0.0
Jordan,2023,0.0,4.6428,1.6175464285714285,0.621,0.0,0.0,0.013,0.0
Jordan,2024,0.0,4.6528,1.6405464285714286,0.621,0.0,0.0,0.013,0.0
Jordan,2025,0.0,4.6528,1.6416464285714285,0.621,0.0,0.0,0.013,0.0
Kazakhstan,2000,12.102,2.73,0.0,0.0,2.198,0.0,0.0,0.0
Kazakhstan,2001,12.102,2.73,0.0,0.0,2.198,0.0,0.0,0.0
Kazakhstan,2002,12.132,2.73,0.0,0.0,2.198,0.0,0.0,0.0
Kazakhstan,2003,12.132,2.73,0.0,0.0,2.198,0.0,0.0,0.0
Kazakhstan,2004,12.132,2.73,0.0,0.0,2.198,0.0,0.0,0.0
Kazakhstan,2005,12.132,2.73,0.0,0.0,2.198,0.0,0.0,0.0
Kazakhstan,2006,12.252,2.73,0.0,0.0,2.198,0.0,0.0,0.0
Kazakhstan,2007,12.252,2.968,0.0,0.0,2.198,0.0,0.0,0.0
Kazakhstan,2008,12.252,3.21,0.0,0.0,2.198,0.0,0.0,0.0
Kazakhstan,2009,12.307,3.21,0.0,0.0,2.198,0.0,0.0,0.0
Kazakhstan,2010,12.37,3.21,0.0,0.0,2.198,0.0,0.0,0.0
Kazakhstan,2011,12.435,3.21,0.0,0.0,2.498,0.0,0.0,0.0
Kazakhstan,2012,12.605,3.27,0.0,0.0,2.498,0.0,0.0,0.0
Kazakhstan,2013,12.765,3.27,0.0,0.0,2.498,0.0,0.0,0.0
Kazakhstan,2014,12.828,3.37,0.0,0.0,2.498,0.0,0.0,0.0
Kazakhstan,2015,13.296,3.37,0.0435,0.09670000000000001,2.498,0.0,0.0,0.0
Kazakhstan,2016,13.501,3.63,0.0435,0.09670000000000001,2.498,0.0,0.0,0.0
Kazakhstan,2017,13.321,3.75,0.060700000000000004,0.09670000000000001,2.498,0.0,0.0,0.0
Kazakhstan,2018,13.311,3.75,0.194,0.09670000000000001,2.498,0.0,0.0,0.0
Kazakhstan,2019,13.441,4.06,0.55476,0.18969999999999998,2.498,0.0,0.0,0.0
Kazakhstan,2020,13.441,4.06,0.8304900000000001,0.3697,2.498,0.0,0.0,0.0
Kazakhstan,2021,13.561,4.06,0.928981935483871,0.4697,2.498,0.0,0.0,0.0
Kazakhstan,2022,13.561,4.142810000000001,1.025181935483871,0.8277,2.498,0.0,0.0,0.0
Kazakhstan,2023,13.561,4.264810000000001,1.0798819354838711,1.2099000000000002,2.498,0.0,0.0,0.0
Kazakhstan,2024,13.261,4.2698100000000005,1.0986238709677418,1.2249,2.498,0.0,0.0,0.0
Kazakhstan,2025,13.291,4.95985,1.1701206451612902,1.4299000000000002,2.498,0.0,0.0,0.0
Kenya,2000,0.0,0.134,0.0,0.0,0.63,0.0,0.0177,0.104
Kenya,2001,0.0,0.2089,0.0,0.0,0.63,0.0,0.0177,0.104
Kenya,2002,0.0,0.2089,0.0,0.0,0.63,0.0,0.0177,0.104
Kenya,2003,0.0,0.2089,0.0,0.0,0.63,0.0,0.0177,0.174
Kenya,2004,0.0,0.26189999999999997,0.0,0.0,0.63,0.0,0.0177,0.174
Kenya,2005,0.0,0.26189999999999997,0.0,0.0,0.63,0.0,0.0177,0.174
Kenya,2006,0.0,0.26189999999999997,0.0,0.0,0.63,0.0,0.0177,0.174
Kenya,2007,0.0,0.26189999999999997,0.0,0.0,0.63,0.0,0.0177,0.174
Kenya,2008,0.0,0.26189999999999997,0.0,0.0,0.69,0.0,0.0177,0.174
Kenya,2009,0.0,0.3469,0.0,0.0,0.69,0.0,0.0177,0.21
Kenya,2010,0.0,0.4638,0.0,0.0,0.69,0.0,0.0177,0.245
Kenya,2011,0.0,0.4638,0.0,0.0,0.69,0.0,0.0177,0.245
Kenya,2012,0.0,0.4638,0.0,0.0,0.69,0.0,0.0177,0.2475
Kenya,2013,0.0,0.5508,0.0,0.014,0.762,0.0,0.0177,0.2475
Kenya,2014,0.0,0.6307999999999999,0.0,0.014,0.762,0.0,0.0177,0.4135
Kenya,2015,0.0,0.714,0.0,0.0255,0.762,0.0,0.0177,0.5535
Kenya,2016,0.0,0.714,0.0,0.0255,0.762,0.0,0.0177,0.5795
Kenya,2017,0.0,0.714,0.0011,0.0255,0.762,0.0,0.0177,0.5795
Kenya,2018,0.0,0.714,0.04908,0.0255,0.762,0.0,0.0177,0.5795
Kenya,2019,0.0,0.714,0.05148,0.3355,0.762,0.0,0.0177,0.7435
Kenya,2020,0.0,0.714,0.05148,0.3355,0.762,0.0,0.0177,0.7435
Kenya,2021,0.0,0.6391,0.09715673575129533,0.6325,0.762,0.0,0.0177,0.7435
Kenya,2022,0.0,0.6391,0.20505673575129532,0.6325,0.762,0.0,0.0177,0.8265
Kenya,2023,0.0,0.5651,0.2149567357512953,0.6325,0.762,0.0,0.0177,0.8165
Kenya,2024,0.0,0.5651,0.23385673575129534,0.6325,0.762,0.0,0.0177,0.8165
Kenya,2025,0.0,0.5651,0.24468341968911914,0.6325,0.762,0.0,0.0177,0.8515
Kiribati,2020,0.0,0.0,0.0018,0.0,0.0,0.0,0.0,0.0
Kiribati,2021,0.0,0.0,0.0018,0.0,0.0,0.0,0.0,0.0
Kiribati,2022,0.0,0.0,0.0041406130268199235,0.0,0.0,0.0,0.0,0.0
Kiribati,2023,0.0,0.0,0.0041406130268199235,0.0,0.0,0.0,0.0,0.0
Kiribati,2024,0.0,0.0,0.0041406130268199235,0.0,0.0,0.0,0.0,0.0
Kiribati,2025,0.0,0.0,0.0041406130268199235,0.0,0.0,0.0,0.0,0.0
Kosovo,2000,1.48,0.0,0.0,0.0,0.035,0.0,0.0,0.0
Kosovo,2001,1.48,0.0,0.0,0.0,0.035,0.0,0.0,0.0
Kosovo,2002,1.48,0.0,0.0,0.0,0.035,0.0,0.0,0.0
Kosovo,2003,1.48,0.0,0.0,0.0,0.035,0.0,0.0,0.0
Kosovo,2004,1.48,0.0,0.0,0.0,0.035,0.0,0.0,0.0
Kosovo,2005,1.48,0.0,0.0,0.0,0.035,0.0,0.0,0.0
Kosovo,2006,1.415,0.0,0.0,0.0,0.035,0.0,0.0,0.0
Kosovo,2007,1.415,0.0,0.0,0.0,0.035,0.0,0.0,0.0
Kosovo,2008,1.415,0.0,0.0,0.0,0.035,0.0,0.0,0.0
Kosovo,2009,1.415,0.0,0.0,0.0,0.035,0.0,0.0,0.0
Kosovo,2010,1.29,0.0,0.0,0.0,0.035,0.0,0.0,0.0
Kosovo,2011,1.29,0.0,0.0,0.0,0.035,0.0,0.0,0.0
Kosovo,2012,1.29,0.0,0.0,0.0,0.035,0.0,0.0,0.0
Kosovo,2013,1.29,0.0,0.0,0.0,0.035,0.0,0.0,0.0
Kosovo,2014,1.29,0.0,0.0,0.0,0.035,0.0,0.0,0.0
Kosovo,2015,1.29,0.0,0.0,0.0,0.035,0.0,0.0,0.0
Kosovo,2016,1.29,0.0,0.0,0.0,0.035,0.0,0.0,0.0
Kosovo,2017,1.29,0.0,0.0,0.0,0.035,0.0,0.0,0.0
Kosovo,2018,1.29,0.0,0.0106,0.032,0.035,0.0,0.0,0.0
Kosovo,2019,1.29,0.0,0.0141,0.032,0.035,0.0,0.0,0.0
Kosovo,2020,1.29,0.0,0.0141,0.032,0.035,0.0,0.0,0.0
Kosovo,2021,1.29,0.0,0.0141,0.135,0.035,0.0,0.0,0.0
Kosovo,2022,1.29,0.0,0.0141,0.135,0.035,0.0,0.0,0.0
Kosovo,2023,1.29,0.0,0.0169,0.135,0.035,0.0,0.0,0.0
Kosovo,2024,1.29,0.0,0.0169,0.135,0.035,0.0,0.0,0.0
Kosovo,2025,1.29,0.0,0.0169,0.135,0.035,0.0,0.0,0.0
Kuwait,2000,0.0,9.236799999999999,0.0,0.0,0.0,0.0,0.0,0.0
Kuwait,2001,0.0,9.236799999999999,0.0,0.0,0.0,0.0,0.0,0.0
Kuwait,2002,0.0,9.236799999999999,0.0,0.0,0.0,0.0,0.0,0.0
Kuwait,2003,0.0,9.236799999999999,0.0,0.0,0.0,0.0,0.0,0.0
Kuwait,2004,0.0,9.236799999999999,0.0,0.0,0.0,0.0,0.0,0.0
Kuwait,2005,0.0,9.236799999999999,0.0,0.0,0.0,0.0,0.0,0.0
Kuwait,2006,0.0,9.236799999999999,0.0,0.0,0.0,0.0,0.0,0.0
Kuwait,2007,0.0,9.236799999999999,0.0,0.0,0.0,0.0,0.0,0.0
Kuwait,2008,0.0,9.5716,0.0,0.0,0.0,0.0,0.0,0.0
Kuwait,2009,0.0,10.725299999999999,0.0,0.0,0.0,0.0,0.0,0.0
Kuwait,2010,0.0,12.3535,0.0,0.0,0.0,0.0,0.0,0.0
Kuwait,2011,0.0,12.3535,0.0,0.0,0.0,0.0,0.0,0.0
Kuwait,2012,0.0,14.3215,0.0,0.0,0.0,0.0,0.0,0.0
Kuwait,2013,0.0,15.5165,0.0,0.0,0.0,0.0,0.0,0.0
Kuwait,2014,0.0,15.5165,0.0,0.0,0.0,0.0,0.0,0.0
Kuwait,2015,0.0,16.2665,0.0,0.0,0.0,0.0,0.0,0.0
Kuwait,2016,0.0,18.3985,0.0,0.0,0.0,0.0,0.0,0.0
Kuwait,2017,0.0,18.3985,0.019399999999999997,0.01,0.0,0.0,0.0,0.0
Kuwait,2018,0.0,18.3985,0.0294,0.01,0.0,0.0,0.0,0.0
Kuwait,2019,0.0,19.1485,0.0294,0.01,0.0,0.0,0.0,0.0
Kuwait,2020,0.0,20.0835,0.0294,0.01,0.0,0.0,0.0,0.0
Kuwait,2021,0.0,20.0835,0.0294,0.01,0.0,0.0,0.0,0.0
Kuwait,2022,0.0,20.0835,0.0294,0.01,0.0,0.0,0.0,0.0
Kuwait,2023,0.0,20.0835,0.0294,0.01,0.0,0.0,0.0,0.0
Kuwait,2024,0.0,20.0835,0.031299999999999994,0.01,0.0,0.0,0.0,0.0
Kuwait,2025,0.0,20.0835,0.031299999999999994,0.01,0.0,0.0,0.0,0.0
Kyrgyzstan,2000,0.663,0.0,0.0,0.0,3.034,0.0,0.0,0.0
Kyrgyzstan,2001,0.663,0.0,0.0,0.0,3.034,0.0,0.0,0.0
Kyrgyzstan,2002,0.663,0.0,0.0,0.0,3.034,0.0,0.0,0.0
Kyrgyzstan,2003,0.663,0.0,0.0,0.0,3.034,0.0,0.0,0.0
Kyrgyzstan,2004,0.663,0.0,0.0,0.0,3.034,0.0,0.0,0.0
Kyrgyzstan,2005,0.663,0.0,0.0,0.0,3.034,0.0,0.0,0.0
Kyrgyzstan,2006,0.663,0.0,0.0,0.0,3.034,0.0,0.0,0.0
Kyrgyzstan,2007,0.663,0.0,0.0,0.0,3.034,0.0,0.0,0.0
Kyrgyzstan,2008,0.663,0.0,0.0,0.0,3.034,0.0,0.0,0.0
Kyrgyzstan,2009,0.663,0.0,0.0,0.0,3.034,0.0,0.0,0.0
Kyrgyzstan,2010,0.663,0.0,0.0,0.0,3.154,0.0,0.0,0.0
Kyrgyzstan,2011,0.663,0.0,0.0,0.0,3.154,0.0,0.0,0.0
Kyrgyzstan,2012,0.663,0.0,0.0,0.0,3.154,0.0,0.0,0.0
Kyrgyzstan,2013,0.663,0.0,0.0,0.0,3.154,0.0,0.0,0.0
Kyrgyzstan,2014,0.663,0.0,0.0,0.0,3.154,0.0,0.0,0.0
Kyrgyzstan,2015,0.663,0.0,0.0,0.0,3.154,0.0,0.0,0.0
Kyrgyzstan,2016,0.663,0.0,0.0,0.0,3.154,0.0,0.0,0.0
Kyrgyzstan,2017,0.813,0.0,0.0,0.0,3.154,0.0,0.0,0.0
Kyrgyzstan,2018,0.813,0.0,0.0,0.0,3.154,0.0,0.0,0.0
Kyrgyzstan,2019,0.813,0.0,0.0,0.0,3.154,0.0,0.0,0.0
Kyrgyzstan,2020,0.813,0.0,0.0,0.0,3.154,0.0,0.0,0.0
Kyrgyzstan,2021,0.813,0.0,0.0,0.0,3.154,0.0,0.0,0.0
Kyrgyzstan,2022,0.813,0.0,0.0,0.0,3.154,0.0,0.0,0.0
Kyrgyzstan,2023,0.813,0.0,0.0,0.0,3.154,0.0,0.0,0.0
Kyrgyzstan,2024,0.813,0.0,0.0,0.0,3.179,0.0,0.0,0.0
Kyrgyzstan,2025,0.813,0.0,0.0,0.0,3.179,0.0,0.0,0.0
Laos,2000,0.0,0.0,0.0,0.0,0.972,0.0,0.0,0.0
Laos,2001,0.0,0.0,0.0,0.0,0.972,0.0,0.0,0.0
Laos,2002,0.0,0.0,0.0,0.0,0.972,0.0,0.0,0.0
Laos,2003,0.0,0.0,0.0,0.0,0.972,0.0,0.0,0.0
Laos,2004,0.0,0.0,0.0,0.0,0.972,0.0,0.0,0.0
Laos,2005,0.0,0.0,0.0,0.0,0.972,0.0,0.0,0.0
Laos,2006,0.0,0.0,0.0,0.0,0.972,0.0,0.0,0.0
Laos,2007,0.0,0.0,0.0,0.0,0.972,0.0,0.0,0.0
Laos,2008,0.0,0.0,0.0,0.0,0.972,0.0,0.0,0.0
Laos,2009,0.0,0.0,0.0,0.0,1.048,0.0,0.0,0.0
Laos,2010,0.0,0.0,0.0,0.0,1.148,0.0,0.0,0.0
Laos,2011,0.0,0.0,0.0,0.0,1.188,0.0,0.0,0.0
Laos,2012,0.0,0.0,0.0,0.0,1.368,0.0,0.0,0.0
Laos,2013,0.0,0.0,0.0,0.0,2.233,0.0,0.0,0.0
Laos,2014,0.0,0.0,0.0,0.0,2.233,0.0,0.0,0.0
Laos,2015,1.252,0.0,0.0,0.0,2.84,0.0,0.0,0.0
Laos,2016,1.878,0.0,0.0,0.0,3.711,0.0,0.0,0.0
Laos,2017,1.878,0.0,0.01,0.0,3.897,0.0,0.0,0.0
Laos,2018,1.878,0.0,0.019899999999999998,0.0,4.235,0.0,0.0,0.0
Laos,2019,1.878,0.0,0.032299999999999995,0.0,6.725,0.0,0.0,0.0
Laos,2020,1.878,0.0,0.0476,0.0,8.207,0.0,0.0,0.0
Laos,2021,1.878,0.0,0.0515,0.0,8.577,0.0,0.0,0.0
Laos,2022,1.878,0.0,0.0742,0.0,9.227,0.0,0.0,0.0
Laos,2023,1.878,0.0,0.0767,0.0,9.34,0.0,0.0,0.0
Laos,2024,1.878,0.0,0.0767,0.0,9.58,0.0,0.0,0.0
Laos,2025,1.878,0.0,1.0416532710280373,0.85,9.865,0.0,0.0,0.0
Latvia,2000,0.0,0.0,0.0,0.0,1.536,0.0,0.0,0.0
Latvia,2001,0.0,0.0,0.0,0.0,1.536,0.0,0.0,0.0
Latvia,2002,0.0,0.0,0.0,0.02,1.536,0.0,0.0,0.0
Latvia,2003,0.0,0.0,0.0,0.02,1.536,0.0,0.0,0.0
Latvia,2004,0.0,0.0,0.0,0.02,1.536,0.0,0.0,0.0
Latvia,2005,0.0,0.158,0.0,0.02,1.536,0.0,0.0,0.0
Latvia,2006,0.0,0.206,0.0,0.02,1.536,0.0,0.0,0.0
Latvia,2007,0.0,0.206,0.0,0.02,1.536,0.0,0.0,0.0
Latvia,2008,0.0,0.206,0.0,0.02,1.536,0.0,0.0,0.0
Latvia,2009,0.0,0.647,0.0,0.02,1.536,0.0,0.0,0.0
Latvia,2010,0.0,0.647,0.0,0.02,1.536,0.0,0.0,0.0
Latvia,2011,0.0,0.647,0.0,0.02,1.536,0.0,0.0,0.0
Latvia,2012,0.0,0.647,0.0,0.041,1.536,0.0,0.0,0.0
Latvia,2013,0.0,1.087,0.0,0.041,1.536,0.0,0.023,0.0
Latvia,2014,0.0,1.087,0.0,0.041,1.536,0.0,0.023,0.0
Latvia,2015,0.0,1.087,0.0,0.041,1.536,0.0,0.023,0.0
Latvia,2016,0.0,1.087,0.0,0.041,1.536,0.0,0.023,0.0
Latvia,2017,0.0,1.087,0.012,0.041,1.536,0.0,0.023,0.0
Latvia,2018,0.0,1.087,0.0144,0.041,1.536,0.0,0.023,0.0
Latvia,2019,0.0,1.087,0.0144,0.041,1.536,0.0,0.023,0.0
Latvia,2020,0.0,1.087,0.0144,0.041,1.536,0.0,0.023,0.0
Latvia,2021,0.0,1.087,0.0144,0.041,1.536,0.0,0.023,0.0
Latvia,2022,0.0,1.087,0.018600000000000002,0.1,1.536,0.0,0.023,0.0
Latvia,2023,0.0,1.087,0.1293,0.1,1.536,0.0,0.023,0.0
Latvia,2024,0.0,1.087,0.329,0.1,1.536,0.0,0.023,0.0
Latvia,2025,0.0,1.087,0.5574904320987654,0.1,1.536,0.0,0.023,0.0
Lebanon,2000,0.0,1.228,0.0,0.0,0.19,0.0,0.0,0.0
Lebanon,2001,0.0,1.693,0.0,0.0,0.19,0.0,0.0,0.0
Lebanon,2002,0.0,2.158,0.0,0.0,0.19,0.0,0.0,0.0
Lebanon,2003,0.0,2.158,0.0,0.0,0.19,0.0,0.0,0.0
Lebanon,2004,0.0,2.158,0.0,0.0,0.19,0.0,0.0,0.0
Lebanon,2005,0.0,2.158,0.0,0.0,0.19,0.0,0.0,0.0
Lebanon,2006,0.0,2.158,0.0,0.0,0.19,0.0,0.0,0.0
Lebanon,2007,0.0,2.158,0.0,0.0,0.19,0.0,0.0,0.0
Lebanon,2008,0.0,2.158,0.0,0.0,0.19,0.0,0.0,0.0
Lebanon,2009,0.0,2.158,0.0,0.0,0.19,0.0,0.0,0.0
Lebanon,2010,0.0,2.158,0.0,0.0,0.19,0.0,0.0,0.0
Lebanon,2011,0.0,2.158,0.0,0.0,0.19,0.0,0.0,0.0
Lebanon,2012,0.0,2.356,0.0,0.0,0.19,0.0,0.0,0.0
Lebanon,2013,0.0,2.76,0.0,0.0,0.19,0.0,0.0,0.0
Lebanon,2014,0.0,2.76,0.0,0.0,0.19,0.0,0.0,0.0
Lebanon,2015,0.0,2.76,0.0,0.0,0.19,0.0,0.0,0.0
Lebanon,2016,0.0,2.76,0.0,0.0,0.19,0.0,0.0,0.0
Lebanon,2017,0.0,3.03,0.0,0.0,0.19,0.0,0.0,0.0
Lebanon,2018,0.0,3.03,0.0,0.0,0.19,0.0,0.0,0.0
Lebanon,2019,0.0,3.03,0.0,0.0,0.19,0.0,0.0,0.0
Lebanon,2020,0.0,3.03,0.0,0.0,0.19,0.0,0.0,0.0
Lebanon,2021,0.0,2.626,0.0,0.0,0.19,0.0,0.0,0.0
Lebanon,2022,0.0,2.626,0.001,0.0,0.19,0.0,0.0,0.0
Lebanon,2023,0.0,2.626,0.0038,0.0,0.19,0.0,0.0,0.0
Lebanon,2024,0.0,2.626,0.0050999999999999995,0.0,0.19,0.0,0.0,0.0
Lebanon,2025,0.0,2.626,0.0050999999999999995,0.0,0.19,0.0,0.0,0.0
Lesotho,2023,0.0,0.0,0.0261,0.0,0.0,0.0,0.0,0.0
Lesotho,2024,0.0,0.0,0.0281,0.0,0.0,0.0,0.0,0.0
Lesotho,2025,0.0,0.0,0.029200000000000004,0.0,0.0,0.0,0.0,0.0
Liberia,2000,0.0,0.0,0.0,0.0,0.088,0.0,0.0,0.0
Liberia,2001,0.0,0.0,0.0,0.0,0.088,0.0,0.0,0.0
Liberia,2002,0.0,0.0,0.0,0.0,0.088,0.0,0.0,0.0
Liberia,2003,0.0,0.0,0.0,0.0,0.088,0.0,0.0,0.0
Liberia,2004,0.0,0.0,0.0,0.0,0.088,0.0,0.0,0.0
Liberia,2005,0.0,0.0,0.0,0.0,0.088,0.0,0.0,0.0
Liberia,2006,0.0,0.0,0.0,0.0,0.088,0.0,0.0,0.0
Liberia,2007,0.0,0.0,0.0,0.0,0.088,0.0,0.0,0.0
Liberia,2008,0.0,0.0,0.0,0.0,0.088,0.0,0.0,0.0
Liberia,2009,0.0,0.0,0.0,0.0,0.088,0.0,0.0,0.0
Liberia,2010,0.0,0.0,0.0,0.0,0.088,0.0,0.0,0.0
Liberia,2011,0.0,0.0,0.0,0.0,0.088,0.0,0.0,0.0
Liberia,2012,0.0,0.0,0.0,0.0,0.088,0.0,0.0,0.0
Liberia,2013,0.0,0.0,0.0,0.0,0.088,0.0,0.0,0.0
Liberia,2014,0.0,0.0,0.0,0.0,0.088,0.0,0.0,0.0
Liberia,2015,0.0,0.0,0.0,0.0,0.088,0.0,0.0,0.0
Liberia,2016,0.0,0.028,0.0,0.0,0.088,0.0,0.0,0.0
Liberia,2017,0.0,0.028,0.0,0.0,0.088,0.0,0.0,0.0
Liberia,2018,0.0,0.028,0.0,0.0,0.088,0.0,0.0,0.0
Liberia,2019,0.0,0.028,0.0,0.0,0.088,0.0,0.0,0.0
Liberia,2020,0.0,0.028,0.0,0.0,0.088,0.0,0.0,0.0
Liberia,2021,0.0,0.028,0.0,0.0,0.088,0.0,0.0,0.0
Liberia,2022,0.0,0.028,0.0,0.0,0.088,0.0,0.0,0.0
Liberia,2023,0.0,0.028,0.0,0.0,0.088,0.0,0.0,0.0
Liberia,2024,0.0,0.028,0.0,0.0,0.088,0.0,0.0,0.0
Liberia,2025,0.0,0.028,0.0,0.0,0.088,0.0,0.0,0.0
Libya,2000,0.0,3.187,0.0,0.0,0.0,0.0,0.0,0.0
Libya,2001,0.0,3.187,0.0,0.0,0.0,0.0,0.0,0.0
Libya,2002,0.0,3.187,0.0,0.0,0.0,0.0,0.0,0.0
Libya,2003,0.0,3.187,0.0,0.0,0.0,0.0,0.0,0.0
Libya,2004,0.0,3.187,0.0,0.0,0.0,0.0,0.0,0.0
Libya,2005,0.0,3.499,0.0,0.0,0.0,0.0,0.0,0.0
Libya,2006,0.0,3.811,0.0,0.0,0.0,0.0,0.0,0.0
Libya,2007,0.0,6.166,0.0,0.0,0.0,0.0,0.0,0.0
Libya,2008,0.0,6.166,0.0,0.0,0.0,0.0,0.0,0.0
Libya,2009,0.0,6.916,0.0,0.0,0.0,0.0,0.0,0.0
Libya,2010,0.0,7.927,0.0,0.0,0.0,0.0,0.0,0.0
Libya,2011,0.0,7.927,0.0,0.0,0.0,0.0,0.0,0.0
Libya,2012,0.0,9.188,0.0,0.0,0.0,0.0,0.0,0.0
Libya,2013,0.0,10.543,0.0,0.0,0.0,0.0,0.0,0.0
Libya,2014,0.0,10.893,0.0,0.0,0.0,0.0,0.0,0.0
Libya,2015,0.0,10.893,0.0,0.0,0.0,0.0,0.0,0.0
Libya,2016,0.0,11.358,0.0,0.0,0.0,0.0,0.0,0.0
Libya,2017,0.0,11.717,0.0,0.0,0.0,0.0,0.0,0.0
Libya,2018,0.0,11.858,0.0,0.0,0.0,0.0,0.0,0.0
Libya,2019,0.0,12.018,0.0,0.0,0.0,0.0,0.0,0.0
Libya,2020,0.0,12.018,0.0,0.0,0.0,0.0,0.0,0.0
Libya,2021,0.0,12.498,0.0,0.0,0.0,0.0,0.0,0.0
Libya,2022,0.0,13.667,0.0,0.0,0.0,0.0,0.0,0.0
Libya,2023,0.0,13.667,0.4553125,0.0,0.0,0.0,0.0,0.0
Libya,2024,0.0,14.222,0.4553125,0.0,0.0,0.0,0.0,0.0
Libya,2025,0.0,14.572,0.4553125,0.0,0.0,0.0,0.0,0.0
Lithuania,2000,0.0,0.36,0.0,0.0,1.001,2.6,0.0,0.0
Lithuania,2001,0.0,0.36,0.0,0.0,1.001,2.6,0.0,0.0
Lithuania,2002,0.0,0.36,0.0,0.0,1.001,2.6,0.0,0.0
Lithuania,2003,0.0,0.381,0.0,0.0,1.001,2.6,0.0,0.0
Lithuania,2004,0.0,0.381,0.0,0.0,1.001,1.3,0.0,0.0
Lithuania,2005,0.0,0.381,0.0,0.0,1.001,1.3,0.0,0.0
Lithuania,2006,0.0,0.381,0.0,0.03,1.001,1.3,0.0,0.0
Lithuania,2007,0.0,0.381,0.0,0.046,1.001,1.3,0.0,0.0
Lithuania,2008,0.0,1.016,0.0,0.06,1.001,1.3,0.0,0.0
Lithuania,2009,0.0,1.016,0.0,0.08,1.001,0.0,0.0,0.0
Lithuania,2010,0.0,1.016,0.0,0.15,1.001,0.0,0.0,0.0
Lithuania,2011,0.0,1.063,0.0,0.15,1.001,0.0,0.0,0.0
Lithuania,2012,0.0,1.508,0.0,0.171,1.001,0.0,0.0,0.0
Lithuania,2013,0.0,1.508,0.0,0.21,1.001,0.0,0.02,0.0
Lithuania,2014,0.0,1.508,0.0,0.21,1.001,0.0,0.02,0.0
Lithuania,2015,0.0,1.508,0.0,0.294,1.001,0.0,0.02,0.0
Lithuania,2016,0.0,1.508,0.0,0.368,1.001,0.0,0.02,0.0
Lithuania,2017,0.0,1.508,0.0384,0.413,1.001,0.0,0.02,0.0
Lithuania,2018,0.0,1.508,0.042,0.413,1.001,0.0,0.02,0.0
Lithuania,2019,0.0,1.508,0.042,0.413,1.001,0.0,0.02,0.0
Lithuania,2020,0.0,1.508,0.06659999999999999,0.413,1.001,0.0,0.044,0.0
Lithuania,2021,0.0,1.508,0.08159999999999999,0.497,1.001,0.0,0.064,0.0
Lithuania,2022,0.0,1.148,0.1529,0.497,1.001,0.0,0.064,0.0
Lithuania,2023,0.0,1.148,0.4408,0.746,1.001,0.0,0.064,0.0
Lithuania,2024,0.0,1.148,0.6711401234567901,0.864,1.001,0.0,0.144,0.0
Lithuania,2025,0.0,1.148,0.8395895061728395,1.258,1.001,0.0,0.144,0.0
Luxembourg,2000,0.0,0.0,0.0,0.0,1.294,0.0,0.0,0.0
Luxembourg,2001,0.0,0.0,0.0,0.0,1.294,0.0,0.0,0.0
Luxembourg,2002,0.0,0.0,0.0,0.0,1.294,0.0,0.0,0.0
Luxembourg,2003,0.0,0.0,0.0,0.0,1.294,0.0,0.0,0.0
Luxembourg,2004,0.0,0.0,0.0,0.013,1.294,0.0,0.0,0.0
Luxembourg,2005,0.0,0.0,0.0,0.013,1.294,0.0,0.0,0.0
Luxembourg,2006,0.0,0.0,0.0,0.013,1.294,0.0,0.0,0.0
Luxembourg,2007,0.0,0.0,0.0,0.013,1.294,0.0,0.0,0.0
Luxembourg,2008,0.0,0.0,0.0,0.013,1.294,0.0,0.0028,0.0
Luxembourg,2009,0.0,0.0,0.0,0.013,1.294,0.0,0.0028,0.0
Luxembourg,2010,0.0,0.0,0.0,0.013,1.294,0.0,0.0178,0.0
Luxembourg,2011,0.0,0.0,0.0,0.013,1.294,0.0,0.0178,0.0
Luxembourg,2012,0.0,0.0,0.0,0.025,1.294,0.0,0.0178,0.0
Luxembourg,2013,0.0,0.0,0.0,0.025,1.294,0.0,0.0178,0.0
Luxembourg,2014,0.0,0.0,0.0,0.025,1.294,0.0,0.0178,0.0
Luxembourg,2015,0.0,0.0,0.0,0.025,1.294,0.0,0.0178,0.0
Luxembourg,2016,0.0,0.0,0.0,0.075,1.294,0.0,0.0178,0.0
Luxembourg,2017,0.0,0.0,0.0,0.075,1.294,0.0,0.0178,0.0
Luxembourg,2018,0.0,0.0,0.0,0.075,1.294,0.0,0.0178,0.0
Luxembourg,2019,0.0,0.0,0.0,0.075,1.294,0.0,0.0178,0.0
Luxembourg,2020,0.0,0.0,0.0,0.098,1.294,0.0,0.0178,0.0
Luxembourg,2021,0.0,0.0,0.0,0.098,1.294,0.0,0.0178,0.0
Luxembourg,2022,0.0,0.0,0.0,0.098,1.294,0.0,0.0178,0.0
Luxembourg,2023,0.0,0.0,0.0,0.1316,1.294,0.0,0.0178,0.0
Luxembourg,2024,0.0,0.0,0.0,0.1316,1.294,0.0,0.0178,0.0
Luxembourg,2025,0.0,0.0,0.0,0.1316,1.294,0.0,0.0178,0.0
Macao,2000,0.0,0.2712,0.0,0.0,0.0,0.0,0.0287,0.0
Macao,2001,0.0,0.2712,0.0,0.0,0.0,0.0,0.0287,0.0
Macao,2002,0.0,0.2712,0.0,0.0,0.0,0.0,0.0287,0.0
Macao,2003,0.0,0.4072,0.0,0.0,0.0,0.0,0.0287,0.0
Macao,2004,0.0,0.4072,0.0,0.0,0.0,0.0,0.0287,0.0
Macao,2005,0.0,0.4072,0.0,0.0,0.0,0.0,0.0287,0.0
Macao,2006,0.0,0.4072,0.0,0.0,0.0,0.0,0.0287,0.0
Macao,2007,0.0,0.4072,0.0,0.0,0.0,0.0,0.0287,0.0
Macao,2008,0.0,0.4072,0.0,0.0,0.0,0.0,0.0287,0.0
Macao,2009,0.0,0.4072,0.0,0.0,0.0,0.0,0.0287,0.0
Macao,2010,0.0,0.4072,0.0,0.0,0.0,0.0,0.0287,0.0
Macao,2011,0.0,0.4072,0.0,0.0,0.0,0.0,0.0287,0.0
Macao,2012,0.0,0.4072,0.0,0.0,0.0,0.0,0.0287,0.0
Macao,2013,0.0,0.4072,0.0,0.0,0.0,0.0,0.0287,0.0
Macao,2014,0.0,0.4072,0.0,0.0,0.0,0.0,0.0287,0.0
Macao,2015,0.0,0.4072,0.0,0.0,0.0,0.0,0.0287,0.0
Macao,2016,0.0,0.4072,0.0,0.0,0.0,0.0,0.0287,0.0
Macao,2017,0.0,0.4072,0.0,0.0,0.0,0.0,0.0287,0.0
Macao,2018,0.0,0.4072,0.0,0.0,0.0,0.0,0.0287,0.0
Macao,2019,0.0,0.4072,0.0,0.0,0.0,0.0,0.0287,0.0
Macao,2020,0.0,0.4072,0.0,0.0,0.0,0.0,0.0287,0.0
Macao,2021,0.0,0.4072,0.0,0.0,0.0,0.0,0.0287,0.0
Macao,2022,0.0,0.4072,0.0,0.0,0.0,0.0,0.0287,0.0
Macao,2023,0.0,0.4072,0.0,0.0,0.0,0.0,0.0287,0.0
Macao,2024,0.0,0.4072,0.0,0.0,0.0,0.0,0.0587,0.0
Macao,2025,0.0,0.4072,0.0,0.0,0.0,0.0,0.0587,0.0
Madagascar,2000,0.0,0.0,0.0,0.0,0.115,0.0,0.0,0.0
Madagascar,2001,0.0,0.0,0.0,0.0,0.115,0.0,0.0,0.0
Madagascar,2002,0.0,0.0,0.0,0.0,0.115,0.0,0.0,0.0
Madagascar,2003,0.0,0.0,0.0,0.0,0.115,0.0,0.0,0.0
Madagascar,2004,0.0,0.0,0.0,0.0,0.115,0.0,0.0,0.0
Madagascar,2005,0.0,0.0,0.0,0.0,0.115,0.0,0.0,0.0
Madagascar,2006,0.0,0.0,0.0,0.0,0.115,0.0,0.0,0.0
Madagascar,2007,0.0,0.0,0.0,0.0,0.115,0.0,0.0,0.0
Madagascar,2008,0.0,0.0,0.0,0.0,0.115,0.0,0.0,0.0
Madagascar,2009,0.0,0.0,0.0,0.0,0.115,0.0,0.0,0.0
Madagascar,2010,0.0,0.0,0.0,0.0,0.115,0.0,0.0,0.0
Madagascar,2011,0.12,0.0,0.0,0.0,0.115,0.0,0.0,0.0
Madagascar,2012,0.12,0.0,0.0,0.0,0.115,0.0,0.0,0.0
Madagascar,2013,0.12,0.0,0.0,0.0,0.115,0.0,0.0,0.0
Madagascar,2014,0.12,0.0,0.0,0.0,0.115,0.0,0.0,0.0
Madagascar,2015,0.12,0.0,0.0,0.0,0.115,0.0,0.0,0.0
Madagascar,2016,0.12,0.0,0.0,0.0,0.115,0.0,0.0,0.0
Madagascar,2017,0.12,0.066,0.0,0.0,0.115,0.0,0.0,0.0
Madagascar,2018,0.12,0.142,0.0174,0.0,0.115,0.0,0.0,0.0
Madagascar,2019,0.12,0.142,0.0174,0.0,0.115,0.0,0.0,0.0
Madagascar,2020,0.12,0.142,0.04124536269430052,0.0,0.115,0.0,0.0,0.0
Madagascar,2021,0.12,0.142,0.04124536269430052,0.0,0.115,0.0,0.0,0.0
Madagascar,2022,0.12,0.142,0.07294536269430052,0.0,0.115,0.0,0.0,0.0
Madagascar,2023,0.12,0.247,0.08276670984455958,0.0,0.115,0.0,0.0,0.0
Madagascar,2024,0.12,0.247,0.08416670984455958,0.0,0.115,0.0,0.0,0.0
Madagascar,2025,0.12,0.247,0.08416670984455958,0.016,0.115,0.0,0.0,0.0
Malawi,2000,0.0,0.0,0.0,0.0,0.351,0.0,0.0,0.0
Malawi,2001,0.0,0.0,0.0,0.0,0.351,0.0,0.0,0.0
Malawi,2002,0.0,0.0,0.0,0.0,0.351,0.0,0.0,0.0
Malawi,2003,0.0,0.0,0.0,0.0,0.351,0.0,0.0,0.0
Malawi,2004,0.0,0.0,0.0,0.0,0.351,0.0,0.0,0.0
Malawi,2005,0.0,0.0,0.0,0.0,0.351,0.0,0.0,0.0
Malawi,2006,0.0,0.0,0.0,0.0,0.351,0.0,0.0,0.0
Malawi,2007,0.0,0.0,0.0,0.0,0.351,0.0,0.0,0.0
Malawi,2008,0.0,0.0,0.0,0.0,0.351,0.0,0.0,0.0
Malawi,2009,0.0,0.0,0.0,0.0,0.351,0.0,0.0,0.0
Malawi,2010,0.0,0.0,0.0,0.0,0.351,0.0,0.0,0.0
Malawi,2011,0.0,0.0,0.0,0.0,0.351,0.0,0.0,0.0
Malawi,2012,0.0,0.0,0.0,0.0,0.351,0.0,0.0,0.0
Malawi,2013,0.0,0.0,0.0,0.0,0.351,0.0,0.0,0.0
Malawi,2014,0.0,0.0,0.0,0.0,0.351,0.0,0.0,0.0
Malawi,2015,0.0,0.0,0.0,0.0,0.351,0.0,0.0,0.0
Malawi,2016,0.0,0.0,0.0,0.0,0.351,0.0,0.0,0.0
Malawi,2017,0.0,0.0,0.0014,0.0,0.351,0.0,0.0,0.0
Malawi,2018,0.0,0.0,0.0014,0.0,0.351,0.0,0.0,0.0
Malawi,2019,0.0,0.0,0.0014,0.0,0.351,0.0,0.0,0.0
Malawi,2020,0.0,0.0,0.0025999999999999994,0.0,0.351,0.0,0.0,0.0
Malawi,2021,0.0,0.0,0.0626,0.0,0.351,0.0,0.0,0.0
Malawi,2022,0.0,0.0,0.10087,0.0,0.351,0.0,0.0,0.0
Malawi,2023,0.0,0.0,0.10087,0.0,0.351,0.0,0.0,0.0
Malawi,2024,0.0,0.0,0.10087,0.0,0.351,0.0,0.0,0.0
Malawi,2025,0.0,0.0,0.10087,0.0,0.351,0.0,0.0,0.0
Malaysia,2000,1.7,6.721,0.0,0.0,2.218,0.0,0.0,0.0
Malaysia,2001,1.7,7.031,0.0,0.0,2.218,0.0,0.0,0.0
Malaysia,2002,2.4,7.751,0.0,0.0,2.218,0.0,0.0,0.0
Malaysia,2003,3.8,8.751,0.0,0.0,2.218,0.0,0.0,0.0
Malaysia,2004,3.91,8.751,0.0,0.0,2.218,0.0,0.0075,0.0
Malaysia,2005,3.91,9.501,0.0,0.0,2.218,0.0,0.0195,0.0
Malaysia,2006,4.61,9.614799999999999,0.0,0.0,2.218,0.0,0.0195,0.0
Malaysia,2007,6.01,9.804799999999998,0.0,0.0,2.218,0.0,0.0195,0.0
Malaysia,2008,6.01,9.954799999999999,0.0,0.0,2.218,0.0,0.0195,0.0
Malaysia,2009,7.68,10.704799999999999,0.0,0.0,2.218,0.0,0.0329,0.0
Malaysia,2010,7.68,11.211799999999998,0.0,0.0,2.218,0.0,0.0329,0.0
Malaysia,2011,7.68,11.211799999999998,0.0,0.0,4.618,0.0,0.0329,0.0
Malaysia,2012,7.68,11.211799999999998,0.0,0.0,4.618,0.0,0.0329,0.0
Malaysia,2013,7.68,11.211799999999998,0.01653,0.0,5.562,0.0,0.0329,0.0
Malaysia,2014,7.68,11.5968,0.01653,0.0,5.562,0.0,0.045399999999999996,0.0
Malaysia,2015,8.68,11.5968,0.01653,0.0,5.827,0.0,0.045399999999999996,0.0
Malaysia,2016,9.68,13.0438,0.01653,0.0,6.199,0.0,0.045399999999999996,0.0
Malaysia,2017,10.68,14.9438,0.13483,0.0,6.199,0.0,0.045399999999999996,0.0
Malaysia,2018,10.68,14.9438,0.45578352941176475,0.0,6.199,0.0,0.045399999999999996,0.0
Malaysia,2019,13.28,14.9438,0.8407835294117647,0.0,6.199,0.0,0.045399999999999996,0.0
Malaysia,2020,13.28,13.1398,1.0555435294117648,0.0,6.199,0.0,0.045399999999999996,0.0
Malaysia,2021,13.28,16.236,1.2030135294117648,0.0,6.199,0.0,0.045399999999999996,0.0
Malaysia,2022,13.28,16.803,1.7589417647058825,0.0,6.199,0.0,0.045399999999999996,0.0
Malaysia,2023,13.28,16.867,2.2154782352941176,0.0,6.199,0.0,0.045399999999999996,0.0
Malaysia,2024,13.28,15.997,2.4312664705882354,0.0,6.199,0.0,0.045399999999999996,0.0
Malaysia,2025,13.28,17.197,2.509866470588235,0.0,6.199,0.0,0.045399999999999996,0.0
Maldives,2019,0.0,0.08,0.0,0.0,0.0,0.0,0.0,0.0
Maldives,2020,0.0,0.08,0.0,0.0,0.0,0.0,0.0,0.0
Maldives,2021,0.0,0.08,0.0,0.0,0.0,0.0,0.0,0.0
Maldives,2022,0.0,0.08,0.0,0.0,0.0,0.0,0.0,0.0
Maldives,2023,0.0,0.08,0.0,0.0,0.0,0.0,0.0,0.0
Maldives,2024,0.0,0.08,0.0019,0.0,0.0,0.0,0.0,0.0
Maldives,2025,0.0,0.08,0.0019,0.0,0.0,0.0,0.0,0.0
Mali,2000,0.0,0.0,0.0,0.0,0.048,0.0,0.0,0.0
Mali,2001,0.0,0.0,0.0,0.0,0.048,0.0,0.0,0.0
Mali,2002,0.0,0.0,0.0,0.0,0.248,0.0,0.0,0.0
Mali,2003,0.0,0.0,0.0,0.0,0.248,0.0,0.0,0.0
Mali,2004,0.0,0.0,0.0,0.0,0.248,0.0,0.0,0.0
Mali,2005,0.0,0.0,0.0,0.0,0.248,0.0,0.0,0.0
Mali,2006,0.0,0.0,0.0,0.0,0.248,0.0,0.0,0.0
Mali,2007,0.0,0.0,0.0,0.0,0.248,0.0,0.0,0.0
Mali,2008,0.0,0.0,0.0,0.0,0.248,0.0,0.0,0.0
Mali,2009,0.0,0.0,0.0,0.0,0.248,0.0,0.0,0.0
Mali,2010,0.0,0.0,0.0,0.0,0.248,0.0,0.0,0.0
Mali,2011,0.0,0.0,0.0,0.0,0.248,0.0,0.0,0.0
Mali,2012,0.0,0.0,0.0,0.0,0.248,0.0,0.0,0.0
Mali,2013,0.0,0.0,0.0,0.0,0.31,0.0,0.0,0.0
Mali,2014,0.0,0.0,0.0,0.0,0.31,0.0,0.0,0.0
Mali,2015,0.0,0.0,0.0,0.0,0.31,0.0,0.0,0.0
Mali,2016,0.0,0.0,0.0,0.0,0.31,0.0,0.0,0.0
Mali,2017,0.0,0.0,0.0011,0.0,0.31,0.0,0.0,0.0
Mali,2018,0.0,0.09,0.0023,0.0,0.31,0.0,0.0,0.0
Mali,2019,0.0,0.09,0.0023,0.0,0.31,0.0,0.0,0.0
Mali,2020,0.0,0.09,0.0632,0.0,0.31,0.0,0.0,0.0
Mali,2021,0.0,0.09,0.08929999999999999,0.0,0.31,0.0,0.0,0.0
Mali,2022,0.0,0.09,0.0978,0.0,0.45,0.0,0.0,0.0
Mali,2023,0.0,0.19,0.0978,0.0,0.45,0.0,0.0,0.0
Mali,2024,0.0,0.19,0.13390673575129533,0.0,0.45,0.0,0.0,0.0
Mali,2025,0.0,0.19,0.15376544041450776,0.0,0.45,0.0,0.0,0.0
Malta,2000,0.0,0.19,0.0,0.0,0.0,0.0,0.0,0.0
Malta,2001,0.0,0.19,0.0,0.0,0.0,0.0,0.0,0.0
Malta,2002,0.0,0.19,0.0,0.0,0.0,0.0,0.0,0.0
Malta,2003,0.0,0.19,0.0,0.0,0.0,0.0,0.0,0.0
Malta,2004,0.0,0.19,0.0,0.0,0.0,0.0,0.0,0.0
Malta,2005,0.0,0.19,0.0,0.0,0.0,0.0,0.0,0.0
Malta,2006,0.0,0.19,0.0,0.0,0.0,0.0,0.0,0.0
Malta,2007,0.0,0.19,0.0,0.0,0.0,0.0,0.0,0.0
Malta,2008,0.0,0.19,0.0,0.0,0.0,0.0,0.0,0.0
Malta,2009,0.0,0.19,0.0,0.0,0.0,0.0,0.0,0.0
Malta,2010,0.0,0.19,0.0,0.0,0.0,0.0,0.0,0.0
Malta,2011,0.0,0.19,0.0,0.0,0.0,0.0,0.0,0.0
Malta,2012,0.0,0.19,0.0,0.0,0.0,0.0,0.0,0.0
Malta,2013,0.0,0.19,0.0,0.0,0.0,0.0,0.0,0.0
Malta,2014,0.0,0.19,0.0,0.0,0.0,0.0,0.0,0.0
Malta,2015,0.0,0.19,0.0,0.0,0.0,0.0,0.0,0.0
Malta,2016,0.0,0.19,0.0,0.0,0.0,0.0,0.0,0.0
Malta,2017,0.0,0.5478,0.0040999999999999995,0.0,0.0,0.0,0.0,0.0
Malta,2018,0.0,0.5478,0.009,0.0,0.0,0.0,0.0,0.0
Malta,2019,0.0,0.5478,0.0111,0.0,0.0,0.0,0.0,0.0
Malta,2020,0.0,0.5478,0.0162,0.0,0.0,0.0,0.0,0.0
Malta,2021,0.0,0.5478,0.0162,0.0,0.0,0.0,0.0,0.0
Malta,2022,0.0,0.5478,0.0176,0.0,0.0,0.0,0.0,0.0
Malta,2023,0.0,0.5478,0.018699999999999998,0.0,0.0,0.0,0.0,0.0
Malta,2024,0.0,0.5478,0.018699999999999998,0.0,0.0,0.0,0.0,0.0
Malta,2025,0.0,0.5478,0.018699999999999998,0.0,0.0,0.0,0.0,0.0
Martinique,2000,0.0,0.077,0.0,0.0,0.0,0.0,0.0,0.0
Martinique,2001,0.0,0.077,0.0,0.0,0.0,0.0,0.0,0.0
Martinique,2002,0.0,0.077,0.0,0.0,0.0,0.0,0.0,0.0
Martinique,2003,0.0,0.077,0.0,0.0,0.0,0.0,0.0,0.0
Martinique,2004,0.0,0.077,0.0,0.0,0.0,0.0,0.0,0.0
Martinique,2005,0.0,0.077,0.0,0.0,0.0,0.0,0.0,0.0
Martinique,2006,0.0,0.077,0.0,0.0,0.0,0.0,0.0,0.0
Martinique,2007,0.0,0.117,0.0,0.0,0.0,0.0,0.0,0.0
Martinique,2008,0.0,0.117,0.0,0.0,0.0,0.0,0.0,0.0
Martinique,2009,0.0,0.117,0.00087,0.0,0.0,0.0,0.0,0.0
Martinique,2010,0.0,0.117,0.00435,0.0,0.0,0.0,0.0,0.0
Martinique,2011,0.0,0.117,0.00435,0.0,0.0,0.0,0.0,0.0
Martinique,2012,0.0,0.144,0.00435,0.0,0.0,0.0,0.0,0.0
Martinique,2013,0.0,0.144,0.00435,0.0,0.0,0.0,0.0,0.0
Martinique,2014,0.0,0.36360000000000003,0.00435,0.0,0.0,0.0,0.0,0.0
Martinique,2015,0.0,0.36360000000000003,0.00435,0.0,0.0,0.0,0.0,0.0
Martinique,2016,0.0,0.36360000000000003,0.00435,0.0,0.0,0.0,0.0,0.0
Martinique,2017,0.0,0.36360000000000003,0.012150000000000001,0.0,0.0,0.0,0.0,0.0
Martinique,2018,0.0,0.36360000000000003,0.01455,0.0,0.0,0.0,0.04,0.0
Martinique,2019,0.0,0.36360000000000003,0.01455,0.014,0.0,0.0,0.04,0.0
Martinique,2020,0.0,0.36360000000000003,0.01455,0.014,0.0,0.0,0.04,0.0
Martinique,2021,0.0,0.36360000000000003,0.01455,0.014,0.0,0.0,0.04,0.0
Martinique,2022,0.0,0.36360000000000003,0.01455,0.014,0.0,0.0,0.04,0.0
Martinique,2023,0.0,0.36360000000000003,0.024550000000000002,0.014,0.0,0.0,0.04,0.0
Martinique,2024,0.0,0.36360000000000003,0.024550000000000002,0.014,0.0,0.0,0.04,0.0
Martinique,2025,0.0,0.36360000000000003,0.024550000000000002,0.014,0.0,0.0,0.04,0.0
Mauritania,2015,0.0,0.18,0.0,0.0,0.0,0.0,0.0,0.0
Mauritania,2016,0.0,0.18,0.010832020725388601,0.03,0.0,0.0,0.0,0.0
Mauritania,2017,0.0,0.18,0.08443202072538859,0.03,0.0,0.0,0.0,0.0
Mauritania,2018,0.0,0.18,0.08443202072538859,0.03,0.0,0.0,0.0,0.0
Mauritania,2019,0.0,0.18,0.08823202072538859,0.03,0.0,0.0,0.0,0.0
Mauritania,2020,0.0,0.18,0.08823202072538859,0.03,0.0,0.0,0.0,0.0
Mauritania,2021,0.0,0.18,0.08823202072538859,0.03,0.0,0.0,0.0,0.0
Mauritania,2022,0.0,0.18,0.08823202072538859,0.13,0.0,0.0,0.0,0.0
Mauritania,2023,0.0,0.18,0.08823202072538859,0.13,0.0,0.0,0.0,0.0
Mauritania,2024,0.0,0.18,0.1222320207253886,0.13,0.0,0.0,0.0,0.0
Mauritania,2025,0.0,0.18,0.1222320207253886,0.13,0.0,0.0,0.0,0.0
Mauritius,2000,0.07,0.276,0.0,0.0,0.03,0.0,0.041,0.0
Mauritius,2001,0.07,0.276,0.0,0.0,0.03,0.0,0.041,0.0
Mauritius,2002,0.07,0.276,0.0,0.0,0.03,0.0,0.041,0.0
Mauritius,2003,0.07,0.276,0.0,0.0,0.03,0.0,0.041,0.0
Mauritius,2004,0.07,0.276,0.0,0.0,0.03,0.0,0.041,0.0
Mauritius,2005,0.105,0.276,0.0,0.0,0.03,0.0,0.041,0.0
Mauritius,2006,0.105,0.318,0.0,0.0,0.03,0.0,0.041,0.0
Mauritius,2007,0.195,0.318,0.0,0.0,0.03,0.0,0.041,0.0
Mauritius,2008,0.195,0.318,0.0,0.0,0.03,0.0,0.041,0.0
Mauritius,2009,0.195,0.318,0.0,0.0,0.03,0.0,0.041,0.0
Mauritius,2010,0.195,0.348,0.0,0.0,0.03,0.0,0.041,0.0
Mauritius,2011,0.195,0.348,0.0,0.0,0.03,0.0,0.0443,0.0
Mauritius,2012,0.195,0.388,0.0,0.0,0.03,0.0,0.0443,0.0
Mauritius,2013,0.195,0.388,0.0,0.0,0.03,0.0,0.0443,0.0
Mauritius,2014,0.195,0.388,0.013540025906735751,0.0,0.03,0.0,0.0443,0.0
Mauritius,2015,0.195,0.388,0.013540025906735751,0.0,0.03,0.0,0.0573,0.0
Mauritius,2016,0.195,0.388,0.013540025906735751,0.0094,0.03,0.0,0.0573,0.0
Mauritius,2017,0.195,0.456,0.013540025906735751,0.0094,0.03,0.0,0.0573,0.0
Mauritius,2018,0.195,0.456,0.03637753626943005,0.0094,0.03,0.0,0.0573,0.0
Mauritius,2019,0.195,0.456,0.07274691450777201,0.0094,0.03,0.0,0.0573,0.0
Mauritius,2020,0.195,0.456,0.07274691450777201,0.0094,0.03,0.0,0.0573,0.0
Mauritius,2021,0.195,0.456,0.07274691450777201,0.0094,0.03,0.0,0.0573,0.0
Mauritius,2022,0.195,0.456,0.07274691450777201,0.0094,0.03,0.0,0.0573,0.0
Mauritius,2023,0.195,0.456,0.08483991450777202,0.0094,0.03,0.0,0.0573,0.0
Mauritius,2024,0.195,0.456,0.08483991450777202,0.0094,0.03,0.0,0.0573,0.0
Mauritius,2025,0.195,0.456,0.09386659844559586,0.0094,0.03,0.0,0.0573,0.0
Mayotte,2017,0.0,0.0,0.0044,0.0,0.0,0.0,0.0,0.0
Mayotte,2018,0.0,0.0,0.0044,0.0,0.0,0.0,0.0,0.0
Mayotte,2019,0.0,0.0,0.0044,0.0,0.0,0.0,0.0,0.0
Mayotte,2020,0.0,0.0,0.0044,0.0,0.0,0.0,0.0,0.0
Mayotte,2021,0.0,0.0,0.0044,0.0,0.0,0.0,0.0,0.0
Mayotte,2022,0.0,0.0,0.013254746113989638,0.0,0.0,0.0,0.0,0.0
Mayotte,2023,0.0,0.0,0.013254746113989638,0.0,0.0,0.0,0.0,0.0
Mayotte,2024,0.0,0.0,0.013254746113989638,0.0,0.0,0.0,0.0,0.0
Mayotte,2025,0.0,0.0,0.013254746113989638,0.0,0.0,0.0,0.0,0.0
Mexico,2000,4.7,14.2869,0.0,0.083,10.569,1.608,0.2399,0.722
Mexico,2001,4.7,15.789399999999999,0.0,0.083,10.569,1.608,0.2399,0.732
Mexico,2002,4.7,19.064400000000003,0.0,0.083,10.569,1.608,0.2399,0.732
Mexico,2003,4.7,25.625400000000003,0.0,0.083,10.569,1.608,0.2399,0.732
Mexico,2004,4.7,26.1204,0.0,0.083,10.569,1.608,0.2399,0.732
Mexico,2005,4.7,27.4219,0.0,0.083,10.569,1.608,0.2527,0.732
Mexico,2006,4.7,29.5969,0.0,0.083,10.599,1.608,0.2527,0.732
Mexico,2007,4.7,31.729200000000002,0.0,0.083,11.349,1.608,0.2527,0.732
Mexico,2008,4.7,31.729200000000002,0.0,0.163,11.349,1.608,0.2527,0.732
Mexico,2009,4.7,32.111200000000004,0.0,0.494,11.349,1.608,0.2527,0.732
Mexico,2010,5.378,32.9462,0.0,0.758,11.349,1.608,0.2527,0.732
Mexico,2011,5.378,32.9462,0.0,0.758,11.421,1.608,0.3482,0.732
Mexico,2012,5.378,32.9462,0.0078,1.611,12.171,1.608,0.3732,0.832
Mexico,2013,5.378,34.9583,0.0078,1.957,12.171,1.608,0.3966,0.832
Mexico,2014,5.378,36.0154,0.1125,2.699,12.206,1.608,0.3966,0.832
Mexico,2015,5.378,36.8664,0.18494999999999998,3.02,12.206,1.608,0.44160000000000005,0.882
Mexico,2016,5.378,38.583,0.29567,3.724,12.206,1.608,0.477,0.756
Mexico,2017,5.378,40.272,0.9933646666666666,4.428,12.206,1.608,0.51,0.781
Mexico,2018,5.378,41.511900000000004,4.503735222222223,5.431,12.206,1.608,0.58,0.781
Mexico,2019,5.378,44.5869,7.222000777777778,6.337,12.206,1.608,0.58,0.781
Mexico,2020,5.378,46.9989,9.952409444444445,6.854,12.206,1.608,0.58,0.781
Mexico,2021,5.378,48.696400000000004,10.825679444444445,7.437,12.206,1.608,0.58,0.781
Mexico,2022,5.378,49.649300000000004,11.371879444444446,7.635,12.206,1.608,0.6,0.781
Mexico,2023,5.378,50.310900000000004,12.131259444444444,7.731,12.206,1.608,0.6,0.781
Mexico,2024,5.378,51.0769,12.438681388888888,7.731,12.206,1.608,0.6,0.781
Mexico,2025,5.378,53.3269,12.438681388888888,7.731,12.206,1.608,0.6,0.781
Micronesia,2016,0.0,0.0,0.0020009999999999997,0.0,0.0,0.0,0.0,0.0
Micronesia,2017,0.0,0.0,0.0020009999999999997,0.0,0.0,0.0,0.0,0.0
Micronesia,2018,0.0,0.0,0.0020009999999999997,0.0,0.0,0.0,0.0,0.0
Micronesia,2019,0.0,0.0,0.0020009999999999997,0.0,0.0,0.0,0.0,0.0
Micronesia,2020,0.0,0.0,0.0020009999999999997,0.0,0.0,0.0,0.0,0.0
Micronesia,2021,0.0,0.0,0.0037409999999999995,0.0,0.0,0.0,0.0,0.0
Micronesia,2022,0.0,0.0,0.0037409999999999995,0.0,0.0,0.0,0.0,0.0
Micronesia,2023,0.0,0.0,0.0037409999999999995,0.0,0.0,0.0,0.0,0.0
Micronesia,2024,0.0,0.0,0.0037409999999999995,0.0,0.0,0.0,0.0,0.0
Micronesia,2025,0.0,0.0,0.0037409999999999995,0.0,0.0,0.0,0.0,0.0
Moldova,2000,1.4,1.168,0.0,0.0,0.064,0.0,0.0,0.0
Moldova,2001,1.4,1.168,0.0,0.0,0.064,0.0,0.0,0.0
Moldova,2002,1.4,1.168,0.0,0.0,0.064,0.0,0.0,0.0
Moldova,2003,1.4,1.168,0.0,0.0,0.064,0.0,0.0,0.0
Moldova,2004,1.4,1.168,0.0,0.0,0.064,0.0,0.0,0.0
Moldova,2005,1.4,1.168,0.0,0.0,0.064,0.0,0.0,0.0
Moldova,2006,1.4,1.168,0.0,0.0,0.064,0.0,0.0,0.0
Moldova,2007,1.4,1.168,0.0,0.0,0.064,0.0,0.0,0.0
Moldova,2008,1.4,1.168,0.0,0.0,0.064,0.0,0.0,0.0
Moldova,2009,1.4,1.168,0.0,0.0,0.064,0.0,0.0,0.0
Moldova,2010,1.4,1.168,0.0,0.0,0.064,0.0,0.0,0.0
Moldova,2011,1.4,1.168,0.0,0.0,0.064,0.0,0.0,0.0
Moldova,2012,1.4,1.168,0.0,0.0,0.064,0.0,0.0,0.0
Moldova,2013,1.4,1.168,0.0,0.0,0.064,0.0,0.0,0.0
Moldova,2014,1.4,1.168,0.0,0.0,0.064,0.0,0.0,0.0
Moldova,2015,1.4,1.168,0.0,0.0,0.064,0.0,0.0,0.0
Moldova,2016,1.4,1.168,0.0,0.0,0.064,0.0,0.0,0.0
Moldova,2017,1.4,1.168,0.0,0.0,0.064,0.0,0.0,0.0
Moldova,2018,1.4,1.168,0.002,0.0,0.064,0.0,0.0,0.0
Moldova,2019,1.4,1.168,0.002,0.0,0.064,0.0,0.0,0.0
Moldova,2020,1.4,1.168,0.0033,0.0,0.064,0.0,0.0,0.0
Moldova,2021,1.4,1.168,0.0273,0.0,0.064,0.0,0.0,0.0
Moldova,2022,1.4,1.168,0.0458,0.0,0.064,0.0,0.0,0.0
Moldova,2023,1.4,1.168,0.10160000000000001,0.0,0.064,0.0,0.0,0.0
Moldova,2024,1.4,1.168,0.1657,0.0,0.064,0.0,0.0,0.0
Moldova,2025,1.4,1.168,0.1657,0.0,0.064,0.0,0.0,0.0
Mongolia,2000,0.7,0.0,0.0,0.0,0.0,0.0,0.0,0.0
Mongolia,2001,0.7,0.0,0.0,0.0,0.0,0.0,0.0,0.0
Mongolia,2002,0.7,0.0,0.0,0.0,0.0,0.0,0.0,0.0
Mongolia,2003,0.7,0.0,0.0,0.0,0.0,0.0,0.0,0.0
Mongolia,2004,0.7,0.0,0.0,0.0,0.0,0.0,0.0,0.0
Mongolia,2005,0.7,0.0,0.0,0.0,0.0,0.0,0.0,0.0
Mongolia,2006,0.7,0.0,0.0,0.0,0.0,0.0,0.0,0.0
Mongolia,2007,0.7,0.0,0.0,0.0,0.0,0.0,0.0,0.0
Mongolia,2008,0.7,0.0,0.0,0.0,0.0,0.0,0.0,0.0
Mongolia,2009,0.7,0.0,0.0,0.0,0.0,0.0,0.0,0.0
Mongolia,2010,0.7,0.0,0.0,0.0,0.0,0.0,0.0,0.0
Mongolia,2011,0.7,0.0,0.0,0.0,0.0,0.0,0.0,0.0
Mongolia,2012,0.7,0.0,0.0,0.0,0.0,0.0,0.0,0.0
Mongolia,2013,0.7,0.0,0.0,0.05,0.0,0.0,0.0,0.0
Mongolia,2014,0.75,0.0,0.0,0.05,0.0,0.0,0.0,0.0
Mongolia,2015,0.875,0.0,0.0,0.05,0.0,0.0,0.0,0.0
Mongolia,2016,0.875,0.0,0.0,0.05,0.0,0.0,0.0,0.0
Mongolia,2017,0.875,0.0,0.0198,0.1,0.0,0.0,0.0,0.0
Mongolia,2018,0.875,0.0,0.038700000000000005,0.1,0.0,0.0,0.0,0.0
Mongolia,2019,0.91,0.0,0.053700000000000005,0.155,0.0,0.0,0.0,0.0
Mongolia,2020,0.91,0.0,0.053700000000000005,0.155,0.0,0.0,0.0,0.0
Mongolia,2021,0.945,0.0,0.0848,0.155,0.0,0.0,0.0,0.0
Mongolia,2022,0.945,0.0,0.0992,0.155,0.0,0.0,0.0,0.0
Mongolia,2023,0.945,0.0,0.16207075910147173,0.155,0.0,0.0,0.0,0.0
Mongolia,2024,1.145,0.0,0.18407075910147175,0.155,0.0,0.0,0.0,0.0
Mongolia,2025,1.295,0.0,0.18407075910147175,0.155,0.0,0.0,0.0,0.0
Montenegro,2000,0.225,0.0,0.0,0.0,0.649,0.0,0.0,0.0
Montenegro,2001,0.225,0.0,0.0,0.0,0.649,0.0,0.0,0.0
Montenegro,2002,0.225,0.0,0.0,0.0,0.649,0.0,0.0,0.0
Montenegro,2003,0.225,0.0,0.0,0.0,0.649,0.0,0.0,0.0
Montenegro,2004,0.225,0.0,0.0,0.0,0.649,0.0,0.0,0.0
Montenegro,2005,0.225,0.0,0.0,0.0,0.649,0.0,0.0,0.0
Montenegro,2006,0.225,0.0,0.0,0.0,0.649,0.0,0.0,0.0
Montenegro,2007,0.225,0.0,0.0,0.0,0.649,0.0,0.0,0.0
Montenegro,2008,0.225,0.0,0.0,0.0,0.649,0.0,0.0,0.0
Montenegro,2009,0.225,0.0,0.0,0.0,0.649,0.0,0.0,0.0
Montenegro,2010,0.225,0.0,0.0,0.0,0.649,0.0,0.0,0.0
Montenegro,2011,0.225,0.0,0.0,0.0,0.649,0.0,0.0,0.0
Montenegro,2012,0.225,0.0,0.0,0.0,0.649,0.0,0.0,0.0
Montenegro,2013,0.225,0.0,0.0,0.0,0.649,0.0,0.0,0.0
Montenegro,2014,0.225,0.0,0.0,0.0,0.649,0.0,0.0,0.0
Montenegro,2015,0.225,0.0,0.0,0.0,0.649,0.0,0.0,0.0
Montenegro,2016,0.225,0.0,0.0,0.0,0.649,0.0,0.0,0.0
Montenegro,2017,0.225,0.0,0.0,0.072,0.649,0.0,0.0,0.0
Montenegro,2018,0.225,0.0,0.0,0.072,0.649,0.0,0.0,0.0
Montenegro,2019,0.225,0.0,0.0,0.118,0.649,0.0,0.0,0.0
Montenegro,2020,0.225,0.0,0.0,0.118,0.649,0.0,0.0,0.0
Montenegro,2021,0.225,0.0,0.0,0.118,0.649,0.0,0.0,0.0
Montenegro,2022,0.225,0.0,0.0,0.118,0.649,0.0,0.0,0.0
Montenegro,2023,0.225,0.0,0.0063,0.118,0.649,0.0,0.0,0.0
Montenegro,2024,0.225,0.0,0.0169,0.118,0.649,0.0,0.0,0.0
Montenegro,2025,0.225,0.0,0.0169,0.118,0.649,0.0,0.0,0.0
Morocco,2000,1.473,0.3,0.0,0.0,1.013,0.0,0.0,0.0
Morocco,2001,1.821,0.3,0.0,0.0,1.013,0.0,0.0,0.0
Morocco,2002,1.821,0.3,0.0,0.0,1.013,0.0,0.0,0.0
Morocco,2003,1.821,0.3,0.0,0.0,1.105,0.0,0.0,0.0
Morocco,2004,1.821,0.3,0.0,0.0,1.571,0.0,0.0,0.0
Morocco,2005,1.821,0.7,0.0,0.01,1.571,0.0,0.0,0.0
Morocco,2006,1.821,0.7,0.0,0.01,1.571,0.0,0.0,0.0
Morocco,2007,1.821,0.7,0.0,0.07,1.571,0.0,0.0046,0.0
Morocco,2008,1.821,0.7,0.0,0.08,1.571,0.0,0.0046,0.0
Morocco,2009,1.821,1.116,0.0,0.199,1.571,0.0,0.0046,0.0
Morocco,2010,1.821,1.586,0.02,0.199,1.571,0.0,0.0046,0.0
Morocco,2011,1.821,1.586,0.02,0.232,1.571,0.0,0.0046,0.0
Morocco,2012,1.821,1.901,0.02,0.232,1.571,0.0,0.0046,0.0
Morocco,2013,1.821,1.901,0.02,0.232,1.571,0.0,0.0046,0.0
Morocco,2014,2.521,1.901,0.02,0.685,1.571,0.0,0.0046,0.0
Morocco,2015,2.521,1.901,0.02,0.685,1.571,0.0,0.0046,0.0
Morocco,2016,2.521,1.901,0.18,0.785,1.571,0.0,0.0046,0.0
Morocco,2017,2.871,1.901,0.1814,0.785,1.571,0.0,0.0046,0.0
Morocco,2018,4.257,1.901,0.5969650000000001,0.785,1.571,0.0,0.0046,0.0
Morocco,2019,4.257,1.901,0.5980650000000001,0.785,1.571,0.0,0.0046,0.0
Morocco,2020,4.257,1.901,0.633965,0.995,1.571,0.0,0.0046,0.0
Morocco,2021,4.257,1.901,0.7071649999999999,1.115,1.571,0.0,0.0046,0.0
Morocco,2022,4.257,1.901,0.7159650000000001,1.237,1.571,0.0,0.0046,0.0
Morocco,2023,4.257,1.901,0.722365,1.237,1.571,0.0,0.0046,0.0
Morocco,2024,4.092,1.901,0.77008375,1.627,1.921,0.0,0.0046,0.0
Morocco,2025,4.092,1.901,0.94822375,1.627,1.921,0.0,0.0046,0.0
Mozambique,2000,0.0,0.0,0.0,0.0,2.171,0.0,0.0,0.0
Mozambique,2001,0.0,0.0,0.0,0.0,2.171,0.0,0.0,0.0
Mozambique,2002,0.0,0.0,0.0,0.0,2.171,0.0,0.0,0.0
Mozambique,2003,0.0,0.0,0.0,0.0,2.171,0.0,0.0,0.0
Mozambique,2004,0.0,0.0,0.0,0.0,2.171,0.0,0.0,0.0
Mozambique,2005,0.0,0.0,0.0,0.0,2.171,0.0,0.0,0.0
Mozambique,2006,0.0,0.0,0.0,0.0,2.171,0.0,0.0,0.0
Mozambique,2007,0.0,0.0,0.0,0.0,2.171,0.0,0.0,0.0
Mozambique,2008,0.0,0.0,0.0,0.0,2.171,0.0,0.0,0.0
Mozambique,2009,0.0,0.0,0.0,0.0,2.171,0.0,0.0,0.0
Mozambique,2010,0.0,0.0,0.0,0.0,2.171,0.0,0.0,0.0
Mozambique,2011,0.0,0.0,0.0,0.0,2.171,0.0,0.0,0.0
Mozambique,2012,0.0,0.0,0.0,0.0,2.171,0.0,0.0,0.0
Mozambique,2013,0.0,0.0,0.0,0.0,2.171,0.0,0.0,0.0
Mozambique,2014,0.0,0.0,0.0,0.0,2.171,0.0,0.0,0.0
Mozambique,2015,0.0,0.4116,0.0,0.0,2.171,0.0,0.0,0.0
Mozambique,2016,0.0,0.4116,0.0,0.0,2.171,0.0,0.0,0.0
Mozambique,2017,0.0,0.4116,0.0,0.0,2.171,0.0,0.0,0.0
Mozambique,2018,0.0,0.6576000000000001,0.0,0.0,2.171,0.0,0.0,0.0
Mozambique,2019,0.0,0.6576000000000001,0.0348,0.0,2.171,0.0,0.0,0.0
Mozambique,2020,0.0,0.6576000000000001,0.0348,0.0,2.171,0.0,0.0,0.0
Mozambique,2021,0.0,0.6576000000000001,0.0348,0.0,2.171,0.0,0.0,0.0
Mozambique,2022,0.0,0.6576000000000001,0.07047,0.0,2.171,0.0,0.0,0.0
Mozambique,2023,0.0,0.6576000000000001,0.099301,0.0,2.171,0.0,0.0,0.0
Mozambique,2024,0.0,0.6576000000000001,0.099301,0.0,2.171,0.0,0.0,0.0
Mozambique,2025,0.0,0.6576000000000001,0.099301,0.0,2.171,0.0,0.0,0.0
Myanmar,2000,0.0,0.3005,0.0,0.0,0.224,0.0,0.0,0.0
Myanmar,2001,0.0,0.3005,0.0,0.0,0.224,0.0,0.0,0.0
Myanmar,2002,0.0,0.3005,0.0,0.0,0.254,0.0,0.0,0.0
Myanmar,2003,0.0,0.3005,0.0,0.0,0.254,0.0,0.0,0.0
Myanmar,2004,0.06,0.3005,0.0,0.0,0.329,0.0,0.0,0.0
Myanmar,2005,0.12,0.3005,0.0,0.0,0.609,0.0,0.0,0.0
Myanmar,2006,0.12,0.3005,0.0,0.0,0.609,0.0,0.0,0.0
Myanmar,2007,0.12,0.3005,0.0,0.0,0.609,0.0,0.0,0.0
Myanmar,2008,0.12,0.3005,0.0,0.0,1.293,0.0,0.0,0.0
Myanmar,2009,0.12,0.3005,0.0,0.0,1.293,0.0,0.0,0.0
Myanmar,2010,0.12,0.3005,0.0,0.0,2.083,0.0,0.0,0.0
Myanmar,2011,0.12,0.3005,0.0,0.0,2.458,0.0,0.0,0.0
Myanmar,2012,0.12,0.3005,0.0,0.0,2.532,0.0,0.0,0.0
Myanmar,2013,0.12,0.5215,0.0,0.0,2.791,0.0,0.0,0.0
Myanmar,2014,0.12,1.0435,0.0,0.0,2.831,0.0,0.0,0.0
Myanmar,2015,0.12,1.1538,0.0,0.0,3.053,0.0,0.0,0.0
Myanmar,2016,0.12,1.1538,0.0,0.0,3.083,0.0,0.0,0.0
Myanmar,2017,0.16,1.1538,0.0037,0.0,3.148,0.0,0.0,0.0
Myanmar,2018,0.19,1.4848,0.0037,0.0,3.148,0.0,0.0,0.0
Myanmar,2019,0.19,1.9243,0.047200000000000006,0.0,3.148,0.0,0.0,0.0
Myanmar,2020,0.19,2.1154,0.047200000000000006,0.0,3.214,0.0,0.0,0.0
Myanmar,2021,0.19,2.1154,0.0752,0.21,3.214,0.0,0.0,0.0
Myanmar,2022,0.19,2.2504,0.11026363636363637,0.21,3.214,0.0,0.0,0.0
Myanmar,2023,0.19,2.2504,0.29726363636363634,0.21,3.214,0.0,0.0,0.0
Myanmar,2024,0.19,2.2504,0.29976363636363634,0.21,3.214,0.0,0.0,0.0
Myanmar,2025,0.22,3.0774,0.3028636363636364,0.21,3.214,0.0,0.0,0.0
Namibia,2000,0.12,0.0,0.0,0.0,0.332,0.0,0.0,0.0
Namibia,2001,0.12,0.0,0.0,0.0,0.332,0.0,0.0,0.0
Namibia,2002,0.12,0.0,0.0,0.0,0.332,0.0,0.0,0.0
Namibia,2003,0.12,0.0,0.0,0.0,0.332,0.0,0.0,0.0
Namibia,2004,0.12,0.0,0.0,0.0,0.332,0.0,0.0,0.0
Namibia,2005,0.12,0.0,0.0,0.0,0.332,0.0,0.0,0.0
Namibia,2006,0.12,0.0,0.0,0.0,0.332,0.0,0.0,0.0
Namibia,2007,0.12,0.0,0.0,0.0,0.332,0.0,0.0,0.0
Namibia,2008,0.12,0.0,0.0,0.0,0.332,0.0,0.0,0.0
Namibia,2009,0.12,0.0,0.0,0.0,0.332,0.0,0.0,0.0
Namibia,2010,0.12,0.0,0.0,0.0,0.332,0.0,0.0,0.0
Namibia,2011,0.12,0.0,0.0,0.0,0.332,0.0,0.0,0.0
Namibia,2012,0.12,0.0,0.0,0.0,0.332,0.0,0.0,0.0
Namibia,2013,0.12,0.0,0.005596544041450777,0.0,0.332,0.0,0.0,0.0
Namibia,2014,0.12,0.0,0.005596544041450777,0.0,0.332,0.0,0.0,0.0
Namibia,2015,0.12,0.0,0.010651487046632123,0.0,0.332,0.0,0.0,0.0
Namibia,2016,0.12,0.0,0.02592683678756477,0.0,0.332,0.0,0.0,0.0
Namibia,2017,0.12,0.0,0.06302650777202072,0.0,0.332,0.0,0.0,0.0
Namibia,2018,0.12,0.0,0.15054978756476683,0.0,0.332,0.0,0.0,0.0
Namibia,2019,0.12,0.0,0.160840207253886,0.0,0.332,0.0,0.0,0.0
Namibia,2020,0.12,0.0,0.160840207253886,0.0,0.332,0.0,0.0,0.0
Namibia,2021,0.12,0.0,0.1736871450777202,0.0,0.332,0.0,0.0,0.0
Namibia,2022,0.12,0.0,0.1990306269430052,0.0,0.332,0.0,0.0,0.0
Namibia,2023,0.12,0.0,0.20525903886010363,0.0,0.332,0.0,0.0,0.0
Namibia,2024,0.12,0.0,0.21765903886010363,0.0,0.332,0.0,0.0,0.0
Namibia,2025,0.12,0.0495,0.28604343264248705,0.0,0.332,0.0,0.0,0.0
Nauru,2019,0.0,0.0,0.005617471264367816,0.0,0.0,0.0,0.0,0.0
Nauru,2020,0.0,0.0,0.005617471264367816,0.0,0.0,0.0,0.0,0.0
Nauru,2021,0.0,0.0,0.005617471264367816,0.0,0.0,0.0,0.0,0.0
Nauru,2022,0.0,0.0,0.005617471264367816,0.0,0.0,0.0,0.0,0.0
Nauru,2023,0.0,0.0,0.005617471264367816,0.0,0.0,0.0,0.0,0.0
Nauru,2024,0.0,0.0,0.005617471264367816,0.0,0.0,0.0,0.0,0.0
Nauru,2025,0.0,0.0,0.005617471264367816,0.0,0.0,0.0,0.0,0.0
Nepal,2000,0.0,0.0,0.0,0.0,0.312,0.0,0.0,0.0
Nepal,2001,0.0,0.0,0.0,0.0,0.357,0.0,0.0,0.0
Nepal,2002,0.0,0.0,0.0,0.0,0.501,0.0,0.0,0.0
Nepal,2003,0.0,0.0,0.0,0.0,0.523,0.0,0.0,0.0
Nepal,2004,0.0,0.0,0.0,0.0,0.523,0.0,0.0,0.0
Nepal,2005,0.0,0.0,0.0,0.0,0.523,0.0,0.0,0.0
Nepal,2006,0.0,0.0,0.0,0.0,0.523,0.0,0.0,0.0
Nepal,2007,0.0,0.0,0.0,0.0,0.523,0.0,0.0,0.0
Nepal,2008,0.0,0.0,0.0,0.0,0.523,0.0,0.0,0.0
Nepal,2009,0.0,0.0,0.0,0.0,0.593,0.0,0.0,0.0
Nepal,2010,0.0,0.0,0.0,0.0,0.593,0.0,0.0,0.0
Nepal,2011,0.0,0.0,0.0,0.0,0.593,0.0,0.0,0.0
Nepal,2012,0.0,0.0,0.0,0.0,0.593,0.0,0.0,0.0
Nepal,2013,0.0,0.0,0.0,0.0,0.635,0.0,0.0,0.0
Nepal,2014,0.0,0.0,0.0,0.0,0.635,0.0,0.0,0.0
Nepal,2015,0.0,0.0,0.0,0.0,0.657,0.0,0.0,0.0
Nepal,2016,0.0,0.0,0.0,0.0,0.732,0.0,0.0,0.0
Nepal,2017,0.0,0.0,0.0,0.0,0.77,0.0,0.0,0.0
Nepal,2018,0.0,0.0,0.0,0.0,0.833,0.0,0.0,0.0
Nepal,2019,0.0,0.0,0.0,0.0,0.929,0.0,0.0,0.0
Nepal,2020,0.0,0.0,0.03175,0.0,0.953,0.0,0.0,0.0
Nepal,2021,0.0,0.0,0.03175,0.0,1.562,0.0,0.0,0.0
Nepal,2022,0.0,0.0,0.03175,0.0,1.851,0.0,0.0,0.0
Nepal,2023,0.0,0.0,0.03175,0.0,2.423,0.0,0.0,0.0
Nepal,2024,0.0,0.0,0.03175,0.0,2.843,0.0,0.0,0.0
Nepal,2025,0.0,0.0,0.03175,0.0,3.206,0.0,0.0,0.0
Netherlands,2000,4.265,5.3726,0.0,0.089,0.0,0.515,0.7512000000000001,0.0
Netherlands,2001,4.265,5.3726,0.0,0.089,0.0,0.515,0.7512000000000001,0.0
Netherlands,2002,4.265,5.3726,0.0,0.127,0.0,0.515,0.7512000000000001,0.0
Netherlands,2003,4.265,5.4426000000000005,0.0,0.166,0.0,0.515,0.7512000000000001,0.0
Netherlands,2004,4.265,6.2526,0.0,0.178,0.0,0.515,0.7512000000000001,0.0
Netherlands,2005,4.265,6.2906,0.0,0.178,0.0,0.515,0.7512000000000001,0.0
Netherlands,2006,4.265,6.2906,0.0,0.245,0.0,0.515,0.7732,0.0
Netherlands,2007,4.265,6.395,0.0,0.578,0.0,0.515,0.8652000000000001,0.0
Netherlands,2008,4.265,6.703,0.0,0.695,0.0,0.515,0.9232,0.0
Netherlands,2009,4.265,6.703,0.0,1.225,0.0,0.515,0.9232,0.0
Netherlands,2010,4.265,9.007,0.0,1.225,0.0,0.515,1.0192,0.0
Netherlands,2011,4.265,9.877,0.0,1.245,0.0,0.515,1.0582,0.0
Netherlands,2012,4.265,12.039,0.0,1.2958,0.0,0.515,1.0582,0.0
Netherlands,2013,4.265,13.884,0.0,1.5608,0.0,0.515,1.1072,0.0
Netherlands,2014,4.265,13.884,0.0,1.6658,0.0,0.515,1.1072,0.0
Netherlands,2015,4.891,13.884,0.0,2.0038,0.0,0.515,1.1072,0.0
Netherlands,2016,5.991,13.884,0.0,2.1698000000000004,0.0,0.515,1.1072,0.0
Netherlands,2017,4.785,13.884,0.35760000000000003,3.3938,0.0,0.515,1.1072,0.0
Netherlands,2018,4.785,13.884,0.9284969999999999,3.3938,0.0,0.515,1.1072,0.0
Netherlands,2019,4.1,14.028,1.732132,3.6258000000000004,0.0,0.515,1.1072,0.0
Netherlands,2020,4.1,13.994,2.857164,5.1628,0.0,0.515,1.1072,0.0
Netherlands,2021,4.1,13.994,3.9807979999999996,6.6318,0.0,0.515,1.1072,0.0
Netherlands,2022,4.1,13.994,4.723493476190476,7.0725,0.0,0.515,1.1072,0.0
Netherlands,2023,3.5,14.04,5.377768476190477,10.2813,0.0,0.515,1.6072,0.0
Netherlands,2024,3.5,14.04,5.883369380952381,10.8773,0.0,0.515,1.6072,0.0
Netherlands,2025,3.5,14.04,6.371439904761904,10.8773,0.0,0.515,1.6072,0.0
New Caledonia,2000,0.0,0.055,0.0,0.004,0.068,0.0,0.0,0.0
New Caledonia,2001,0.0,0.055,0.0,0.004,0.068,0.0,0.0,0.0
New Caledonia,2002,0.0,0.055,0.0,0.004,0.068,0.0,0.0,0.0
New Caledonia,2003,0.0,0.055,0.0,0.004,0.068,0.0,0.0,0.0
New Caledonia,2004,0.0,0.055,0.0,0.006,0.068,0.0,0.0,0.0
New Caledonia,2005,0.0,0.055,0.0,0.011,0.068,0.0,0.0,0.0
New Caledonia,2006,0.0,0.055,0.0,0.0285,0.068,0.0,0.0,0.0
New Caledonia,2007,0.0,0.055,0.0,0.0335,0.068,0.0,0.0,0.0
New Caledonia,2008,0.1,0.055,0.0,0.0335,0.068,0.0,0.0,0.0
New Caledonia,2009,0.1,0.055,0.0,0.0335,0.068,0.0,0.0,0.0
New Caledonia,2010,0.1,0.055,0.0,0.0385,0.068,0.0,0.0,0.0
New Caledonia,2011,0.1,0.055,0.0,0.0385,0.068,0.0,0.0,0.0
New Caledonia,2012,0.37,0.055,0.0,0.0385,0.068,0.0,0.0,0.0
New Caledonia,2013,0.37,0.055,0.0,0.0385,0.068,0.0,0.0,0.0
New Caledonia,2014,0.37,0.055,0.0,0.0385,0.068,0.0,0.0,0.0
New Caledonia,2015,0.37,0.055,0.0,0.0385,0.068,0.0,0.0,0.0
New Caledonia,2016,0.37,0.055,0.0,0.0385,0.068,0.0,0.0,0.0
New Caledonia,2017,0.37,0.055,0.018,0.0385,0.068,0.0,0.0,0.0
New Caledonia,2018,0.37,0.055,0.04,0.0385,0.068,0.0,0.0,0.0
New Caledonia,2019,0.37,0.055,0.0718,0.0385,0.068,0.0,0.0,0.0
New Caledonia,2020,0.37,0.055,0.082,0.0585,0.068,0.0,0.0,0.0
New Caledonia,2021,0.37,0.055,0.10490000000000001,0.0585,0.068,0.0,0.0,0.0
New Caledonia,2022,0.37,0.055,0.10729999999999999,0.0585,0.068,0.0,0.0,0.0
New Caledonia,2023,0.37,0.253,0.10729999999999999,0.0585,0.068,0.0,0.0,0.0
New Caledonia,2024,0.37,0.253,0.11,0.0585,0.068,0.0,0.0,0.0
New Caledonia,2025,0.37,0.253,0.11,0.0585,0.068,0.0,0.0,0.0
New Zealand,2000,1.0,0.6283,0.0,0.032,5.125,0.0,0.049,0.4487
New Zealand,2001,1.0,0.6283,0.0,0.032,5.125,0.0,0.049,0.4487
New Zealand,2002,1.0,0.6283,0.0,0.032,5.125,0.0,0.049,0.4487
New Zealand,2003,1.0,0.6283,0.0,0.032,5.125,0.0,0.049,0.4487
New Zealand,2004,1.0,0.8341000000000001,0.0,0.159,5.125,0.0,0.049,0.4487
New Zealand,2005,1.0,0.8341000000000001,0.0,0.159,5.125,0.0,0.049,0.5027
New Zealand,2006,1.0,0.8341000000000001,0.0,0.159,5.125,0.0,0.049,0.5027
New Zealand,2007,1.0,1.2370999999999999,0.0,0.31,5.125,0.0,0.049,0.5197
New Zealand,2008,1.0,1.2370999999999999,0.0,0.31,5.125,0.0,0.049,0.6287
New Zealand,2009,1.0,1.2370999999999999,0.0,0.483,5.125,0.0,0.049,0.6287
New Zealand,2010,1.0,1.2370999999999999,0.0,0.483,5.125,0.0,0.049,0.7967000000000001
New Zealand,2011,1.0,1.4470999999999998,0.0,0.599,5.125,0.0,0.049,0.7967000000000001
New Zealand,2012,0.75,1.4470999999999998,0.0,0.599,5.125,0.0,0.049,0.7967000000000001
New Zealand,2013,0.75,1.5471,0.0,0.599,5.125,0.0,0.049,0.9027000000000001
New Zealand,2014,0.75,1.5471,0.0,0.659,5.125,0.0,0.049,1.0687
New Zealand,2015,0.75,1.5471,0.0,0.659,5.125,0.0,0.049,1.0687
New Zealand,2016,0.75,1.5471,0.0,0.659,5.125,0.0,0.049,1.0687
New Zealand,2017,0.75,1.5471,0.0,0.659,5.125,0.0,0.049,1.0687
New Zealand,2018,0.75,1.5471,0.0,0.659,5.125,0.0,0.049,1.0947
New Zealand,2019,0.75,1.5471,0.0,0.659,5.125,0.0,0.049,1.0947
New Zealand,2020,0.75,1.6471,0.0,0.659,5.125,0.0,0.049,1.0947
New Zealand,2021,0.75,1.6471,0.0019,0.911,5.125,0.0,0.049,1.1267
New Zealand,2022,0.75,1.6471,0.0019,0.911,5.125,0.0,0.0645,1.1267
New Zealand,2023,0.75,1.6031,0.04733659090909091,1.057,5.125,0.0,0.0645,1.1267
New Zealand,2024,0.75,1.6031,0.18406045454545455,1.233,5.125,0.0,0.0645,1.3517000000000001
New Zealand,2025,0.75,1.6031,0.26939545454545455,1.233,5.125,0.0,0.0645,1.3517000000000001
Nicaragua,2000,0.0,0.3003,0.0,0.0,0.104,0.0,0.015,0.07
Nicaragua,2001,0.0,0.3003,0.0,0.0,0.104,0.0,0.015,0.07
Nicaragua,2002,0.0,0.3003,0.0,0.0,0.104,0.0,0.015,0.07
Nicaragua,2003,0.0,0.3003,0.0,0.0,0.104,0.0,0.015,0.07
Nicaragua,2004,0.0,0.3003,0.0,0.0,0.104,0.0,0.015,0.07
Nicaragua,2005,0.0,0.3003,0.0,0.0,0.104,0.0,0.015,0.07
Nicaragua,2006,0.0,0.3003,0.0,0.0,0.104,0.0,0.015,0.07
Nicaragua,2007,0.0,0.3003,0.0,0.0,0.104,0.0,0.015,0.07
Nicaragua,2008,0.0,0.3003,0.0,0.0,0.104,0.0,0.015,0.07
Nicaragua,2009,0.0,0.3003,0.0,0.04,0.104,0.0,0.015,0.07
Nicaragua,2010,0.0,0.3003,0.0,0.063,0.104,0.0,0.015,0.07
Nicaragua,2011,0.0,0.3003,0.0,0.063,0.104,0.0,0.015,0.07
Nicaragua,2012,0.0,0.3003,0.0,0.107,0.104,0.0,0.015,0.07
Nicaragua,2013,0.0,0.3003,0.0013427037037037038,0.189,0.104,0.0,0.015,0.142
Nicaragua,2014,0.0,0.3003,0.0013427037037037038,0.189,0.104,0.0,0.015,0.142
Nicaragua,2015,0.0,0.3003,0.0013427037037037038,0.189,0.104,0.0,0.015,0.142
Nicaragua,2016,0.0,0.3003,0.0013427037037037038,0.189,0.104,0.0,0.057,0.142
Nicaragua,2017,0.0,0.44830000000000003,0.0183427037037037,0.189,0.104,0.0,0.057,0.142
Nicaragua,2018,0.0,0.44830000000000003,0.0194427037037037,0.189,0.104,0.0,0.057,0.142
Nicaragua,2019,0.0,0.44830000000000003,0.021269703703703704,0.189,0.104,0.0,0.097,0.142
Nicaragua,2020,0.0,0.44830000000000003,0.021269703703703704,0.189,0.104,0.0,0.097,0.142
Nicaragua,2021,0.0,0.44830000000000003,0.0224697037037037,0.189,0.104,0.0,0.097,0.142
Nicaragua,2022,0.0,0.38,0.024669703703703704,0.189,0.104,0.0,0.097,0.142
Nicaragua,2023,0.0,0.38,0.0387697037037037,0.189,0.104,0.0,0.097,0.1524
Nicaragua,2024,0.0,0.38,0.05551488888888889,0.189,0.104,0.0,0.097,0.1524
Nicaragua,2025,0.0,0.38,0.05551488888888889,0.189,0.104,0.0,0.097,0.1524
Niger,2017,0.0,0.1,0.0,0.0,0.0,0.0,0.0,0.0
Niger,2018,0.0,0.1,0.006,0.0,0.0,0.0,0.0,0.0
Niger,2019,0.0,0.1,0.006,0.0,0.0,0.0,0.0,0.0
Niger,2020,0.0,0.1,0.006,0.0,0.0,0.0,0.0,0.0
Niger,2021,0.0,0.189,0.0075,0.0,0.0,0.0,0.0,0.0
Niger,2022,0.0,0.212,0.0256,0.0,0.0,0.0,0.0,0.0
Niger,2023,0.03,0.212,0.0517,0.0,0.0,0.0,0.0,0.0
Niger,2024,0.03,0.212,0.0517,0.0,0.0,0.0,0.0,0.0
Niger,2025,0.03,0.212,0.0535,0.0,0.0,0.0,0.0,0.0
Nigeria,2000,0.0,3.03,0.0,0.0,1.938,0.0,0.0,0.0
Nigeria,2001,0.0,3.03,0.0,0.0,1.938,0.0,0.0,0.0
Nigeria,2002,0.0,3.306,0.0,0.0,1.938,0.0,0.0,0.0
Nigeria,2003,0.0,3.306,0.0,0.0,1.938,0.0,0.0,0.0
Nigeria,2004,0.0,3.306,0.0,0.0,1.938,0.0,0.0,0.0
Nigeria,2005,0.0,3.786,0.0,0.0,1.938,0.0,0.0,0.0
Nigeria,2006,0.0,3.786,0.0,0.0,1.938,0.0,0.0,0.0
Nigeria,2007,0.0,4.221,0.0,0.0,1.938,0.0,0.0,0.0
Nigeria,2008,0.0,4.871,0.0,0.0,1.938,0.0,0.0,0.0
Nigeria,2009,0.0,5.06,0.0,0.0,1.938,0.0,0.0,0.0
Nigeria,2010,0.0,5.06,0.0,0.0,1.938,0.0,0.0,0.0
Nigeria,2011,0.0,5.24,0.0,0.0,1.968,0.0,0.0,0.0
Nigeria,2012,0.111,6.204,0.0,0.0,2.068,0.0,0.0,0.0
Nigeria,2013,0.111,7.163,0.0,0.0,2.068,0.0,0.0,0.0
Nigeria,2014,0.111,7.163,0.0,0.0,2.068,0.0,0.0,0.0
Nigeria,2015,0.284,8.978,0.0,0.0,2.068,0.0,0.0,0.0
Nigeria,2016,0.284,9.104,0.0,0.0,2.068,0.0,0.0,0.0
Nigeria,2017,0.284,9.104,0.0,0.0,2.068,0.0,0.0,0.0
Nigeria,2018,0.284,9.679,0.0,0.0,2.068,0.0,0.0,0.0
Nigeria,2019,0.284,9.792,0.007244999999999999,0.0,2.068,0.0,0.0,0.0
Nigeria,2020,0.284,9.918,0.04932505181347151,0.0,2.108,0.0,0.0,0.0
Nigeria,2021,0.284,10.208,0.04932505181347151,0.01,2.108,0.0,0.0,0.0
Nigeria,2022,0.344,10.208,0.056425051813471495,0.01,2.808,0.0,0.0,0.0
Nigeria,2023,0.344,10.258,0.10505173575129532,0.01,2.808,0.0,0.0,0.0
Nigeria,2024,0.344,10.828,0.12312473575129533,0.01,2.808,0.0,0.0,0.0
Nigeria,2025,0.344,10.828,0.14529473575129534,0.01,2.848,0.0,0.0,0.0
North Korea,2000,2.9,0.0,0.0,0.0,3.229,0.005,0.0,0.0
North Korea,2001,2.9,0.0,0.0,0.0,3.229,0.005,0.0,0.0
North Korea,2002,2.9,0.0,0.0,0.0,3.329,0.005,0.0,0.0
North Korea,2003,2.9,0.0,0.0,0.0,3.329,0.005,0.0,0.0
North Korea,2004,2.9,0.0,0.0,0.0,3.329,0.005,0.0,0.0
North Korea,2005,2.9,0.0,0.0,0.0,3.329,0.005,0.0,0.0
North Korea,2006,2.9,0.0,0.0,0.0,3.329,0.005,0.0,0.0
North Korea,2007,2.9,0.0,0.0,0.0,3.379,0.005,0.0,0.0
North Korea,2008,2.9,0.0,0.0,0.0,3.379,0.005,0.0,0.0
North Korea,2009,2.9,0.0,0.0,0.0,3.379,0.005,0.0,0.0
North Korea,2010,2.9,0.0,0.0,0.0,3.379,0.005,0.0,0.0
North Korea,2011,2.9,0.0,0.0,0.0,3.379,0.005,0.0,0.0
North Korea,2012,2.9,0.0,0.0,0.0,3.679,0.005,0.0,0.0
North Korea,2013,2.9,0.0,0.0,0.0,3.679,0.005,0.0,0.0
North Korea,2014,2.9,0.0,0.0,0.0,3.679,0.005,0.0,0.0
North Korea,2015,2.9,0.0,0.0,0.0,3.799,0.005,0.0,0.0
North Korea,2016,2.9,0.0,0.0,0.0,3.939,0.005,0.0,0.0
North Korea,2017,2.9,0.0,0.0,0.0,3.939,0.005,0.0,0.0
North Korea,2018,3.7,0.0,0.0,0.0,3.939,0.005,0.0,0.0
North Korea,2019,3.7,0.0,0.0,0.0,3.939,0.005,0.0,0.0
North Korea,2020,3.7,0.0,0.0,0.0,3.939,0.005,0.0,0.0
North Korea,2021,3.7,0.0,0.0,0.0,3.939,0.005,0.0,0.0
North Korea,2022,3.7,0.0,0.0,0.0,4.073,0.005,0.0,0.0
North Korea,2023,3.7,0.0,0.0,0.0,4.073,0.005,0.0,0.0
North Korea,2024,3.7,0.0,0.0,0.0,4.073,0.005,0.0,0.0
North Korea,2025,3.7,0.0,0.0,0.0,4.073,0.005,0.0,0.0
North Macedonia,2000,0.824,0.198,0.0,0.0,0.406,0.0,0.0,0.0
North Macedonia,2001,0.824,0.198,0.0,0.0,0.406,0.0,0.0,0.0
North Macedonia,2002,0.824,0.198,0.0,0.0,0.406,0.0,0.0,0.0
North Macedonia,2003,0.824,0.198,0.0,0.0,0.406,0.0,0.0,0.0
North Macedonia,2004,0.824,0.198,0.0,0.0,0.488,0.0,0.0,0.0
North Macedonia,2005,0.824,0.198,0.0,0.0,0.488,0.0,0.0,0.0
North Macedonia,2006,0.824,0.198,0.0,0.0,0.488,0.0,0.0,0.0
North Macedonia,2007,0.824,0.198,0.0,0.0,0.488,0.0,0.0,0.0
North Macedonia,2008,0.824,0.198,0.0,0.0,0.488,0.0,0.0,0.0
North Macedonia,2009,0.824,0.198,0.0,0.0,0.488,0.0,0.0,0.0
North Macedonia,2010,0.824,0.198,0.0,0.0,0.488,0.0,0.0,0.0
North Macedonia,2011,0.824,0.198,0.0,0.0,0.488,0.0,0.0,0.0
North Macedonia,2012,0.824,0.418,0.0,0.0,0.524,0.0,0.0,0.0
North Macedonia,2013,0.824,0.418,0.0,0.0,0.524,0.0,0.0,0.0
North Macedonia,2014,0.824,0.418,0.0,0.0,0.524,0.0,0.0,0.0
North Macedonia,2015,0.824,0.418,0.0,0.037,0.524,0.0,0.0,0.0
North Macedonia,2016,0.824,0.418,0.0,0.037,0.524,0.0,0.0,0.0
North Macedonia,2017,0.824,0.418,0.0476,0.037,0.524,0.0,0.0,0.0
North Macedonia,2018,0.824,0.418,0.0476,0.037,0.524,0.0,0.0,0.0
North Macedonia,2019,0.824,0.418,0.0495,0.037,0.524,0.0,0.0,0.0
North Macedonia,2020,0.824,0.418,0.0495,0.037,0.524,0.0,0.0,0.0
North Macedonia,2021,0.824,0.418,0.064,0.037,0.524,0.0,0.0,0.0
North Macedonia,2022,0.824,0.418,0.12823029337196667,0.037,0.524,0.0,0.0,0.0
North Macedonia,2023,0.824,0.418,0.34942830134009417,0.073,0.524,0.0,0.0,0.0
North Macedonia,2024,0.824,0.418,0.4331283013400942,0.073,0.524,0.0,0.0,0.0
North Macedonia,2025,0.824,0.418,0.4331283013400942,0.073,0.524,0.0,0.0,0.0
Norway,2000,0.0,0.0,0.0,0.0,26.318,0.0,0.0,0.0
Norway,2001,0.0,0.0,0.0,0.0,26.318,0.0,0.0,0.0
Norway,2002,0.0,0.0,0.0,0.04,26.318,0.0,0.0,0.0
Norway,2003,0.0,0.0,0.0,0.08,26.318,0.0,0.0,0.0
Norway,2004,0.0,0.0,0.0,0.135,26.708,0.0,0.0,0.0
Norway,2005,0.0,0.0,0.0,0.245,26.943,0.0,0.0,0.0
Norway,2006,0.0,0.0,0.0,0.284,26.943,0.0,0.0,0.0
Norway,2007,0.0,0.0,0.0,0.35,27.183,0.0,0.0,0.0
Norway,2008,0.0,0.0,0.0,0.408,27.503,0.0,0.0,0.0
Norway,2009,0.0,0.18,0.0,0.428,27.503,0.0,0.0,0.0
Norway,2010,0.0,0.474,0.0,0.456,27.625,0.0,0.0,0.0
Norway,2011,0.0,0.474,0.0,0.541,27.625,0.0,0.0,0.0
Norway,2012,0.0,0.474,0.0,0.719,27.681,0.0,0.0,0.0
Norway,2013,0.0,0.474,0.0,0.776,27.813,0.0,0.0,0.0
Norway,2014,0.0,0.474,0.0,0.821,27.759,0.0,0.0,0.0
Norway,2015,0.0,0.474,0.0,0.821,27.759,0.0,0.0,0.0
Norway,2016,0.0,0.474,0.0,0.834,28.064,0.0,0.0,0.0
Norway,2017,0.0,0.474,0.004,1.166,28.064,0.0,0.0,0.0
Norway,2018,0.0,0.474,0.004,1.402,28.514,0.0,0.0,0.0
Norway,2019,0.0,0.474,0.004,2.411,28.514,0.0,0.0,0.0
Norway,2020,0.0,0.294,0.004,3.748,28.648,0.0,0.0,0.0
Norway,2021,0.0,0.294,0.0052,4.1318,28.77,0.0,0.0,0.0
Norway,2022,0.0,0.294,0.0064,4.425800000000001,28.803,0.0,0.0,0.0
Norway,2023,0.0,0.294,0.01609,4.8258,28.779,0.0,0.0,0.0
Norway,2024,0.0,0.294,0.01769,4.8258,28.933,0.0,0.0,0.0
Norway,2025,0.0,0.294,0.032966,4.8258,28.933,0.0,0.0,0.0
Oman,2000,0.0,0.957,0.0,0.0,0.0,0.0,0.0,0.0
Oman,2001,0.0,1.017,0.0,0.0,0.0,0.0,0.0,0.0
Oman,2002,0.0,1.084,0.0,0.0,0.0,0.0,0.0,0.0
Oman,2003,0.0,2.081,0.0,0.0,0.0,0.0,0.0,0.0
Oman,2004,0.0,2.346,0.0,0.0,0.0,0.0,0.0,0.0
Oman,2005,0.0,2.626,0.0,0.0,0.0,0.0,0.0,0.0
Oman,2006,0.0,2.626,0.0,0.0,0.0,0.0,0.0,0.0
Oman,2007,0.0,3.475,0.0,0.0,0.0,0.0,0.0,0.0
Oman,2008,0.0,4.475,0.0,0.0,0.0,0.0,0.0,0.0
Oman,2009,0.0,5.163,0.0,0.0,0.0,0.0,0.0,0.0
Oman,2010,0.0,5.163,0.0,0.0,0.0,0.0,0.0,0.0
Oman,2011,0.0,5.163,0.0,0.0,0.0,0.0,0.0,0.0
Oman,2012,0.0,5.986,0.0,0.0,0.0,0.0,0.0,0.0
Oman,2013,0.0,7.518,0.0,0.0,0.0,0.0,0.0,0.0
Oman,2014,0.0,9.518,0.0,0.0,0.0,0.0,0.0,0.0
Oman,2015,0.0,9.566,0.5129614285714286,0.0,0.0,0.0,0.0,0.0
Oman,2016,0.0,9.566,0.5129614285714286,0.0,0.0,0.0,0.0,0.0
Oman,2017,0.0,9.686,0.5268614285714285,0.0,0.0,0.0,0.0,0.0
Oman,2018,0.0,10.22,0.6268614285714286,0.0,0.0,0.0,0.0,0.0
Oman,2019,0.0,13.835,0.6268614285714286,0.05,0.0,0.0,0.0,0.0
Oman,2020,0.0,13.945,0.7318614285714286,0.05,0.0,0.0,0.0,0.0
Oman,2021,0.0,13.9237,0.7590614285714286,0.05,0.0,0.0,0.0,0.0
Oman,2022,0.0,13.9237,1.1981614285714286,0.05,0.0,0.0,0.0,0.0
Oman,2023,0.0,14.0557,1.2011614285714285,0.05,0.0,0.0,0.0,0.0
Oman,2024,0.0,14.0557,1.7141614285714286,0.05,0.0,0.0,0.0,0.0
Oman,2025,0.0,14.0557,2.1738042857142856,0.05,0.0,0.0,0.0,0.0
Pakistan,2000,0.15,10.1769,0.0,0.0,4.821,0.425,0.0,0.0
Pakistan,2001,0.15,10.4119,0.0,0.0,5.005,0.425,0.0,0.0
Pakistan,2002,0.15,10.4119,0.0,0.0,5.005,0.425,0.0,0.0
Pakistan,2003,0.15,10.4119,0.0,0.0,6.455,0.425,0.0,0.0
Pakistan,2004,0.15,10.4119,0.0,0.0,6.455,0.425,0.0,0.0
Pakistan,2005,0.15,10.4119,0.0,0.0,6.455,0.425,0.0,0.0
Pakistan,2006,0.15,10.4119,0.0,0.0,6.455,0.425,0.0,0.0
Pakistan,2007,0.15,10.4119,0.0,0.0,6.455,0.425,0.0,0.0
Pakistan,2008,0.15,10.4119,0.0,0.0,6.536,0.425,0.0,0.0
Pakistan,2009,0.15,10.9692,0.0,0.0,6.536,0.425,0.0,0.0
Pakistan,2010,0.15,12.271,0.0,0.0,6.536,0.425,0.0,0.0
Pakistan,2011,0.15,12.8809,0.0,0.0,6.536,0.75,0.0,0.0
Pakistan,2012,0.15,13.6718,0.0,0.05,6.608,0.75,0.012,0.0
Pakistan,2013,0.15,13.6718,0.0,0.1,7.039,0.75,0.012,0.0
Pakistan,2014,0.15,15.3898,0.0,0.2,7.039,0.75,0.06520000000000001,0.0
Pakistan,2015,0.15,15.637799999999999,0.1,0.3,7.039,0.75,0.1662,0.0
Pakistan,2016,0.22,15.637799999999999,0.374,0.583,7.039,1.09,0.1662,0.0
Pakistan,2017,2.478,15.7378,0.4014,0.932,7.189,1.43,0.2072,0.0
Pakistan,2018,3.138,19.4678,0.4646,1.181,9.676,1.43,0.29369999999999996,0.0
Pakistan,2019,5.118,19.4678,0.539475,1.231,9.676,1.43,0.29369999999999996,0.0
Pakistan,2020,5.118,19.3358,0.5775750000000001,1.231,9.778,1.43,0.29369999999999996,0.0
Pakistan,2021,5.148,19.3358,0.651375,1.331,9.815,2.43,0.29369999999999996,0.0
Pakistan,2022,6.138,19.5988,0.8781105531686358,1.841,10.535,3.53,0.29369999999999996,0.0
Pakistan,2023,7.788,20.8618,1.0465630773361978,1.841,10.535,3.53,0.29369999999999996,0.0
Pakistan,2024,7.788,20.8618,1.2754630773361975,1.941,11.419,3.53,0.3547,0.0
Pakistan,2025,8.448,20.8618,1.2971630773361975,1.941,11.46,3.53,0.3547,0.0
Palau,2024,0.0,0.0,0.013311,0.0,0.0,0.0,0.0,0.0
Palau,2025,0.0,0.0,0.013311,0.0,0.0,0.0,0.0,0.0
Palestine,2019,0.0,0.0,0.007,0.0,0.0,0.0,0.0,0.0
Palestine,2020,0.0,0.0,0.0091,0.0,0.0,0.0,0.0,0.0
Palestine,2021,0.0,0.0,0.0091,0.0,0.0,0.0,0.0,0.0
Palestine,2022,0.0,0.0,0.0125,0.0,0.0,0.0,0.0,0.0
Palestine,2023,0.0,0.14,0.013900000000000001,0.0,0.0,0.0,0.0,0.0
Palestine,2024,0.0,0.14,0.013900000000000001,0.0,0.0,0.0,0.0,0.0
Palestine,2025,0.0,0.14,0.013900000000000001,0.0,0.0,0.0,0.0,0.0
Panama,2000,0.0,0.0,0.0,0.0,0.818,0.0,0.0,0.0
Panama,2001,0.0,0.0,0.0,0.0,0.818,0.0,0.0,0.0
Panama,2002,0.0,0.0,0.0,0.0,0.818,0.0,0.0,0.0
Panama,2003,0.0,0.0,0.0,0.0,0.818,0.0,0.0,0.0
Panama,2004,0.0,0.0,0.0,0.0,0.818,0.0,0.0,0.0
Panama,2005,0.0,0.0,0.0,0.0,0.818,0.0,0.0,0.0
Panama,2006,0.0,0.0,0.0,0.0,0.818,0.0,0.0,0.0
Panama,2007,0.0,0.0,0.0,0.0,0.818,0.0,0.0,0.0
Panama,2008,0.0,0.087,0.0,0.0,0.818,0.0,0.0,0.0
Panama,2009,0.0,0.087,0.0,0.0,0.818,0.0,0.0,0.0
Panama,2010,0.0,0.237,0.0,0.0,0.818,0.0,0.0,0.0
Panama,2011,0.12,0.237,0.0,0.0,0.875,0.0,0.0,0.0
Panama,2012,0.12,0.237,0.0,0.0,1.184,0.0,0.0,0.0
Panama,2013,0.12,0.237,0.0,0.0,1.278,0.0,0.0,0.0
Panama,2014,0.12,0.237,0.0,0.0,1.402,0.0,0.0,0.0
Panama,2015,0.12,0.237,0.00783,0.0,1.496,0.0,0.0,0.0
Panama,2016,0.12,0.237,0.01653,0.0,1.496,0.0,0.0,0.0
Panama,2017,0.12,0.237,0.0573,0.0,1.496,0.0,0.0,0.0
Panama,2018,0.426,0.618,0.06445402985074626,0.2705,1.496,0.0,0.0,0.0
Panama,2019,0.426,0.618,0.15481202985074627,0.2705,1.496,0.0,0.0,0.0
Panama,2020,0.426,0.618,0.16351202985074628,0.2705,1.496,0.0,0.0,0.0
Panama,2021,0.306,0.618,0.36255202985074625,0.2705,1.496,0.0,0.0,0.0
Panama,2022,0.306,0.618,0.41299702985074627,0.3365,1.496,0.0,0.0,0.0
Panama,2023,0.306,0.618,0.41786902985074625,0.3365,1.496,0.0,0.0,0.0
Panama,2024,0.306,1.288,0.5294030298507463,0.3365,1.496,0.0,0.0,0.0
Panama,2025,0.306,1.288,0.750090119402985,0.3365,1.496,0.0,0.0,0.0
Papua New Guinea,2000,0.0,0.056,0.0,0.0,0.17,0.0,0.0,0.0
Papua New Guinea,2001,0.0,0.056,0.0,0.0,0.17,0.0,0.0,0.0
Papua New Guinea,2002,0.0,0.056,0.0,0.0,0.17,0.0,0.0,0.0
Papua New Guinea,2003,0.0,0.056,0.0,0.0,0.17,0.0,0.0,0.0
Papua New Guinea,2004,0.0,0.056,0.0,0.0,0.17,0.0,0.0,0.0
Papua New Guinea,2005,0.0,0.056,0.0,0.0,0.17,0.0,0.0,0.0
Papua New Guinea,2006,0.0,0.056,0.0,0.0,0.17,0.0,0.0,0.0
Papua New Guinea,2007,0.0,0.056,0.0,0.0,0.17,0.0,0.0,0.03
Papua New Guinea,2008,0.0,0.056,0.0,0.0,0.17,0.0,0.0,0.03
Papua New Guinea,2009,0.0,0.056,0.0,0.0,0.17,0.0,0.0,0.03
Papua New Guinea,2010,0.0,0.056,0.0,0.0,0.17,0.0,0.0,0.03
Papua New Guinea,2011,0.0,0.056,0.0,0.0,0.17,0.0,0.0,0.03
Papua New Guinea,2012,0.0,0.056,0.0,0.0,0.17,0.0,0.0,0.03
Papua New Guinea,2013,0.0,0.056,0.0,0.0,0.17,0.0,0.0,0.03
Papua New Guinea,2014,0.0,0.056,0.0,0.0,0.17,0.0,0.0,0.03
Papua New Guinea,2015,0.0,0.056,0.0,0.0,0.17,0.0,0.0,0.03
Papua New Guinea,2016,0.0,0.056,0.0,0.0,0.17,0.0,0.0,0.03
Papua New Guinea,2017,0.0,0.086,0.0,0.0,0.17,0.0,0.0,0.03
Papua New Guinea,2018,0.0,0.086,0.0,0.0,0.17,0.0,0.0,0.03
Papua New Guinea,2019,0.0,0.131,0.0,0.0,0.17,0.0,0.0,0.03
Papua New Guinea,2020,0.0,0.189,0.0,0.0,0.17,0.0,0.0,0.03
Papua New Guinea,2021,0.0,0.189,0.0,0.0,0.17,0.0,0.0,0.03
Papua New Guinea,2022,0.0,0.189,0.0,0.0,0.17,0.0,0.0,0.03
Papua New Guinea,2023,0.0,0.189,0.0,0.0,0.224,0.0,0.0,0.03
Papua New Guinea,2024,0.0,0.189,0.00087,0.0,0.224,0.0,0.0,0.03
Papua New Guinea,2025,0.0,0.189,0.00087,0.0,0.224,0.0,0.0,0.03
Paraguay,2000,0.0,0.0,0.0,0.0,8.76,0.0,0.0,0.0
Paraguay,2001,0.0,0.0,0.0,0.0,8.76,0.0,0.0,0.0
Paraguay,2002,0.0,0.0,0.0,0.0,8.76,0.0,0.0,0.0
Paraguay,2003,0.0,0.0,0.0,0.0,8.76,0.0,0.0,0.0
Paraguay,2004,0.0,0.0,0.0,0.0,8.76,0.0,0.0,0.0
Paraguay,2005,0.0,0.0,0.0,0.0,8.76,0.0,0.0,0.0
Paraguay,2006,0.0,0.0,0.0,0.0,8.76,0.0,0.0,0.0
Paraguay,2007,0.0,0.0,0.0,0.0,8.76,0.0,0.0,0.0
Paraguay,2008,0.0,0.0,0.0,0.0,8.76,0.0,0.0,0.0
Paraguay,2009,0.0,0.0,0.0,0.0,8.76,0.0,0.0,0.0
Paraguay,2010,0.0,0.0,0.0,0.0,8.76,0.0,0.0,0.0
Paraguay,2011,0.0,0.0,0.0,0.0,8.76,0.0,0.0,0.0
Paraguay,2012,0.0,0.0,0.0,0.0,8.76,0.0,0.0,0.0
Paraguay,2013,0.0,0.0,0.0,0.0,8.76,0.0,0.0,0.0
Paraguay,2014,0.0,0.0,0.0,0.0,8.76,0.0,0.0,0.0
Paraguay,2015,0.0,0.0,0.0,0.0,8.76,0.0,0.0,0.0
Paraguay,2016,0.0,0.0,0.0,0.0,8.76,0.0,0.0,0.0
Paraguay,2017,0.0,0.0,0.0,0.0,8.76,0.0,0.0,0.0
Paraguay,2018,0.0,0.0,0.0,0.0,8.76,0.0,0.0,0.0
Paraguay,2019,0.0,0.0,0.0,0.0,8.76,0.0,0.0,0.0
Paraguay,2020,0.0,0.0,0.0,0.0,8.76,0.0,0.0,0.0
Paraguay,2021,0.0,0.0,0.0,0.0,8.76,0.0,0.0,0.0
Paraguay,2022,0.0,0.0,0.0018290740740740741,0.0,8.76,0.0,0.0,0.0
Paraguay,2023,0.0,0.0,0.0018290740740740741,0.0,8.76,0.0,0.0,0.0
Paraguay,2024,0.0,0.0,0.004329074074074075,0.0,8.76,0.0,0.0,0.0
Paraguay,2025,0.0,0.0,0.004329074074074075,0.0,8.76,0.0,0.0,0.0
Peru,2000,0.135,0.48710000000000003,0.0,0.0,3.454,0.0,0.0028,0.0
Peru,2001,0.135,0.48710000000000003,0.0,0.0,3.644,0.0,0.0028,0.0
Peru,2002,0.135,0.48710000000000003,0.0,0.0,3.644,0.0,0.0028,0.0
Peru,2003,0.135,0.48710000000000003,0.0,0.0,3.644,0.0,0.0028,0.0
Peru,2004,0.135,0.48710000000000003,0.0,0.0,3.659,0.0,0.0028,0.0
Peru,2005,0.135,0.48710000000000003,0.0,0.0,3.789,0.0,0.0028,0.0
Peru,2006,0.135,1.0191000000000001,0.0,0.0,3.789,0.0,0.0028,0.0
Peru,2007,0.135,1.0191000000000001,0.0,0.0,3.789,0.0,0.0028,0.0
Peru,2008,0.135,1.0191000000000001,0.0,0.0,3.789,0.0,0.0028,0.0
Peru,2009,0.135,1.2190999999999999,0.0,0.0,3.789,0.0,0.0028,0.0
Peru,2010,0.135,1.2190999999999999,0.0,0.0,4.009,0.0,0.0028,0.0
Peru,2011,0.135,1.2190999999999999,0.0,0.0,4.009,0.0,0.0028,0.0
Peru,2012,0.135,2.9551999999999996,0.07656,0.0,4.009,0.0,0.0923,0.0
Peru,2013,0.135,3.7192,0.07656,0.0,4.009,0.0,0.0923,0.0
Peru,2014,0.135,4.4334,0.09396,0.142,4.105,0.0,0.0923,0.0
Peru,2015,0.135,4.7987,0.09396,0.142,4.381,0.0,0.0923,0.0
Peru,2016,0.135,6.2475,0.09396,0.239,5.564,0.0,0.0923,0.0
Peru,2017,0.135,6.3003,0.09396,0.239,5.564,0.0,0.114,0.0
Peru,2018,0.135,6.712,0.27326,0.371,5.564,0.0,0.114,0.0
Peru,2019,0.135,6.712,0.27326,0.371,5.564,0.0,0.114,0.0
Peru,2020,0.135,6.712,0.27426,0.407,5.564,0.0,0.114,0.0
Peru,2021,0.135,6.712,0.27426,0.407,5.648,0.0,0.114,0.0
Peru,2022,0.0,7.037,0.27756000000000003,0.6217999999999999,5.648,0.0,0.114,0.0
Peru,2023,0.0,7.037,0.27756000000000003,1.1352,5.648,0.0,0.114,0.0
Peru,2024,0.0,7.139,0.470352,1.4479000000000002,5.648,0.0,0.114,0.0
Peru,2025,0.0,7.139,1.0363095,1.4479000000000002,5.86,0.0,0.114,0.0
Philippines,2000,4.068,1.8645999999999998,0.0,0.0,2.864,0.0,0.0064,1.755
Philippines,2001,4.068,2.412,0.0,0.0,3.014,0.0,0.0064,1.755
Philippines,2002,4.068,4.213,0.0,0.0,3.014,0.0,0.0064,1.755
Philippines,2003,4.068,4.213,0.0,0.0,3.449,0.0,0.0064,1.755
Philippines,2004,4.068,4.213,0.0,0.0,3.449,0.0,0.0064,1.755
Philippines,2005,4.068,4.213,0.0,0.033,3.449,0.0,0.0064,1.755
Philippines,2006,4.352,4.213,0.0,0.033,3.449,0.0,0.0064,1.755
Philippines,2007,4.352,4.213,0.0,0.033,3.449,0.0,0.0214,1.755
Philippines,2008,4.352,4.753,0.0,0.033,3.449,0.0,0.0214,1.755
Philippines,2009,4.352,4.753,0.0,0.033,3.449,0.0,0.0214,1.755
Philippines,2010,4.708,4.753,0.0,0.033,3.449,0.0,0.0704,1.755
Philippines,2011,4.983,4.753,0.0,0.033,3.449,0.0,0.0704,1.755
Philippines,2012,4.983,4.753,0.0,0.033,3.449,0.0,0.08940000000000001,1.755
Philippines,2013,5.775,5.1084,0.0,0.033,3.449,0.0,0.08940000000000001,1.755
Philippines,2014,5.857,5.1084,0.01914,0.202,3.449,0.0,0.08940000000000001,1.815
Philippines,2015,6.337,5.208399999999999,0.10092,0.346,3.449,0.0,0.2054,1.815
Philippines,2016,7.449,5.6284,0.6272142777777777,0.346,3.449,0.0,0.2054,1.815
Philippines,2017,8.032,5.6284,0.7047642777777778,0.346,3.449,0.0,0.2204,1.815
Philippines,2018,8.736,5.6284,0.7047642777777778,0.346,3.494,0.0,0.2204,1.827
Philippines,2019,10.257,5.6284,0.7872830277777778,0.362,3.494,0.0,0.3334,1.827
Philippines,2020,10.746,5.6284,0.9218309444444445,0.362,3.494,0.0,0.3334,1.827
Philippines,2021,10.746,5.779100000000001,1.1248889444444443,0.362,3.494,0.0,0.3334,1.847
Philippines,2022,12.082,5.779100000000001,1.3567759444444445,0.362,3.494,0.0,0.3334,1.851
Philippines,2023,12.042,5.779100000000001,1.5464106666666666,0.362,3.494,0.0,0.3334,1.868
Philippines,2024,12.492,5.779100000000001,2.5320505555555557,0.522,3.494,0.0,0.3514,1.897
Philippines,2025,12.642,6.654100000000001,3.130484194444444,0.522,3.494,0.0,0.3664,1.921
Poland,2000,29.161,0.393,0.0,0.0,2.101,0.0,0.38,0.0
Poland,2001,29.161,0.393,0.0,0.02,2.101,0.0,0.38,0.0
Poland,2002,29.507,0.66,0.0,0.02,2.101,0.0,0.38,0.0
Poland,2003,29.565,0.761,0.0,0.05,2.101,0.0,0.38,0.0
Poland,2004,29.565,0.959,0.0,0.05,2.101,0.0,0.38,0.0
Poland,2005,29.565,0.959,0.0,0.061,2.101,0.0,0.38,0.0
Poland,2006,29.565,0.959,0.0,0.152,2.101,0.0,0.38,0.0
Poland,2007,29.498,1.001,0.0,0.279,2.101,0.0,0.38,0.0
Poland,2008,29.9,1.022,0.0,0.429,2.101,0.0,0.38,0.0
Poland,2009,30.12,1.022,0.0,0.706,2.101,0.0,0.38,0.0
Poland,2010,29.984,1.022,0.0,1.05,2.101,0.0,0.417,0.0
Poland,2011,30.617,1.022,0.0,1.417,2.101,0.0,0.485,0.0
Poland,2012,29.833,1.062,0.0,2.024,2.101,0.0,0.535,0.0
Poland,2013,29.377,1.062,0.0,2.562,2.101,0.0,0.65,0.0
Poland,2014,28.997,1.1115,0.0,3.002,2.101,0.0,0.65,0.0
Poland,2015,28.759,1.1825,0.0,4.383,2.101,0.0,0.738,0.0
Poland,2016,28.584,1.1825,0.0,4.464,2.101,0.0,0.738,0.0
Poland,2017,29.059,1.8955,0.0,4.584,2.101,0.0,0.738,0.0
Poland,2018,29.215,2.5255,0.0,4.596,2.101,0.0,0.738,0.0
Poland,2019,30.302,2.5255,0.00609,4.638,2.101,0.0,0.738,0.0
Poland,2020,29.407,2.9755,0.08999,5.097,2.101,0.0,0.738,0.0
Poland,2021,29.137,3.4655,0.20657,6.015,2.101,0.0,0.738,0.0
Poland,2022,29.072,3.474,0.47851027027027027,7.035,2.101,0.0,0.738,0.0
Poland,2023,28.622,3.474,1.3468824324324322,7.605,2.101,0.0,0.738,0.0
Poland,2024,27.925,4.96,1.6441583243243245,7.953,2.101,0.0,0.738,0.0
Poland,2025,27.262,5.212,1.7568977837837838,8.2445,2.101,0.0,0.754,0.0
Portugal,2000,1.978,1.218,0.0,0.07759999999999999,3.938,0.0,0.17119,0.014
Portugal,2001,1.978,1.218,0.0,0.0975,3.938,0.0,0.17119,0.014
Portugal,2002,1.978,1.218,0.0,0.1713,3.938,0.0,0.19619,0.014
Portugal,2003,1.978,1.61,0.0,0.26139999999999997,4.197,0.0,0.19619,0.014
Portugal,2004,1.978,2.07,0.0,0.4741,4.197,0.0,0.34509,0.014
Portugal,2005,1.978,2.142,0.0,0.863,4.608,0.0,0.38019,0.014
Portugal,2006,1.978,2.534,0.009396000000000002,1.4881,4.608,0.0,0.38019,0.014
Portugal,2007,1.978,2.534,0.009396000000000002,2.0591,4.608,0.0,0.38019,0.014
Portugal,2008,1.978,2.565,0.05355542857142858,2.7823,4.608,0.0,0.38019,0.014
Portugal,2009,1.978,3.594,0.0819542546583851,3.4916,4.608,0.0,0.45609,0.014
Portugal,2010,1.978,3.74,0.0985938447204969,3.9146,4.608,0.0,0.45609,0.014
Portugal,2011,1.978,4.576,0.10003364596273293,4.3106,5.056,0.0,0.46029000000000003,0.014
Portugal,2012,1.978,4.576,0.13759926086956523,4.397600000000001,5.312,0.0,0.46029000000000003,0.014
Portugal,2013,1.978,4.576,0.17685519254658386,4.5919,5.312,0.0,0.46029000000000003,0.014
Portugal,2014,1.978,4.576,0.27022016149068323,4.7523,5.312,0.0,0.46029000000000003,0.014
Portugal,2015,1.978,4.6305,0.28216903726708076,4.9321,5.424,0.0,0.46029000000000003,0.014
Portugal,2016,1.978,4.6305,0.2883781801242236,5.2081,5.577,0.0,0.46029000000000003,0.014
Portugal,2017,1.978,4.6305,0.30508757142857146,5.1972,6.625,0.0,0.46029000000000003,0.014
Portugal,2018,1.978,4.6305,0.3212263788819876,5.2783,6.625,0.0,0.46029000000000003,0.014
Portugal,2019,1.978,4.6305,0.49374067701863356,5.329,6.625,0.0,0.46029000000000003,0.014
Portugal,2020,1.978,4.5485,0.6644089751552794,5.378,6.625,0.0,0.46029000000000003,0.014
Portugal,2021,0.0,4.5485,1.0534316894409939,5.513,6.625,0.0,0.46029000000000003,0.014
Portugal,2022,0.0,4.5485,1.3320002360248449,5.5962,7.623,0.0,0.46029000000000003,0.014
Portugal,2023,0.0,4.5485,1.837822850931677,5.7586,7.623,0.0,0.46029000000000003,0.014
Portugal,2024,0.0,4.5485,2.6547528509316773,5.764600000000001,7.783,0.0,0.46029000000000003,0.014
Portugal,2025,0.0,4.5485,3.0896232173913045,5.764600000000001,7.783,0.0,0.46029000000000003,0.014
Puerto Rico,2000,0.0,4.304,0.0,0.0,0.034,0.0,0.0,0.0
Puerto Rico,2001,0.0,4.304,0.0,0.0,0.034,0.0,0.0,0.0
Puerto Rico,2002,0.51,4.304,0.0,0.0,0.034,0.0,0.0,0.0
Puerto Rico,2003,0.51,4.304,0.0,0.0,0.034,0.0,0.0,0.0
Puerto Rico,2004,0.51,4.304,0.0,0.0,0.034,0.0,0.0,0.0
Puerto Rico,2005,0.51,4.304,0.0,0.0,0.034,0.0,0.0,0.0
Puerto Rico,2006,0.51,4.304,0.0,0.0,0.034,0.0,0.0,0.0
Puerto Rico,2007,0.51,4.304,0.0,0.0,0.034,0.0,0.0,0.0
Puerto Rico,2008,0.51,4.304,0.0,0.0,0.034,0.0,0.0,0.0
Puerto Rico,2009,0.51,4.964,0.0,0.0,0.034,0.0,0.0,0.0
Puerto Rico,2010,0.51,4.964,0.0,0.0,0.034,0.0,0.0,0.0
Puerto Rico,2011,0.51,4.964,0.0036,0.0,0.034,0.0,0.0,0.0
Puerto Rico,2012,0.51,4.964,0.023600000000000003,0.101,0.034,0.0,0.0,0.0
Puerto Rico,2013,0.51,4.964,0.026600000000000002,0.101,0.034,0.0,0.0,0.0
Puerto Rico,2014,0.51,4.964,0.0384,0.101,0.034,0.0,0.0,0.0
Puerto Rico,2015,0.51,4.964,0.0706,0.101,0.034,0.0,0.0,0.0
Puerto Rico,2016,0.51,4.964,0.16369999999999998,0.101,0.034,0.0,0.0,0.0
Puerto Rico,2017,0.51,4.964,0.16369999999999998,0.101,0.034,0.0,0.0,0.0
Puerto Rico,2018,0.51,4.964,0.16369999999999998,0.101,0.034,0.0,0.0,0.0
Puerto Rico,2019,0.51,4.964,0.1677,0.101,0.034,0.0,0.0,0.0
Puerto Rico,2020,0.51,4.964,0.1777,0.101,0.034,0.0,0.0,0.0
Puerto Rico,2021,0.51,4.964,0.1777,0.101,0.034,0.0,0.0,0.0
Puerto Rico,2022,0.51,4.964,0.1777,0.101,0.034,0.0,0.0,0.0
Puerto Rico,2023,0.51,5.114,0.1797,0.101,0.034,0.0,0.0,0.0
Puerto Rico,2024,0.51,5.114,0.18409999999999999,0.127,0.034,0.0,0.0,0.0
Puerto Rico,2025,0.51,5.114,0.18409999999999999,0.127,0.034,0.0,0.0,0.0
Qatar,2000,0.0,1.044,0.0,0.0,0.0,0.0,0.0,0.0
Qatar,2001,0.0,1.044,0.0,0.0,0.0,0.0,0.0,0.0
Qatar,2002,0.0,1.4205,0.0,0.0,0.0,0.0,0.0,0.0
Qatar,2003,0.0,1.4205,0.0,0.0,0.0,0.0,0.0,0.0
Qatar,2004,0.0,2.1765,0.0,0.0,0.0,0.0,0.0,0.0
Qatar,2005,0.0,2.1765,0.0,0.0,0.0,0.0,0.0,0.0
Qatar,2006,0.0,2.1765,0.0,0.0,0.0,0.0,0.0,0.0
Qatar,2007,0.0,2.7435,0.0,0.0,0.0,0.0,0.0,0.0
Qatar,2008,0.0,3.7685,0.0,0.0,0.0,0.0,0.0,0.0
Qatar,2009,0.0,3.7685,0.0,0.0,0.0,0.0,0.0,0.0
Qatar,2010,0.0,5.7755,0.0,0.0,0.0,0.0,0.0,0.0
Qatar,2011,0.0,10.0575,0.0,0.0,0.0,0.0,0.05,0.0
Qatar,2012,0.0,10.0575,0.0,0.0,0.0,0.0,0.05,0.0
Qatar,2013,0.0,10.0575,0.0,0.0,0.0,0.0,0.05,0.0
Qatar,2014,0.0,10.0575,0.0,0.0,0.0,0.0,0.05,0.0
Qatar,2015,0.0,10.0575,0.0,0.0,0.0,0.0,0.05,0.0
Qatar,2016,0.0,10.0575,0.0,0.0,0.0,0.0,0.05,0.0
Qatar,2017,0.0,11.3175,0.0,0.0,0.0,0.0,0.05,0.0
Qatar,2018,0.0,12.5775,0.0,0.0,0.0,0.0,0.05,0.0
Qatar,2019,0.0,12.5775,0.0,0.0,0.0,0.0,0.05,0.0
Qatar,2020,0.0,12.5775,0.001,0.0,0.0,0.0,0.05,0.0
Qatar,2021,0.0,12.5775,0.0035,0.0,0.0,0.0,0.05,0.0
Qatar,2022,0.0,12.5775,0.7058,0.0,0.0,0.0,0.05,0.0
Qatar,2023,0.0,12.5775,0.7058,0.0,0.0,0.0,0.05,0.0
Qatar,2024,0.0,12.5775,0.7058,0.0,0.0,0.0,0.05,0.0
Qatar,2025,0.0,12.5775,1.47425,0.0,0.0,0.0,0.05,0.0
Republic of the Congo,2000,0.0,0.0,0.0,0.0,0.074,0.0,0.0,0.0
Republic of the Congo,2001,0.0,0.0,0.0,0.0,0.074,0.0,0.0,0.0
Republic of the Congo,2002,0.0,0.0,0.0,0.0,0.074,0.0,0.0,0.0
Republic of the Congo,2003,0.0,0.0,0.0,0.0,0.074,0.0,0.0,0.0
Republic of the Congo,2004,0.0,0.0,0.0,0.0,0.074,0.0,0.0,0.0
Republic of the Congo,2005,0.0,0.0,0.0,0.0,0.074,0.0,0.0,0.0
Republic of the Congo,2006,0.0,0.0,0.0,0.0,0.074,0.0,0.0,0.0
Republic of the Congo,2007,0.0,0.0,0.0,0.0,0.074,0.0,0.0,0.0
Republic of the Congo,2008,0.0,0.0,0.0,0.0,0.074,0.0,0.0,0.0
Republic of the Congo,2009,0.0,0.0,0.0,0.0,0.074,0.0,0.0,0.0
Republic of the Congo,2010,0.0,0.314,0.0,0.0,0.074,0.0,0.0,0.0
Republic of the Congo,2011,0.0,0.314,0.0,0.0,0.194,0.0,0.0,0.0
Republic of the Congo,2012,0.0,0.314,0.0,0.0,0.194,0.0,0.0,0.0
Republic of the Congo,2013,0.0,0.314,0.0,0.0,0.194,0.0,0.0,0.0
Republic of the Congo,2014,0.0,0.314,0.0,0.0,0.194,0.0,0.0,0.0
Republic of the Congo,2015,0.0,0.314,0.0,0.0,0.194,0.0,0.0,0.0
Republic of the Congo,2016,0.0,0.314,0.0,0.0,0.194,0.0,0.0,0.0
Republic of the Congo,2017,0.0,0.314,0.0,0.0,0.194,0.0,0.0,0.0
Republic of the Congo,2018,0.0,0.314,0.0,0.0,0.194,0.0,0.0,0.0
Republic of the Congo,2019,0.0,0.314,0.0,0.0,0.194,0.0,0.0,0.0
Republic of the Congo,2020,0.0,0.484,0.0,0.0,0.194,0.0,0.0,0.0
Republic of the Congo,2021,0.0,0.534,0.0,0.0,0.194,0.0,0.0,0.0
Republic of the Congo,2022,0.0,0.534,0.0,0.0,0.194,0.0,0.0,0.0
Republic of the Congo,2023,0.0,0.534,0.0,0.0,0.194,0.0,0.0,0.0
Republic of the Congo,2024,0.0,0.534,0.0,0.0,0.194,0.0,0.0,0.0
Republic of the Congo,2025,0.0,0.534,0.0,0.0,0.194,0.0,0.0,0.0
Romania,2000,7.685,1.81,0.0,0.0,4.762,0.706,0.0,0.0
Romania,2001,7.685,1.87,0.0,0.0,4.762,0.706,0.0,0.0
Romania,2002,7.685,1.87,0.0,0.0,4.793,0.706,0.0,0.0
Romania,2003,7.685,1.87,0.0,0.0,4.793,0.706,0.0,0.0
Romania,2004,7.685,1.87,0.0,0.0,4.793,0.706,0.0,0.0
Romania,2005,7.685,1.87,0.0,0.0,4.793,0.706,0.0,0.0
Romania,2006,7.355,1.87,0.0,0.0,4.793,0.706,0.0,0.0
Romania,2007,7.355,1.931,0.0,0.0,4.793,1.411,0.0,0.0
Romania,2008,7.155,1.931,0.0,0.0,4.793,1.411,0.0,0.0
Romania,2009,7.155,2.1173,0.0,0.027,4.868,1.411,0.0,0.0
Romania,2010,7.105,2.1433,0.0,0.19,4.868,1.411,0.0,0.0
Romania,2011,7.105,2.1433,0.0,0.635,4.868,1.411,0.0,0.0
Romania,2012,6.895,3.0033000000000003,0.0,2.831,4.868,1.411,0.03,0.0
Romania,2013,6.745,3.0033000000000003,0.21716,4.206,4.868,1.411,0.03,0.0
Romania,2014,6.745,3.0033000000000003,0.3932457894736842,4.449,4.868,1.411,0.03,0.0
Romania,2015,6.015,3.0033000000000003,0.3932457894736842,4.614,4.868,1.411,0.03,0.0
Romania,2016,5.915,3.0488000000000004,0.3932457894736842,4.626,4.868,1.411,0.03,0.0
Romania,2017,5.915,3.0488000000000004,1.8767457894736843,4.707,4.868,1.411,0.03,0.0
Romania,2018,5.915,3.0488000000000004,1.9124457894736844,4.717,4.868,1.411,0.03,0.0
Romania,2019,4.955,3.0488000000000004,1.9395457894736843,4.717,4.868,1.411,0.03,0.0
Romania,2020,4.955,3.0488000000000004,1.9420457894736842,4.717,4.868,1.411,0.03,0.0
Romania,2021,3.235,3.0698000000000003,1.9525457894736842,4.717,4.868,1.411,0.03,0.0
Romania,2022,3.235,3.0698000000000003,2.0281457894736845,4.717,4.868,1.411,0.03,0.0
Romania,2023,2.905,3.0698000000000003,2.5305589473684207,4.717,4.868,1.411,0.03,0.0
Romania,2024,2.905,3.0698000000000003,2.9894704210526317,4.825,4.868,1.411,0.03,0.0
Romania,2025,2.515,3.3498,3.4626419999999998,4.873,4.868,1.411,0.03,0.0
Russia,2000,40.98,74.932,0.0,0.0,45.353,21.582,0.0,0.024
Russia,2001,41.195,75.244,0.0,0.0,45.353,22.623,0.0,0.074
Russia,2002,41.145,75.465,0.0,0.0,45.413,22.617,0.0,0.074
Russia,2003,41.379,76.375,0.0,0.0,47.743,22.617,0.0,0.074
Russia,2004,41.589,76.375,0.0,0.0,48.148,22.617,0.0,0.074
Russia,2005,41.989,77.335,0.0,0.0,48.148,23.617,0.0,0.074
Russia,2006,42.169,78.315,0.0,0.0,48.192,23.617,0.0,0.074
Russia,2007,42.169,78.6,0.0,0.0,48.192,23.617,0.0,0.074
Russia,2008,42.219,80.895,0.0,0.0,48.192,23.283,0.0,0.074
Russia,2009,42.493,81.5333,0.0,0.0,48.192,23.283,0.0,0.074
Russia,2010,42.493,82.6913,0.0,0.0,48.257,24.283,0.0,0.074
Russia,2011,42.491,86.5382,0.0,0.0,48.257,24.283,0.0,0.074
Russia,2012,42.568,90.86110000000001,0.0,0.0,51.254,25.283,0.0,0.074
Russia,2013,41.324,93.61318,0.0,0.0,51.824,25.283,0.0,0.074
Russia,2014,42.713,98.77517999999999,0.004430901287553648,0.0,51.824,25.283,0.0,0.074
Russia,2015,43.262,100.89317999999999,0.035042703862660944,0.0,51.924,26.283,0.0,0.074
Russia,2016,43.196,102.86908,0.05390450643776824,0.0,51.955,26.751,0.0,0.074
Russia,2017,41.771,105.49208,0.20831072961373392,0.0,51.955,27.931,0.0,0.074
Russia,2018,41.372,106.75148,0.45615236051502145,0.035,51.955,29.149,0.0,0.074
Russia,2019,40.808,107.57347999999999,0.8795009871244636,0.085,51.955,30.318,0.0,0.074
Russia,2020,40.222,107.05748,1.1465004377682404,0.8,52.301,29.388,0.084,0.074
Russia,2021,38.925,106.56048,1.4222802660944205,1.9372,52.301,29.576,0.084,0.074
Russia,2022,38.448,107.27748,1.5076116051502144,2.1382,52.301,29.576,0.084,0.074
Russia,2023,37.514,107.72818,1.5458916051502147,2.4181999999999997,52.301,29.576,0.084,0.074
Russia,2024,37.218,108.64388000000001,1.8460408583690988,2.4532,52.301,28.576,0.154,0.074
Russia,2025,37.223,110.38858,1.9160490987124463,2.6052,52.301,28.576,0.154,0.074
Rwanda,2000,0.0,0.0,0.0,0.0,0.055,0.0,0.0,0.0
Rwanda,2001,0.0,0.0,0.0,0.0,0.055,0.0,0.0,0.0
Rwanda,2002,0.0,0.0,0.0,0.0,0.055,0.0,0.0,0.0
Rwanda,2003,0.0,0.0,0.0,0.0,0.055,0.0,0.0,0.0
Rwanda,2004,0.0,0.0,0.0,0.0,0.055,0.0,0.0,0.0
Rwanda,2005,0.0,0.0,0.0,0.0,0.055,0.0,0.0,0.0
Rwanda,2006,0.0,0.0,0.0,0.0,0.055,0.0,0.0,0.0
Rwanda,2007,0.0,0.0,0.0,0.0,0.055,0.0,0.0,0.0
Rwanda,2008,0.0,0.0,0.0,0.0,0.055,0.0,0.0,0.0
Rwanda,2009,0.0,0.0,0.0,0.0,0.055,0.0,0.0,0.0
Rwanda,2010,0.0,0.0,0.0,0.0,0.055,0.0,0.0,0.0
Rwanda,2011,0.0,0.0,0.0,0.0,0.055,0.0,0.0,0.0
Rwanda,2012,0.0,0.0,0.0,0.0,0.055,0.0,0.0,0.0
Rwanda,2013,0.0,0.0,0.0,0.0,0.055,0.0,0.0,0.0
Rwanda,2014,0.0,0.0,0.0,0.0,0.055,0.0,0.0,0.0
Rwanda,2015,0.0,0.0261,0.0,0.0,0.055,0.0,0.0,0.0
Rwanda,2016,0.0,0.0261,0.0,0.0,0.055,0.0,0.0,0.0
Rwanda,2017,0.0,0.0261,0.011278805699481866,0.0,0.055,0.0,0.0,0.0
Rwanda,2018,0.0,0.0261,0.011278805699481866,0.0,0.055,0.0,0.0,0.0
Rwanda,2019,0.0,0.0261,0.013578805699481866,0.0,0.055,0.0,0.0,0.0
Rwanda,2020,0.0,0.0261,0.013578805699481866,0.0,0.055,0.0,0.0,0.0
Rwanda,2021,0.0,0.0261,0.013578805699481866,0.0,0.055,0.0,0.0,0.0
Rwanda,2022,0.0,0.0261,0.013578805699481866,0.0,0.055,0.0,0.0,0.0
Rwanda,2023,0.0,0.0261,0.013578805699481866,0.0,0.095,0.0,0.0,0.0
Rwanda,2024,0.0,0.0261,0.013578805699481866,0.0,0.095,0.0,0.0,0.0
Rwanda,2025,0.0,0.0261,0.013578805699481866,0.0,0.095,0.0,0.0,0.0
Réunion,2000,0.126,0.0,0.0,0.0,0.0,0.0,0.122,0.0
Réunion,2001,0.126,0.0,0.0,0.0,0.0,0.0,0.122,0.0
Réunion,2002,0.126,0.08,0.0,0.0,0.0,0.0,0.122,0.0
Réunion,2003,0.126,0.08,0.0,0.0,0.0,0.0,0.122,0.0
Réunion,2004,0.172,0.08,0.0,0.0,0.0,0.0,0.122,0.0
Réunion,2005,0.172,0.08,0.0,0.010199999999999999,0.0,0.0,0.122,0.0
Réunion,2006,0.23,0.08,0.0,0.010199999999999999,0.0,0.0,0.122,0.0
Réunion,2007,0.23,0.08,0.00174,0.010199999999999999,0.0,0.0,0.122,0.0
Réunion,2008,0.23,0.08,0.00174,0.010199999999999999,0.0,0.0,0.122,0.0
Réunion,2009,0.23,0.08,0.014355,0.010199999999999999,0.0,0.0,0.122,0.0
Réunion,2010,0.23,0.08,0.022355,0.010199999999999999,0.0,0.0,0.122,0.0
Réunion,2011,0.23,0.08,0.022355,0.010199999999999999,0.0,0.0,0.122,0.0
Réunion,2012,0.23,0.08,0.022355,0.010199999999999999,0.0,0.0,0.122,0.0
Réunion,2013,0.23,0.08,0.022355,0.010199999999999999,0.0,0.0,0.122,0.0
Réunion,2014,0.23,0.29960000000000003,0.029355,0.010199999999999999,0.0,0.0,0.122,0.0
Réunion,2015,0.23,0.29960000000000003,0.030225000000000002,0.010199999999999999,0.0,0.0,0.122,0.0
Réunion,2016,0.23,0.29960000000000003,0.030225000000000002,0.010199999999999999,0.0,0.0,0.122,0.0
Réunion,2017,0.23,0.29960000000000003,0.103825,0.010199999999999999,0.0,0.0,0.122,0.0
Réunion,2018,0.23,0.29960000000000003,0.103825,0.010199999999999999,0.0,0.0,0.122,0.0
Réunion,2019,0.23,0.29960000000000003,0.10495600000000001,0.010199999999999999,0.0,0.0,0.163,0.0
Réunion,2020,0.23,0.29960000000000003,0.106156,0.010199999999999999,0.0,0.0,0.163,0.0
Réunion,2021,0.23,0.29960000000000003,0.109656,0.0,0.0,0.0,0.163,0.0
Réunion,2022,0.23,0.29960000000000003,0.11555599999999999,0.0198,0.0,0.0,0.163,0.0
Réunion,2023,0.122,0.29960000000000003,0.122158,0.026600000000000002,0.0,0.0,0.5852999999999999,0.0
Réunion,2024,0.0,0.29960000000000003,0.122158,0.026600000000000002,0.0,0.0,0.5852999999999999,0.0
Réunion,2025,0.0,0.29960000000000003,0.122158,0.026600000000000002,0.0,0.0,0.5852999999999999,0.0
Saint Pierre and Miquelon,2015,0.0,0.021,0.0,0.0,0.0,0.0,0.0,0.0
Saint Pierre and Miquelon,2016,0.0,0.021,0.0,0.0,0.0,0.0,0.0,0.0
Saint Pierre and Miquelon,2017,0.0,0.021,0.0,0.0,0.0,0.0,0.0,0.0
Saint Pierre and Miquelon,2018,0.0,0.021,0.0,0.0,0.0,0.0,0.0,0.0
Saint Pierre and Miquelon,2019,0.0,0.021,0.0,0.0,0.0,0.0,0.0,0.0
Saint Pierre and Miquelon,2020,0.0,0.021,0.0,0.0,0.0,0.0,0.0,0.0
Saint Pierre and Miquelon,2021,0.0,0.021,0.0,0.0,0.0,0.0,0.0,0.0
Saint Pierre and Miquelon,2022,0.0,0.021,0.0,0.0,0.0,0.0,0.0,0.0
Saint Pierre and Miquelon,2023,0.0,0.021,0.0,0.0,0.0,0.0,0.0,0.0
Saint Pierre and Miquelon,2024,0.0,0.021,0.0,0.0,0.0,0.0,0.0,0.0
Saint Pierre and Miquelon,2025,0.0,0.021,0.0,0.0,0.0,0.0,0.0,0.0
Saint Vincent and the Grenadines,2023,0.0,0.0,0.0012,0.0,0.0,0.0,0.0,0.0
Saint Vincent and the Grenadines,2024,0.0,0.0,0.0012,0.0,0.0,0.0,0.0,0.0
Saint Vincent and the Grenadines,2025,0.0,0.0,0.0012,0.0,0.0,0.0,0.0,0.0
Samoa,2013,0.0,0.024,0.0,0.0,0.0,0.0,0.0,0.0
Samoa,2014,0.0,0.024,0.0,0.0,0.0,0.0,0.0,0.0
Samoa,2015,0.0,0.024,0.00243423754789272,0.0,0.0,0.0,0.0,0.0
Samoa,2016,0.0,0.024,0.00593423754789272,0.0,0.0,0.0,0.0,0.0
Samoa,2017,0.0,0.024,0.00593423754789272,0.0,0.0,0.0,0.0,0.0
Samoa,2018,0.0,0.024,0.007806727969348659,0.0,0.0,0.0,0.0,0.0
Samoa,2019,0.0,0.024,0.007806727969348659,0.0,0.0,0.0,0.0,0.0
Samoa,2020,0.0,0.024,0.007806727969348659,0.0,0.0,0.0,0.0,0.0
Samoa,2021,0.0,0.024,0.007806727969348659,0.0,0.0,0.0,0.0,0.0
Samoa,2022,0.0,0.024,0.007806727969348659,0.0,0.0,0.0,0.0,0.0
Samoa,2023,0.0,0.024,0.007806727969348659,0.0,0.0,0.0,0.0,0.0
Samoa,2024,0.0,0.024,0.007806727969348659,0.0,0.0,0.0,0.0,0.0
Samoa,2025,0.0,0.024,0.007806727969348659,0.0,0.0,0.0,0.0,0.0
Saudi Arabia,2000,0.0,20.2197,0.0,0.0,0.0,0.0,0.0,0.0
Saudi Arabia,2001,0.0,20.935200000000002,0.0,0.0,0.0,0.0,0.0,0.0
Saudi Arabia,2002,0.0,22.8977,0.0,0.0,0.0,0.0,0.0,0.0
Saudi Arabia,2003,0.0,25.436700000000002,0.0,0.0,0.0,0.0,0.0,0.0
Saudi Arabia,2004,0.0,26.5747,0.0,0.0,0.0,0.0,0.0,0.0
Saudi Arabia,2005,0.0,28.3379,0.0,0.0,0.0,0.0,0.0,0.0
Saudi Arabia,2006,0.0,29.934900000000003,0.0,0.0,0.0,0.0,0.0,0.0
Saudi Arabia,2007,0.0,32.870400000000004,0.0,0.0,0.0,0.0,0.0,0.0
Saudi Arabia,2008,0.0,34.912699999999994,0.0,0.0,0.0,0.0,0.0,0.0
Saudi Arabia,2009,0.0,36.725699999999996,0.0,0.0,0.0,0.0,0.0,0.0
Saudi Arabia,2010,0.0,42.789699999999996,0.0,0.0,0.0,0.0,0.0,0.0
Saudi Arabia,2011,0.0,44.683699999999995,0.0,0.0,0.0,0.0,0.0,0.0
Saudi Arabia,2012,0.0,48.5787,0.009192857142857143,0.0,0.0,0.0,0.0,0.0
Saudi Arabia,2013,0.0,53.9035,0.009192857142857143,0.0,0.0,0.0,0.0,0.0
Saudi Arabia,2014,0.0,63.9315,0.009192857142857143,0.0,0.0,0.0,0.0,0.0
Saudi Arabia,2015,0.0,68.52560000000001,0.009192857142857143,0.0,0.0,0.0,0.0,0.0
Saudi Arabia,2016,0.0,75.5843,0.009192857142857143,0.0,0.0,0.0,0.0,0.0
Saudi Arabia,2017,0.0,77.12530000000001,0.038892857142857146,0.0,0.0,0.0,0.0,0.0
Saudi Arabia,2018,0.0,83.6118,0.08999285714285715,0.0,0.0,0.0,0.0,0.0
Saudi Arabia,2019,0.0,90.27380000000001,0.11749285714285715,0.0,0.0,0.0,0.0,0.0
Saudi Arabia,2020,0.0,95.6178,0.42629285714285714,0.0,0.0,0.0,0.0,0.0
Saudi Arabia,2021,0.0,95.6178,0.46359285714285714,0.4,0.0,0.0,0.0,0.0
Saudi Arabia,2022,0.0,99.0154,0.49019285714285715,0.4,0.0,0.0,0.0,0.0
Saudi Arabia,2023,0.0,99.1404,2.2544778571428568,0.4,0.0,0.0,0.0,0.0
Saudi Arabia,2024,0.0,99.1404,4.498317857142857,0.4,0.0,0.0,0.0,0.0
Saudi Arabia,2025,0.0,99.20039999999999,11.359065714285714,0.4,0.0,0.0,0.0,0.0
Senegal,2008,0.0,0.0675,0.0,0.0,0.0,0.0,0.0,0.0
Senegal,2009,0.0,0.1025,0.0,0.0,0.0,0.0,0.0,0.0
Senegal,2010,0.0,0.1025,0.0,0.0,0.0,0.0,0.0,0.0
Senegal,2011,0.03,0.1025,0.0,0.0,0.0,0.0,0.0,0.0
Senegal,2012,0.03,0.1025,0.0,0.0,0.0,0.0,0.0,0.0
Senegal,2013,0.03,0.1025,0.0,0.0,0.0,0.0,0.0,0.0
Senegal,2014,0.03,0.1025,0.0,0.0,0.0,0.0,0.0,0.0
Senegal,2015,0.03,0.1025,0.0,0.0,0.0,0.0,0.0,0.0
Senegal,2016,0.03,0.3035,0.036539999999999996,0.0,0.0,0.0,0.0,0.0
Senegal,2017,0.03,0.3035,0.08520670984455958,0.0,0.0,0.0,0.0,0.0
Senegal,2018,0.03,0.3035,0.1287067098445596,0.0,0.0,0.0,0.0,0.0
Senegal,2019,0.03,0.5385,0.1287067098445596,0.055,0.0,0.0,0.0,0.0
Senegal,2020,0.03,0.5385,0.1379067098445596,0.158,0.0,0.0,0.0,0.0
Senegal,2021,0.155,0.6285,0.2003067098445596,0.158,0.0,0.0,0.0,0.0
Senegal,2022,0.155,0.7485,0.2286167098445596,0.158,0.0,0.0,0.0,0.0
Senegal,2023,0.155,0.7485,0.23851670984455958,0.158,0.0,0.0,0.0,0.0
Senegal,2024,0.155,0.7665,0.23851670984455958,0.158,0.0,0.0,0.0,0.0
Senegal,2025,0.155,0.7665,0.2529594041450777,0.158,0.0,0.0,0.0,0.0
Serbia,2000,4.467,0.405,0.0,0.0,2.997,0.0,0.0,0.0
Serbia,2001,4.467,0.405,0.0,0.0,2.997,0.0,0.0,0.0
Serbia,2002,4.467,0.405,0.0,0.0,2.997,0.0,0.0,0.0
Serbia,2003,4.467,0.405,0.0,0.0,2.997,0.0,0.0,0.0
Serbia,2004,4.467,0.405,0.0,0.0,2.997,0.0,0.0,0.0
Serbia,2005,4.467,0.405,0.0,0.0,2.997,0.0,0.0,0.0
Serbia,2006,4.467,0.405,0.0,0.0,2.997,0.0,0.0,0.0
Serbia,2007,4.467,0.405,0.0,0.0,2.997,0.0,0.0,0.0
Serbia,2008,4.467,0.405,0.0,0.0,2.997,0.0,0.0,0.0
Serbia,2009,4.467,0.405,0.0,0.02,2.997,0.0,0.0,0.0
Serbia,2010,4.467,0.405,0.0,0.02,2.997,0.0,0.0,0.0
Serbia,2011,4.467,0.405,0.0,0.02,2.997,0.0,0.0,0.0
Serbia,2012,4.467,0.405,0.0,0.02,2.997,0.0,0.0,0.0
Serbia,2013,4.467,0.405,0.0,0.02,2.997,0.0,0.0,0.0
Serbia,2014,4.467,0.405,0.0,0.02,2.997,0.0,0.0,0.0
Serbia,2015,4.467,0.405,0.0,0.02,2.997,0.0,0.0,0.0
Serbia,2016,4.467,0.405,0.0,0.02,2.997,0.0,0.0,0.0
Serbia,2017,4.467,0.405,0.0115,0.02,2.997,0.0,0.0024,0.0
Serbia,2018,4.467,0.405,0.0221,0.062,2.997,0.0,0.007199999999999999,0.0
Serbia,2019,4.467,0.405,0.0256,0.394,2.997,0.0,0.007199999999999999,0.0
Serbia,2020,4.467,0.405,0.0256,0.394,2.997,0.0,0.007199999999999999,0.0
Serbia,2021,4.467,0.405,0.0269,0.394,2.997,0.0,0.007199999999999999,0.0
Serbia,2022,4.467,0.594,0.0318,0.394,2.997,0.0,0.007199999999999999,0.0
Serbia,2023,4.467,0.594,0.07440000000000001,0.394,2.997,0.0,0.037200000000000004,0.0
Serbia,2024,4.817,0.594,0.1394,0.5941000000000001,2.997,0.0,0.037200000000000004,0.0
Serbia,2025,4.817,0.594,0.1965481130025353,0.5941000000000001,2.997,0.0,0.037200000000000004,0.0
Seychelles,2000,0.0,0.023,0.0,0.0,0.0,0.0,0.0,0.0
Seychelles,2001,0.0,0.023,0.0,0.0,0.0,0.0,0.0,0.0
Seychelles,2002,0.0,0.023,0.0,0.0,0.0,0.0,0.0,0.0
Seychelles,2003,0.0,0.023,0.0,0.0,0.0,0.0,0.0,0.0
Seychelles,2004,0.0,0.023,0.0,0.0,0.0,0.0,0.0,0.0
Seychelles,2005,0.0,0.023,0.0,0.0,0.0,0.0,0.0,0.0
Seychelles,2006,0.0,0.023,0.0,0.0,0.0,0.0,0.0,0.0
Seychelles,2007,0.0,0.023,0.0,0.0,0.0,0.0,0.0,0.0
Seychelles,2008,0.0,0.023,0.0,0.0,0.0,0.0,0.0,0.0
Seychelles,2009,0.0,0.023,0.0,0.0,0.0,0.0,0.0,0.0
Seychelles,2010,0.0,0.023,0.0,0.0,0.0,0.0,0.0,0.0
Seychelles,2011,0.0,0.023,0.0,0.0,0.0,0.0,0.0,0.0
Seychelles,2012,0.0,0.023,0.0,0.0,0.0,0.0,0.0,0.0
Seychelles,2013,0.0,0.023,0.0,0.006,0.0,0.0,0.0,0.0
Seychelles,2014,0.0,0.023,0.0,0.006,0.0,0.0,0.0,0.0
Seychelles,2015,0.0,0.081,0.0,0.006,0.0,0.0,0.0,0.0
Seychelles,2016,0.0,0.081,0.0,0.006,0.0,0.0,0.0,0.0
Seychelles,2017,0.0,0.081,0.0,0.006,0.0,0.0,0.0,0.0
Seychelles,2018,0.0,0.081,0.0,0.006,0.0,0.0,0.0,0.0
Seychelles,2019,0.0,0.081,0.0046,0.006,0.0,0.0,0.0,0.0
Seychelles,2020,0.0,0.081,0.0046,0.006,0.0,0.0,0.0,0.0
Seychelles,2021,0.0,0.081,0.006775,0.006,0.0,0.0,0.0,0.0
Seychelles,2022,0.0,0.081,0.006775,0.006,0.0,0.0,0.0,0.0
Seychelles,2023,0.0,0.081,0.006775,0.006,0.0,0.0,0.0,0.0
Seychelles,2024,0.0,0.081,0.006775,0.006,0.0,0.0,0.0,0.0
Seychelles,2025,0.0,0.081,0.006775,0.006,0.0,0.0,0.0,0.0
Sierra Leone,2009,0.0,0.0,0.0,0.0,0.05,0.0,0.0,0.0
Sierra Leone,2010,0.0,0.0,0.0,0.0,0.05,0.0,0.0,0.0
Sierra Leone,2011,0.0,0.0,0.0,0.0,0.05,0.0,0.0,0.0
Sierra Leone,2012,0.0,0.0,0.0,0.0,0.05,0.0,0.0,0.0
Sierra Leone,2013,0.0,0.0,0.0,0.0,0.05,0.0,0.0,0.0
Sierra Leone,2014,0.0,0.0,0.0,0.0,0.05,0.0,0.032,0.0
Sierra Leone,2015,0.0,0.0,0.0,0.0,0.05,0.0,0.032,0.0
Sierra Leone,2016,0.0,0.0,0.0,0.0,0.05,0.0,0.032,0.0
Sierra Leone,2017,0.0,0.0,0.0,0.0,0.05,0.0,0.032,0.0
Sierra Leone,2018,0.0,0.0,0.0,0.0,0.05,0.0,0.032,0.0
Sierra Leone,2019,0.0,0.162,0.0043,0.0,0.05,0.0,0.032,0.0
Sierra Leone,2020,0.0,0.162,0.0043,0.0,0.05,0.0,0.032,0.0
Sierra Leone,2021,0.0,0.162,0.0043,0.0,0.05,0.0,0.032,0.0
Sierra Leone,2022,0.0,0.162,0.008649999999999998,0.0,0.05,0.0,0.032,0.0
Sierra Leone,2023,0.0,0.186,0.01045,0.0,0.05,0.0,0.032,0.0
Sierra Leone,2024,0.0,0.186,0.01045,0.0,0.05,0.0,0.032,0.0
Sierra Leone,2025,0.0,0.186,0.01045,0.0,0.05,0.0,0.032,0.0
Singapore,2000,0.0,3.7,0.0,0.0,0.0,0.0,0.136,0.0
Singapore,2001,0.0,4.883,0.0,0.0,0.0,0.0,0.136,0.0
Singapore,2002,0.0,6.351,0.0,0.0,0.0,0.0,0.136,0.0
Singapore,2003,0.0,6.351,0.0,0.0,0.0,0.0,0.136,0.0
Singapore,2004,0.0,7.071,0.0,0.0,0.0,0.0,0.136,0.0
Singapore,2005,0.0,7.807,0.0,0.0,0.0,0.0,0.136,0.0
Singapore,2006,0.0,7.807,0.0,0.0,0.0,0.0,0.136,0.0
Singapore,2007,0.0,8.307,0.0,0.0,0.0,0.0,0.136,0.0
Singapore,2008,0.0,8.307,0.0,0.0,0.0,0.0,0.136,0.0
Singapore,2009,0.0,8.307,0.0,0.0,0.0,0.0,0.158,0.0
Singapore,2010,0.0,9.107,0.0,0.0,0.0,0.0,0.158,0.0
Singapore,2011,0.0,9.107,0.0,0.0,0.0,0.0,0.158,0.0
Singapore,2012,0.0,9.467,0.0,0.0,0.0,0.0,0.158,0.0
Singapore,2013,0.0,11.54,0.0037409999999999995,0.0,0.0,0.0,0.158,0.0
Singapore,2014,0.0,13.18,0.010005,0.0,0.0,0.0,0.318,0.0
Singapore,2015,0.0,13.18,0.025404,0.0,0.0,0.0,0.318,0.0
Singapore,2016,0.0,13.18,0.04454400000000001,0.0,0.0,0.0,0.318,0.0
Singapore,2017,0.0,13.264,0.05133,0.0,0.0,0.0,0.318,0.0
Singapore,2018,0.0,13.264,0.07482000000000001,0.0,0.0,0.0,0.318,0.0
Singapore,2019,0.0,13.264,0.117013,0.0,0.0,0.0,0.318,0.0
Singapore,2020,0.0,13.264,0.12275499999999999,0.0,0.0,0.0,0.318,0.0
Singapore,2021,0.0,13.264,0.185749,0.0,0.0,0.0,0.438,0.0
Singapore,2022,0.0,13.264,0.194884,0.0,0.0,0.0,0.438,0.0
Singapore,2023,0.0,13.264,0.213241,0.0,0.0,0.0,0.438,0.0
Singapore,2024,0.0,13.264,0.223333,0.0,0.0,0.0,0.438,0.0
Singapore,2025,0.0,14.046,0.224986,0.0,0.0,0.0,0.438,0.0
Slovakia,2000,1.285,0.321,0.0,0.0,2.089,2.88,0.0,0.0
Slovakia,2001,1.285,0.321,0.0,0.0,2.089,2.88,0.0,0.0
Slovakia,2002,1.285,0.321,0.0,0.0,2.089,2.88,0.0,0.0
Slovakia,2003,1.285,0.321,0.0,0.0,2.089,2.88,0.0,0.0
Slovakia,2004,1.285,0.321,0.0,0.0,2.089,2.88,0.0,0.0
Slovakia,2005,1.285,0.321,0.0,0.0,2.089,2.88,0.0,0.0
Slovakia,2006,1.285,0.321,0.0,0.0,2.089,2.44,0.0,0.0
Slovakia,2007,1.285,0.401,0.0,0.0,2.089,2.44,0.0,0.0
Slovakia,2008,1.273,0.401,0.0,0.0,2.089,2.0,0.0,0.0
Slovakia,2009,1.273,0.5149,0.0,0.0,2.089,2.0,0.0,0.0
Slovakia,2010,1.053,0.5149,0.0,0.0,2.089,2.0,0.0,0.0
Slovakia,2011,1.053,0.9509,0.0,0.0,2.089,2.0,0.0,0.0
Slovakia,2012,1.053,1.0109,0.0,0.0,2.089,2.0,0.0,0.0
Slovakia,2013,1.021,1.0109,0.0,0.0,2.089,2.0,0.0,0.0
Slovakia,2014,1.021,1.0109,0.0,0.0,2.089,2.0,0.0,0.0
Slovakia,2015,0.801,1.0109,0.0,0.0,2.089,2.0,0.0,0.0
Slovakia,2016,0.801,1.0109,0.0,0.0,2.089,2.0,0.0,0.0
Slovakia,2017,0.801,1.0109,0.6474,0.0,2.089,2.0,0.0,0.0
Slovakia,2018,0.801,1.0109,0.7557999999999999,0.0,2.089,2.0,0.0,0.0
Slovakia,2019,0.746,1.0480999999999998,0.7582000000000001,0.0,2.089,2.0,0.0,0.0
Slovakia,2020,0.714,1.076,0.7582000000000001,0.0,2.089,2.0,0.0,0.0
Slovakia,2021,0.714,1.076,0.7597999999999999,0.0,2.089,2.0,0.0,0.0
Slovakia,2022,0.714,1.076,0.764,0.0,2.089,2.0,0.0,0.0
Slovakia,2023,0.494,1.076,0.7768999999999999,0.0,2.089,2.471,0.0,0.0
Slovakia,2024,0.274,1.076,0.7938999999999999,0.0,2.089,2.471,0.0,0.0
Slovakia,2025,0.208,1.076,0.8641,0.0,2.089,2.471,0.0,0.0
Slovenia,2000,1.004,0.297,0.0,0.0,0.694,0.727,0.0,0.0
Slovenia,2001,1.004,0.297,0.0,0.0,0.694,0.727,0.0,0.0
Slovenia,2002,1.004,0.297,0.0,0.0,0.734,0.727,0.0,0.0
Slovenia,2003,1.004,0.297,0.0,0.0,0.734,0.727,0.0,0.0
Slovenia,2004,1.004,0.297,0.0,0.0,0.734,0.727,0.0,0.0
Slovenia,2005,1.004,0.297,0.0,0.0,0.734,0.727,0.0,0.0
Slovenia,2006,1.004,0.297,0.0,0.0,0.767,0.727,0.0,0.0
Slovenia,2007,1.004,0.297,0.0,0.0,0.767,0.727,0.0,0.0
Slovenia,2008,0.974,0.381,0.0,0.0,0.767,0.727,0.0,0.0
Slovenia,2009,0.974,0.381,0.0,0.0,0.986,0.727,0.0,0.0
Slovenia,2010,0.944,0.381,0.0,0.0,0.986,0.727,0.0,0.0
Slovenia,2011,0.944,0.381,0.0,0.0,0.986,0.727,0.0,0.0
Slovenia,2012,0.944,0.381,0.0,0.0,0.986,0.727,0.0,0.0
Slovenia,2013,0.944,0.381,0.0,0.0,1.025,0.727,0.0,0.0
Slovenia,2014,0.869,0.381,0.0,0.0,1.07,0.727,0.0,0.0
Slovenia,2015,1.469,0.381,0.0,0.0,1.07,0.727,0.0,0.0
Slovenia,2016,1.469,0.381,0.0,0.0,1.07,0.727,0.0,0.0
Slovenia,2017,1.469,0.381,0.0391,0.0,1.07,0.727,0.0,0.0
Slovenia,2018,1.069,0.434,0.0546,0.0,1.07,0.727,0.0,0.0
Slovenia,2019,1.069,0.434,0.0546,0.0,1.07,0.727,0.0,0.0
Slovenia,2020,1.069,0.49,0.0546,0.0,1.07,0.727,0.0,0.0
Slovenia,2021,1.069,0.421,0.0546,0.0,1.07,0.727,0.0,0.0
Slovenia,2022,1.069,0.421,0.06755445490764216,0.0,1.07,0.727,0.0,0.0
Slovenia,2023,1.069,0.421,0.07995445490764216,0.0,1.07,0.727,0.0,0.0
Slovenia,2024,1.069,0.535,0.08455445490764216,0.0,1.07,0.727,0.0,0.0
Slovenia,2025,1.069,0.535,0.09306962260050707,0.0,1.07,0.727,0.0,0.0
Solomon Islands,2015,0.0,0.01,0.0,0.0,0.0,0.0,0.0,0.0
Solomon Islands,2016,0.0,0.01,0.00087,0.0,0.0,0.0,0.0,0.0
Solomon Islands,2017,0.0,0.01,0.00087,0.0,0.0,0.0,0.0,0.0
Solomon Islands,2018,0.0,0.01,0.00087,0.0,0.0,0.0,0.0,0.0
Solomon Islands,2019,0.0,0.01,0.00087,0.0,0.0,0.0,0.0,0.0
Solomon Islands,2020,0.0,0.01,0.00087,0.0,0.0,0.0,0.0,0.0
Solomon Islands,2021,0.0,0.01,0.00087,0.0,0.0,0.0,0.0,0.0
Solomon Islands,2022,0.0,0.01,0.00087,0.0,0.0,0.0,0.0,0.0
Solomon Islands,2023,0.0,0.01,0.00087,0.0,0.0,0.0,0.0,0.0
Solomon Islands,2024,0.0,0.01,0.00087,0.0,0.0,0.0,0.0,0.0
Solomon Islands,2025,0.0,0.01,0.0027424904214559385,0.0,0.0,0.0,0.0,0.0
Somalia,2017,0.0,0.0,0.0123,0.0,0.0,0.0,0.0,0.0
Somalia,2018,0.0,0.0,0.0123,0.0,0.0,0.0,0.0,0.0
Somalia,2019,0.0,0.0,0.013800000000000002,0.0,0.0,0.0,0.0,0.0
Somalia,2020,0.0,0.0,0.039060000000000004,0.0,0.0,0.0,0.0,0.0
Somalia,2021,0.0,0.0,0.05036,0.0,0.0,0.0,0.0,0.0
Somalia,2022,0.0,0.0,0.05156,0.0,0.0,0.0,0.0,0.0
Somalia,2023,0.0,0.0,0.06256,0.0,0.0,0.0,0.0,0.0
Somalia,2024,0.0,0.0,0.06256,0.0,0.0,0.0,0.0,0.0
Somalia,2025,0.0,0.0,0.06256,0.0,0.0,0.0,0.0,0.0
South Africa,2000,38.389,0.342,0.0,0.0,2.202,1.94,0.074,0.0
South Africa,2001,39.105,0.342,0.0,0.0,2.202,1.94,0.074,0.0
South Africa,2002,39.105,0.342,0.0,0.0,2.202,1.94,0.074,0.0
South Africa,2003,39.105,0.342,0.0,0.0,2.202,1.94,0.074,0.0
South Africa,2004,39.105,0.342,0.0,0.0,2.202,1.94,0.074,0.0
South Africa,2005,39.105,0.342,0.0,0.0,2.202,1.94,0.074,0.0
South Africa,2006,39.105,0.342,0.0,0.0,2.202,1.94,0.074,0.0
South Africa,2007,39.105,1.3828,0.0,0.0,2.202,1.94,0.074,0.0
South Africa,2008,39.105,1.3828,0.0,0.0,2.202,1.94,0.1055,0.0
South Africa,2009,39.105,2.4203,0.0,0.0,2.202,1.94,0.1055,0.0
South Africa,2010,39.105,2.4203,0.0,0.0,2.202,1.94,0.1055,0.0
South Africa,2011,39.105,2.7003000000000004,0.0,0.138,2.202,1.94,0.1055,0.0
South Africa,2012,39.105,2.7003000000000004,0.0,0.238,2.202,1.94,0.1055,0.0
South Africa,2013,39.105,2.7003000000000004,0.08906827777777777,0.238,2.202,1.94,0.1055,0.0
South Africa,2014,39.105,2.7003000000000004,0.9927468703703703,0.661,2.202,1.94,0.1055,0.0
South Africa,2015,39.9,3.0353000000000003,1.1273977962962962,1.095,2.202,1.94,0.1055,0.0
South Africa,2016,39.9,3.7053000000000003,1.5849677962962962,1.517,3.534,1.94,0.1245,0.0
South Africa,2017,41.49,3.7053000000000003,1.9352777962962961,2.281,3.534,1.94,0.1245,0.0
South Africa,2018,42.29,3.7053000000000003,2.1569777962962964,2.546,3.534,1.94,0.1245,0.0
South Africa,2019,43.879,3.7053000000000003,2.248597796296296,2.546,3.534,1.94,0.1245,0.0
South Africa,2020,44.679,3.7053000000000003,2.7428777962962965,2.857,3.534,1.94,0.1245,0.0
South Africa,2021,46.274,3.7053000000000003,2.9706277962962964,3.39,3.534,1.94,0.1245,0.0
South Africa,2022,45.894,3.7053000000000003,3.1030370555555553,3.677,3.534,1.94,0.1495,0.0
South Africa,2023,45.894,3.7053000000000003,3.300462611111111,3.677,3.534,1.94,0.1495,0.0
South Africa,2024,46.694,3.7053000000000003,4.1919826111111105,3.746,3.534,1.94,0.1495,0.0
South Africa,2025,47.494,3.7053000000000003,4.967452703703703,4.263,3.534,1.94,0.1495,0.0
South Korea,2000,14.277,9.656,0.0,0.0,3.055,14.134,0.059,0.0
South Korea,2001,15.777,11.2793,0.0,0.0,3.755,14.134,0.099,0.0
South Korea,2002,16.277,13.0793,0.0,0.0,3.755,16.238,0.099,0.0
South Korea,2003,16.277,13.5293,0.0,0.0,3.755,16.238,0.099,0.0
South Korea,2004,17.802,13.979299999999999,0.0,0.0,3.755,17.287,0.099,0.0
South Korea,2005,18.302,15.100299999999999,0.0,0.068,3.755,18.336,0.099,0.0
South Korea,2006,18.802,16.2263,0.0,0.138,5.355,18.336,0.099,0.0
South Korea,2007,20.888,16.8373,0.0,0.153,5.355,18.336,0.3554,0.0
South Korea,2008,22.388,18.017599999999998,0.0,0.255,5.355,18.336,0.3554,0.0
South Korea,2009,24.747,18.566599999999998,0.02088,0.3,5.355,18.336,0.3554,0.0
South Korea,2010,24.997,20.7926,0.02088,0.315,5.355,18.336,0.3554,0.0
South Korea,2011,25.449,22.2886,0.02088,0.315,6.155,19.384,0.3584,0.0
South Korea,2012,25.449,22.8536,0.02988,0.366,6.155,21.479,0.36819999999999997,0.0
South Korea,2013,25.509,25.1556,0.07758,0.44,6.155,21.479,0.4372,0.0
South Korea,2014,27.309,32.8836,0.08410499999999999,0.52,6.155,21.479,0.44160000000000005,0.0
South Korea,2015,27.309,35.4186,0.08410499999999999,0.635,6.155,22.527,0.6317999999999999,0.0
South Korea,2016,32.841,35.8926,0.08410499999999999,0.75,6.155,24.015,0.6367999999999999,0.0
South Korea,2017,37.578,40.1736,3.05637,0.927,6.155,23.408,0.8569,0.0
South Korea,2018,37.578,41.3576,4.383424934159566,0.994,6.155,23.408,0.8998999999999999,0.0
South Korea,2019,37.847,43.1076,5.575024934159567,1.208,6.155,24.216,0.9131,0.0
South Korea,2020,36.647,43.403800000000004,6.890368563903951,1.208,6.155,24.216,1.123,0.0
South Korea,2021,38.065,44.153800000000004,7.4840285639039505,1.292,6.155,24.216,1.463,0.0
South Korea,2022,39.105,44.683800000000005,8.42303095120062,1.334,6.155,25.671,1.538,0.0
South Korea,2023,40.145,46.643800000000006,9.98892146630519,1.386,6.155,27.071,1.613,0.0
South Korea,2024,41.195,50.394800000000004,10.678578952749806,1.4532,6.155,27.071,1.613,0.0
South Korea,2025,41.745,50.394800000000004,11.015081520526723,1.6492,6.155,27.071,1.613,0.0
South Sudan,2012,0.0,0.085,0.0,0.0,0.0,0.0,0.0,0.0
South Sudan,2013,0.0,0.085,0.0,0.0,0.0,0.0,0.0,0.0
South Sudan,2014,0.0,0.085,0.0,0.0,0.0,0.0,0.0,0.0
South Sudan,2015,0.0,0.085,0.0,0.0,0.0,0.0,0.0,0.0
South Sudan,2016,0.0,0.085,0.0,0.0,0.0,0.0,0.0,0.0
South Sudan,2017,0.0,0.085,0.0,0.0,0.0,0.0,0.0,0.0
South Sudan,2018,0.0,0.085,0.0,0.0,0.0,0.0,0.0,0.0
South Sudan,2019,0.0,0.118,0.0,0.0,0.0,0.0,0.0,0.0
South Sudan,2020,0.0,0.118,0.0016,0.0,0.0,0.0,0.0,0.0
South Sudan,2021,0.0,0.118,0.0016,0.0,0.0,0.0,0.0,0.0
South Sudan,2022,0.0,0.118,0.012039999999999999,0.0,0.0,0.0,0.0,0.0
South Sudan,2023,0.0,0.118,0.02422,0.0,0.0,0.0,0.0,0.0
South Sudan,2024,0.0,0.118,0.02422,0.0,0.0,0.0,0.0,0.0
South Sudan,2025,0.0,0.118,0.042273367875647665,0.0,0.0,0.0,0.0,0.0
Spain,2000,13.793,2.846,0.005,1.8614000000000002,15.161,8.024,0.05,0.0
Spain,2001,13.793,3.492,0.005,2.8054,15.161,8.024,0.05,0.0
Spain,2002,13.793,6.6609,0.005,4.102399999999999,15.161,8.024,0.08,0.0
Spain,2003,13.793,9.4904,0.005,5.817399999999999,15.231,8.024,0.1071,0.0
Spain,2004,13.793,11.0746,0.005,7.4033999999999995,15.231,8.024,0.1071,0.0
Spain,2005,13.793,15.8717,0.005,9.1504,15.231,8.024,0.1641,0.0
Spain,2006,13.713,21.1734,0.020138,10.9954,15.231,7.874,0.1641,0.0
Spain,2007,12.96,24.6282,0.13979790156918687,13.1294,15.231,7.874,0.1641,0.0
Spain,2008,12.892,27.293200000000002,0.8940264564907275,15.2004,15.231,7.874,0.1641,0.0
Spain,2009,12.892,27.856,1.2427284564907275,17.044400000000003,15.265,7.874,0.2011,0.0
Spain,2010,12.892,29.145,1.5741984564907274,17.852400000000003,15.265,7.874,0.2161,0.0
Spain,2011,12.732,30.592,2.0492054564907276,18.770400000000002,15.265,7.874,0.2541,0.0
Spain,2012,11.936,30.617,2.9029054564907275,19.7954,15.453,7.874,0.41910000000000003,0.0
Spain,2013,11.346,30.667,3.212175456490727,19.9314,16.335,7.874,0.45085000000000003,0.0
Spain,2014,11.346,30.667,3.2794754564907276,19.9814,16.335,7.874,0.47085000000000005,0.0
Spain,2015,11.092,30.724,3.2942654564907277,20.0014,16.335,7.874,0.47085000000000005,0.0
Spain,2016,10.561,30.724,3.2942654564907277,20.011400000000002,16.335,7.874,0.47085000000000005,0.0
Spain,2017,10.561,30.724,7.156465456490728,20.0404,16.335,7.408,0.47085000000000005,0.0
Spain,2018,10.196,30.747,7.437265456490727,20.3154,16.335,7.408,0.50585,0.0
Spain,2019,9.946,30.747,10.178764059914409,22.0344,16.335,7.408,0.5468500000000001,0.0
Spain,2020,5.151,30.544,12.87442467617689,22.802400000000002,16.335,7.408,0.76735,0.0
Spain,2021,3.634,30.544,16.2219349914408,23.6346,16.335,7.408,0.76735,0.0
Spain,2022,2.9,30.544,20.101666721825964,25.4573,16.335,7.408,0.76735,0.0
Spain,2023,2.9,30.544,25.7591632382311,25.8399,16.335,7.408,0.76735,0.0
Spain,2024,2.115,30.544,28.576954426533526,26.403,16.335,7.408,0.76735,0.0
Spain,2025,0.61,31.038,30.39141369757489,26.940900000000003,16.335,7.408,0.76735,0.0
Sri Lanka,2000,0.0,0.16,0.0,0.0,1.12,0.0,0.0,0.0
Sri Lanka,2001,0.0,0.16,0.0,0.0,1.12,0.0,0.0,0.0
Sri Lanka,2002,0.0,0.325,0.0,0.0,1.12,0.0,0.0,0.0
Sri Lanka,2003,0.0,0.445,0.0,0.0,1.19,0.0,0.0,0.0
Sri Lanka,2004,0.0,0.445,0.0,0.0,1.19,0.0,0.0,0.0
Sri Lanka,2005,0.0,0.55,0.0,0.0,1.19,0.0,0.0,0.0
Sri Lanka,2006,0.0,0.55,0.0,0.0,1.19,0.0,0.0,0.0
Sri Lanka,2007,0.0,0.55,0.0,0.0,1.19,0.0,0.0,0.0
Sri Lanka,2008,0.0,0.55,0.0,0.0,1.19,0.0,0.0,0.0
Sri Lanka,2009,0.0,0.55,0.0,0.0,1.19,0.0,0.0,0.0
Sri Lanka,2010,0.0,0.55,0.0,0.03,1.19,0.0,0.0,0.0
Sri Lanka,2011,0.3,0.55,0.0,0.03,1.19,0.0,0.0,0.0
Sri Lanka,2012,0.3,0.55,0.0,0.07,1.34,0.0,0.0,0.0
Sri Lanka,2013,0.3,0.55,0.0,0.07,1.34,0.0,0.0,0.0
Sri Lanka,2014,0.9,0.55,0.0,0.1,1.34,0.0,0.0,0.0
Sri Lanka,2015,0.9,0.6123999999999999,0.0,0.11,1.34,0.0,0.0,0.0
Sri Lanka,2016,0.9,0.6123999999999999,0.0087,0.11,1.34,0.0,0.0,0.0
Sri Lanka,2017,0.9,0.6123999999999999,0.0395,0.11,1.375,0.0,0.01,0.0
Sri Lanka,2018,0.9,0.6123999999999999,0.0395,0.11,1.375,0.0,0.02,0.0
Sri Lanka,2019,0.9,0.6123999999999999,0.0395,0.11,1.375,0.0,0.02,0.0
Sri Lanka,2020,0.9,0.6123999999999999,0.0395,0.21,1.375,0.0,0.02,0.0
Sri Lanka,2021,0.9,0.9124,0.0395,0.21,1.375,0.0,0.03,0.0
Sri Lanka,2022,0.9,0.9124,0.0395,0.21,1.375,0.0,0.03,0.0
Sri Lanka,2023,0.9,0.9124,0.0395,0.225,1.495,0.0,0.03,0.0
Sri Lanka,2024,0.9,1.0754000000000001,0.0395,0.225,1.495,0.0,0.03,0.0
Sri Lanka,2025,0.9,1.4254,0.0395,0.225,1.495,0.0,0.03,0.0
Sudan,2000,0.0,0.0,0.0,0.0,0.28,0.0,0.018,0.0
Sudan,2001,0.0,0.0,0.0,0.0,0.28,0.0,0.018,0.0
Sudan,2002,0.0,0.0,0.0,0.0,0.28,0.0,0.018,0.0
Sudan,2003,0.0,0.0,0.0,0.0,0.28,0.0,0.018,0.0
Sudan,2004,0.0,0.0,0.0,0.0,0.28,0.0,0.018,0.0
Sudan,2005,0.0,0.0,0.0,0.0,0.28,0.0,0.018,0.0
Sudan,2006,0.0,0.0,0.0,0.0,0.28,0.0,0.018,0.0
Sudan,2007,0.0,0.0,0.0,0.0,0.28,0.0,0.018,0.0
Sudan,2008,0.0,0.0,0.0,0.0,0.28,0.0,0.018,0.0
Sudan,2009,0.0,0.0,0.0,0.0,1.53,0.0,0.018,0.0
Sudan,2010,0.0,0.11,0.0,0.0,1.53,0.0,0.018,0.0
Sudan,2011,0.0,0.11,0.0,0.0,1.53,0.0,0.018,0.0
Sudan,2012,0.0,0.11,0.0,0.0,1.53,0.0,0.08,0.0
Sudan,2013,0.0,0.11,0.0,0.0,1.53,0.0,0.08,0.0
Sudan,2014,0.0,0.3669,0.0,0.0,1.53,0.0,0.08,0.0
Sudan,2015,0.0,0.3669,0.0,0.0,1.53,0.0,0.08,0.0
Sudan,2016,0.0,0.8669,0.0,0.0,1.53,0.0,0.08,0.0
Sudan,2017,0.0,1.2409000000000001,0.0,0.0,1.53,0.0,0.08,0.0
Sudan,2018,0.0,1.4209,0.0,0.0,1.85,0.0,0.08,0.0
Sudan,2019,0.0,1.4209,0.0056,0.0,1.85,0.0,0.08,0.0
Sudan,2020,0.0,1.4209,0.011300000000000001,0.0,1.85,0.0,0.08,0.0
Sudan,2021,0.0,1.4209,0.011300000000000001,0.0,1.85,0.0,0.08,0.0
Sudan,2022,0.0,1.4209,0.06047374999999999,0.0,1.85,0.0,0.08,0.0
Sudan,2023,0.0,1.4209,0.06047374999999999,0.0,1.85,0.0,0.08,0.0
Sudan,2024,0.0,1.4209,0.06167375,0.0,1.85,0.0,0.08,0.0
Sudan,2025,0.0,1.4209,0.06167375,0.0,1.85,0.0,0.08,0.0
Suriname,2000,0.0,0.0,0.0,0.0,0.18,0.0,0.0,0.0
Suriname,2001,0.0,0.0,0.0,0.0,0.18,0.0,0.0,0.0
Suriname,2002,0.0,0.0,0.0,0.0,0.18,0.0,0.0,0.0
Suriname,2003,0.0,0.0,0.0,0.0,0.18,0.0,0.0,0.0
Suriname,2004,0.0,0.0,0.0,0.0,0.18,0.0,0.0,0.0
Suriname,2005,0.0,0.0,0.0,0.0,0.18,0.0,0.0,0.0
Suriname,2006,0.0,0.028,0.0,0.0,0.18,0.0,0.0,0.0
Suriname,2007,0.0,0.028,0.0,0.0,0.18,0.0,0.0,0.0
Suriname,2008,0.0,0.028,0.0,0.0,0.18,0.0,0.0,0.0
Suriname,2009,0.0,0.028,0.0,0.0,0.18,0.0,0.0,0.0
Suriname,2010,0.0,0.028,0.0,0.0,0.18,0.0,0.0,0.0
Suriname,2011,0.0,0.028,0.0,0.0,0.18,0.0,0.0,0.0
Suriname,2012,0.0,0.028,0.0,0.0,0.18,0.0,0.0,0.0
Suriname,2013,0.0,0.028,0.0,0.0,0.18,0.0,0.0,0.0
Suriname,2014,0.0,0.125,0.0,0.0,0.18,0.0,0.0,0.0
Suriname,2015,0.0,0.18,0.0,0.0,0.18,0.0,0.0,0.0
Suriname,2016,0.0,0.18,0.0,0.0,0.18,0.0,0.0,0.0
Suriname,2017,0.0,0.18,0.0057,0.0,0.18,0.0,0.0,0.0
Suriname,2018,0.0,0.18,0.0057,0.0,0.18,0.0,0.0,0.0
Suriname,2019,0.0,0.18,0.0057,0.0,0.18,0.0,0.0,0.0
Suriname,2020,0.0,0.18,0.0057,0.0,0.18,0.0,0.0,0.0
Suriname,2021,0.0,0.222,0.0057,0.0,0.18,0.0,0.0,0.0
Suriname,2022,0.0,0.222,0.007701,0.0,0.18,0.0,0.0,0.0
Suriname,2023,0.0,0.222,0.007701,0.0,0.18,0.0,0.0,0.0
Suriname,2024,0.0,0.222,0.007701,0.0,0.18,0.0,0.0,0.0
Suriname,2025,0.0,0.222,0.007701,0.0,0.18,0.0,0.0,0.0
Sweden,2000,0.291,1.522,0.0,0.022,13.757,10.825,1.8377999999999999,0.0
Sweden,2001,0.291,1.522,0.0,0.032,13.757,10.825,1.8377999999999999,0.0
Sweden,2002,0.291,1.522,0.0,0.032,13.757,10.825,1.8778,0.0
Sweden,2003,0.291,1.522,0.0,0.032,13.757,10.825,1.8985999999999998,0.0
Sweden,2004,0.291,1.522,0.0,0.043,13.757,10.825,1.9176,0.0
Sweden,2005,0.291,1.522,0.0,0.068,13.757,10.21,1.9399000000000002,0.0
Sweden,2006,0.291,1.772,0.0,0.079,13.757,10.21,2.2019,0.0
Sweden,2007,0.291,1.772,0.0,0.237,13.782,10.21,2.2019,0.0
Sweden,2008,0.291,1.772,0.0,0.324,13.782,10.21,2.2226999999999997,0.0
Sweden,2009,0.291,1.772,0.0,0.6026,13.782,10.21,2.3209,0.0
Sweden,2010,0.291,1.772,0.0,0.9596,13.782,10.21,2.3762,0.0
Sweden,2011,0.291,1.772,0.0,1.3885999999999998,13.782,10.21,2.3762,0.0
Sweden,2012,0.291,1.772,0.0,1.9636,13.782,10.21,2.5412,0.0
Sweden,2013,0.291,1.772,0.0,2.6441999999999997,13.842,10.21,2.6812,0.0
Sweden,2014,0.141,1.772,0.00087,3.3308,13.842,10.21,2.8051999999999997,0.0
Sweden,2015,0.141,1.772,0.00174,4.1698,13.842,10.21,2.9006999999999996,0.0
Sweden,2016,0.141,1.772,0.004089000000000001,4.7118,13.842,9.549,3.0936999999999997,0.0
Sweden,2017,0.141,1.772,0.005133,4.934699999999999,13.842,9.057,3.0936999999999997,0.0
Sweden,2018,0.141,1.772,0.011484000000000001,5.5047,13.842,9.057,3.0936999999999997,0.0
Sweden,2019,0.141,1.772,0.015051,6.1827,13.842,8.094,3.1936999999999998,0.0
Sweden,2020,0.0,1.772,0.047154,8.1953,13.842,7.184,3.1936999999999998,0.0
Sweden,2021,0.0,1.772,0.104661,10.2247,13.842,7.184,3.1936999999999998,0.0
Sweden,2022,0.0,1.772,0.121626,12.202200000000001,13.842,7.184,3.3236999999999997,0.0
Sweden,2023,0.0,1.772,0.187398,14.835799999999999,13.842,7.184,3.3236999999999997,0.0
Sweden,2024,0.0,1.772,0.373317,15.2858,13.842,7.184,3.3236999999999997,0.0
Sweden,2025,0.0,1.772,0.576897,16.4866,13.842,7.184,3.3236999999999997,0.0
Switzerland,2000,0.0,0.0438,0.0,0.0,12.0145,3.485,0.0,0.0
Switzerland,2001,0.0,0.0438,0.0,0.0,12.0145,3.485,0.0,0.0
Switzerland,2002,0.0,0.0438,0.0,0.0,12.0145,3.485,0.0,0.0
Switzerland,2003,0.0,0.0438,0.0,0.0,12.0145,3.485,0.0,0.0
Switzerland,2004,0.0,0.0438,0.0,0.0,12.0145,3.485,0.0,0.0
Switzerland,2005,0.0,0.0438,0.0,0.0,12.0145,3.485,0.0,0.0
Switzerland,2006,0.0,0.0438,0.0,0.0,12.0145,3.485,0.02,0.0
Switzerland,2007,0.0,0.0438,0.0,0.0,12.0145,3.485,0.02,0.0
Switzerland,2008,0.0,0.0438,0.0,0.0,12.0145,3.485,0.05,0.0
Switzerland,2009,0.0,0.0988,0.001310984654731458,0.0,12.0145,3.485,0.05,0.0
Switzerland,2010,0.0,0.0988,0.00340856010230179,0.016,12.1455,3.485,0.078,0.0
Switzerland,2011,0.0,0.0988,0.00961388746803069,0.016,12.1455,3.485,0.078,0.0
Switzerland,2012,0.0,0.0988,0.03233762148337596,0.016,12.2355,3.485,0.136,0.0
Switzerland,2013,0.0,0.0988,0.04527267007672634,0.016,12.0855,3.485,0.136,0.0
Switzerland,2014,0.0,0.0988,0.04614665984654732,0.016,12.1555,3.485,0.136,0.0
Switzerland,2015,0.0,0.0988,0.06668541943734016,0.016,12.1555,3.485,0.136,0.0
Switzerland,2016,0.0,0.0988,0.07927087212276215,0.029,13.3055,3.485,0.136,0.0
Switzerland,2017,0.0,0.0988,0.08407087212276215,0.029,13.5455,3.485,0.136,0.0
Switzerland,2018,0.0,0.0988,0.08407087212276215,0.029,13.5455,3.485,0.136,0.0
Switzerland,2019,0.0,0.0988,0.08407087212276215,0.029,13.5455,3.095,0.136,0.0
Switzerland,2020,0.0,0.0988,0.08407087212276215,0.041,13.5455,3.095,0.136,0.0
Switzerland,2021,0.0,0.0988,0.08511965984654732,0.041,13.5455,3.095,0.136,0.0
Switzerland,2022,0.0,0.0988,0.08511965984654732,0.041,14.4455,3.095,0.136,0.0
Switzerland,2023,0.0,0.0988,0.08511965984654732,0.055,14.4455,3.095,0.136,0.0
Switzerland,2024,0.0,0.0988,0.08511965984654732,0.055,14.4455,3.095,0.136,0.0
Switzerland,2025,0.0,0.0988,0.08511965984654732,0.055,14.4455,3.095,0.136,0.0
Syria,2000,0.0,3.9148,0.0,0.0,0.955,0.0,0.0,0.0
Syria,2001,0.0,3.9148,0.0,0.0,0.955,0.0,0.0,0.0
Syria,2002,0.0,3.9148,0.0,0.0,0.955,0.0,0.0,0.0
Syria,2003,0.0,3.9148,0.0,0.0,0.955,0.0,0.0,0.0
Syria,2004,0.0,3.9148,0.0,0.0,0.955,0.0,0.0,0.0
Syria,2005,0.0,3.9148,0.0,0.0,0.955,0.0,0.0,0.0
Syria,2006,0.0,3.9148,0.0,0.0,0.955,0.0,0.0,0.0
Syria,2007,0.0,4.4023,0.0,0.0,0.955,0.0,0.0,0.0
Syria,2008,0.0,4.4023,0.0,0.0,0.955,0.0,0.0,0.0
Syria,2009,0.0,5.6023000000000005,0.0,0.0,1.585,0.0,0.0,0.0
Syria,2010,0.06,5.8783,0.0,0.0,1.585,0.0,0.0,0.0
Syria,2011,0.06,6.3583,0.0,0.0,1.585,0.0,0.0,0.0
Syria,2012,0.06,6.3583,0.0,0.0,1.585,0.0,0.0,0.0
Syria,2013,0.06,7.1083,0.0,0.0,1.585,0.0,0.0,0.0
Syria,2014,0.06,7.1083,0.0,0.0,1.585,0.0,0.0,0.0
Syria,2015,0.06,7.1083,0.0,0.0,1.585,0.0,0.0,0.0
Syria,2016,0.06,7.1083,0.0,0.0,1.585,0.0,0.0,0.0
Syria,2017,0.06,7.1083,0.0,0.0,1.585,0.0,0.0,0.0
Syria,2018,0.06,7.1083,0.0083,0.0,1.585,0.0,0.0,0.0
Syria,2019,0.06,7.1083,0.0237,0.0,1.585,0.0,0.0,0.0
Syria,2020,0.06,7.1083,0.042,0.0,1.585,0.0,0.0,0.0
Syria,2021,0.06,7.1083,0.08641,0.0,1.585,0.0,0.0,0.0
Syria,2022,0.06,7.1083,0.09971000000000001,0.0,1.585,0.0,0.0,0.0
Syria,2023,0.06,7.1323,0.14440999999999998,0.0,1.585,0.0,0.0,0.0
Syria,2024,0.06,7.5983,0.15781,0.0,1.585,0.0,0.0,0.0
Syria,2025,0.06,7.5983,0.1792957142857143,0.0,1.585,0.0,0.0,0.0
Taiwan,2000,12.826,7.28865,0.0,0.0,3.971,5.144,0.2998,0.0
Taiwan,2001,12.988,7.28865,0.0,0.0,3.971,5.144,0.4018,0.0
Taiwan,2002,16.165,7.97865,0.0,0.0,3.971,5.144,0.4018,0.0
Taiwan,2003,16.165,9.44265,0.0,0.0,4.051,5.144,0.4018,0.0
Taiwan,2004,16.465,10.91265,0.0,0.0,4.051,5.144,0.4018,0.0
Taiwan,2005,17.015,10.91265,0.0,0.123,4.051,5.144,0.4018,0.0
Taiwan,2006,17.727,12.39965,0.0,0.131,4.051,5.144,0.4018,0.0
Taiwan,2007,17.327,13.84565,0.0,0.2856,4.051,5.144,0.4018,0.0
Taiwan,2008,17.327,14.56865,0.0,0.3316,4.051,5.144,0.4136,0.0
Taiwan,2009,17.327,15.781649999999999,0.0,0.36160000000000003,4.051,5.144,0.4136,0.0
Taiwan,2010,17.327,15.781649999999999,0.0,0.4766,4.051,5.144,0.4136,0.0
Taiwan,2011,17.371,15.781649999999999,0.22231125,0.48819999999999997,4.112,5.144,0.4136,0.0
Taiwan,2012,16.806,15.781649999999999,0.22231125,0.5002,4.112,5.144,0.4136,0.0
Taiwan,2013,16.806,15.781649999999999,0.22231125,0.5762,4.112,5.144,0.4136,0.0
Taiwan,2014,16.206,15.781649999999999,0.22231125,0.5992000000000001,4.112,5.144,0.4136,0.0
Taiwan,2015,16.206,15.781649999999999,0.22231125,0.6042000000000001,4.48,5.144,0.4136,0.0
Taiwan,2016,17.006,15.781649999999999,0.22231125,0.6462,4.48,5.144,0.4136,0.0
Taiwan,2017,17.172,16.38165,0.373536625,0.6462,4.48,5.144,0.4136,0.0
Taiwan,2018,18.821,17.27465,0.76856975,0.6582,4.48,4.508,0.4136,0.0
Taiwan,2019,19.621,18.167650000000002,0.98386975,0.8092,4.48,3.872,0.4136,0.0
Taiwan,2020,19.621,19.082849999999997,1.28103078125,0.8274,4.48,3.872,0.4136,0.0
Taiwan,2021,19.585,19.59285,2.0113680937500003,1.0186,4.48,2.887,0.4136,0.004200000000000001
Taiwan,2022,18.893,19.074849999999998,2.4913303125,1.1365999999999998,4.48,2.887,0.4136,0.004200000000000001
Taiwan,2023,18.893,19.318849999999998,3.8755914375,2.4564,4.48,1.902,0.4136,0.0052
Taiwan,2024,18.893,20.44285,4.4226533125,3.2904,4.48,0.951,0.4136,0.0052
Taiwan,2025,16.543,22.658849999999997,4.579692312500001,4.4624,4.48,0.0,0.4136,0.0052
Tajikistan,2000,0.0,0.206,0.0,0.0,3.744,0.0,0.0,0.0
Tajikistan,2001,0.0,0.206,0.0,0.0,3.744,0.0,0.0,0.0
Tajikistan,2002,0.0,0.206,0.0,0.0,3.744,0.0,0.0,0.0
Tajikistan,2003,0.0,0.206,0.0,0.0,3.744,0.0,0.0,0.0
Tajikistan,2004,0.0,0.206,0.0,0.0,3.744,0.0,0.0,0.0
Tajikistan,2005,0.0,0.206,0.0,0.0,3.744,0.0,0.0,0.0
Tajikistan,2006,0.0,0.206,0.0,0.0,3.744,0.0,0.0,0.0
Tajikistan,2007,0.0,0.206,0.0,0.0,3.744,0.0,0.0,0.0
Tajikistan,2008,0.0,0.206,0.0,0.0,4.414,0.0,0.0,0.0
Tajikistan,2009,0.0,0.206,0.0,0.0,4.414,0.0,0.0,0.0
Tajikistan,2010,0.0,0.206,0.0,0.0,4.414,0.0,0.0,0.0
Tajikistan,2011,0.0,0.206,0.0,0.0,4.634,0.0,0.0,0.0
Tajikistan,2012,0.0,0.206,0.0,0.0,4.634,0.0,0.0,0.0
Tajikistan,2013,0.0,0.206,0.0,0.0,4.634,0.0,0.0,0.0
Tajikistan,2014,0.1,0.206,0.0,0.0,4.634,0.0,0.0,0.0
Tajikistan,2015,0.1,0.206,0.0,0.0,4.634,0.0,0.0,0.0
Tajikistan,2016,0.4,0.206,0.0,0.0,4.634,0.0,0.0,0.0
Tajikistan,2017,0.4,0.206,0.0,0.0,4.634,0.0,0.0,0.0
Tajikistan,2018,0.4,0.206,0.0,0.0,5.834,0.0,0.0,0.0
Tajikistan,2019,0.4,0.206,0.0,0.0,5.834,0.0,0.0,0.0
Tajikistan,2020,0.4,0.206,0.0,0.0,5.834,0.0,0.0,0.0
Tajikistan,2021,0.4,0.206,0.0012,0.0,5.834,0.0,0.0,0.0
Tajikistan,2022,0.4,0.206,0.0012,0.0,5.834,0.0,0.0,0.0
Tajikistan,2023,0.4,0.206,0.0012,0.0,5.834,0.0,0.0,0.0
Tajikistan,2024,0.4,0.206,0.0012,0.0,5.834,0.0,0.0,0.0
Tajikistan,2025,0.4,0.206,0.0012,0.0,5.834,0.0,0.0,0.0
Tanzania,2000,0.0,0.0,0.0,0.0,0.528,0.0,0.0,0.0
Tanzania,2001,0.0,0.0,0.0,0.0,0.528,0.0,0.0,0.0
Tanzania,2002,0.0,0.1,0.0,0.0,0.528,0.0,0.0,0.0
Tanzania,2003,0.0,0.1,0.0,0.0,0.528,0.0,0.0,0.0
Tanzania,2004,0.0,0.208,0.0,0.0,0.528,0.0,0.0,0.0
Tanzania,2005,0.0,0.208,0.0,0.0,0.528,0.0,0.0,0.0
Tanzania,2006,0.0,0.208,0.0,0.0,0.528,0.0,0.0,0.0
Tanzania,2007,0.0,0.208,0.0,0.0,0.528,0.0,0.0,0.0
Tanzania,2008,0.0,0.208,0.0,0.0,0.528,0.0,0.0,0.0
Tanzania,2009,0.0,0.208,0.0,0.0,0.528,0.0,0.0,0.0
Tanzania,2010,0.0,0.208,0.0,0.0,0.528,0.0,0.0,0.0
Tanzania,2011,0.0,0.253,0.0,0.0,0.528,0.0,0.0,0.0
Tanzania,2012,0.0,0.352,0.0,0.0,0.528,0.0,0.0,0.0
Tanzania,2013,0.0,0.352,0.0,0.0,0.528,0.0,0.0,0.0
Tanzania,2014,0.0,0.352,0.0,0.0,0.528,0.0,0.0,0.0
Tanzania,2015,0.0,0.504,0.0,0.0,0.528,0.0,0.0,0.0
Tanzania,2016,0.0,0.504,0.0,0.0,0.528,0.0,0.0,0.0
Tanzania,2017,0.0,0.504,0.0,0.0,0.528,0.0,0.0,0.0
Tanzania,2018,0.0,0.744,0.0056,0.0,0.528,0.0,0.0,0.0
Tanzania,2019,0.0,0.744,0.0056,0.0,0.528,0.0,0.0,0.0
Tanzania,2020,0.0,0.744,0.0056,0.0,0.528,0.0,0.0,0.0
Tanzania,2021,0.0,0.744,0.0056,0.0,0.528,0.0,0.0,0.0
Tanzania,2022,0.0,0.744,0.0056,0.0,0.528,0.0,0.0,0.0
Tanzania,2023,0.0,0.744,0.0056,0.0,0.568,0.0,0.0,0.0
Tanzania,2024,0.0,0.744,0.1361,0.0,2.683,0.0,0.0,0.0
Tanzania,2025,0.0,0.744,0.1399,0.0,2.683,0.0,0.0,0.0
Thailand,2000,3.261,5.3887,0.0,0.0,3.006,0.0,0.2235,0.0
Thailand,2001,3.261,5.5287,0.0,0.0,4.006,0.0,0.2425,0.0
Thailand,2002,3.261,7.7036999999999995,0.0,0.0,4.006,0.0,0.2425,0.0
Thailand,2003,3.261,8.8847,0.0,0.0,4.006,0.0,0.2925,0.0
Thailand,2004,3.261,9.1997,0.0,0.0,4.006,0.0,0.5504,0.0
Thailand,2005,3.261,9.2767,0.0,0.0,4.006,0.0,0.5969,0.0
Thailand,2006,3.978,9.5577,0.0,0.0,4.006,0.0,0.6864,0.0
Thailand,2007,4.695,10.4517,0.0,0.0,4.006,0.0,0.7064,0.0
Thailand,2008,4.731,14.8787,0.0,0.0,4.006,0.0,0.7064,0.0
Thailand,2009,4.731,15.6447,0.0,0.0,4.006,0.0,0.7233999999999999,0.0
Thailand,2010,4.816,15.6447,0.0,0.0,4.006,0.0,0.7233999999999999,0.0
Thailand,2011,4.816,15.972700000000001,0.055,0.0,4.036,0.0,0.7614,0.0
Thailand,2012,5.783,16.215700000000002,0.130245,0.104,4.036,0.0,0.8034,0.0
Thailand,2013,5.783,17.4056,0.30463971428571424,0.208,4.036,0.0,0.8134,0.0
Thailand,2014,5.783,20.5216,0.31378542857142855,0.208,4.036,0.0,0.8644,0.0
Thailand,2015,5.783,21.2766,0.6000154285714286,0.218,4.036,0.0,1.1974,0.0
Thailand,2016,5.783,25.0736,0.8662354285714285,0.468,4.036,0.0,1.1974,0.0
Thailand,2017,5.783,26.816200000000002,2.187235428571429,0.618,4.036,0.0,1.2069,0.0
Thailand,2018,5.783,27.7257,2.3659354285714285,1.096,4.036,0.0,1.3419,0.0
Thailand,2019,6.138,28.3427,2.4211354285714286,2.101,4.036,0.0,1.3519,0.0
Thailand,2020,6.138,27.1627,2.4707354285714285,2.101,4.036,0.0,1.3999000000000001,0.0
Thailand,2021,6.138,28.4127,2.5668354285714288,2.117,4.036,0.0,1.3999000000000001,0.0
Thailand,2022,6.138,30.7407,2.7166354285714287,2.117,4.036,0.0,1.4359000000000002,0.0
Thailand,2023,6.138,31.5847,3.618532857142857,2.117,4.036,0.0,1.4359000000000002,0.0
Thailand,2024,5.988,33.604699999999994,4.368551657142857,2.117,4.036,0.0,1.4359000000000002,0.0
Thailand,2025,5.238,34.3047,4.4772516571428564,2.117,4.036,0.0,1.4359000000000002,0.0
The Gambia,2006,0.0,0.024,0.0,0.0,0.0,0.0,0.0,0.0
The Gambia,2007,0.0,0.024,0.0,0.0,0.0,0.0,0.0,0.0
The Gambia,2008,0.0,0.024,0.0,0.0,0.0,0.0,0.0,0.0
The Gambia,2009,0.0,0.024,0.0,0.0,0.0,0.0,0.0,0.0
The Gambia,2010,0.0,0.024,0.0,0.0,0.0,0.0,0.0,0.0
The Gambia,2011,0.0,0.024,0.0,0.0,0.0,0.0,0.0,0.0
The Gambia,2012,0.0,0.024,0.0,0.0,0.0,0.0,0.0,0.0
The Gambia,2013,0.0,0.024,0.0,0.0,0.0,0.0,0.0,0.0
The Gambia,2014,0.0,0.024,0.0,0.0,0.0,0.0,0.0,0.0
The Gambia,2015,0.0,0.024,0.0,0.0,0.0,0.0,0.0,0.0
The Gambia,2016,0.0,0.024,0.0,0.0,0.0,0.0,0.0,0.0
The Gambia,2017,0.0,0.024,0.0,0.0,0.0,0.0,0.0,0.0
The Gambia,2018,0.0,0.024,0.0,0.0,0.0,0.0,0.0,0.0
The Gambia,2019,0.0,0.024,0.0,0.0,0.0,0.0,0.0,0.0
The Gambia,2020,0.0,0.06,0.0,0.0,0.0,0.0,0.0,0.0
The Gambia,2021,0.0,0.08,0.0,0.0,0.0,0.0,0.0,0.0
The Gambia,2022,0.0,0.08,0.0,0.0,0.0,0.0,0.0,0.0
The Gambia,2023,0.0,0.08,0.0,0.0,0.0,0.0,0.0,0.0
The Gambia,2024,0.0,0.08,0.02001,0.0,0.0,0.0,0.0,0.0
The Gambia,2025,0.0,0.08,0.02001,0.0,0.0,0.0,0.0,0.0
Togo,2000,0.0,0.0,0.0,0.0,0.066,0.0,0.0,0.0
Togo,2001,0.0,0.0,0.0,0.0,0.066,0.0,0.0,0.0
Togo,2002,0.0,0.0,0.0,0.0,0.066,0.0,0.0,0.0
Togo,2003,0.0,0.0,0.0,0.0,0.066,0.0,0.0,0.0
Togo,2004,0.0,0.0,0.0,0.0,0.066,0.0,0.0,0.0
Togo,2005,0.0,0.0,0.0,0.0,0.066,0.0,0.0,0.0
Togo,2006,0.0,0.0,0.0,0.0,0.066,0.0,0.0,0.0
Togo,2007,0.0,0.0,0.0,0.0,0.066,0.0,0.0,0.0
Togo,2008,0.0,0.1,0.0,0.0,0.066,0.0,0.0,0.0
Togo,2009,0.0,0.1,0.0,0.0,0.066,0.0,0.0,0.0
Togo,2010,0.0,0.1,0.0,0.0,0.066,0.0,0.0,0.0
Togo,2011,0.0,0.1,0.0,0.0,0.066,0.0,0.0,0.0
Togo,2012,0.0,0.1,0.0,0.0,0.066,0.0,0.0,0.0
Togo,2013,0.0,0.1,0.0,0.0,0.066,0.0,0.0,0.0
Togo,2014,0.0,0.1,0.0,0.0,0.066,0.0,0.0,0.0
Togo,2015,0.0,0.1,0.0,0.0,0.066,0.0,0.0,0.0
Togo,2016,0.0,0.1,0.0,0.0,0.066,0.0,0.0,0.0
Togo,2017,0.0,0.1,0.0,0.0,0.066,0.0,0.0,0.0
Togo,2018,0.0,0.1,0.0,0.0,0.066,0.0,0.0,0.0
Togo,2019,0.0,0.1,0.0,0.0,0.066,0.0,0.0,0.0
Togo,2020,0.0,0.1,0.0,0.0,0.066,0.0,0.0,0.0
Togo,2021,0.0,0.165,0.0435,0.0,0.066,0.0,0.0,0.0
Togo,2022,0.0,0.165,0.0545,0.0,0.066,0.0,0.0,0.0
Togo,2023,0.0,0.165,0.0719,0.0,0.066,0.0,0.0,0.0
Togo,2024,0.0,0.165,0.0719,0.0,0.066,0.0,0.0,0.0
Togo,2025,0.0,0.165,0.0719,0.0,0.066,0.0,0.0,0.0
Trinidad and Tobago,2000,0.0,0.827,0.0,0.0,0.0,0.0,0.0,0.0
Trinidad and Tobago,2001,0.0,0.827,0.0,0.0,0.0,0.0,0.0,0.0
Trinidad and Tobago,2002,0.0,0.827,0.0,0.0,0.0,0.0,0.0,0.0
Trinidad and Tobago,2003,0.0,0.827,0.0,0.0,0.0,0.0,0.0,0.0
Trinidad and Tobago,2004,0.0,0.827,0.0,0.0,0.0,0.0,0.0,0.0
Trinidad and Tobago,2005,0.0,0.827,0.0,0.0,0.0,0.0,0.0,0.0
Trinidad and Tobago,2006,0.0,0.827,0.0,0.0,0.0,0.0,0.0,0.0
Trinidad and Tobago,2007,0.0,1.037,0.0,0.0,0.0,0.0,0.0,0.0
Trinidad and Tobago,2008,0.0,1.037,0.0,0.0,0.0,0.0,0.0,0.0
Trinidad and Tobago,2009,0.0,1.1025999999999998,0.0,0.0,0.0,0.0,0.0,0.0
Trinidad and Tobago,2010,0.0,1.1025999999999998,0.0,0.0,0.0,0.0,0.0,0.0
Trinidad and Tobago,2011,0.0,1.1025999999999998,0.0,0.0,0.0,0.0,0.0,0.0
Trinidad and Tobago,2012,0.0,1.8226,0.0,0.0,0.0,0.0,0.0,0.0
Trinidad and Tobago,2013,0.0,1.8226,0.0,0.0,0.0,0.0,0.0,0.0
Trinidad and Tobago,2014,0.0,1.8226,0.0,0.0,0.0,0.0,0.0,0.0
Trinidad and Tobago,2015,0.0,1.8226,0.0,0.0,0.0,0.0,0.0,0.0
Trinidad and Tobago,2016,0.0,2.0566,0.0,0.0,0.0,0.0,0.0,0.0
Trinidad and Tobago,2017,0.0,2.0566,0.0,0.0,0.0,0.0,0.0,0.0
Trinidad and Tobago,2018,0.0,2.0566,0.0,0.0,0.0,0.0,0.0,0.0
Trinidad and Tobago,2019,0.0,2.0566,0.0,0.0,0.0,0.0,0.0,0.0
Trinidad and Tobago,2020,0.0,2.0566,0.0,0.0,0.0,0.0,0.0,0.0
Trinidad and Tobago,2021,0.0,2.0566,0.0,0.0,0.0,0.0,0.0,0.0
Trinidad and Tobago,2022,0.0,2.0566,0.0,0.0,0.0,0.0,0.0,0.0
Trinidad and Tobago,2023,0.0,2.0566,0.0,0.0,0.0,0.0,0.0,0.0
Trinidad and Tobago,2024,0.0,2.0566,0.0,0.0,0.0,0.0,0.0,0.0
Trinidad and Tobago,2025,0.0,2.0566,0.0,0.0,0.0,0.0,0.0,0.0
Tunisia,2000,0.0,1.417,0.0,0.01,0.025,0.0,0.0,0.0
Tunisia,2001,0.0,1.417,0.0,0.01,0.025,0.0,0.0,0.0
Tunisia,2002,0.0,1.897,0.0,0.01,0.025,0.0,0.0,0.0
Tunisia,2003,0.0,1.924,0.0,0.01,0.025,0.0,0.0,0.0
Tunisia,2004,0.0,2.044,0.0,0.01,0.025,0.0,0.0,0.0
Tunisia,2005,0.0,2.284,0.0,0.01,0.025,0.0,0.0,0.0
Tunisia,2006,0.0,2.284,0.0,0.01,0.025,0.0,0.0,0.0
Tunisia,2007,0.0,2.407,0.0,0.01,0.025,0.0,0.0,0.0
Tunisia,2008,0.0,2.407,0.0,0.01,0.025,0.0,0.0,0.0
Tunisia,2009,0.0,2.527,0.0,0.065,0.025,0.0,0.0,0.0
Tunisia,2010,0.0,2.65,0.0,0.065,0.025,0.0,0.0,0.0
Tunisia,2011,0.0,3.05,0.0,0.065,0.025,0.0,0.0,0.0
Tunisia,2012,0.0,3.05,0.0,0.065,0.025,0.0,0.0,0.0
Tunisia,2013,0.0,3.306,0.0,0.065,0.025,0.0,0.0,0.0
Tunisia,2014,0.0,3.73,0.0,0.065,0.025,0.0,0.0,0.0
Tunisia,2015,0.0,4.154,0.0,0.065,0.025,0.0,0.0,0.0
Tunisia,2016,0.0,4.404,0.0,0.065,0.025,0.0,0.0,0.0
Tunisia,2017,0.0,4.404,0.0,0.065,0.025,0.0,0.0,0.0
Tunisia,2018,0.0,4.404,0.0,0.065,0.025,0.0,0.0,0.0
Tunisia,2019,0.0,4.404,0.014899999999999998,0.065,0.025,0.0,0.0,0.0
Tunisia,2020,0.0,4.404,0.031299999999999994,0.065,0.025,0.0,0.0,0.0
Tunisia,2021,0.0,5.028,0.031299999999999994,0.065,0.025,0.0,0.0,0.0
Tunisia,2022,0.0,5.478,0.041299999999999996,0.065,0.025,0.0,0.0,0.0
Tunisia,2023,0.0,5.478,0.041299999999999996,0.065,0.025,0.0,0.0,0.0
Tunisia,2024,0.0,5.518,0.041299999999999996,0.065,0.025,0.0,0.0,0.0
Tunisia,2025,0.0,5.518,0.1631,0.065,0.025,0.0,0.0,0.0
Turkmenistan,2000,0.0,2.308,0.0,0.0,0.0,0.0,0.0,0.0
Turkmenistan,2001,0.0,2.308,0.0,0.0,0.0,0.0,0.0,0.0
Turkmenistan,2002,0.0,2.308,0.0,0.0,0.0,0.0,0.0,0.0
Turkmenistan,2003,0.0,2.431,0.0,0.0,0.0,0.0,0.0,0.0
Turkmenistan,2004,0.0,2.511,0.0,0.0,0.0,0.0,0.0,0.0
Turkmenistan,2005,0.0,2.511,0.0,0.0,0.0,0.0,0.0,0.0
Turkmenistan,2006,0.0,2.765,0.0,0.0,0.0,0.0,0.0,0.0
Turkmenistan,2007,0.0,3.019,0.0,0.0,0.0,0.0,0.0,0.0
Turkmenistan,2008,0.0,3.019,0.0,0.0,0.0,0.0,0.0,0.0
Turkmenistan,2009,0.0,3.019,0.0,0.0,0.0,0.0,0.0,0.0
Turkmenistan,2010,0.0,3.781,0.0,0.0,0.0,0.0,0.0,0.0
Turkmenistan,2011,0.0,3.781,0.0,0.0,0.0,0.0,0.0,0.0
Turkmenistan,2012,0.0,3.781,0.0,0.0,0.0,0.0,0.0,0.0
Turkmenistan,2013,0.0,3.781,0.0,0.0,0.0,0.0,0.0,0.0
Turkmenistan,2014,0.0,4.183,0.0,0.0,0.0,0.0,0.0,0.0
Turkmenistan,2015,0.0,4.687,0.0,0.0,0.0,0.0,0.0,0.0
Turkmenistan,2016,0.0,4.941,0.0,0.0,0.0,0.0,0.0,0.0
Turkmenistan,2017,0.0,4.941,0.0,0.0,0.0,0.0,0.0,0.0
Turkmenistan,2018,0.0,6.515,0.0,0.0,0.0,0.0,0.0,0.0
Turkmenistan,2019,0.0,6.515,0.0,0.0,0.0,0.0,0.0,0.0
Turkmenistan,2020,0.0,6.515,0.0,0.0,0.0,0.0,0.0,0.0
Turkmenistan,2021,0.0,6.947,0.0,0.0,0.0,0.0,0.0,0.0
Turkmenistan,2022,0.0,6.947,0.0,0.0,0.0,0.0,0.0,0.0
Turkmenistan,2023,0.0,7.087,0.0062,0.0,0.0,0.0,0.0,0.0
Turkmenistan,2024,0.0,7.087,0.0062,0.0,0.0,0.0,0.0,0.0
Turkmenistan,2025,0.0,7.087,0.009,0.0,0.0,0.0,0.0,0.0
Türkiye,2000,6.591,4.4286,0.0,0.01,10.419,0.0,0.0,0.0
Türkiye,2001,6.591,4.5796,0.0,0.01,11.091,0.0,0.0,0.0
Türkiye,2002,6.591,7.0536,0.0,0.01,11.644,0.0,0.0,0.0
Türkiye,2003,8.311,8.9246,0.0,0.01,11.842,0.0,0.0,0.0
Türkiye,2004,8.311,9.9346,0.0,0.01,11.891,0.0,0.0,0.0
Türkiye,2005,8.806,10.1616,0.0,0.01,12.285,0.0,0.0,0.0
Türkiye,2006,9.886,10.3506,0.0,0.053,12.387,0.0,0.0,0.0085
Türkiye,2007,9.964,10.6006,0.0,0.2179,12.998,0.0,0.0,0.0085
Türkiye,2008,9.964,10.6006,0.0,0.45289999999999997,13.377,0.0,0.0,0.0085
Türkiye,2009,10.369,10.9666,0.0,0.9537,13.875,0.0,0.0,0.1029
Türkiye,2010,11.758,12.885299999999999,0.0,1.3127,14.441,0.0,0.0,0.11519999999999998
Türkiye,2011,12.358,14.3284,0.0,1.8777000000000001,15.246,0.0,0.0,0.11519999999999998
Türkiye,2012,12.358,14.430399999999999,0.0,2.3756999999999997,17.199,0.0,0.0158,0.11519999999999998
Türkiye,2013,12.546,18.2863,0.0015660000000000001,2.9293,19.079,0.0,0.0158,0.2828
Türkiye,2014,14.163,20.2643,0.004263,3.7525,19.831,0.0,0.0158,0.43639999999999995
Türkiye,2015,15.303,20.2643,0.057072000000000005,4.5815,21.592,0.0,0.0158,0.6405
Türkiye,2016,17.153,21.7245,0.10407490909090909,6.0017,22.072,0.0,0.0158,0.72
Türkiye,2017,18.473,24.333299999999998,3.325327909090909,6.6427,22.507,0.0,0.1008,0.9246
Türkiye,2018,18.803,25.583299999999998,5.426320424242425,7.2457,23.339,0.0,0.1008,1.19706
Türkiye,2019,19.353,25.583299999999998,6.209611212121212,7.894699999999999,23.339,0.0,0.16561,1.37966
Türkiye,2020,19.353,25.583299999999998,6.816220363636364,9.248299999999999,25.888,0.0,0.18771000000000002,1.48366
Türkiye,2021,19.498,25.583299999999998,7.39138096969697,10.2856,25.906,0.0,0.23771,1.54566
Türkiye,2022,20.873,25.583299999999998,7.827906363636363,10.642,25.906,0.0,0.23771,1.54566
Türkiye,2023,20.873,25.583299999999998,11.863250545454546,10.7652,26.479,0.0,0.23771,1.6356600000000001
Türkiye,2024,21.018,25.583299999999998,13.661057636363635,11.0152,26.479,0.0,0.23771,1.67116
Türkiye,2025,21.018,25.583299999999998,14.073481272727273,11.1721,26.479,0.0,0.23771,1.74116
Uganda,2000,0.0,0.0,0.0,0.0,0.18,0.0,0.0,0.0
Uganda,2001,0.0,0.0,0.0,0.0,0.18,0.0,0.0,0.0
Uganda,2002,0.0,0.0,0.0,0.0,0.18,0.0,0.0,0.0
Uganda,2003,0.0,0.0,0.0,0.0,0.38,0.0,0.0,0.0
Uganda,2004,0.0,0.0,0.0,0.0,0.38,0.0,0.0,0.0
Uganda,2005,0.0,0.0,0.0,0.0,0.38,0.0,0.0,0.0
Uganda,2006,0.0,0.0,0.0,0.0,0.38,0.0,0.0,0.0
Uganda,2007,0.0,0.05,0.0,0.0,0.38,0.0,0.0,0.0
Uganda,2008,0.0,0.1,0.0,0.0,0.38,0.0,0.0,0.0
Uganda,2009,0.0,0.1,0.0,0.0,0.38,0.0,0.0,0.0
Uganda,2010,0.0,0.1,0.0,0.0,0.38,0.0,0.0,0.0
Uganda,2011,0.0,0.1,0.0,0.0,0.38,0.0,0.0,0.0
Uganda,2012,0.0,0.1,0.0,0.0,0.63,0.0,0.0,0.0
Uganda,2013,0.0,0.1,0.0,0.0,0.63,0.0,0.012,0.0
Uganda,2014,0.0,0.1,0.0,0.0,0.63,0.0,0.042,0.0
Uganda,2015,0.0,0.1,0.0,0.0,0.63,0.0,0.042,0.0
Uganda,2016,0.0,0.1,0.0,0.0,0.63,0.0,0.042,0.0
Uganda,2017,0.0,0.1,0.0,0.0,0.63,0.0,0.042,0.0
Uganda,2018,0.0,0.1,0.020200000000000003,0.0,0.63,0.0,0.042,0.0
Uganda,2019,0.0,0.1,0.05468,0.0,0.813,0.0,0.042,0.0
Uganda,2020,0.0,0.1,0.06998,0.0,0.813,0.0,0.042,0.0
Uganda,2021,0.0,0.1,0.07418000000000001,0.0,0.897,0.0,0.042,0.0
Uganda,2022,0.0,0.1,0.07418000000000001,0.0,0.897,0.0,0.042,0.0
Uganda,2023,0.0,0.1,0.11499000000000001,0.0,1.497,0.0,0.042,0.0
Uganda,2024,0.0,0.1,0.11499000000000001,0.0,1.497,0.0,0.042,0.0
Uganda,2025,0.0,0.1,0.11499000000000001,0.0,1.497,0.0,0.042,0.0
Ukraine,2000,23.628,1.655,0.0,0.0104,4.498,11.835,0.0,0.0
Ukraine,2001,23.628,1.655,0.0,0.0324,4.498,11.835,0.0,0.0
Ukraine,2002,23.628,1.655,0.0,0.0387,4.498,11.835,0.0,0.0
Ukraine,2003,23.628,1.655,0.0,0.0387,4.498,11.835,0.0,0.0
Ukraine,2004,23.628,1.655,0.0,0.0387,4.498,11.835,0.0,0.0
Ukraine,2005,23.628,1.655,0.0,0.0387,4.498,12.835,0.0,0.0
Ukraine,2006,23.628,1.655,0.0,0.0387,4.951,13.835,0.0,0.0
Ukraine,2007,23.628,1.655,0.0,0.0387,4.951,13.835,0.0,0.0
Ukraine,2008,23.628,1.655,0.0,0.0387,6.247,13.835,0.0,0.0
Ukraine,2009,23.628,1.655,0.0,0.0387,6.247,13.835,0.0,0.0
Ukraine,2010,23.628,1.655,0.006525,0.0387,6.247,13.835,0.0,0.0
Ukraine,2011,23.628,1.655,0.133545,0.0387,6.247,13.835,0.0,0.0
Ukraine,2012,23.628,1.655,0.255345,0.050699999999999995,6.247,13.835,0.0,0.0
Ukraine,2013,23.628,1.655,0.47676,0.1007,6.247,13.835,0.0,0.0
Ukraine,2014,23.628,1.655,0.48372,0.1257,6.247,13.835,0.0,0.0
Ukraine,2015,23.628,1.655,0.49494299999999997,0.15569999999999998,6.247,13.835,0.0,0.0
Ukraine,2016,23.628,1.655,0.509296,0.15569999999999998,6.247,13.835,0.0,0.0
Ukraine,2017,23.628,1.655,0.53718475,0.1757,6.247,13.835,0.0,0.0
Ukraine,2018,21.897,2.0184,0.71710075,0.1757,6.247,13.835,0.0,0.0
Ukraine,2019,21.897,2.7591,2.155084,0.3217,6.247,13.835,0.0,0.0
Ukraine,2020,21.697,2.7591,2.324734,0.3357,6.247,13.835,0.0,0.0
Ukraine,2021,21.697,2.9791,2.5291840000000003,0.3757,6.247,13.835,0.0,0.0
Ukraine,2022,21.477,2.9791,2.5291840000000003,0.4117,6.247,13.835,0.0,0.0
Ukraine,2023,21.477,2.9791,2.5291840000000003,0.48969999999999997,6.247,13.835,0.0,0.0
Ukraine,2024,19.125,3.7990999999999997,2.5291840000000003,0.5487000000000001,6.247,13.835,0.0,0.0
Ukraine,2025,19.125,3.7990999999999997,2.5291840000000003,0.5487000000000001,6.247,13.835,0.0,0.0
United Arab Emirates,2000,0.0,8.218200000000001,0.0,0.0,0.0,0.0,0.0,0.0
United Arab Emirates,2001,0.0,10.1589,0.0,0.0,0.0,0.0,0.0,0.0
United Arab Emirates,2002,0.0,11.1069,0.0,0.0,0.0,0.0,0.0,0.0
United Arab Emirates,2003,0.0,11.3939,0.0,0.0,0.0,0.0,0.0,0.0
United Arab Emirates,2004,0.0,13.8909,0.0,0.0,0.0,0.0,0.0,0.0
United Arab Emirates,2005,0.0,15.1599,0.0,0.0,0.0,0.0,0.0,0.0
United Arab Emirates,2006,0.0,15.8328,0.0,0.0,0.0,0.0,0.0,0.0
United Arab Emirates,2007,0.0,19.4828,0.0,0.0,0.0,0.0,0.0,0.0
United Arab Emirates,2008,0.0,21.491799999999998,0.0,0.0,0.0,0.0,0.0,0.0
United Arab Emirates,2009,0.0,25.3883,0.0,0.0,0.0,0.0,0.0,0.0
United Arab Emirates,2010,0.0,25.3883,0.0,0.0,0.0,0.0,0.0,0.0
United Arab Emirates,2011,0.0,28.3748,0.0,0.0,0.0,0.0,0.0,0.0
United Arab Emirates,2012,0.0,29.2353,0.0,0.0,0.0,0.0,0.0,0.0
United Arab Emirates,2013,0.0,32.9699,0.11131,0.0,0.0,0.0,0.0,0.0
United Arab Emirates,2014,0.0,34.6169,0.11131,0.0,0.0,0.0,0.0,0.0
United Arab Emirates,2015,0.0,34.6169,0.11131,0.0,0.0,0.0,0.0,0.0
United Arab Emirates,2016,0.0,34.6169,0.11131,0.0,0.0,0.0,0.0,0.0
United Arab Emirates,2017,0.0,36.313900000000004,0.35890999999999995,0.0,0.0,0.0,0.0,0.0
United Arab Emirates,2018,0.0,36.511900000000004,0.56361,0.0,0.0,0.0,0.0,0.0
United Arab Emirates,2019,0.0,37.459900000000005,1.9062000000000001,0.0,0.0,0.0,0.0,0.0
United Arab Emirates,2020,0.6,37.459900000000005,2.216,0.0,0.0,0.0,0.0,0.0
United Arab Emirates,2021,1.2,37.9219,2.7843299999999997,0.0,0.0,1.417,0.0,0.0
United Arab Emirates,2022,0.0,39.1019,4.81673,0.0,0.0,2.834,0.03,0.0
United Arab Emirates,2023,0.0,41.837900000000005,6.314922857142856,0.099,0.0,4.251,0.22,0.0
United Arab Emirates,2024,0.0,41.837900000000005,6.4013228571428575,0.099,0.0,5.668,0.232,0.0
United Arab Emirates,2025,0.0,44.2379,7.060222857142857,0.099,0.25,5.668,0.232,0.0
United Kingdom,2000,34.657,18.051599999999997,0.0,0.3435,4.08,13.614,2.9017,0.0
United Kingdom,2001,34.657,18.639599999999998,0.0,0.43539999999999995,4.08,13.614,2.9017,0.0
United Kingdom,2002,33.657,19.5556,0.0,0.5629,4.08,13.322,2.9017,0.0
United Kingdom,2003,31.582,20.1556,0.0,0.6915,4.08,13.082,2.9017,0.0
United Kingdom,2004,31.582,21.9986,0.0,1.1154000000000002,4.08,12.842,2.9017,0.0
United Kingdom,2005,31.582,22.051599999999997,0.0,1.6112,4.08,12.842,2.9017,0.0
United Kingdom,2006,31.582,22.051599999999997,0.0,2.1193,4.08,11.892,2.9217,0.0
United Kingdom,2007,31.515,22.051599999999997,0.0,2.7825,4.08,11.892,2.9569,0.0
United Kingdom,2008,31.515,22.051599999999997,0.0,3.6056,4.08,11.892,3.0439000000000003,0.0
United Kingdom,2009,31.515,23.645599999999998,0.0,4.3229,4.18,11.892,3.0799000000000003,0.0
United Kingdom,2010,31.515,24.9756,0.0,5.304600000000001,4.18,11.892,3.1169000000000002,0.0
United Kingdom,2011,29.451,28.5876,0.1304893125,5.948600000000001,4.18,11.662,3.1344000000000003,0.0
United Kingdom,2012,27.279,30.892599999999998,0.23432624999999999,8.4259,4.18,10.892,3.1964,0.0
United Kingdom,2013,23.102,32.3876,0.790747875,10.9824,4.18,10.892,3.2454,0.0
United Kingdom,2014,21.215,32.407599999999995,2.4570014375,12.2183,4.18,10.892,3.4775,0.0
United Kingdom,2015,20.759,32.407599999999995,5.0936196874999995,13.8524,4.18,10.362,3.89305,0.0
United Kingdom,2016,15.442,33.3386,6.911757,15.164200000000001,4.18,10.362,4.02835,0.0
United Kingdom,2017,15.202,33.4281,7.80839175,18.7095,4.18,10.362,4.151350000000001,0.0
United Kingdom,2018,12.369,33.5881,7.8965996249999995,21.075400000000002,4.18,10.362,4.6495500000000005,0.0
United Kingdom,2019,9.652,34.303599999999996,7.9548924375,23.2677,4.18,10.362,4.861149999999999,0.0
United Kingdom,2020,6.328,34.180099999999996,8.026195125000001,24.0824,4.18,10.362,4.911149999999999,0.0
United Kingdom,2021,6.328,34.4876,8.2738528125,24.372,4.18,8.488,4.94515,0.0
United Kingdom,2022,5.234,34.5736,8.4316536875,26.621,4.18,6.534,5.0051499999999995,0.0
United Kingdom,2023,2.172,35.5591,8.696929375,29.242900000000002,4.18,6.534,5.06865,0.0
United Kingdom,2024,0.0,36.3545,9.11140225,29.7807,4.18,6.534,5.11865,0.0
United Kingdom,2025,0.0,36.6252,9.6375895,30.7635,4.18,6.534,5.11865,0.0
United States,2000,334.162,173.978,0.2758,2.4638,94.3,109.512,8.7985,2.808
United States,2001,335.241,214.1359,0.2795,4.0975,94.424,109.512,8.924100000000001,2.808
United States,2002,335.218,278.8232,0.2825,4.5528,94.752,109.512,8.924100000000001,2.814
United States,2003,333.901,333.3422,0.2825,6.1669,94.883,109.512,8.9891,2.814
United States,2004,333.916,358.49420000000003,0.2825,6.5356000000000005,94.883,109.512,9.0291,2.814
United States,2005,334.067,374.566,0.2846,8.8369,94.883,109.512,9.0291,2.844
United States,2006,334.339,385.9399,0.2856,11.2624,94.883,109.512,9.177200000000001,2.751
United States,2007,333.038,393.4069,0.39039999999999997,16.656,94.883,109.512,9.3049,2.779
United States,2008,333.963,402.98859999999996,0.4133,24.612599999999997,94.883,109.512,9.389899999999999,2.843
United States,2009,335.338,413.5235,0.5239,34.8256,94.883,109.512,9.510299999999999,2.867
United States,2010,338.765,421.95709999999997,0.8383999999999999,39.746300000000005,93.845,109.512,9.5972,2.958
United States,2011,339.602,433.5679,1.606,46.7318,95.065,109.512,9.697,2.962
United States,2012,333.192,444.5819,3.2296,59.9161,95.107,109.512,9.8643,3.238
United States,2013,328.204,452.8366,6.7142,60.7395,95.166,105.773,10.4528,3.28
United States,2014,323.727,464.5034,10.4707,65.9611,95.166,105.138,10.5257,3.302
United States,2015,301.102,474.3227,13.973600000000001,73.4625,95.166,105.138,10.8736,3.327
United States,2016,286.094,489.1117,22.042099999999998,81.84689999999999,95.403,105.844,10.845600000000001,3.327
United States,2017,277.224,501.4196,27.331,88.8675,95.479,105.844,11.0086,3.364
United States,2018,260.388,524.9811,32.2587,96.05539999999999,95.479,105.192,10.983600000000001,3.446
United States,2019,244.138,535.4019000000001,38.1599,104.132,95.479,103.601,10.9566,3.472
United States,2020,232.475,538.5414000000001,48.8009,120.1725,95.479,101.91,10.8843,3.504
United States,2021,223.773,545.1945,62.1395,133.7148,95.534,100.825,10.8363,3.504
United States,2022,208.609,551.7728000000001,74.09603529411766,142.7995,95.534,99.975,10.8363,3.624
United States,2023,198.404,558.351,93.47498274509803,148.87279999999998,95.534,102.475,10.572299999999998,3.6525
United States,2024,191.382,560.709,126.38374774509803,153.7664,95.393,102.475,10.3653,3.6525
United States,2025,187.66,564.2695,152.008025,158.5555,95.393,102.475,10.341299999999999,3.6525
Uruguay,2000,0.0,0.2,0.0,0.0,1.538,0.0,0.0,0.0
Uruguay,2001,0.0,0.2,0.0,0.0,1.538,0.0,0.0,0.0
Uruguay,2002,0.0,0.2,0.0,0.0,1.538,0.0,0.0,0.0
Uruguay,2003,0.0,0.2,0.0,0.0,1.538,0.0,0.0,0.0
Uruguay,2004,0.0,0.2,0.0,0.0,1.538,0.0,0.0,0.0
Uruguay,2005,0.0,0.2,0.0,0.0,1.538,0.0,0.0,0.0
Uruguay,2006,0.0,0.4,0.0,0.0,1.538,0.0,0.0,0.0
Uruguay,2007,0.0,0.4,0.0,0.0,1.538,0.0,0.16,0.0
Uruguay,2008,0.0,0.5,0.0,0.024,1.538,0.0,0.16,0.0
Uruguay,2009,0.0,0.5,0.0,0.024,1.538,0.0,0.16,0.0
Uruguay,2010,0.0,0.57,0.0,0.034,1.538,0.0,0.16,0.0
Uruguay,2011,0.0,0.57,0.0,0.0512,1.538,0.0,0.16,0.0
Uruguay,2012,0.0,0.57,0.0,0.0512,1.538,0.0,0.16,0.0
Uruguay,2013,0.0,0.57,0.0,0.0512,1.538,0.0,0.16,0.0
Uruguay,2014,0.0,0.57,0.0,0.5135,1.538,0.0,0.34,0.0
Uruguay,2015,0.0,0.57,0.056549999999999996,0.8222999999999999,1.538,0.0,0.34,0.0
Uruguay,2016,0.0,0.57,0.07917,1.1734,1.538,0.0,0.34,0.0
Uruguay,2017,0.0,0.57,0.227958,1.4654,1.538,0.0,0.34,0.0
Uruguay,2018,0.0,0.57,0.227958,1.4654,1.538,0.0,0.34,0.0
Uruguay,2019,0.0,1.1022,0.227958,1.4654,1.538,0.0,0.34,0.0
Uruguay,2020,0.0,1.1022,0.227958,1.4654,1.538,0.0,0.34,0.0
Uruguay,2021,0.0,1.1022,0.227958,1.4654,1.538,0.0,0.34,0.0
Uruguay,2022,0.0,1.1022,0.241385037037037,1.4654,1.538,0.0,0.34,0.0
Uruguay,2023,0.0,1.1022,0.259085037037037,1.4654,1.538,0.0,0.65,0.0
Uruguay,2024,0.0,1.1022,0.259085037037037,1.4654,1.538,0.0,0.65,0.0
Uruguay,2025,0.0,1.1022,0.259085037037037,1.4654,1.538,0.0,0.65,0.0
Uzbekistan,2000,2.584,7.23,0.0,0.0,1.557,0.0,0.0,0.0
Uzbekistan,2001,2.584,7.23,0.0,0.0,1.557,0.0,0.0,0.0
Uzbekistan,2002,2.584,7.23,0.0,0.0,1.557,0.0,0.0,0.0
Uzbekistan,2003,2.584,7.23,0.0,0.0,1.557,0.0,0.0,0.0
Uzbekistan,2004,2.584,8.03,0.0,0.0,1.557,0.0,0.0,0.0
Uzbekistan,2005,2.584,8.03,0.0,0.0,1.557,0.0,0.0,0.0
Uzbekistan,2006,2.584,8.03,0.0,0.0,1.557,0.0,0.0,0.0
Uzbekistan,2007,2.584,8.03,0.0,0.0,1.557,0.0,0.0,0.0
Uzbekistan,2008,2.584,8.03,0.0,0.0,1.557,0.0,0.0,0.0
Uzbekistan,2009,2.584,8.03,0.0,0.0,1.557,0.0,0.0,0.0
Uzbekistan,2010,2.584,8.03,0.0,0.0,1.652,0.0,0.0,0.0
Uzbekistan,2011,2.584,8.03,0.0,0.0,1.652,0.0,0.0,0.0
Uzbekistan,2012,2.584,8.508,0.0,0.0,1.652,0.0,0.0,0.0
Uzbekistan,2013,2.584,8.508,0.0,0.0,1.652,0.0,0.0,0.0
Uzbekistan,2014,2.584,8.508,0.0,0.0,1.652,0.0,0.0,0.0
Uzbekistan,2015,2.584,8.9748,0.0,0.0,1.652,0.0,0.0,0.0
Uzbekistan,2016,2.493,9.4248,0.0,0.0,1.652,0.0,0.0,0.0
Uzbekistan,2017,2.493,9.874799999999999,0.0054,0.0,1.652,0.0,0.0,0.0
Uzbekistan,2018,2.493,9.874799999999999,0.0054,0.0,1.652,0.0,0.0,0.0
Uzbekistan,2019,2.493,10.3248,0.0054,0.0,1.652,0.0,0.0,0.0
Uzbekistan,2020,2.493,11.5978,0.0054,0.0,1.652,0.0,0.0,0.0
Uzbekistan,2021,2.493,11.867799999999999,0.10540000000000001,0.0,1.727,0.0,0.0,0.0
Uzbekistan,2022,2.493,12.9718,0.20660000000000003,0.0,1.727,0.0,0.0,0.0
Uzbekistan,2023,2.493,12.521799999999999,0.2333,0.0,1.902,0.0,0.0,0.0
Uzbekistan,2024,2.493,14.451799999999999,1.399158064516129,1.0,1.902,0.0,0.0,0.0
Uzbekistan,2025,2.386,14.5519,2.230414516129032,1.6,1.902,0.0,0.0,0.0
Vanuatu,2014,0.0,0.0,0.0,0.0034,0.0,0.0,0.0,0.0
Vanuatu,2015,0.0,0.0,0.0,0.0034,0.0,0.0,0.0,0.0
Vanuatu,2016,0.0,0.0,0.0,0.0034,0.0,0.0,0.0,0.0
Vanuatu,2017,0.0,0.0,0.0,0.0034,0.0,0.0,0.0,0.0
Vanuatu,2018,0.0,0.0,0.0009570000000000001,0.0034,0.0,0.0,0.0,0.0
Vanuatu,2019,0.0,0.0,0.0009570000000000001,0.0034,0.0,0.0,0.0,0.0
Vanuatu,2020,0.0,0.0,0.0009570000000000001,0.0034,0.0,0.0,0.0,0.0
Vanuatu,2021,0.0,0.0,0.0009570000000000001,0.0034,0.0,0.0,0.0,0.0
Vanuatu,2022,0.0,0.0,0.0009570000000000001,0.0034,0.0,0.0,0.0,0.0
Vanuatu,2023,0.0,0.0,0.0009570000000000001,0.0034,0.0,0.0,0.0,0.0
Vanuatu,2024,0.0,0.0,0.0009570000000000001,0.0034,0.0,0.0,0.0,0.0
Vanuatu,2025,0.0,0.0,0.0009570000000000001,0.0034,0.0,0.0,0.0,0.0
Venezuela,2000,0.0,0.138,0.0,0.0,13.85,0.0,0.0,0.0
Venezuela,2001,0.0,0.138,0.0,0.0,13.85,0.0,0.0,0.0
Venezuela,2002,0.0,0.138,0.0,0.0,13.85,0.0,0.0,0.0
Venezuela,2003,0.0,0.138,0.0,0.0,16.01,0.0,0.0,0.0
Venezuela,2004,0.0,0.138,0.0,0.0,16.01,0.0,0.0,0.0
Venezuela,2005,0.0,0.138,0.0,0.0,16.01,0.0,0.0,0.0
Venezuela,2006,0.0,0.288,0.0,0.0,16.01,0.0,0.0,0.0
Venezuela,2007,0.0,0.288,0.0,0.0,16.01,0.0,0.0,0.0
Venezuela,2008,0.0,0.448,0.0,0.0,16.01,0.0,0.0,0.0
Venezuela,2009,0.0,0.448,0.0,0.0,16.01,0.0,0.0,0.0
Venezuela,2010,0.0,0.588,0.0,0.0,16.01,0.0,0.0,0.0
Venezuela,2011,0.0,0.808,0.0,0.0,16.01,0.0,0.0,0.0
Venezuela,2012,0.0,1.028,0.0,0.0,16.01,0.0,0.0,0.0
Venezuela,2013,0.0,1.568,0.0,0.0,16.01,0.0,0.0,0.0
Venezuela,2014,0.0,2.058,0.0,0.0,16.01,0.0,0.0,0.0
Venezuela,2015,0.0,2.058,0.0,0.0,16.01,0.0,0.0,0.0
Venezuela,2016,0.0,2.058,0.0,0.0,16.01,0.0,0.0,0.0
Venezuela,2017,0.0,2.1576,0.0,0.0,16.01,0.0,0.0,0.0
Venezuela,2018,0.0,2.3326,0.0,0.0,16.01,0.0,0.0,0.0
Venezuela,2019,0.0,2.3326,0.0,0.0,16.01,0.0,0.0,0.0
Venezuela,2020,0.0,2.3326,0.0,0.0,16.01,0.0,0.0,0.0
Venezuela,2021,0.0,2.3326,0.0,0.0,16.01,0.0,0.0,0.0
Venezuela,2022,0.0,2.3326,0.0,0.0,16.01,0.0,0.0,0.0
Venezuela,2023,0.0,2.3326,0.0,0.0,16.01,0.0,0.0,0.0
Venezuela,2024,0.0,2.3326,0.0,0.0,16.01,0.0,0.0,0.0
Venezuela,2025,0.0,2.3326,0.013900000000000001,0.0,16.01,0.0,0.0,0.0
Vietnam,2000,0.545,1.882,0.0,0.0,3.748,0.0,0.035,0.0
Vietnam,2001,0.545,1.882,0.0,0.0,4.359,0.0,0.035,0.0
Vietnam,2002,1.145,1.882,0.0,0.0,4.359,0.0,0.035,0.0
Vietnam,2003,1.145,2.355,0.0,0.0,4.359,0.0,0.035,0.0
Vietnam,2004,1.395,3.565,0.0,0.0,4.437,0.0,0.035,0.0
Vietnam,2005,1.395,4.298,0.0,0.0,4.437,0.0,0.035,0.0
Vietnam,2006,1.51,4.298,0.0,0.0,4.856,0.0,0.035,0.0
Vietnam,2007,1.81,4.771,0.0,0.0,4.92,0.0,0.035,0.0
Vietnam,2008,1.81,6.271,0.0,0.0,5.772,0.0,0.035,0.0
Vietnam,2009,2.33,7.066,0.0,0.0,6.82,0.0,0.035,0.0
Vietnam,2010,2.63,7.066,0.0,0.0,10.632,0.0,0.035,0.0
Vietnam,2011,3.91,7.816,0.0,0.0,11.604,0.0,0.035,0.0
Vietnam,2012,4.36,7.816,0.0,0.0,12.374,0.0,0.035,0.0
Vietnam,2013,5.4,7.816,0.0,0.016,13.385,0.0,0.075,0.0
Vietnam,2014,8.399,7.816,0.0,0.099,13.975,0.0,0.075,0.0
Vietnam,2015,12.874,8.146,0.0,0.099,15.502,0.0,0.075,0.0
Vietnam,2016,13.174,8.146,0.0,0.123,16.504,0.0,0.075,0.0
Vietnam,2017,15.469,8.146,0.022099999999999998,0.13090000000000002,16.699,0.0,0.075,0.0
Vietnam,2018,17.619,8.146,0.38359602409638555,0.16240000000000002,17.01,0.0,0.075,0.0
Vietnam,2019,18.819,8.146,5.724814674698795,0.43439999999999995,17.112,0.0,0.075,0.0
Vietnam,2020,20.107,8.146,10.743814594377511,0.5344,17.142,0.0,0.075,0.0
Vietnam,2021,22.507,8.146,13.890170337349398,3.7759,17.554,0.0,0.075,0.0
Vietnam,2022,24.427,8.146,14.178691220883534,4.4939,17.685,0.0,0.09,0.0
Vietnam,2023,26.343,8.146,14.437891220883534,5.6573,17.715,0.0,0.09,0.0
Vietnam,2024,27.059,8.146,14.493791220883534,5.6873000000000005,17.715,0.0,0.102,0.0
Vietnam,2025,27.719,9.77,14.849491220883534,5.847300000000001,17.769,0.0,0.254,0.0
Virgin Islands (U.S.),2017,0.0,0.0,0.0044,0.0,0.0,0.0,0.0,0.0
Virgin Islands (U.S.),2018,0.0,0.0,0.008236296296296297,0.0,0.0,0.0,0.0,0.0
Virgin Islands (U.S.),2019,0.0,0.0,0.008236296296296297,0.0,0.0,0.0,0.0,0.0
Virgin Islands (U.S.),2020,0.0,0.0,0.008236296296296297,0.0,0.0,0.0,0.0,0.0
Virgin Islands (U.S.),2021,0.0,0.0,0.008236296296296297,0.0,0.0,0.0,0.0,0.0
Virgin Islands (U.S.),2022,0.0,0.0,0.008236296296296297,0.0,0.0,0.0,0.0,0.0
Virgin Islands (U.S.),2023,0.0,0.0,0.008236296296296297,0.0,0.0,0.0,0.0,0.0
Virgin Islands (U.S.),2024,0.0,0.0,0.020236296296296294,0.0,0.0,0.0,0.0,0.0
Virgin Islands (U.S.),2025,0.0,0.0,0.03304518518518519,0.0,0.0,0.0,0.0,0.0
Western Sahara,2013,0.0,0.0,0.0,0.051,0.0,0.0,0.0,0.0
Western Sahara,2014,0.0,0.0,0.0,0.051,0.0,0.0,0.0,0.0
Western Sahara,2015,0.0,0.0,0.0,0.051,0.0,0.0,0.0,0.0
Western Sahara,2016,0.0,0.0,0.0,0.051,0.0,0.0,0.0,0.0
Western Sahara,2017,0.0,0.072,0.0,0.051,0.0,0.0,0.0,0.0
Western Sahara,2018,0.0,0.072,0.09135,0.253,0.0,0.0,0.0,0.0
Western Sahara,2019,0.0,0.072,0.09135,0.253,0.0,0.0,0.0,0.0
Western Sahara,2020,0.0,0.072,0.09135,0.253,0.0,0.0,0.0,0.0
Western Sahara,2021,0.0,0.072,0.09135,0.253,0.0,0.0,0.0,0.0
Western Sahara,2022,0.0,0.072,0.09135,0.253,0.0,0.0,0.0,0.0
Western Sahara,2023,0.0,0.072,0.09245,0.753,0.0,0.0,0.0,0.0
Western Sahara,2024,0.0,0.072,0.09245,0.753,0.0,0.0,0.0,0.0
Western Sahara,2025,0.0,0.072,0.09245,0.813,0.0,0.0,0.0,0.0
Yemen,2000,0.0,0.425,0.0,0.0,0.0,0.0,0.0,0.0
Yemen,2001,0.0,0.425,0.0,0.0,0.0,0.0,0.0,0.0
Yemen,2002,0.0,0.455,0.0,0.0,0.0,0.0,0.0,0.0
Yemen,2003,0.0,0.455,0.0,0.0,0.0,0.0,0.0,0.0
Yemen,2004,0.0,0.518,0.0,0.0,0.0,0.0,0.0,0.0
Yemen,2005,0.0,0.518,0.0,0.0,0.0,0.0,0.0,0.0
Yemen,2006,0.0,0.5929,0.0,0.0,0.0,0.0,0.0,0.0
Yemen,2007,0.0,0.6229,0.0,0.0,0.0,0.0,0.0,0.0
Yemen,2008,0.0,0.7429,0.0,0.0,0.0,0.0,0.0,0.0
Yemen,2009,0.0,0.7429,0.0,0.0,0.0,0.0,0.0,0.0
Yemen,2010,0.0,1.2099000000000002,0.0,0.0,0.0,0.0,0.0,0.0
Yemen,2011,0.0,1.2099000000000002,0.0,0.0,0.0,0.0,0.0,0.0
Yemen,2012,0.0,1.2099000000000002,0.0,0.0,0.0,0.0,0.0,0.0
Yemen,2013,0.0,1.2639,0.0,0.0,0.0,0.0,0.0,0.0
Yemen,2014,0.0,1.2639,0.0,0.0,0.0,0.0,0.0,0.0
Yemen,2015,0.0,1.2639,0.0,0.0,0.0,0.0,0.0,0.0
Yemen,2016,0.0,1.2639,0.0,0.0,0.0,0.0,0.0,0.0
Yemen,2017,0.0,1.2639,0.0,0.0,0.0,0.0,0.0,0.0
Yemen,2018,0.0,1.3389000000000002,0.0,0.0,0.0,0.0,0.0,0.0
Yemen,2019,0.0,1.3389000000000002,0.0,0.0,0.0,0.0,0.0,0.0
Yemen,2020,0.0,1.3389000000000002,0.0,0.0,0.0,0.0,0.0,0.0
Yemen,2021,0.0,1.5109000000000001,0.0,0.0,0.0,0.0,0.0,0.0
Yemen,2022,0.0,1.7689000000000001,0.0036,0.0,0.0,0.0,0.0,0.0
Yemen,2023,0.0,1.8029000000000002,0.03678571428571428,0.0,0.0,0.0,0.0,0.0
Yemen,2024,0.0,1.8029000000000002,0.1719857142857143,0.0,0.0,0.0,0.0,0.0
Yemen,2025,0.0,1.8029000000000002,0.23290785714285717,0.0,0.0,0.0,0.0,0.0
Zambia,2000,0.0,0.0,0.0,0.0,2.208,0.0,0.0,0.0
Zambia,2001,0.0,0.0,0.0,0.0,2.208,0.0,0.0,0.0
Zambia,2002,0.0,0.0,0.0,0.0,2.208,0.0,0.0,0.0
Zambia,2003,0.0,0.0,0.0,0.0,2.208,0.0,0.0,0.0
Zambia,2004,0.0,0.0,0.0,0.0,2.208,0.0,0.0,0.0
Zambia,2005,0.0,0.0,0.0,0.0,2.208,0.0,0.0,0.0
Zambia,2006,0.0,0.0,0.0,0.0,2.208,0.0,0.0,0.0
Zambia,2007,0.0,0.0,0.0,0.0,2.208,0.0,0.0,0.0
Zambia,2008,0.0,0.0,0.0,0.0,2.208,0.0,0.0,0.0
Zambia,2009,0.0,0.0,0.0,0.0,2.208,0.0,0.0,0.0
Zambia,2010,0.0,0.0,0.0,0.0,2.208,0.0,0.04,0.0
Zambia,2011,0.0,0.0,0.0,0.0,2.208,0.0,0.04,0.0
Zambia,2012,0.0,0.0,0.0,0.0,2.208,0.0,0.04,0.0
Zambia,2013,0.0,0.0,0.0,0.0,2.208,0.0,0.04,0.0
Zambia,2014,0.0,0.0,0.0,0.0,2.208,0.0,0.04,0.0
Zambia,2015,0.03,0.0,0.0,0.0,2.208,0.0,0.04,0.0
Zambia,2016,0.33,0.0,0.0,0.0,2.328,0.0,0.04,0.0
Zambia,2017,0.33,0.105,0.0,0.0,2.328,0.0,0.04,0.0
Zambia,2018,0.33,0.105,0.00087,0.0,2.328,0.0,0.04,0.0
Zambia,2019,0.33,0.105,0.07743,0.0,2.328,0.0,0.04,0.0
Zambia,2020,0.33,0.105,0.07743,0.0,2.328,0.0,0.04,0.0
Zambia,2021,0.33,0.105,0.07743,0.0,3.078,0.0,0.04,0.0
Zambia,2022,0.33,0.105,0.07743,0.0,3.078,0.0,0.04,0.0
Zambia,2023,0.33,0.105,0.10614,0.0,3.078,0.0,0.04,0.0
Zambia,2024,0.33,0.105,0.16182,0.0,3.078,0.0,0.04,0.0
Zambia,2025,0.33,0.105,0.28073683937823835,0.0,3.078,0.0,0.04,0.0
Zimbabwe,2000,1.06,0.0,0.0,0.0,1.05,0.0,0.0,0.0
Zimbabwe,2001,1.06,0.0,0.0,0.0,1.05,0.0,0.0,0.0
Zimbabwe,2002,1.06,0.0,0.0,0.0,1.05,0.0,0.0,0.0
Zimbabwe,2003,1.06,0.0,0.0,0.0,1.05,0.0,0.0,0.0
Zimbabwe,2004,1.06,0.0,0.0,0.0,1.05,0.0,0.0,0.0
Zimbabwe,2005,1.06,0.0,0.0,0.0,1.05,0.0,0.0,0.0
Zimbabwe,2006,1.06,0.0,0.0,0.0,1.05,0.0,0.0,0.0
Zimbabwe,2007,1.06,0.0,0.0,0.0,1.05,0.0,0.0,0.0
Zimbabwe,2008,1.06,0.0,0.0,0.0,1.05,0.0,0.0,0.0
Zimbabwe,2009,1.06,0.0,0.0,0.0,1.05,0.0,0.0,0.0
Zimbabwe,2010,1.06,0.0,0.0,0.0,1.05,0.0,0.0,0.0
Zimbabwe,2011,1.06,0.0,0.0,0.0,1.05,0.0,0.0,0.0
Zimbabwe,2012,1.06,0.0,0.0,0.0,1.05,0.0,0.0,0.0
Zimbabwe,2013,1.06,0.0,0.0,0.0,1.05,0.0,0.0,0.0
Zimbabwe,2014,1.06,0.0,0.0,0.0,1.05,0.0,0.0,0.0
Zimbabwe,2015,0.95,0.0,0.0,0.0,1.05,0.0,0.0,0.0
Zimbabwe,2016,0.95,0.0,0.0019858704663212436,0.0,1.05,0.0,0.0,0.0
Zimbabwe,2017,0.95,0.0,0.0019858704663212436,0.0,1.05,0.0,0.0,0.0
Zimbabwe,2018,0.95,0.0,0.0019858704663212436,0.0,1.05,0.0,0.0,0.0
Zimbabwe,2019,0.95,0.0,0.006950546632124352,0.0,1.05,0.0,0.0,0.0
Zimbabwe,2020,0.95,0.0,0.009297484455958549,0.0,1.05,0.0,0.0,0.0
Zimbabwe,2021,0.95,0.0,0.019407370466321242,0.0,1.05,0.0,0.0,0.0
Zimbabwe,2022,1.0,0.0,0.021032173575129532,0.0,1.05,0.0,0.0,0.0
Zimbabwe,2023,1.335,0.0,0.046265922279792746,0.0,1.05,0.0,0.0,0.0
Zimbabwe,2024,1.72,0.0,0.07966465284974093,0.0,1.05,0.0,0.0,0.0
Zimbabwe,2025,1.97,0.0,0.07966465284974093,0.0,1.05,0.0,0.0,0.0
