Country,Type,Parent,Capacity (GW)
World,Bioenergy,Drax Group PLC,2.58
World,Bioenergy,Suzano SA,1.6085
World,Bioenergy,Ørsted A/S,1.402
World,Bioenergy,natural person(s),1.3382051488511488
World,Bioenergy,International Paper Co,1.3088
World,Bioenergy,Raizen SA,1.2485
World,Bioenergy,Stora Enso Oyj,1.0702653636363637
World,Bioenergy,Chongqing Sanfeng Environment Group Corp Ltd,0.9256
World,Bioenergy,UPM-Kymmene Oyj,0.8875773636363636
World,Bioenergy,Paper Excellence BV,0.88
World,Bioenergy,Kaidi Ecological and Environmental Technology Co Ltd,0.84
World,Bioenergy,KKR & Co. Inc,0.8045583333333334
World,Bioenergy,Korea Electric Power Corp,0.7851099999999999
World,Bioenergy,Klabin SA,0.785
World,Bioenergy,Empresas Copec SA,0.749688
World,Bioenergy,State Power Investment Corp Ltd,0.7346541458541459
World,Bioenergy,Energetický a průmyslový holding AS,0.6635
World,Bioenergy,Nine Dragons Global Investments Ltd,0.6426000000000001
World,Bioenergy,Dynagreen Environmental Protection Group Co Ltd,0.639
World,Bioenergy,Westrock Co,0.612
World,Bioenergy,Others,76.82883205138774
World,Coal,Huaneng Power International Inc,75.8031421978022
World,Coal,NTPC Ltd,62.8792
World,Coal,China Energy Investment Corp,61.33545066933067
World,Coal,China Shenhua Energy Co Ltd,56.46280630869131
World,Coal,Eskom Holdings SOC Ltd,44.531800000000004
World,Coal,China Resources Power Holdings Co Ltd,42.86216315684315
World,Coal,GD POWER Development Co Ltd,41.664594720279716
World,Coal,China Huadian Corp Ltd,40.05495147499207
World,Coal,Datang International Power Generation Co Ltd,39.36522023976024
World,Coal,China Datang Corp Ltd,38.963211572079004
World,Coal,Huadian Power International Co Ltd,38.0314027245509
World,Coal,Korea Electric Power Corp,35.688451190612724
World,Coal,State Power Investment Corp Ltd,35.540597252747254
World,Coal,Zhejiang Zheneng Electric Power Co Ltd,33.407786073926076
World,Coal,China Huaneng Group Co Ltd,25.958717552447553
World,Coal,Beijing Jingneng Power Co Ltd,20.80166844155844
World,Coal,PT PLN (Persero),19.44597802197802
World,Coal,Guangdong Electric Power Development Co Ltd,18.60405
World,Coal,Adani Power Ltd,17.886
World,Coal,An Hui Wenergy Co Ltd,15.880536463536464
World,Coal,Others,1428.5349600427346
World,Geothermal,Energy Development CORP (EDC),1.194
World,Geothermal,Calpine Corp,1.163
World,Geothermal,Ormat Technology Inc,1.02466
World,Geothermal,Comision Federal De Electricidad,0.915
World,Geothermal,Contact Energy Ltd,0.7795
World,Geothermal,Pertamina Geothermal Energy,0.725
World,Geothermal,AboitizPower Corp,0.692
World,Geothermal,Kenya Electricity Generating Company PLC,0.6345
World,Geothermal,Star Energy Geothermal,0.629525
World,Geothermal,Orkuveita Reykjavikur,0.423
World,Geothermal,Enel Green Power,0.4
World,Geothermal,CalEnergy Operating Corp,0.381
World,Geothermal,Sarulla Operations Ltd,0.33
World,Geothermal,Zorlu Enerji,0.306
World,Geothermal,Atlantica Sustainable Infrastructure,0.27
World,Geothermal,Mogan Enerji Yatirim Holding,0.258
World,Geothermal,HS Orka,0.2486
World,Geothermal,KS Orka Renewables Pte Ltd,0.22640000000000002
World,Geothermal,Tohoku Electric Power Co Inc,0.2041
World,Geothermal,Mighty River Power,0.204
World,Geothermal,Others,4.527115
World,Hydropower,China Yangzi River Three Gorges Group Co Ltd,39.444300000000005
World,Hydropower,Hydro Quebec,36.791
World,Hydropower,State Grid Xinyuan Co Ltd,30.372
World,Hydropower,PJSC RusHydro,27.991
World,Hydropower,Corporación Eléctrica Nacional SA,16.01
World,Hydropower,En+ Generatsiya JSC,15.002
World,Hydropower,Eletrobras Furnas,14.95548
World,Hydropower,US Bureau of Reclamation,14.739
World,Hydropower,Itaipú Binational,14.0
World,Hydropower,EDF Energy Ltd,13.986
World,Hydropower,Elektrik Üretim AS (EÜAŞ),13.58
World,Hydropower,BC Hydro,13.1
World,Hydropower,State Power Investment Group Upper Yellow River Hydropower Development Co Ltd,12.835
World,Hydropower,Enel SpA,12.0224
World,Hydropower,China Huaneng Group Co Ltd,11.952
World,Hydropower,Comisión Federal de Electricidad EPE,11.577
World,Hydropower,Vietnam Electricity (EVN),11.447
World,Hydropower,Statkraft,11.27567
World,Hydropower,Norte Energia SA,11.233
World,Hydropower,Companhia Hidro Elétrica do São Francisco SA (CHESF),11.14712
World,Hydropower,Others,894.22108
World,Nuclear,Electricité de France SA,65.69
World,Nuclear,Rosatom,28.576
World,Nuclear,Korea Hydro & Nuclear Power Co,27.071
World,Nuclear,China National Nuclear Power Co Ltd,23.573
World,Nuclear,Exelon Corp,18.845
World,Nuclear,Ontario Power Generation Inc,13.924
World,Nuclear,"SE NNEGC ""Energoatom""",13.835
World,Nuclear,CGNPC Nuclear Power Investment Co Ltd,8.886
World,Nuclear,Tennessee Valley Authority,8.624
World,Nuclear,China General Nuclear Power Co Ltd,8.496
World,Nuclear,Nuclear Power Corporation Of India Ltd,8.24
World,Nuclear,Georgia Power Co,6.79
World,Nuclear,Kansai Electric Power Co,6.578
World,Nuclear,EDF Energy Ltd,6.534
World,Nuclear,Emirates Nuclear Energy Corp,5.668
World,Nuclear,Duke Energy Corp,5.112
World,Nuclear,PSEG Power Inc,5.106
World,Nuclear,Guangxi Fangchenggang CGN Nuclear Power Industry Investment Co Ltd,4.532
World,Nuclear,CGN Ninghe Investment Co Ltd,4.356
World,Nuclear,Arizona Public Service Co,4.242
World,Nuclear,Others,126.658
World,Oil and gas,Saudi Electricity Co,64.49975
World,Oil and gas,Egyptian Electricity Holding Co,51.3113
World,Oil and gas,Constellation Energy Corp,33.7769024
World,Oil and gas,Ministry of Electricity (Iraq),28.936
World,Oil and gas,NextEra Energy Inc,28.2269
World,Oil and gas,Vistra Corp,27.55816
World,Oil and gas,Chubu Electric Power Co Inc,27.21341098334998
World,Oil and gas,Tokyo Electric Power Co,26.844160983349983
World,Oil and gas,Southern Co,25.3291505
World,Oil and gas,Duke Energy Corp,24.820249500000003
World,Oil and gas,Comisión Federal de Electricidad EPE,24.804299999999998
World,Oil and gas,Korea Electric Power Corp,24.41771
World,Oil and gas,Inter RAO PJSC,24.05045
World,Oil and gas,Sonelgaz SpA,22.736099999999997
World,Oil and gas,ENGIE SA,22.726212888888888
World,Oil and gas,Entergy Corp,20.5835
World,Oil and gas,Ministry of Electricity and Water and Renewable Energy (Kuwait),18.7035
World,Oil and gas,PT PLN (Persero),18.5435
World,Oil and gas,Taiwan Power Co,16.47185
World,Oil and gas,RWE AG,15.73518
World,Oil and gas,Others,1647.5462825951263
World,Utility-scale solar,NextEra Energy Inc,12.8972
World,Utility-scale solar,Tianjin China Green Power Investment Co Ltd,10.390031452922077
World,Utility-scale solar,Adani Group,8.400053084415584
World,Utility-scale solar,China Three Gorges Renewables (Group) Co Ltd,6.648344547483767
World,Utility-scale solar,ACWA Power Co,5.791209069124424
World,Utility-scale solar,ReNew Power,5.600667613636364
World,Utility-scale solar,China Nuclear Huineng Co Ltd,5.3959863920454545
World,Utility-scale solar,Huadian New Energy Group Co Ltd,5.293055355174514
World,Utility-scale solar,Florida Power & Light Co,5.052
World,Utility-scale solar,Enel Green Power SpA,4.984998244384148
World,Utility-scale solar,China Three Gorges New Energy (Group) Co Ltd,4.685908537743507
World,Utility-scale solar,ENGIE SA,4.601840777505861
World,Utility-scale solar,China Huaneng Group Co Ltd,4.4802497562905845
World,Utility-scale solar,China Power International Development Co Ltd,3.7431498599837663
World,Utility-scale solar,Water and Electricity Holding CO (Badeel),3.73190625
World,Utility-scale solar,Duke Energy Corp,3.718644117647059
World,Utility-scale solar,NTPC Ltd,3.6377877499999998
World,Utility-scale solar,Huaneng Power International Inc,3.579625812195617
World,Utility-scale solar,Dubai Electricity and Water Authority PJSC,3.552832857142857
World,Utility-scale solar,State Power Investment Corp Ltd,3.4748638315746754
World,Utility-scale solar,Others,751.658161181815
World,Wind,NextEra Energy Inc,25.1384
World,Wind,EDF Renewables,11.940388666666665
World,Wind,Enel Green Power SpA,11.635043333333336
World,Wind,EDPR Renewable Energy Sources of Greece 1 Sole Proprietorship,9.451709999999999
World,Wind,Ørsted A/S,8.33651
World,Wind,Avangrid Renewables,8.0938
World,Wind,China Longyuan Power Group Corp Ltd,8.0109
World,Wind,Iberdrola Renovables Energia SA,7.80076
World,Wind,MidAmerican Energy Co,7.4865
World,Wind,Acciona Energía SAU,6.65575
World,Wind,ENGIE SA,5.871616666666667
World,Wind,China Guangdong Nuclear Wind Energy Ltd,5.7200299999999995
World,Wind,RWE Renewables,5.61995
World,Wind,Vattenfall AB,5.287846666666666
World,Wind,AES Corp,4.9355
World,Wind,Pattern Energy,4.860399999999999
World,Wind,Invenergy LLC,4.74406
World,Wind,Xcel Energy Inc,4.4685
World,Wind,RWE AG,4.27764
World,Wind,Xinjiang Huadian Tianshan Power Generation Co Ltd,4.2
World,Wind,Others,717.5917473333334
BRICS,Bioenergy,Unknown,11.911937759967577
BRICS,Bioenergy,Suzano SA,1.6085
BRICS,Bioenergy,Raizen SA,1.2485
BRICS,Bioenergy,natural person(s),1.106883148851149
BRICS,Bioenergy,Chongqing Sanfeng Environment Group Corp Ltd,0.9256
BRICS,Bioenergy,Kaidi Ecological and Environmental Technology Co Ltd,0.84
BRICS,Bioenergy,Klabin SA,0.785
BRICS,Bioenergy,State Power Investment Corp Ltd,0.7346541458541459
BRICS,Bioenergy,Dynagreen Environmental Protection Group Co Ltd,0.639
BRICS,Bioenergy,Royal Golden Eagle Pte Ltd,0.569
BRICS,Bioenergy,China Energy Conservation and Environmental Protection Group Co Ltd,0.567
BRICS,Bioenergy,Nine Dragons Global Investments Ltd,0.54
BRICS,Bioenergy,Asia Pacific Resources International Holdings Ltd,0.535
BRICS,Bioenergy,Guangdong Chant Group Inc,0.529
BRICS,Bioenergy,Guangzhou Yongxing Environmental Protection Energy Co Ltd,0.524
BRICS,Bioenergy,Shanghai Kangheng Environment Co Ltd,0.46775
BRICS,Bioenergy,BP PLC,0.422
BRICS,Bioenergy,Everbright Green Energy (Anhui) Holdings Co Ltd,0.415
BRICS,Bioenergy,Grandblue Environment Co Ltd,0.3993
BRICS,Bioenergy,China Everbright Environment (Group) Co Ltd,0.39806
BRICS,Bioenergy,China Everbright International Co Ltd,0.387
BRICS,Bioenergy,Others,33.86968994532713
BRICS,Coal,Huaneng Power International Inc,75.2751421978022
BRICS,Coal,NTPC Ltd,62.219199999999994
BRICS,Coal,China Energy Investment Corp,61.33545066933067
BRICS,Coal,China Shenhua Energy Co Ltd,56.46280630869131
BRICS,Coal,Eskom Holdings SOC Ltd,44.531800000000004
BRICS,Coal,China Resources Power Holdings Co Ltd,42.86216315684315
BRICS,Coal,GD POWER Development Co Ltd,41.664594720279716
BRICS,Coal,China Huadian Corp Ltd,39.70495147499207
BRICS,Coal,Datang International Power Generation Co Ltd,39.36522023976024
BRICS,Coal,China Datang Corp Ltd,38.963211572079004
BRICS,Coal,Huadian Power International Co Ltd,38.0314027245509
BRICS,Coal,State Power Investment Corp Ltd,34.847597252747256
BRICS,Coal,Zhejiang Zheneng Electric Power Co Ltd,33.407786073926076
BRICS,Coal,China Huaneng Group Co Ltd,25.386717552447553
BRICS,Coal,Unknown,22.515690114710974
BRICS,Coal,Beijing Jingneng Power Co Ltd,20.80166844155844
BRICS,Coal,PT PLN (Persero),19.44597802197802
BRICS,Coal,Guangdong Electric Power Development Co Ltd,18.60405
BRICS,Coal,Adani Power Ltd,17.886
BRICS,Coal,An Hui Wenergy Co Ltd,15.880536463536464
BRICS,Coal,Shaanxi Coal and Chemical Industry Co Ltd,14.1556144005994
BRICS,Coal,Others,897.6270550141666
BRICS,Geothermal,Pertamina Geothermal Energy,0.725
BRICS,Geothermal,Star Energy Geothermal,0.629525
BRICS,Geothermal,Sarulla Operations Ltd,0.33
BRICS,Geothermal,KS Orka Renewables Pte Ltd,0.223
BRICS,Geothermal,PT Geo Dipa Energi (GDE),0.12
BRICS,Geothermal,Electricity Generating PCL,0.091125
BRICS,Geothermal,Star Energy Group PLC,0.091125
BRICS,Geothermal,RusHydro PJSC,0.074
BRICS,Geothermal,AC Energy and Infrastructure Corp,0.064125
BRICS,Geothermal,ENGIE SA,0.04897
BRICS,Geothermal,PT Supreme Energy,0.04825
BRICS,Geothermal,INPEX Corp,0.028050000000000002
BRICS,Geothermal,Unknown,0.026
BRICS,Geothermal,Marubeni Corp,0.02457
BRICS,Geothermal,PT Medco Power Indonesia,0.01734
BRICS,Geothermal,Ormat Technology Inc,0.01666
BRICS,Geothermal,Sumitomo Corp,0.015300000000000001
BRICS,Geothermal,Xizang Huadian Geothermal Development Co Ltd,0.0144
BRICS,Geothermal,Tohoku Electric Power Co Inc,0.0091
BRICS,Geothermal,Thermal Power Plants Holding Co,0.005
BRICS,Hydropower,China Yangzi River Three Gorges Group Co Ltd,39.444300000000005
BRICS,Hydropower,State Grid Xinyuan Co Ltd,30.372
BRICS,Hydropower,PJSC RusHydro,27.991
BRICS,Hydropower,Unknown,23.570800000000002
BRICS,Hydropower,En+ Generatsiya JSC,15.002
BRICS,Hydropower,Eletrobras Furnas,14.95548
BRICS,Hydropower,State Power Investment Group Upper Yellow River Hydropower Development Co Ltd,12.835
BRICS,Hydropower,China Huaneng Group Co Ltd,11.952
BRICS,Hydropower,Norte Energia SA,11.233
BRICS,Hydropower,Companhia Hidro Elétrica do São Francisco SA (CHESF),11.14712
BRICS,Hydropower,Iran Water and Power Resources Development Co,11.014
BRICS,Hydropower,publicly traded shares,10.226299999999998
BRICS,Hydropower,China Southern Power Grid Peak Shaving and Frequency Modulation Power Generation Co Ltd,10.182
BRICS,Hydropower,State Development Investment Corporation Power Shareholding Co Ltd,9.424
BRICS,Hydropower,Ethiopian Electric Power Corp,9.201
BRICS,Hydropower,Eletrobras Eletronorte,9.16112
BRICS,Hydropower,Sichuan Chuantou Energy Shareholding Co Ltd,9.01
BRICS,Hydropower,State Energy Investment Dadu River Valley Hydropower Development Co Ltd,8.822
BRICS,Hydropower,Yunnan Province Energy Investment Group Co Ltd,8.375350000000001
BRICS,Hydropower,Engie Brasil Energia SA,8.1889
BRICS,Hydropower,Itaipú Binational,7.0
BRICS,Hydropower,Others,306.9841799999999
BRICS,Nuclear,Rosatom,28.576
BRICS,Nuclear,China National Nuclear Power Co Ltd,23.573
BRICS,Nuclear,CGNPC Nuclear Power Investment Co Ltd,8.886
BRICS,Nuclear,China General Nuclear Power Co Ltd,8.496
BRICS,Nuclear,Nuclear Power Corporation Of India Ltd,8.24
BRICS,Nuclear,Emirates Nuclear Energy Corp,5.668
BRICS,Nuclear,Guangxi Fangchenggang CGN Nuclear Power Industry Investment Co Ltd,4.532
BRICS,Nuclear,CGN Ninghe Investment Co Ltd,4.356
BRICS,Nuclear,Taishan Nuclear Power Industry Investment Co Ltd,3.5
BRICS,Nuclear,State Power Investment Nuclear Energy Co Ltd,2.5
BRICS,Nuclear,Guandong Nuclear Power Joint Venture Co Ltd,2.01
BRICS,Nuclear,Eletrobras Eletronuclear SA,1.99
BRICS,Nuclear,Eskom,1.94
BRICS,Nuclear,State Nuclear Power Technology Co Ltd,1.534
BRICS,Nuclear,Huaneng Nuclear Power Development Co Ltd,1.3
BRICS,Nuclear,Nuclear Power Production And Development CO Of Iran,1.0
BRICS,Nuclear,China Huaneng Group Co Ltd,0.211
BRICS,Oil and gas,Egyptian Electricity Holding Co,51.3113
BRICS,Oil and gas,Inter RAO PJSC,23.14045
BRICS,Oil and gas,PT PLN (Persero),18.5435
BRICS,Oil and gas,T Plus PJSC,13.5499
BRICS,Oil and gas,Thermal Power Plants Holding Co,12.529
BRICS,Oil and gas,OGK-2 PJSC,12.239
BRICS,Oil and gas,Mosenergo PJSC,12.229
BRICS,Oil and gas,Dubai Electricity and Water Authority PJSC,11.913477222777223
BRICS,Oil and gas,"Iranian Electricity Production, Transmission and Distribution Management JSC",10.0194
BRICS,Oil and gas,Huaneng Power International Inc,9.45172168
BRICS,Oil and gas,Guangdong Electric Power Development Co Ltd,9.03035
BRICS,Oil and gas,Unipro PJSC,8.92
BRICS,Oil and gas,Huadian Power International Co Ltd,8.121159977622378
BRICS,Oil and gas,Shenzhen Energy Group Co Ltd,7.329775
BRICS,Oil and gas,NTPC Ltd,6.236020000000001
BRICS,Oil and gas,Abu Dhabi National Energy Company PJSC,6.23305
BRICS,Oil and gas,China Huadian Corp Ltd,6.024227257317533
BRICS,Oil and gas,Datang International Power Generation Co Ltd,6.00604
BRICS,Oil and gas,Petróleo Brasileiro SA,5.973412000000001
BRICS,Oil and gas,EL5-Energo PJSC,5.585
BRICS,Oil and gas,Unknown,4.741739370839141
BRICS,Oil and gas,Others,306.1394676914437
BRICS,Utility-scale solar,Unknown,140.54481143706832
BRICS,Utility-scale solar,Tianjin China Green Power Investment Co Ltd,10.390031452922077
BRICS,Utility-scale solar,Adani Group,8.316622727272726
BRICS,Utility-scale solar,China Three Gorges Renewables (Group) Co Ltd,6.648344547483767
BRICS,Utility-scale solar,ReNew Power,5.600667613636364
BRICS,Utility-scale solar,China Nuclear Huineng Co Ltd,5.3959863920454545
BRICS,Utility-scale solar,Huadian New Energy Group Co Ltd,5.293055355174514
BRICS,Utility-scale solar,China Three Gorges New Energy (Group) Co Ltd,4.685908537743507
BRICS,Utility-scale solar,China Huaneng Group Co Ltd,4.4802497562905845
BRICS,Utility-scale solar,China Power International Development Co Ltd,3.7431498599837663
BRICS,Utility-scale solar,NTPC Ltd,3.6377877499999998
BRICS,Utility-scale solar,Huaneng Power International Inc,3.579625812195617
BRICS,Utility-scale solar,Dubai Electricity and Water Authority PJSC,3.552832857142857
BRICS,Utility-scale solar,State Power Investment Corp Ltd,3.4748638315746754
BRICS,Utility-scale solar,China Resources Power New Energy Investment Co Ltd,3.4007278003246757
BRICS,Utility-scale solar,Huaneng Renewables Corp Ltd,3.381602440340909
BRICS,Utility-scale solar,CECEP Solar Energy Technology Co Ltd,3.1610267386363637
BRICS,Utility-scale solar,Huaneng Lancangjiang New Energy Co Ltd,3.1122420954545453
BRICS,Utility-scale solar,Inner Mongolia Energy Group Co Ltd,3.0837341720779223
BRICS,Utility-scale solar,Ningxia Longyuan New Energy Co Ltd,3.0
BRICS,Utility-scale solar,Ningxia Power Investment Yongli (Zhongwei) New Energy Co Ltd,3.0
BRICS,Utility-scale solar,Others,480.2489443631596
BRICS,Wind,Unknown,201.51912833333333
BRICS,Wind,China Longyuan Power Group Corp Ltd,8.0109
BRICS,Wind,China Guangdong Nuclear Wind Energy Ltd,5.7200299999999995
BRICS,Wind,Xinjiang Huadian Tianshan Power Generation Co Ltd,4.2
BRICS,Wind,Huaneng Renewables Corp Ltd,4.0874
BRICS,Wind,ReNew Power,3.9055
BRICS,Wind,China Resources Power New Energy Investment Co Ltd,3.8448146666666667
BRICS,Wind,Huadian New Energy Group Co Ltd,3.65935
BRICS,Wind,Huaneng New Energy Co Ltd,3.2982
BRICS,Wind,Greenko Energy Holdings,2.95
BRICS,Wind,Enel Green Power Brasil Participações Ltda,2.9004000000000003
BRICS,Wind,Inner Mongolia Energy Group Co Ltd,2.794
BRICS,Wind,Adani Green Energy,2.7232
BRICS,Wind,China Three Gorges Renewables (Group) Co Ltd,2.602
BRICS,Wind,Inner Mongolia Huifeng Energy Co Ltd,2.5
BRICS,Wind,Yunnan Energy Investment Co Ltd,2.4043
BRICS,Wind,EDF Renewables,2.352832
BRICS,Wind,Qinghai Yellow River Upstream Hydropower Development CO LTD Gonghe Windpower Branch,2.35
BRICS,Wind,China Energy Investment Group,2.239
BRICS,Wind,AES Corp,2.0453
BRICS,Wind,China Guangdong Nuclear (Xing'an Leauge) New Energy LTD Keyouzhong Banner Branch Co,2.0
BRICS,Wind,Others,360.82401
EU27,Bioenergy,Ørsted A/S,1.402
EU27,Bioenergy,Stora Enso Oyj,0.9217653636363636
EU27,Bioenergy,Unknown,0.5945288333333333
EU27,Bioenergy,RWE AG,0.538
EU27,Bioenergy,UPM-Kymmene Oyj,0.4138773636363636
EU27,Bioenergy,E.ON SE,0.36475
EU27,Bioenergy,Metsäliitto Cooperative,0.35735666666666666
EU27,Bioenergy,Mälarenergi AB,0.356
EU27,Bioenergy,Södra Skogsägarna Ek For,0.3311
EU27,Bioenergy,Veolia Environnement SA,0.319089
EU27,Bioenergy,Metsä Board Oyj,0.3134766666666667
EU27,Bioenergy,ENEA SA,0.28
EU27,Bioenergy,A2A SpA,0.2767
EU27,Bioenergy,Alva-yhtiot Oy,0.27
EU27,Bioenergy,Beijing Enterprises Ltd,0.2614458
EU27,Bioenergy,Energetický a průmyslový holding AS,0.2435
EU27,Bioenergy,Ence Energía y Celulosa SA,0.22307
EU27,Bioenergy,HOFOR Forsyning Holding P/S,0.218
EU27,Bioenergy,Lahti Energia Oy,0.21363322077922078
EU27,Bioenergy,small shareholder(s),0.20039186363636363
EU27,Bioenergy,Mercer International Inc,0.197
EU27,Bioenergy,Others,9.251358021645023
EU27,Coal,PGE Polska Grupa Energetyczna SA,12.609399999999999
EU27,Coal,RWE AG,7.0648
EU27,Coal,ENEA SA,5.761
EU27,Coal,EnBW Energie Baden-Württemberg AG,5.590752
EU27,Coal,TAURON Polska Energia SA,4.4235
EU27,Coal,CEZ AS,2.997
EU27,Coal,Unknown,2.910485
EU27,Coal,EP Investment S.à r.l.,2.6144002
EU27,Coal,ResInvest Holding AS,2.456
EU27,Coal,Energetický a průmyslový holding AS,2.406834
EU27,Coal,Uniper SE,2.393
EU27,Coal,Sev.en Energy AG,2.2556
EU27,Coal,Bulgarian Energy Holding EAD,1.72458
EU27,Coal,Asterion Industrial Partners SGEIC SA,1.6269
EU27,Coal,E.ON SE,1.6
EU27,Coal,ORLEN SA,1.59855
EU27,Coal,Ministry of Energy (Romania),1.2738
EU27,Coal,Electricité de France SA,1.26
EU27,Coal,Veolia Environnement SA,0.991015
EU27,Coal,MVM Zrt,0.884
EU27,Coal,small shareholder(s),0.8352
EU27,Coal,Others,13.266631799999999
EU27,Geothermal,Enel Green Power,0.4
EU27,Geothermal,Unknown,0.37139999999999995
EU27,Geothermal,Enel SpA,0.057
EU27,Geothermal,Enel Green Power SpA,0.052
EU27,Geothermal,Geoeon doo,0.0175
EU27,Geothermal,EDA Renováveis SA,0.01
EU27,Geothermal,Stadtwerke München GmbH,0.0056
EU27,Geothermal,Süddeutsche Geothermie-Projekte GmbH & Co KG,0.0055
EU27,Geothermal,Swm Services GmbH,0.005
EU27,Geothermal,Daldrup & Söhne AG,0.0045
EU27,Geothermal,Silenos Energy Garching ad Alz,0.0043
EU27,Geothermal,Equitix Holdings Ltd,0.0040999999999999995
EU27,Geothermal,Geothermie Holzkirchen GmbH,0.0034
EU27,Geothermal,KS Orka Renewables Pte Ltd,0.0034
EU27,Hydropower,EDF Energy Ltd,13.702
EU27,Hydropower,Enel SpA,12.0224
EU27,Hydropower,Vattenfall AB,10.90308
EU27,Hydropower,Iberdrola SA,10.324
EU27,Hydropower,Verbund Hydro Power GmbH,7.215
EU27,Hydropower,EDP SA,5.182
EU27,Hydropower,Electricité de France SA,3.861
EU27,Hydropower,Public Power Corporation SA,3.049
EU27,Hydropower,Fortum Oyj,2.97774
EU27,Hydropower,SC Hidroelectrica,2.7885
EU27,Hydropower,Natsionalna Elektricheska Kompania (NEK),2.63
EU27,Hydropower,ENGIE SA,2.4692
EU27,Hydropower,Compagnie Nationale du Rhône (CNR),2.45429
EU27,Hydropower,Uniper SE,2.37178
EU27,Hydropower,Illwerke vkw,2.34
EU27,Hydropower,A2A SpA,2.313
EU27,Hydropower,Unknown,1.94422
EU27,Hydropower,ČEZ Group,1.774
EU27,Hydropower,PGE Energia Odnawialna SA,1.618
EU27,Hydropower,Naturgy,1.586
EU27,Hydropower,HEP Generation Ltd,1.569
EU27,Hydropower,Others,29.252219999999998
EU27,Nuclear,Electricité de France SA,65.69
EU27,Nuclear,CEZ AS,4.164
EU27,Nuclear,Teollisuuden Voima Oyj,3.56
EU27,Nuclear,Forsmark Kraftgrupp AB,3.446
EU27,Nuclear,Slovenské Elektrárne AŞ,2.471
EU27,Nuclear,Ringhals AB,2.288
EU27,Nuclear,Engie Electrabel,2.098
EU27,Nuclear,Bulgarian Energy Holding EAD,2.08
EU27,Nuclear,MVM Hungarian Electricity Ltd,2.027
EU27,Nuclear,Iberdrola,2.021166666666667
EU27,Nuclear,Endesa,1.7546666666666668
EU27,Nuclear,Oskarshamns Kraftgrupp AB,1.45
EU27,Nuclear,Iberdrola SA,1.102
EU27,Nuclear,Societes Reunies D'Energie Du Bassin De L'Escaut SA,1.09
EU27,Nuclear,Fortum Power And Heat OY (Former IVO),1.062
EU27,Nuclear,Endesa SA,1.033
EU27,Nuclear,Gas Natural,0.9641666666666667
EU27,Nuclear,Indivision Doel,0.908
EU27,Nuclear,Comertului Si Mediului De Afaceri,0.7055
EU27,Nuclear,Ministerul Economiei,0.7055
EU27,Nuclear,Others,1.775
EU27,Oil and gas,ENGIE SA,12.310674666666666
EU27,Oil and gas,Endesa SA,7.8036
EU27,Oil and gas,RWE AG,7.594
EU27,Oil and gas,Enel SpA,7.521
EU27,Oil and gas,Energetický a průmyslový holding AS,7.282001
EU27,Oil and gas,Edison SpA,6.888
EU27,Oil and gas,A2A SpA,6.804
EU27,Oil and gas,Naturgy Energy Group SA,6.5139
EU27,Oil and gas,Iberdrola SA,5.7933
EU27,Oil and gas,Uniper SE,5.585492
EU27,Oil and gas,Eni SpA,4.7257370000000005
EU27,Oil and gas,Electricité de France SA,4.628666666666667
EU27,Oil and gas,TotalEnergies SE,3.9166999999999996
EU27,Oil and gas,Vattenfall AB,3.776
EU27,Oil and gas,Public Power Corporation SA,3.583
EU27,Oil and gas,Unknown,3.2454149466666666
EU27,Oil and gas,EDP SA,3.1608666666666667
EU27,Oil and gas,Iren SpA,2.523
EU27,Oil and gas,Government of Ireland,2.5007205
EU27,Oil and gas,PGE Polska Grupa Energetyczna SA,2.303
EU27,Oil and gas,Repsol SA,2.216
EU27,Oil and gas,Others,89.23887175333334
EU27,Utility-scale solar,Unknown,84.76500933503678
EU27,Utility-scale solar,Iberdrola SA,2.2508750592139237
EU27,Utility-scale solar,Solaria Energía y Medio Ambiente SA,1.549700754636234
EU27,Utility-scale solar,Endesa SA,1.3126217118402284
EU27,Utility-scale solar,Encavis AG,1.213499603876085
EU27,Utility-scale solar,European Energy A/S,0.8505890275544361
EU27,Utility-scale solar,Amazon,0.8472238873038517
EU27,Utility-scale solar,Naturgy Energy Group SA,0.7318697888730384
EU27,Utility-scale solar,Neoen SA,0.7201899999999999
EU27,Utility-scale solar,ENGIE SA,0.670726418920002
EU27,Utility-scale solar,Iberdrola Renovables SA,0.6663853209700428
EU27,Utility-scale solar,Sonnedix,0.5885353007150388
EU27,Utility-scale solar,Abengoa SA,0.527
EU27,Utility-scale solar,EnBW Energie Baden-Württemberg AG,0.5179109999999999
EU27,Utility-scale solar,Bruc Iberia Energy Investment Partners,0.5138002353780314
EU27,Utility-scale solar,Acciona SA,0.5077930756062767
EU27,Utility-scale solar,Sunterra Re,0.45390351931330475
EU27,Utility-scale solar,Enerparc AG,0.439731
EU27,Utility-scale solar,China Three Gorges Corp,0.42978
EU27,Utility-scale solar,Signal Iduna,0.42112900000000003
EU27,Utility-scale solar,Repsol SA,0.42081152182596293
EU27,Utility-scale solar,Others,30.31454174912814
EU27,Wind,Unknown,40.50705333333334
EU27,Wind,Iberdrola Renovables Energia SA,7.05776
EU27,Wind,Acciona Energía SAU,4.43245
EU27,Wind,Vattenfall AB,4.082246666666666
EU27,Wind,RWE AG,2.81716
EU27,Wind,ENGIE SA,2.4696
EU27,Wind,EDF Renewables,2.4667
EU27,Wind,WPD AG,2.4138999999999995
EU27,Wind,Enel Green Power España SL,2.3391333333333333
EU27,Wind,EDP Renovables España,2.0125
EU27,Wind,Ørsted A/S,1.83576
EU27,Wind,Allianz SE,1.7485
EU27,Wind,ERG SpA,1.5614000000000001
EU27,Wind,Eneco,1.5241666666666667
EU27,Wind,Naturgy Energy Group SA,1.52348
EU27,Wind,Finerge SA,1.4892
EU27,Wind,Ventient Energy,1.4410999999999998
EU27,Wind,EDPR Renewable Energy Sources of Greece 1 Sole Proprietorship,1.42045
EU27,Wind,EnBW Energie Baden-Württemberg AG,1.3896199999999999
EU27,Wind,Iberdrola SA,1.2686
EU27,Wind,Enel Green Power SpA,1.2099000000000002
EU27,Wind,Others,114.68909
G7,Bioenergy,Drax Group PLC,2.58
G7,Bioenergy,Unknown,2.0530188333333337
G7,Bioenergy,Ørsted A/S,1.402
G7,Bioenergy,International Paper Co,1.3088
G7,Bioenergy,Stora Enso Oyj,0.9217653636363636
G7,Bioenergy,Paper Excellence BV,0.88
G7,Bioenergy,Energetický a průmyslový holding AS,0.6635
G7,Bioenergy,RWE AG,0.593
G7,Bioenergy,Koch Industries Inc,0.5592
G7,Bioenergy,EQT AB,0.5561666666666666
G7,Bioenergy,Westrock Co,0.533
G7,Bioenergy,UPM-Kymmene Oyj,0.4598773636363636
G7,Bioenergy,Veolia Environnement SA,0.45868899999999996
G7,Bioenergy,E.ON SE,0.45675
G7,Bioenergy,Wheelabrator Technologies Holdings Inc,0.439
G7,Bioenergy,Metsäliitto Cooperative,0.35735666666666666
G7,Bioenergy,Mälarenergi AB,0.356
G7,Bioenergy,Mercer International Inc,0.3435
G7,Bioenergy,Södra Skogsägarna Ek For,0.3311
G7,Bioenergy,Kansai Electric Power Co,0.331
G7,Bioenergy,Sappi Ltd,0.32330000000000003
G7,Bioenergy,Others,23.731301506060603
G7,Coal,Duke Energy Corp,15.03077843966034
G7,Coal,PGE Polska Grupa Energetyczna SA,12.609399999999999
G7,Coal,American Electric Power Company Inc,10.569397
G7,Coal,Southern Co,9.777336
G7,Coal,Vistra Corp,9.0852
G7,Coal,Electric Power Development Co Ltd,7.8175
G7,Coal,Berkshire Hathaway Inc,7.612996664535465
G7,Coal,Tennessee Valley Authority,7.130199999999999
G7,Coal,RWE AG,7.0648
G7,Coal,Tokyo Electric Power Co,6.60355
G7,Coal,Chubu Electric Power Co Inc,6.523
G7,Coal,NRG Energy Inc,6.333
G7,Coal,Evergy Inc,6.1233580000000005
G7,Coal,ENEA SA,5.761
G7,Coal,EnBW Energie Baden-Württemberg AG,5.590752
G7,Coal,PPL Corp,5.335
G7,Coal,Tohoku Electric Power Co Inc,5.2250749999999995
G7,Coal,Dominion Energy Inc,4.5762
G7,Coal,Unknown,4.4401447814185815
G7,Coal,TAURON Polska Energia SA,4.4235
G7,Coal,Xcel Energy Inc,4.3471882
G7,Coal,Others,166.7486977143856
G7,Geothermal,Calpine Corp,1.163
G7,Geothermal,Unknown,0.8418
G7,Geothermal,Ormat Technology Inc,0.747
G7,Geothermal,Enel Green Power,0.4
G7,Geothermal,CalEnergy Operating Corp,0.381
G7,Geothermal,Atlantica Sustainable Infrastructure,0.27
G7,Geothermal,Geysers Power Co LLC,0.2
G7,Geothermal,Tohoku Electric Power Co Inc,0.195
G7,Geothermal,Kyushu Electric Power Co Inc,0.17
G7,Geothermal,ORCAL Geothermal Inc,0.074
G7,Geothermal,Terra-Gen,0.065
G7,Geothermal,Enel SpA,0.057
G7,Geothermal,Baseload Clean Energy Partners,0.055
G7,Geothermal,EnergySource,0.055
G7,Geothermal,Enel Green Power SpA,0.052
G7,Geothermal,US Geothermal Inc,0.051
G7,Geothermal,Cyrq Energy,0.048
G7,Geothermal,Yuzawa Geothermal Power Generation Corp,0.046
G7,Geothermal,PacifiCorp,0.045
G7,Geothermal,Puna Geothermal Venture,0.038
G7,Geothermal,Steamboat Development Corp,0.036
G7,Geothermal,Others,0.31560000000000005
G7,Hydropower,Hydro Quebec,36.791
G7,Hydropower,US Bureau of Reclamation,14.739
G7,Hydropower,EDF Energy Ltd,13.702
G7,Hydropower,BC Hydro,13.1
G7,Hydropower,Enel SpA,12.0224
G7,Hydropower,Vattenfall AB,10.90308
G7,Hydropower,Iberdrola SA,10.324
G7,Hydropower,Tokyo Electric Power Company Holdings INC (TEPCO),8.628
G7,Hydropower,J-Power,8.252
G7,Hydropower,Kansai Electric Power Co,7.471
G7,Hydropower,Verbund Hydro Power GmbH,7.215
G7,Hydropower,Ontario Power Generation Inc,7.19375
G7,Hydropower,Manitoba Hydro-Electric Board,5.81725
G7,Hydropower,Newfoundland and Labrador Hydro,5.469
G7,Hydropower,US Army Corps of Engineers - Portland District,5.442
G7,Hydropower,EDP SA,5.182
G7,Hydropower,Tennessee Valley Authority (TVA),4.989
G7,Hydropower,ENGIE SA,4.8692
G7,Hydropower,New York Power Authority,4.581
G7,Hydropower,US Army Corps of Engineers - Walla Walla District,4.489
G7,Hydropower,Unknown,2.0232200000000002
G7,Hydropower,Others,152.01872
G7,Nuclear,Electricité de France SA,65.69
G7,Nuclear,Exelon Corp,18.845
G7,Nuclear,Ontario Power Generation Inc,13.924
G7,Nuclear,Tennessee Valley Authority,8.624
G7,Nuclear,Georgia Power Co,6.79
G7,Nuclear,Kansai Electric Power Co,6.578
G7,Nuclear,EDF Energy Ltd,6.534
G7,Nuclear,Duke Energy Corp,5.112
G7,Nuclear,PSEG Power Inc,5.106
G7,Nuclear,Arizona Public Service Co,4.242
G7,Nuclear,CEZ AS,4.164
G7,Nuclear,Kyushu Electric Power Co Inc,4.14
G7,Nuclear,Dominion Resources Inc,3.978
G7,Nuclear,Florida Power & Light Co,3.753
G7,Nuclear,Progress Energy Carolinas Inc,3.71
G7,Nuclear,Teollisuuden Voima Oyj,3.56
G7,Nuclear,Forsmark Kraftgrupp AB,3.446
G7,Nuclear,Constellation Energy Corp,2.708
G7,Nuclear,PPL CORP (former Pennsylvania Power & Light CO (PP&L)),2.66
G7,Nuclear,Nextera Energy Resources LLC,2.576
G7,Nuclear,Others,63.14600000000001
G7,Oil and gas,Constellation Energy Corp,33.7769024
G7,Oil and gas,NextEra Energy Inc,28.2269
G7,Oil and gas,Vistra Corp,27.546
G7,Oil and gas,Chubu Electric Power Co Inc,26.541906787545788
G7,Oil and gas,Tokyo Electric Power Co,26.360506787545788
G7,Oil and gas,Southern Co,25.3291505
G7,Oil and gas,Duke Energy Corp,24.820249500000003
G7,Oil and gas,Entergy Corp,20.5835
G7,Oil and gas,RWE AG,15.177
G7,Oil and gas,LS Power Development LLC,14.9275
G7,Oil and gas,Berkshire Hathaway Inc,13.950218000000001
G7,Oil and gas,Tennessee Valley Authority,13.8497
G7,Oil and gas,ENGIE SA,13.07929688888889
G7,Oil and gas,Energetický a průmyslový holding AS,12.151001
G7,Oil and gas,Dominion Energy Inc,12.078
G7,Oil and gas,Kansai Electric Power Co,11.032320000000002
G7,Oil and gas,Xcel Energy Inc,10.2834
G7,Oil and gas,Uniper SE,10.031492
G7,Oil and gas,American Electric Power Company Inc,8.5815
G7,Oil and gas,Endesa SA,7.8036
G7,Oil and gas,Unknown,5.759844835555556
G7,Oil and gas,Others,550.992920500464
G7,Utility-scale solar,Unknown,138.94106582857128
G7,Utility-scale solar,NextEra Energy Inc,12.8972
G7,Utility-scale solar,Florida Power & Light Co,5.052
G7,Utility-scale solar,Duke Energy Corp,3.718644117647059
G7,Utility-scale solar,Consolidated Edison Development Inc.,3.1311999999999998
G7,Utility-scale solar,Invenergy LLC,3.10102
G7,Utility-scale solar,Dominion Energy Inc,2.972885294117647
G7,Utility-scale solar,Clearway Energy Group LLC,2.642755
G7,Utility-scale solar,EDF Renewables,2.4692649135802465
G7,Utility-scale solar,ENGIE SA,2.462226418920002
G7,Utility-scale solar,DE Shaw Renewable Investments (DESRI),2.4539
G7,Utility-scale solar,EDPR Renewable Energy Sources of Greece 1 Sole Proprietorship,2.345676043646609
G7,Utility-scale solar,Lightsource BP,2.334189
G7,Utility-scale solar,Intersect Power,2.328827450980392
G7,Utility-scale solar,Iberdrola SA,2.2508750592139237
G7,Utility-scale solar,Ørsted A/S,2.098
G7,Utility-scale solar,AES Corp,2.0843049999999996
G7,Utility-scale solar,Silicon Ranch Corp,2.0793000000000004
G7,Utility-scale solar,National Grid Renewables,1.667
G7,Utility-scale solar,Southern Power Co,1.624453
G7,Utility-scale solar,Solaria Energía y Medio Ambiente SA,1.549700754636234
G7,Utility-scale solar,Others,129.75557493989086
G7,Wind,Unknown,51.61465666666667
G7,Wind,NextEra Energy Inc,25.1384
G7,Wind,EDPR Renewable Energy Sources of Greece 1 Sole Proprietorship,9.26211
G7,Wind,Enel Green Power SpA,8.62891
G7,Wind,EDF Renewables,8.20019
G7,Wind,Avangrid Renewables,8.0938
G7,Wind,Ørsted A/S,7.694210000000001
G7,Wind,MidAmerican Energy Co,7.4865
G7,Wind,Iberdrola Renovables Energia SA,7.05776
G7,Wind,RWE Renewables,5.61995
G7,Wind,Vattenfall AB,5.287846666666666
G7,Wind,Acciona Energía SAU,5.012449999999999
G7,Wind,Pattern Energy,4.701899999999999
G7,Wind,Invenergy LLC,4.674060000000001
G7,Wind,Xcel Energy Inc,4.4685
G7,Wind,RWE AG,4.27764
G7,Wind,ENGIE SA,3.5419666666666663
G7,Wind,Duke Energy Corp,3.30392
G7,Wind,Clearway Energy Group LLC,2.9148333333333336
G7,Wind,PacifiCorp,2.6189
G7,Wind,Engie North America Inc,2.6151999999999997
G7,Wind,Others,231.78462266666665
G20,Bioenergy,Unknown,14.65360759330091
G20,Bioenergy,Drax Group PLC,2.58
G20,Bioenergy,Suzano SA,1.6085
G20,Bioenergy,Ørsted A/S,1.402
G20,Bioenergy,International Paper Co,1.3088
G20,Bioenergy,Raizen SA,1.2485
G20,Bioenergy,natural person(s),1.141273148851149
G20,Bioenergy,Stora Enso Oyj,0.9802653636363636
G20,Bioenergy,Chongqing Sanfeng Environment Group Corp Ltd,0.9256
G20,Bioenergy,Paper Excellence BV,0.88
G20,Bioenergy,Kaidi Ecological and Environmental Technology Co Ltd,0.84
G20,Bioenergy,Korea Electric Power Corp,0.7851099999999999
G20,Bioenergy,Klabin SA,0.785
G20,Bioenergy,State Power Investment Corp Ltd,0.7346541458541459
G20,Bioenergy,Energetický a průmyslový holding AS,0.6635
G20,Bioenergy,Nine Dragons Global Investments Ltd,0.6426000000000001
G20,Bioenergy,Dynagreen Environmental Protection Group Co Ltd,0.639
G20,Bioenergy,Westrock Co,0.612
G20,Bioenergy,RWE AG,0.593
G20,Bioenergy,Royal Golden Eagle Pte Ltd,0.569
G20,Bioenergy,China Energy Conservation and Environmental Protection Group Co Ltd,0.567
G20,Bioenergy,Others,69.59559214835744
G20,Coal,Huaneng Power International Inc,75.2751421978022
G20,Coal,NTPC Ltd,62.219199999999994
G20,Coal,China Energy Investment Corp,61.33545066933067
G20,Coal,China Shenhua Energy Co Ltd,56.46280630869131
G20,Coal,Eskom Holdings SOC Ltd,44.531800000000004
G20,Coal,China Resources Power Holdings Co Ltd,42.86216315684315
G20,Coal,GD POWER Development Co Ltd,41.664594720279716
G20,Coal,China Huadian Corp Ltd,39.70495147499207
G20,Coal,Datang International Power Generation Co Ltd,39.36522023976024
G20,Coal,China Datang Corp Ltd,38.963211572079004
G20,Coal,Huadian Power International Co Ltd,38.0314027245509
G20,Coal,Korea Electric Power Corp,35.02845119061272
G20,Coal,State Power Investment Corp Ltd,34.847597252747256
G20,Coal,Zhejiang Zheneng Electric Power Co Ltd,33.407786073926076
G20,Coal,Unknown,28.177904896129558
G20,Coal,China Huaneng Group Co Ltd,25.826717552447555
G20,Coal,Beijing Jingneng Power Co Ltd,20.80166844155844
G20,Coal,PT PLN (Persero),19.44597802197802
G20,Coal,Guangdong Electric Power Development Co Ltd,18.60405
G20,Coal,Adani Power Ltd,17.886
G20,Coal,An Hui Wenergy Co Ltd,15.880536463536464
G20,Coal,Others,1287.1628972427345
G20,Geothermal,Calpine Corp,1.163
G20,Geothermal,Unknown,0.9795999999999999
G20,Geothermal,Ormat Technology Inc,0.9436599999999999
G20,Geothermal,Comision Federal De Electricidad,0.915
G20,Geothermal,Pertamina Geothermal Energy,0.725
G20,Geothermal,Kenya Electricity Generating Company PLC,0.6345
G20,Geothermal,Star Energy Geothermal,0.629525
G20,Geothermal,Enel Green Power,0.4
G20,Geothermal,CalEnergy Operating Corp,0.381
G20,Geothermal,Sarulla Operations Ltd,0.33
G20,Geothermal,Zorlu Enerji,0.306
G20,Geothermal,Atlantica Sustainable Infrastructure,0.27
G20,Geothermal,Mogan Enerji Yatirim Holding,0.258
G20,Geothermal,KS Orka Renewables Pte Ltd,0.22640000000000002
G20,Geothermal,Tohoku Electric Power Co Inc,0.2041
G20,Geothermal,Geysers Power Co LLC,0.2
G20,Geothermal,Kyushu Electric Power Co Inc,0.17
G20,Geothermal,Turkeler Energy,0.168
G20,Geothermal,Celikler Holding,0.165
G20,Geothermal,Greeneco Enerji Elektrik Üretim AS,0.1275
G20,Geothermal,Gurmat Electric Generation,0.12329999999999999
G20,Geothermal,Others,2.267215
G20,Hydropower,China Yangzi River Three Gorges Group Co Ltd,39.444300000000005
G20,Hydropower,Hydro Quebec,36.791
G20,Hydropower,State Grid Xinyuan Co Ltd,30.372
G20,Hydropower,Unknown,29.042600000000004
G20,Hydropower,PJSC RusHydro,27.991
G20,Hydropower,En+ Generatsiya JSC,15.002
G20,Hydropower,Eletrobras Furnas,14.95548
G20,Hydropower,US Bureau of Reclamation,14.739
G20,Hydropower,EDF Energy Ltd,13.87
G20,Hydropower,Elektrik Üretim AS (EÜAŞ),13.58
G20,Hydropower,BC Hydro,13.1
G20,Hydropower,State Power Investment Group Upper Yellow River Hydropower Development Co Ltd,12.835
G20,Hydropower,Enel SpA,12.0224
G20,Hydropower,China Huaneng Group Co Ltd,11.952
G20,Hydropower,Comisión Federal de Electricidad EPE,11.577
G20,Hydropower,Norte Energia SA,11.233
G20,Hydropower,Companhia Hidro Elétrica do São Francisco SA (CHESF),11.14712
G20,Hydropower,Vattenfall AB,10.90308
G20,Hydropower,Iberdrola SA,10.324
G20,Hydropower,publicly traded shares,10.226299999999998
G20,Hydropower,China Southern Power Grid Peak Shaving and Frequency Modulation Power Generation Co Ltd,10.182
G20,Hydropower,Others,671.7698200000001
G20,Nuclear,Electricité de France SA,65.69
G20,Nuclear,Rosatom,28.576
G20,Nuclear,Korea Hydro & Nuclear Power Co,27.071
G20,Nuclear,China National Nuclear Power Co Ltd,23.573
G20,Nuclear,Exelon Corp,18.845
G20,Nuclear,Ontario Power Generation Inc,13.924
G20,Nuclear,CGNPC Nuclear Power Investment Co Ltd,8.886
G20,Nuclear,Tennessee Valley Authority,8.624
G20,Nuclear,China General Nuclear Power Co Ltd,8.496
G20,Nuclear,Nuclear Power Corporation Of India Ltd,8.24
G20,Nuclear,Georgia Power Co,6.79
G20,Nuclear,Kansai Electric Power Co,6.578
G20,Nuclear,EDF Energy Ltd,6.534
G20,Nuclear,Duke Energy Corp,5.112
G20,Nuclear,PSEG Power Inc,5.106
G20,Nuclear,Guangxi Fangchenggang CGN Nuclear Power Industry Investment Co Ltd,4.532
G20,Nuclear,CGN Ninghe Investment Co Ltd,4.356
G20,Nuclear,Arizona Public Service Co,4.242
G20,Nuclear,CEZ AS,4.164
G20,Nuclear,Kyushu Electric Power Co Inc,4.14
G20,Nuclear,Others,107.893
G20,Oil and gas,Saudi Electricity Co,64.49975
G20,Oil and gas,Egyptian Electricity Holding Co,51.3113
G20,Oil and gas,Constellation Energy Corp,33.7769024
G20,Oil and gas,NextEra Energy Inc,28.2269
G20,Oil and gas,Vistra Corp,27.546
G20,Oil and gas,Chubu Electric Power Co Inc,26.67315678754579
G20,Oil and gas,Tokyo Electric Power Co,26.491756787545786
G20,Oil and gas,Southern Co,25.3291505
G20,Oil and gas,Duke Energy Corp,24.820249500000003
G20,Oil and gas,Comisión Federal de Electricidad EPE,24.804299999999998
G20,Oil and gas,Inter RAO PJSC,23.14045
G20,Oil and gas,Sonelgaz SpA,22.736099999999997
G20,Oil and gas,Korea Electric Power Corp,22.36438
G20,Oil and gas,Entergy Corp,20.5835
G20,Oil and gas,PT PLN (Persero),18.5435
G20,Oil and gas,ENGIE SA,17.00002688888889
G20,Oil and gas,RWE AG,15.73518
G20,Oil and gas,LS Power Development LLC,14.9275
G20,Oil and gas,General Electricity Company of Libya,14.165
G20,Oil and gas,Unknown,14.128182206394696
G20,Oil and gas,Berkshire Hathaway Inc,13.950218000000001
G20,Oil and gas,Others,1163.930768129625
G20,Utility-scale solar,Unknown,306.5357430703956
G20,Utility-scale solar,NextEra Energy Inc,12.8972
G20,Utility-scale solar,Tianjin China Green Power Investment Co Ltd,10.390031452922077
G20,Utility-scale solar,Adani Group,8.378303084415585
G20,Utility-scale solar,China Three Gorges Renewables (Group) Co Ltd,6.648344547483767
G20,Utility-scale solar,ReNew Power,5.600667613636364
G20,Utility-scale solar,China Nuclear Huineng Co Ltd,5.3959863920454545
G20,Utility-scale solar,Huadian New Energy Group Co Ltd,5.293055355174514
G20,Utility-scale solar,Florida Power & Light Co,5.052
G20,Utility-scale solar,ACWA Power Co,5.048829714285715
G20,Utility-scale solar,China Three Gorges New Energy (Group) Co Ltd,4.685908537743507
G20,Utility-scale solar,China Huaneng Group Co Ltd,4.4802497562905845
G20,Utility-scale solar,Enel Green Power SpA,4.293991214533401
G20,Utility-scale solar,ENGIE SA,3.859235444172527
G20,Utility-scale solar,China Power International Development Co Ltd,3.7431498599837663
G20,Utility-scale solar,Water and Electricity Holding CO (Badeel),3.73190625
G20,Utility-scale solar,Duke Energy Corp,3.718644117647059
G20,Utility-scale solar,NTPC Ltd,3.6377877499999998
G20,Utility-scale solar,Huaneng Power International Inc,3.579625812195617
G20,Utility-scale solar,State Power Investment Corp Ltd,3.4748638315746754
G20,Utility-scale solar,China Resources Power New Energy Investment Co Ltd,3.4007278003246757
G20,Utility-scale solar,Others,694.1114647893564
G20,Wind,Unknown,257.86798500000003
G20,Wind,NextEra Energy Inc,25.1384
G20,Wind,EDF Renewables,11.756421999999999
G20,Wind,Enel Green Power SpA,10.81591
G20,Wind,EDPR Renewable Energy Sources of Greece 1 Sole Proprietorship,9.35811
G20,Wind,Avangrid Renewables,8.0938
G20,Wind,China Longyuan Power Group Corp Ltd,8.0109
G20,Wind,Iberdrola Renovables Energia SA,7.80076
G20,Wind,Ørsted A/S,7.694210000000001
G20,Wind,MidAmerican Energy Co,7.4865
G20,Wind,Acciona Energía SAU,6.15805
G20,Wind,China Guangdong Nuclear Wind Energy Ltd,5.7200299999999995
G20,Wind,RWE Renewables,5.61995
G20,Wind,Vattenfall AB,5.287846666666666
G20,Wind,ENGIE SA,5.275216666666667
G20,Wind,Pattern Energy,4.701899999999999
G20,Wind,Invenergy LLC,4.674060000000001
G20,Wind,Xcel Energy Inc,4.4685
G20,Wind,AES Corp,4.3978
G20,Wind,RWE AG,4.27764
G20,Wind,Xinjiang Huadian Tianshan Power Generation Co Ltd,4.2
G20,Wind,Others,681.2671006666667
OECD,Bioenergy,Unknown,2.8779698333333337
OECD,Bioenergy,Drax Group PLC,2.58
OECD,Bioenergy,Ørsted A/S,1.402
OECD,Bioenergy,International Paper Co,1.3088
OECD,Bioenergy,Stora Enso Oyj,0.9217653636363636
OECD,Bioenergy,Paper Excellence BV,0.88
OECD,Bioenergy,Korea Electric Power Corp,0.7851099999999999
OECD,Bioenergy,Energetický a průmyslový holding AS,0.6635
OECD,Bioenergy,RWE AG,0.593
OECD,Bioenergy,Empresas Copec SA,0.579
OECD,Bioenergy,Koch Industries Inc,0.5592
OECD,Bioenergy,EQT AB,0.5561666666666666
OECD,Bioenergy,Westrock Co,0.533
OECD,Bioenergy,E.ON SE,0.46153
OECD,Bioenergy,UPM-Kymmene Oyj,0.4598773636363636
OECD,Bioenergy,Veolia Environnement SA,0.45868899999999996
OECD,Bioenergy,Wheelabrator Technologies Holdings Inc,0.439
OECD,Bioenergy,Metsäliitto Cooperative,0.35735666666666666
OECD,Bioenergy,Mälarenergi AB,0.356
OECD,Bioenergy,Mercer International Inc,0.3435
OECD,Bioenergy,Södra Skogsägarna Ek For,0.3311
OECD,Bioenergy,Others,27.6817305060606
OECD,Coal,Korea Electric Power Corp,34.1784
OECD,Coal,Duke Energy Corp,15.03077843966034
OECD,Coal,PGE Polska Grupa Energetyczna SA,12.609399999999999
OECD,Coal,American Electric Power Company Inc,10.569397
OECD,Coal,Southern Co,9.777336
OECD,Coal,Vistra Corp,9.0852
OECD,Coal,Electric Power Development Co Ltd,7.8175
OECD,Coal,Berkshire Hathaway Inc,7.612996664535465
OECD,Coal,Tennessee Valley Authority,7.130199999999999
OECD,Coal,RWE AG,7.0648
OECD,Coal,NRG Energy Inc,6.963
OECD,Coal,Tokyo Electric Power Co,6.60355
OECD,Coal,Chubu Electric Power Co Inc,6.523
OECD,Coal,Evergy Inc,6.1233580000000005
OECD,Coal,ENEA SA,5.761
OECD,Coal,Unknown,5.619564781418581
OECD,Coal,EnBW Energie Baden-Württemberg AG,5.590752
OECD,Coal,Comisión Federal de Electricidad EPE,5.378
OECD,Coal,PPL Corp,5.335
OECD,Coal,Tohoku Electric Power Co Inc,5.2250749999999995
OECD,Coal,AGL Energy Ltd,4.88
OECD,Coal,Others,225.5384979143856
OECD,Geothermal,Calpine Corp,1.163
OECD,Geothermal,Unknown,0.9768
OECD,Geothermal,Comision Federal De Electricidad,0.915
OECD,Geothermal,Ormat Technology Inc,0.78
OECD,Geothermal,Contact Energy Ltd,0.7795
OECD,Geothermal,Orkuveita Reykjavikur,0.423
OECD,Geothermal,Enel Green Power,0.4
OECD,Geothermal,CalEnergy Operating Corp,0.381
OECD,Geothermal,Zorlu Enerji,0.306
OECD,Geothermal,Atlantica Sustainable Infrastructure,0.27
OECD,Geothermal,Mogan Enerji Yatirim Holding,0.258
OECD,Geothermal,HS Orka,0.2486
OECD,Geothermal,Mighty River Power,0.204
OECD,Geothermal,Costa Rican Electricity Institute (ICE),0.2
OECD,Geothermal,Geysers Power Co LLC,0.2
OECD,Geothermal,Tohoku Electric Power Co Inc,0.195
OECD,Geothermal,Mercury NZ Ltd,0.18084999999999998
OECD,Geothermal,Kyushu Electric Power Co Inc,0.17
OECD,Geothermal,Turkeler Energy,0.168
OECD,Geothermal,Celikler Holding,0.165
OECD,Geothermal,Landsvirkjun,0.155
OECD,Geothermal,Others,2.14101
OECD,Hydropower,Hydro Quebec,36.791
OECD,Hydropower,US Bureau of Reclamation,14.739
OECD,Hydropower,EDF Energy Ltd,13.702
OECD,Hydropower,Elektrik Üretim AS (EÜAŞ),13.58
OECD,Hydropower,BC Hydro,13.1
OECD,Hydropower,Enel SpA,12.0224
OECD,Hydropower,Comisión Federal de Electricidad EPE,11.577
OECD,Hydropower,Vattenfall AB,10.90308
OECD,Hydropower,Statkraft,10.70417
OECD,Hydropower,Iberdrola SA,10.324
OECD,Hydropower,Tokyo Electric Power Company Holdings INC (TEPCO),8.628
OECD,Hydropower,J-Power,8.252
OECD,Hydropower,Kansai Electric Power Co,7.471
OECD,Hydropower,Verbund Hydro Power GmbH,7.215
OECD,Hydropower,Ontario Power Generation Inc,7.19375
OECD,Hydropower,Manitoba Hydro-Electric Board,5.81725
OECD,Hydropower,Newfoundland and Labrador Hydro,5.469
OECD,Hydropower,US Army Corps of Engineers - Portland District,5.442
OECD,Hydropower,EDP SA,5.182
OECD,Hydropower,Korea Hydro & Nuclear Power (KHNP) Co Ltd,5.103
OECD,Hydropower,Unknown,3.83872
OECD,Hydropower,Others,243.13861
OECD,Nuclear,Electricité de France SA,65.69
OECD,Nuclear,Korea Hydro & Nuclear Power Co,27.071
OECD,Nuclear,Exelon Corp,18.845
OECD,Nuclear,Ontario Power Generation Inc,13.924
OECD,Nuclear,Tennessee Valley Authority,8.624
OECD,Nuclear,Georgia Power Co,6.79
OECD,Nuclear,Kansai Electric Power Co,6.578
OECD,Nuclear,EDF Energy Ltd,6.534
OECD,Nuclear,Duke Energy Corp,5.112
OECD,Nuclear,PSEG Power Inc,5.106
OECD,Nuclear,Arizona Public Service Co,4.242
OECD,Nuclear,CEZ AS,4.164
OECD,Nuclear,Kyushu Electric Power Co Inc,4.14
OECD,Nuclear,Dominion Resources Inc,3.978
OECD,Nuclear,Florida Power & Light Co,3.753
OECD,Nuclear,Progress Energy Carolinas Inc,3.71
OECD,Nuclear,Teollisuuden Voima Oyj,3.56
OECD,Nuclear,Forsmark Kraftgrupp AB,3.446
OECD,Nuclear,Constellation Energy Corp,2.708
OECD,Nuclear,PPL CORP (former Pennsylvania Power & Light CO (PP&L)),2.66
OECD,Nuclear,Others,66.934
OECD,Oil and gas,Constellation Energy Corp,33.7769024
OECD,Oil and gas,NextEra Energy Inc,28.2269
OECD,Oil and gas,Vistra Corp,27.546
OECD,Oil and gas,Chubu Electric Power Co Inc,26.67315678754579
OECD,Oil and gas,Tokyo Electric Power Co,26.491756787545786
OECD,Oil and gas,Southern Co,25.3291505
OECD,Oil and gas,Duke Energy Corp,24.820249500000003
OECD,Oil and gas,Comisión Federal de Electricidad EPE,24.804299999999998
OECD,Oil and gas,Korea Electric Power Corp,22.215
OECD,Oil and gas,Entergy Corp,20.5835
OECD,Oil and gas,RWE AG,15.73518
OECD,Oil and gas,LS Power Development LLC,14.9275
OECD,Oil and gas,Berkshire Hathaway Inc,13.950218000000001
OECD,Oil and gas,Tennessee Valley Authority,13.8497
OECD,Oil and gas,ENGIE SA,13.582066888888889
OECD,Oil and gas,Energetický a průmyslový holding AS,12.151001
OECD,Oil and gas,Dominion Energy Inc,12.078
OECD,Oil and gas,Kansai Electric Power Co,11.032320000000002
OECD,Oil and gas,Xcel Energy Inc,10.2834
OECD,Oil and gas,Uniper SE,10.031492
OECD,Oil and gas,Unknown,6.6640798355555555
OECD,Oil and gas,Others,687.7552176004641
OECD,Utility-scale solar,Unknown,165.6951423030495
OECD,Utility-scale solar,NextEra Energy Inc,12.8972
OECD,Utility-scale solar,Florida Power & Light Co,5.052
OECD,Utility-scale solar,Duke Energy Corp,3.718644117647059
OECD,Utility-scale solar,ENGIE SA,3.715360641142224
OECD,Utility-scale solar,Invenergy LLC,3.13602
OECD,Utility-scale solar,Consolidated Edison Development Inc.,3.1311999999999998
OECD,Utility-scale solar,Enel Green Power SpA,3.0049933158979236
OECD,Utility-scale solar,Dominion Energy Inc,2.972885294117647
OECD,Utility-scale solar,Iberdrola SA,2.8710250592139235
OECD,Utility-scale solar,EDF Renewables,2.808129913580247
OECD,Utility-scale solar,AES Corp,2.6948062666666663
OECD,Utility-scale solar,Clearway Energy Group LLC,2.642755
OECD,Utility-scale solar,DE Shaw Renewable Investments (DESRI),2.4539
OECD,Utility-scale solar,EDPR Renewable Energy Sources of Greece 1 Sole Proprietorship,2.345676043646609
OECD,Utility-scale solar,Lightsource BP,2.334189
OECD,Utility-scale solar,Intersect Power,2.328827450980392
OECD,Utility-scale solar,Ørsted A/S,2.098
OECD,Utility-scale solar,Neoen SA,2.0840500000000004
OECD,Utility-scale solar,Silicon Ranch Corp,2.0793000000000004
OECD,Utility-scale solar,National Grid Renewables,1.667
OECD,Utility-scale solar,Others,162.72433061622718
OECD,Wind,Unknown,55.52275
OECD,Wind,NextEra Energy Inc,25.1384
OECD,Wind,Enel Green Power SpA,10.480043333333333
OECD,Wind,EDPR Renewable Energy Sources of Greece 1 Sole Proprietorship,9.39471
OECD,Wind,EDF Renewables,9.36009
OECD,Wind,Avangrid Renewables,8.0938
OECD,Wind,Iberdrola Renovables Energia SA,7.80076
OECD,Wind,Ørsted A/S,7.694210000000001
OECD,Wind,MidAmerican Energy Co,7.4865
OECD,Wind,Acciona Energía SAU,6.39105
OECD,Wind,RWE Renewables,5.61995
OECD,Wind,Vattenfall AB,5.287846666666666
OECD,Wind,Pattern Energy,4.759399999999999
OECD,Wind,Invenergy LLC,4.674060000000001
OECD,Wind,Xcel Energy Inc,4.4685
OECD,Wind,RWE AG,4.27764
OECD,Wind,ENGIE SA,4.112966666666666
OECD,Wind,Duke Energy Corp,3.30392
OECD,Wind,Clearway Energy Group LLC,2.9148333333333336
OECD,Wind,WPD AG,2.6929
OECD,Wind,Acciona SA,2.64238
OECD,Wind,Others,267.182116
African Union,Bioenergy,Unknown,0.2517
African Union,Bioenergy,Ethiopian Sugar Industry Group,0.136
African Union,Bioenergy,Sappi Ltd,0.1245
African Union,Bioenergy,Associated British Foods PLC,0.0923
African Union,Bioenergy,Tongaat Hulett Ltd,0.0777
African Union,Bioenergy,Government of Ethiopia,0.062
African Union,Bioenergy,Remgro Ltd,0.0544
African Union,Bioenergy,Sarrai Group Ltd,0.0517
African Union,Bioenergy,Alteo Ltd,0.041
African Union,Bioenergy,Compagnie Sucriere Senegalaise SA,0.04
African Union,Bioenergy,Institute for the Management of State Assets and Shareholdings,0.04
African Union,Bioenergy,Odebrecht Engenharia e Construção SA,0.04
African Union,Bioenergy,Zambia Sugar Co,0.04
African Union,Bioenergy,Hippo Valley Estates Ltd,0.039
African Union,Bioenergy,Triangle Pvt Ltd,0.035
African Union,Bioenergy,Government of Sudan,0.0334
African Union,Bioenergy,East African Holdings Ltd,0.03
African Union,Bioenergy,Kuwait Investment Authority,0.02896
African Union,Bioenergy,Ethiopian Electric Power Corp,0.025
African Union,Bioenergy,Montigny Investments Ltd,0.025
African Union,Bioenergy,Brown & Company PLC,0.024031999999999998
African Union,Bioenergy,Others,0.14234
African Union,Coal,Eskom Holdings SOC Ltd,44.531800000000004
African Union,Coal,TAQA Morocco SA,2.056
African Union,Coal,ZESA Holdings Ltd,1.59
African Union,Coal,Botswana Power Corp,0.732
African Union,Coal,Nareva Holding SA,0.702702
African Union,Coal,Office National de l'Electricité et de l'Eau Potable (Morocco),0.475
African Union,Coal,Mitsui & Co Ltd,0.4158
African Union,Coal,Dangote Industries Ltd,0.3745
African Union,Coal,ENGIE SA,0.267498
African Union,Coal,Anergi Power Holdings Ltd,0.21
African Union,Coal,Nava Ltd,0.195
African Union,Coal,Power Construction Corporation of China Ltd,0.175
African Union,Coal,Namibia Power Corp Ltd,0.12
African Union,Coal,ZCCM Investments Holdings PLC,0.105
African Union,Coal,Zhongjin Heli Energy Pvt Ltd,0.1
African Union,Coal,Mondi PLC,0.0723
African Union,Coal,Sumitomo Corp,0.06503999999999999
African Union,Coal,Omnicane Ltd,0.057
African Union,Coal,Korea Mine Rehabilitation & Mineral Resources Corp,0.05496
African Union,Coal,Unknown,0.04795
African Union,Coal,Development Bank of Southern Africa Ltd,0.042
African Union,Coal,Others,0.5407700000000001
African Union,Geothermal,Kenya Electricity Generating Company PLC,0.6345
African Union,Geothermal,Ormat Technology Inc,0.147
African Union,Geothermal,Geothermal Development Company (GDC),0.07
African Union,Hydropower,Ethiopian Electric Power Corp,9.201
African Union,Hydropower,ZESCO Ltd,4.038
African Union,Hydropower,PRODEL,3.47
African Union,Hydropower,Egyptian Electricity Holding Co,2.842
African Union,Hydropower,Eskom,2.774
African Union,Hydropower,Tanzania Electric Supply Company Ltd,2.643
African Union,Hydropower,Societe Nationale d'Electricite (SNEL),2.476
African Union,Hydropower,Mainstream Energy Solutions Ltd,2.038
African Union,Hydropower,Electricidade de Moçambique EP,2.005
African Union,Hydropower,Ministry of Irrigation and Water Resources,1.882
African Union,Hydropower,Office National de L'Electricite de L'Eau Potable,1.745
African Union,Hydropower,Unknown,1.5274400000000001
African Union,Hydropower,Volta River Authority,1.18
African Union,Hydropower,Uganda Electricity Generation Company LTD (UEGCL),1.163
African Union,Hydropower,Kenya Electricity Generating Company PLC,0.722
African Union,Hydropower,North South Power,0.6
African Union,Hydropower,South African Department of Water and Sanitation,0.6
African Union,Hydropower,ERANOVE,0.50544
African Union,Hydropower,Electricite De Guinee SA,0.42710000000000004
African Union,Hydropower,Bui Power Authority (BPA),0.404
African Union,Hydropower,Electricity Generation Co (Malawi) Ltd,0.351
African Union,Hydropower,Others,4.63307
African Union,Nuclear,Eskom,1.94
African Union,Oil and gas,Egyptian Electricity Holding Co,51.3113
African Union,Oil and gas,Sonelgaz SpA,22.736099999999997
African Union,Oil and gas,General Electricity Company of Libya,14.165
African Union,Oil and gas,Tunisian Company of Electricity and Gas,5.491
African Union,Oil and gas,Niger Delta Power Holding Co,3.709
African Union,Oil and gas,Unknown,2.683472
African Union,Oil and gas,Sonatrach SpA,2.50473
African Union,Oil and gas,Eskom Holdings SOC Ltd,2.4203
African Union,Oil and gas,Office National de l'Electricité et de l'Eau Potable (Morocco),1.573
African Union,Oil and gas,Shariket Kahraba Terga SpA,1.2
African Union,Oil and gas,Sudanese Thermal Power Generating Company Ltd,1.0439
African Union,Oil and gas,Karadeniz Holding AŞ,0.996
African Union,Oil and gas,KEPCO Energy Resources Ltd,0.924
African Union,Oil and gas,Sonagás,0.72
African Union,Oil and gas,CGN Energy International Holding Co,0.6826
African Union,Oil and gas,Creditas BV,0.6826
African Union,Oil and gas,Transnational Corporation PLC,0.67626
African Union,Oil and gas,British International Investment PLC,0.64052
African Union,Oil and gas,Algerian Utilities International Ltd,0.6257699999999999
African Union,Oil and gas,Volta River Authority,0.574
African Union,Oil and gas,Dangote Industries Ltd,0.57
African Union,Oil and gas,Others,19.407822
African Union,Utility-scale solar,Unknown,2.120864569084629
African Union,Utility-scale solar,Scatec ASA,0.7788691961139896
African Union,Utility-scale solar,ACWA Power Co,0.7173974999999999
African Union,Utility-scale solar,AMEA Power,0.651032
African Union,Utility-scale solar,New and Renewable Energy Authority,0.5801911278195488
African Union,Utility-scale solar,H1 Holdings Pty Ltd,0.42096216666666664
African Union,Utility-scale solar,SOLA Group,0.39071999999999996
African Union,Utility-scale solar,Sun Africa LLC,0.307545
African Union,Utility-scale solar,Enel Green Power SpA,0.30050399999999994
African Union,Utility-scale solar,Globeleq Africa Investments Ltd,0.27062677777777777
African Union,Utility-scale solar,TotalEnergies SE,0.24318575
African Union,Utility-scale solar,General Electricity Company of Libya,0.22765625
African Union,Utility-scale solar,Solar Capital,0.22707
African Union,Utility-scale solar,Shariket Kahraba wa Taket Moutadjadida SPA (SKTM),0.22190125
African Union,Utility-scale solar,Alcazar Energy,0.19488
African Union,Utility-scale solar,ENGIE SA,0.18736000000000003
African Union,Utility-scale solar,OCP Group,0.17574
African Union,Utility-scale solar,SENER,0.175
African Union,Utility-scale solar,Harmony Gold Mining Co Ltd,0.15534092592592594
African Union,Utility-scale solar,Infinity Energy SAE,0.13632
African Union,Utility-scale solar,Tanzania Electric Supply Company Ltd,0.1305
African Union,Utility-scale solar,Others,6.058437861399613
African Union,Wind,New and Renewable Energy Authority,1.378
African Union,Wind,Unknown,1.343
African Union,Wind,Office National de l'Electricité et de l'Eau Potable (Morocco),1.262
African Union,Wind,Lekela Power,1.158
African Union,Wind,Enel Green Power SpA,0.677
African Union,Wind,Ethiopian Electric Power Corp,0.664
African Union,Wind,Moroccan Wind Energy Company (EEM),0.655
African Union,Wind,AMEA Power,0.502
African Union,Wind,ENGIE SA,0.35225
African Union,Wind,Tunisian Company of Electricity and Gas,0.253
African Union,Wind,Eurus Energy Holdings Corp,0.22825
African Union,Wind,Orascom Construction PLC,0.22825
African Union,Wind,Toyota Tsusho Corp,0.22825
African Union,Wind,EDF Renewables,0.199
African Union,Wind,Globeleq Africa Investments Ltd,0.1515
African Union,Wind,Kenya Craftskills Energy International Ltd,0.15
African Union,Wind,Red Rocket South Africa Pty Ltd,0.147
African Union,Wind,Cookhouse Wind Farm,0.139
African Union,Wind,DLO Energy Resources Group,0.139
African Union,Wind,Cennergi Pty Ltd,0.134
African Union,Wind,Mauritanian Electricity Co,0.13
African Union,Wind,Others,1.8521000000000003
Afghanistan,Hydropower,Da Afghanistan Breshna Sherkat,0.152
Afghanistan,Hydropower,Ministry of Energy and Water (Afghanistan),0.094
Afghanistan,Hydropower,Ministry of Water & Power Afghanistan,0.066
Afghanistan,Hydropower,Ministry of Water Resources Government of India,0.042
Afghanistan,Oil and gas,Ministry of Energy and Water (Afghanistan),0.1216
Afghanistan,Oil and gas,United States Agency for International Development,0.105
Afghanistan,Oil and gas,Bayat Group,0.04
Afghanistan,Utility-scale solar,77 Construction Contracting & Trading Co,0.03201110204081632
Afghanistan,Utility-scale solar,Unknown,0.028399999999999998
Afghanistan,Utility-scale solar,Zularistan Ltd,0.01044
Afghanistan,Utility-scale solar,Dynasty Oil & Gas PVT LTD (DYNASTY),0.009461009667024704
Albania,Hydropower,KESH,1.35
Albania,Hydropower,Statkraft,0.197
Albania,Hydropower,Ayen Enerji AŞ,0.106
Albania,Hydropower,Statkraft AS,0.072
Albania,Hydropower,EVN AG,0.0225
Albania,Hydropower,Verbund AG,0.0225
Albania,Utility-scale solar,Voltalia SA,0.12179999999999999
Albania,Utility-scale solar,Unknown,0.07596
Albania,Utility-scale solar,Blessed Investment Group,0.02523
Albania,Utility-scale solar,Matrix Konstruksion,0.02523
Albania,Utility-scale solar,Info-Telecom,0.022544549076421585
Albania,Utility-scale solar,Favina Group,0.019017819630568634
Albania,Utility-scale solar,M&K Energy Trading,0.019017819630568634
Albania,Utility-scale solar,KESH,0.011632987323433538
Algeria,Hydropower,Sonelgaz SpA,0.196
Algeria,Oil and gas,Sonelgaz SpA,22.736099999999997
Algeria,Oil and gas,Sonatrach SpA,2.50473
Algeria,Oil and gas,Shariket Kahraba Terga SpA,1.2
Algeria,Oil and gas,Algerian Utilities International Ltd,0.6257699999999999
Algeria,Oil and gas,Shariket Kahraba Berrouaghia SpA,0.489
Algeria,Oil and gas,Unknown,0.025
Algeria,Utility-scale solar,Shariket Kahraba wa Taket Moutadjadida SPA (SKTM),0.22190125
Algeria,Utility-scale solar,Unknown,0.11673333333333333
Algeria,Utility-scale solar,Sonelgaz SpA,0.054700000000000006
Algeria,Utility-scale solar,Sonatrach SpA,0.013333333333333334
Algeria,Utility-scale solar,New Energy Algeria (NEAL),0.01
Algeria,Utility-scale solar,Eni SpA,0.0033333333333333335
Algeria,Wind,Shariket Kahraba wa Taket Moutadjadida SPA (SKTM),0.01
Andorra,Bioenergy,Forces Electriques d'Andorra SA,0.018
Andorra,Hydropower,Unknown,0.045
Andorra,Utility-scale solar,Unknown,0.0033
Angola,Bioenergy,Institute for the Management of State Assets and Shareholdings,0.04
Angola,Bioenergy,Odebrecht Engenharia e Construção SA,0.04
Angola,Bioenergy,Unknown,0.014
Angola,Bioenergy,Sonangol EP,0.006
Angola,Hydropower,PRODEL,3.47
Angola,Hydropower,Elecnor SA,0.06
Angola,Hydropower,Empresa Nacional de Electricidade,0.05
Angola,Hydropower,Public Electricity Production Co,0.04
Angola,Hydropower,Unknown,0.034
Angola,Oil and gas,Sonagás,0.72
Angola,Oil and gas,Unknown,0.125
Angola,Oil and gas,Public Electricity Production Co,0.084
Angola,Utility-scale solar,Sun Africa LLC,0.307545
Angola,Utility-scale solar,Angolan Ministry of Energy and Water,0.08352
Angola,Utility-scale solar,Unknown,0.023399999999999997
Angola,Utility-scale solar,MCA Group,0.022208066666666665
Angola,Utility-scale solar,Solenova,0.02175
Angola,Utility-scale solar,TotalEnergies SE,0.0155295
Angola,Utility-scale solar,Sonangol EP,0.009134999999999999
Angola,Utility-scale solar,Etablissements Maurel & Prom SA,0.0057855
Angola,Wind,Unknown,0.05
Anguilla,Utility-scale solar,Unknown,0.0012
Antigua and Barbuda,Utility-scale solar,Unknown,0.010299999999999998
Argentina,Bioenergy,Empresas Copec SA,0.08068800000000001
Argentina,Bioenergy,Fuentes Renovables de Energía SA,0.08
Argentina,Bioenergy,Seaboard Corp,0.04
Argentina,Bioenergy,Dynamotive Energy Systems Corp,0.018
Argentina,Bioenergy,Lorenzati Ruetsch y Cia SA,0.01
Argentina,Bioenergy,small shareholder(s),0.0013120000000000002
Argentina,Coal,small shareholder(s),0.4526223776223776
Argentina,Coal,The Vanguard Group Inc,0.04562937062937063
Argentina,Coal,Blackrock Advisors LLC,0.026748251748251746
Argentina,Hydropower,Entidad Binacional Yacyreta (EBY),1.55
Argentina,Hydropower,Sociedad Energía Sadesa Central Puerto,1.424
Argentina,Hydropower,Enel Generación,1.328
Argentina,Hydropower,AES Energía,1.144
Argentina,Hydropower,Comisión Técnica Mixta (CTM),0.945
Argentina,Hydropower,Pampa Energia SA,0.916
Argentina,Hydropower,Empresa Provincial de Energía de Córdoba (EPEC),0.809
Argentina,Hydropower,Orazul Energy Corp,0.486
Argentina,Hydropower,Aluar Aluminio Argentino SAIC,0.2832
Argentina,Hydropower,Energía Provincial Sociedad del Estado (EPSE),0.235
Argentina,Hydropower,Unknown,0.231
Argentina,Hydropower,Energía de Misiones SA (EMSA),0.12
Argentina,Hydropower,Hidroelectrica Ameghino,0.06
Argentina,Hydropower,Provincia de San Juan,0.042
Argentina,Hydropower,Empresa Provincial de Energia de Cordoba,0.038
Argentina,Hydropower,Hidrocuyo SA,0.03
Argentina,Hydropower,Provincia de Mendoza,0.03
Argentina,Nuclear,Nucleoelectrica Argentina SA,1.763
Argentina,Oil and gas,Central Puerto SA,5.904426
Argentina,Oil and gas,Pampa Energia SA,3.6967280000000002
Argentina,Oil and gas,YPF SA,2.0483249999999997
Argentina,Oil and gas,Grupo Albanesi,1.6049
Argentina,Oil and gas,AES Corp,1.483456
Argentina,Oil and gas,Government of Argentina,1.1359260000000002
Argentina,Oil and gas,Unknown,0.7581199999999999
Argentina,Oil and gas,General Electric Co,0.682775
Argentina,Oil and gas,Capex SA,0.672
Argentina,Oil and gas,AES Andes SA,0.643
Argentina,Oil and gas,Aluar Aluminio Argentino SAIC,0.585
Argentina,Oil and gas,MSU Energy Holding Ltd,0.56475
Argentina,Oil and gas,Scc Power Parent Ltd,0.5375
Argentina,Oil and gas,Empresa Provincial de Energia de Cordoba,0.466
Argentina,Oil and gas,Province of Buenos Aires,0.31779
Argentina,Oil and gas,BC Energy Investments Corp,0.2522
Argentina,Oil and gas,BP PLC,0.2522
Argentina,Oil and gas,Industrias Juan F. Secco SA,0.195
Argentina,Oil and gas,Tenaris SA,0.163
Argentina,Oil and gas,Grupo Taselli,0.14
Argentina,Oil and gas,General De Equipos de Colombia SA,0.12
Argentina,Oil and gas,Others,0.536196
Argentina,Utility-scale solar,Genneia SA,0.6673526086956522
Argentina,Utility-scale solar,MSU Green Energy,0.3153521739130435
Argentina,Utility-scale solar,Jujuy Energía y Minería Sociedad Estado (JEMSE),0.27404999999999996
Argentina,Utility-scale solar,Unknown,0.2576585434782609
Argentina,Utility-scale solar,360 Energy SA,0.20402217391304348
Argentina,Utility-scale solar,YPF Luz SA,0.1946304347826087
Argentina,Utility-scale solar,Neoen SA,0.18096
Argentina,Utility-scale solar,Ganfeng Lithium Group,0.11355652173913044
Argentina,Utility-scale solar,Central Puerto SA,0.10179
Argentina,Utility-scale solar,Empresa Mendocina de Energía (EMESA),0.0946304347826087
Argentina,Utility-scale solar,Canadian Solar,0.087
Argentina,Utility-scale solar,JinkoSolar Co Ltd,0.08004
Argentina,Utility-scale solar,Agro Industrias Baires SA,0.03785217391304348
Argentina,Utility-scale solar,Total Eren SA,0.0261
Argentina,Utility-scale solar,Diaser SA,0.022
Argentina,Utility-scale solar,Hanz Energy,0.02
Argentina,Utility-scale solar,Coral Consultoría en Energía SA,0.01892608695652174
Argentina,Utility-scale solar,Industrias Juan F. Secco SA,0.017506630434782608
Argentina,Utility-scale solar,Solargen Ullum SA,0.012775108695652172
Argentina,Utility-scale solar,Eternum Energy SA,0.01044
Argentina,Utility-scale solar,Cementos Avellaneda SA,0.010409347826086957
Argentina,Utility-scale solar,Others,0.017033478260869563
Argentina,Wind,Genneia SA,0.9445
Argentina,Wind,YPF Energía Eléctrica SA,0.552
Argentina,Wind,Pampa Energia SA,0.5267999999999999
Argentina,Wind,PCR SA,0.45375
Argentina,Wind,Central Puerto SA,0.451
Argentina,Wind,Isolux LLC,0.304
Argentina,Wind,Unknown,0.2782
Argentina,Wind,AES Corp,0.24980000000000002
Argentina,Wind,Aluar Aluminio Argentino SAIC,0.24580000000000002
Argentina,Wind,Parque Eólico Arauco SAPEM,0.1494
Argentina,Wind,Total Eren SA,0.11402
Argentina,Wind,Tenaris SA,0.103
Argentina,Wind,Eipor SA,0.1
Argentina,Wind,Goldwin,0.1
Argentina,Wind,Envision Energy,0.06
Argentina,Wind,Eolia Renovables SA (EOLIASUR),0.05
Argentina,Wind,Nordex,0.05
Argentina,Wind,Grupo Frali,0.04
Argentina,Wind,Acindar Industria Argentina de Aceros SA,0.03825
Argentina,Wind,ArcelorMittal SA,0.036
Argentina,Wind,Hychico,0.0343
Argentina,Wind,Others,0.09897999999999998
Armenia,Hydropower,International Power CORP CJSC,0.407
Armenia,Hydropower,ContourGlobal Ltd,0.404
Armenia,Hydropower,International Energy Corporation,0.149
Armenia,Nuclear,Ministry Of Territorial Administration And Infrastructure,0.448
Armenia,Oil and gas,Tashir Group,0.631
Armenia,Oil and gas,Yerevan Thermal Power Plant CJSC,0.242
Armenia,Oil and gas,Renco SpA,0.1143
Armenia,Oil and gas,Siemens AG,0.10160000000000001
Armenia,Oil and gas,Simest SpA,0.0381
Armenia,Utility-scale solar,Unknown,0.26309957142857143
Australia,Bioenergy,Wilmar International Ltd,0.205
Australia,Bioenergy,Capital Dynamics Holding AG,0.068
Australia,Bioenergy,Unknown,0.03784
Australia,Bioenergy,National Power Pty Ltd,0.03
Australia,Bioenergy,Nordzucker Holding AG,0.02976
Australia,Bioenergy,Advanced Energies Group Pty Ltd,0.024
Australia,Bioenergy,CK Asset Holdings Ltd,0.014333333333333333
Australia,Bioenergy,CK Infrastructure Holdings Ltd,0.014333333333333333
Australia,Bioenergy,Power Assets Holdings Ltd,0.014333333333333333
Australia,Bioenergy,Union-Zucker Südhannover GmbH,0.00916
Australia,Bioenergy,Cleanaway Waste Management Ltd,0.00888
Australia,Bioenergy,Société Financière Des Sucres SA,0.007
Australia,Coal,AGL Energy Ltd,4.88
Australia,Coal,Stanwell Corp Ltd,3.305
Australia,Coal,Origin Energy Ltd,2.88
Australia,Coal,CLP Holdings Ltd,2.87
Australia,Coal,CS Energy Ltd,1.91
Australia,Coal,Indenelem establishment,1.78
Australia,Coal,Sembcorp Industries Ltd,1.026
Australia,Coal,Electricity Retail and Generation Corp,0.804
Australia,Coal,Rio Tinto Ltd,0.70728
Australia,Coal,NRG Energy Inc,0.63
Australia,Coal,China Huaneng Group Co Ltd,0.44
Australia,Coal,Creditas BV,0.44
Australia,Coal,Kansai Electric Power Co,0.233
Australia,Coal,Sumitomo Corp,0.233
Australia,Coal,SLMA GPS Pty Ltd,0.1428
Australia,Coal,South32 Ltd,0.12728
Australia,Coal,Ryowa II GPS Pty Ltd,0.11928
Australia,Coal,small shareholder(s),0.08656
Australia,Coal,Japan Alumina Associates (Australia) Pty Ltd,0.0148
Australia,Hydropower,Snowy Hydro Ltd,4.057
Australia,Hydropower,Hydro-Electric Corp,2.308
Australia,Hydropower,CleanCo Queensland Ltd,0.658
Australia,Hydropower,AGL Energy Ltd,0.51
Australia,Hydropower,Origin Energy Ltd,0.24
Australia,Hydropower,Murray-Darling Basin Authority,0.18
Australia,Hydropower,Unknown,0.1
Australia,Hydropower,Stanwell Corp Ltd,0.06
Australia,Hydropower,Meridian Energy,0.058
Australia,Hydropower,Pacific Hydro,0.03
Australia,Oil and gas,Origin Energy Ltd,2.838375
Australia,Oil and gas,CLP Holdings Ltd,1.98
Australia,Oil and gas,Snowy Hydro Ltd,1.8268
Australia,Oil and gas,Chow Tai Fook Enterprises Ltd,1.533
Australia,Oil and gas,AGL Energy Ltd,1.278
Australia,Oil and gas,Shell PLC,1.223
Australia,Oil and gas,Electricity Retail and Generation Corp,0.7965
Australia,Oil and gas,TransAlta Corp,0.599
Australia,Oil and gas,APA Group,0.5893999999999999
Australia,Oil and gas,RATCH Group PCL,0.5877
Australia,Oil and gas,Rio Tinto Ltd,0.496
Australia,Oil and gas,Power Generation Corp,0.472
Australia,Oil and gas,CITIC Ltd,0.456
Australia,Oil and gas,Hydro-Electric Corp,0.388
Australia,Oil and gas,CleanCo Queensland Ltd,0.385
Australia,Oil and gas,Engie Services Australia & New Zealand Pty Ltd,0.38088
Australia,Oil and gas,INPEX Corp,0.30478
Australia,Oil and gas,Chevron Corp,0.27906999999999993
Australia,Oil and gas,PetroChina Co Ltd,0.2595
Australia,Oil and gas,Mitsui & Co Ltd,0.25865
Australia,Oil and gas,Unknown,0.1379
Australia,Oil and gas,Others,2.7541550000000004
Australia,Utility-scale solar,Unknown,1.4482327142857143
Australia,Utility-scale solar,Neoen SA,0.9567
Australia,Utility-scale solar,BJCE Australia,0.8921399999999999
Australia,Utility-scale solar,Fotowatio Renewable Ventures (FRV) BV,0.8403999999999999
Australia,Utility-scale solar,Potentia Energy,0.4474903571428571
Australia,Utility-scale solar,UPC/AC Renewables Australia,0.4
Australia,Utility-scale solar,Iberdrola SA,0.32015
Australia,Utility-scale solar,RWE AG,0.30363
Australia,Utility-scale solar,APA Group,0.29669999999999996
Australia,Utility-scale solar,Canadian Solar,0.28971
Australia,Utility-scale solar,BJEI Australia,0.28
Australia,Utility-scale solar,Edify Energy,0.235745
Australia,Utility-scale solar,John Laing Group PLC,0.230721
Australia,Utility-scale solar,Global Power Generation,0.22619999999999998
Australia,Utility-scale solar,Elliot Green Power (EGP),0.21284
Australia,Utility-scale solar,Total Eren SA,0.2
Australia,Utility-scale solar,X-Elio,0.174
Australia,Utility-scale solar,Atmos Renewables,0.172875
Australia,Utility-scale solar,Hana Financial Investment Co Ltd,0.162
Australia,Utility-scale solar,ESCO Pacific,0.16094999999999998
Australia,Utility-scale solar,Wirsol Energy Ltd,0.15416
Australia,Utility-scale solar,Others,4.59980525
Australia,Wind,Unknown,1.6475
Australia,Wind,Acciona SA,1.1741
Australia,Wind,Squadron Energy Pty Ltd,0.885
Australia,Wind,Tilt Renewables Pty Ltd,0.8448
Australia,Wind,RATCH-Australia Corporation Pty Ltd,0.688
Australia,Wind,Neoen SA,0.57
Australia,Wind,Iberdrola Australia Ltd,0.536
Australia,Wind,Naturgy Energy Group SA,0.506
Australia,Wind,Pacific Hydro,0.464
Australia,Wind,Powering Australian Renewables (POWAR),0.45
Australia,Wind,Partners Group Holding AG,0.39
Australia,Wind,Palisade Investment Partners LLC,0.3385
Australia,Wind,Woolnorth Wind Farm Holdings Pty Ltd,0.307
Australia,Wind,Infrastructure Capital Group,0.303
Australia,Wind,Ark Energy,0.2769
Australia,Wind,Beijing Jingneng Clean Energy (Australia) Holding PTY LTD (BJCE),0.276
Australia,Wind,CWP Renewables,0.257
Australia,Wind,OPTrust,0.24
Australia,Wind,Goldwind,0.23720999999999998
Australia,Wind,Renewable Energy Systems (RES),0.222
Australia,Wind,Nebras Power QPSC,0.21629
Australia,Wind,Others,3.4913
Austria,Bioenergy,Unknown,0.037
Austria,Bioenergy,Mondi PLC,0.033
Austria,Bioenergy,Holding Wels GmbH,0.031
Austria,Bioenergy,Smurfit Kappa Group PLC,0.028
Austria,Bioenergy,Wiener Stadtwerke GmbH,0.0245
Austria,Bioenergy,Linz AG,0.018357142857142857
Austria,Bioenergy,Fomento de Construcciones y Contratas SA,0.015
Austria,Bioenergy,Byggma ASA,0.0125
Austria,Bioenergy,Drangsland Kapital AS,0.0125
Austria,Bioenergy,Intertrade Shipping AS,0.0125
Austria,Bioenergy,UBS Europe SE,0.0125
Austria,Bioenergy,Constantia Industries AG,0.01
Austria,Bioenergy,Oberbank AG,0.0013571428571428571
Austria,Bioenergy,OÖ Landesholding GmbH,0.0013571428571428571
Austria,Bioenergy,Raiffeisenlandesbank Oberösterreich AG,0.0013571428571428571
Austria,Bioenergy,TIWAG-Tiroler Wasserkraft AG,0.0013571428571428571
Austria,Bioenergy,Verbund AG,0.0013571428571428571
Austria,Bioenergy,small shareholder(s),0.0013571428571428571
Austria,Hydropower,Verbund Hydro Power GmbH,6.99
Austria,Hydropower,Illwerke vkw,2.34
Austria,Hydropower,Tiroler Wasserkraft AG (TIWAG),1.441
Austria,Hydropower,Verbund AG,0.4373
Austria,Hydropower,KELAG,0.4111
Austria,Hydropower,Energie AG Oberösterreich GmbH,0.2535
Austria,Hydropower,Salzburg AG,0.246
Austria,Hydropower,ÖBB-Infrastruktur AG,0.194
Austria,Hydropower,Unknown,0.17
Austria,Hydropower,Innwerk AG,0.039
Austria,Hydropower,TIWAG-Tiroler Wasserkraft AG,0.038
Austria,Hydropower,Energie AG Oberösterreich Trading GmbH,0.026
Austria,Hydropower,Energie Steiermark AG,0.0035499999999999998
Austria,Hydropower,Wien Energie GmbH,0.0014199999999999998
Austria,Oil and gas,Wiener Stadtwerke GmbH,1.775
Austria,Oil and gas,Verbund AG,1.1062126137335717
Austria,Oil and gas,EVN AG,0.485
Austria,Oil and gas,Linz AG,0.4333413951318143
Austria,Oil and gas,OÖ Landesholding GmbH,0.22479064049722733
Austria,Oil and gas,OMV AG,0.17
Austria,Oil and gas,Voestalpine AG,0.153
Austria,Oil and gas,Heinzel Holding GmbH,0.1
Austria,Oil and gas,Lenzing AG,0.07
Austria,Oil and gas,Sappi Ltd,0.07
Austria,Oil and gas,Raiffeisenlandesbank Oberösterreich AG,0.059745153050542274
Austria,Oil and gas,Metafrax Group,0.041
Austria,Oil and gas,State of Salzburg,0.035712574850299404
Austria,Oil and gas,TIWAG-Tiroler Wasserkraft AG,0.035425729958664096
Austria,Oil and gas,City of Salzburg,0.026239520958083833
Austria,Oil and gas,Oberbank AG,0.022212613733571814
Austria,Oil and gas,small shareholder(s),0.01831975808622515
Austria,Utility-scale solar,Unknown,0.630164
Austria,Utility-scale solar,Energie Burgenland,0.15486000000000003
Austria,Utility-scale solar,Wien Energie Vertrieb GmbH & Co KG,0.02088
Austria,Utility-scale solar,BayWa R.E. AG,0.01044
Austria,Utility-scale solar,EVN Group,0.01044
Austria,Wind,PÜSPÖK Group,0.52
Austria,Wind,Energie Burgenland,0.337
Austria,Wind,EVN Naturkraft Erzeugungsgesellschaft mbH,0.3175
Austria,Wind,Windkraft Simonsfeld AG,0.223
Austria,Wind,Web Windenergie AG,0.1983
Austria,Wind,Energiepark Bruck/Leitha GmbH,0.17
Austria,Wind,Wien Energie Vertrieb GmbH & Co KG,0.1635
Austria,Wind,Energie Burgenland Windkraft GmbH,0.1406
Austria,Wind,Unknown,0.118
Austria,Wind,WindLandKraft GmbH,0.099
Austria,Wind,Verbund AG,0.097
Austria,Wind,Ökoenergie Beteiligungs GmbH,0.071
Austria,Wind,EVN Group,0.0545
Austria,Wind,ContourGlobal Erneuerbare Energie Europa GmbH,0.044649999999999995
Austria,Wind,Österreichische Bundesforste AG,0.042
Austria,Wind,ImWind Erneuerbare Energie GmbH,0.04
Austria,Wind,Energie Steiermark AG,0.039
Austria,Wind,Encavis AG,0.037
Austria,Wind,KELAG,0.036
Austria,Wind,Smart Energy Betriebs GmbH,0.033
Austria,Wind,ImWind,0.032
Austria,Wind,Others,0.27695000000000003
Azerbaijan,Bioenergy,CNIM Groupe SA,0.037
Azerbaijan,Hydropower,AzerEnerji JSC,1.025
Azerbaijan,Hydropower,Artsakh HEK,0.05
Azerbaijan,Hydropower,Unknown,0.025
Azerbaijan,Hydropower,East Azerbaijan Regional Water Authority,0.02
Azerbaijan,Oil and gas,AzerEnerji JSC,7.140899999999999
Azerbaijan,Utility-scale solar,Masdar Clean Energy,0.23
Azerbaijan,Utility-scale solar,Unknown,0.0715
Azerbaijan,Wind,Azerishiq OJSC,0.05
Bahrain,Oil and gas,Aluminium Bahrain BSC,3.9269
Bahrain,Oil and gas,ACWA Power Co,2.1717
Bahrain,Oil and gas,ENGIE SA,0.7780360000000001
Bahrain,Oil and gas,The Electricity and Water Authority,0.7
Bahrain,Oil and gas,Mitsui & Co Ltd,0.45
Bahrain,Oil and gas,Malakoff Corporation Bhd,0.27636
Bahrain,Oil and gas,Gulf Investment Corp,0.23361600000000002
Bahrain,Oil and gas,Sumitomo Corp,0.20727
Bahrain,Oil and gas,Y. K. Almoayyed & Sons BSC,0.14999999999999997
Bahrain,Oil and gas,Social Insurance Organization (Bahrain),0.050868000000000045
Bahrain,Utility-scale solar,Unknown,0.0116
Bangladesh,Bioenergy,Canves Environmental Investment Co Ltd,0.042
Bangladesh,Coal,Coal Power Generation Company Bangladesh Ltd,1.2
Bangladesh,Coal,Bangladesh Power Development Board,1.06
Bangladesh,Coal,S. Alam Cold Rolled Steels Ltd,0.924
Bangladesh,Coal,China General Technology (Group) Holdings Co Ltd,0.66
Bangladesh,Coal,NTPC Ltd,0.66
Bangladesh,Coal,Norinco,0.66
Bangladesh,Coal,North-West Power Generation Co Ltd,0.66
Bangladesh,Coal,Rural Power Company Ltd,0.66
Bangladesh,Coal,Power Construction Corporation of China Ltd,0.6
Bangladesh,Coal,STG Development Group,0.132
Bangladesh,Coal,small shareholder(s),0.014
Bangladesh,Hydropower,Bangladesh Power Development Board (BPDB),0.23
Bangladesh,Oil and gas,Bangladesh Power Development Board,5.2911779999999995
Bangladesh,Oil and gas,Ashuganj Power Station Co Ltd,1.901
Bangladesh,Oil and gas,North-West Power Generation Co Ltd,1.4205
Bangladesh,Oil and gas,Summit Power International Ltd,1.239436
Bangladesh,Oil and gas,Electricity Generation Company of Bangladesh Ltd,0.957
Bangladesh,Oil and gas,Bangla Trac Ltd,0.7491599999999999
Bangladesh,Oil and gas,Rural Power Company Ltd,0.511278
Bangladesh,Oil and gas,United Power Generation & Distribution Company Ltd,0.5024124
Bangladesh,Oil and gas,Summit Power Ltd,0.43850100000000003
Bangladesh,Oil and gas,General Electric Co,0.43516
Bangladesh,Oil and gas,CGN Energy International Holding Co,0.423
Bangladesh,Oil and gas,Sembcorp Industries Ltd,0.414
Bangladesh,Oil and gas,Doreen Power Generations and Systems Ltd,0.408242
Bangladesh,Oil and gas,Aljomaih Holding Co,0.387
Bangladesh,Oil and gas,United Enterprises & Company Ltd,0.3625
Bangladesh,Oil and gas,Desh Energy Ltd,0.32080000000000003
Bangladesh,Oil and gas,Confidence Cement PLC,0.29352300000000003
Bangladesh,Oil and gas,LTL Holdings Pvt Ltd,0.234893
Bangladesh,Oil and gas,Unknown,0.23406760000000001
Bangladesh,Oil and gas,Shapoorji Pallonji And Company Pvt Ltd,0.22
Bangladesh,Oil and gas,Sikder Group,0.21509999999999999
Bangladesh,Oil and gas,Others,3.5842419999999997
Bangladesh,Utility-scale solar,Bangladesh Export Import Co Ltd,0.2
Bangladesh,Utility-scale solar,Beximco Power Co Ltd,0.19140000000000001
Bangladesh,Utility-scale solar,Bangladesh China Renewable Energy Company LTD (BCRECL),0.188884865735768
Bangladesh,Utility-scale solar,Orion Renewable Energy Group LLC,0.11658
Bangladesh,Utility-scale solar,Unknown,0.0735
Bangladesh,Utility-scale solar,Electricity Generation Company of Bangladesh Ltd,0.06525
Bangladesh,Utility-scale solar,China Sunergy Company LTD (ESUN),0.05
Bangladesh,Utility-scale solar,Energon Technologies FZE,0.05
Bangladesh,Utility-scale solar,Jiangsu Zhongtian Technology Co Ltd,0.047850000000000004
Bangladesh,Utility-scale solar,HDFC Sinpower Ltd,0.0435
Bangladesh,Utility-scale solar,Joules Power LTD (JPL),0.02
Bangladesh,Utility-scale solar,Shunfeng Investments Ltd,0.015224999999999999
Bangladesh,Utility-scale solar,Spectra Engineers Ltd,0.015224999999999999
Bangladesh,Utility-scale solar,Intraco Solar Power LTD (ISPL),0.015
Bangladesh,Utility-scale solar,Juli New Energy Co Ltd,0.015
Bangladesh,Wind,US-DK Green Energy (BD) Ltd,0.06
Barbados,Oil and gas,Emera Inc,0.183
Barbados,Utility-scale solar,Unknown,0.0146
Barbados,Utility-scale solar,Barbados Light & Power Co Ltd,0.00959074074074074
Barbados,Wind,Unknown,0.001
Belarus,Hydropower,Vitebskenergo RUE,0.04
Belarus,Nuclear,"Republican Unitary Enterprise ""Belarusian Nuclear Power Plant""",2.388
Belarus,Oil and gas,BelEnergo State Production Association of Power Industry,9.2302
Belarus,Utility-scale solar,United Green,0.109
Belarus,Utility-scale solar,Unknown,0.0985148583690987
Belarus,Utility-scale solar,Belorusneft,0.05115599999999999
Belgium,Bioenergy,Stora Enso Oyj,0.045
Belgium,Bioenergy,I.D.E.A. SC,0.037399999999999996
Belgium,Bioenergy,Association Intercommunale de Traitement des Déchets Liégeois CVBA/SCRL,0.03
Belgium,Bioenergy,Südzucker AG,0.026
Belgium,Bioenergy,Katoen Natie NV,0.02
Belgium,Bioenergy,Veolia Environnement SA,0.02
Belgium,Bioenergy,Holding Gruppo Marchi SpA,0.019257
Belgium,Bioenergy,QR Partners SRL,0.019257
Belgium,Bioenergy,Belfius Bank NV,0.0045
Belgium,Bioenergy,Creadiv NV,0.0045
Belgium,Bioenergy,Efin BV,0.0045
Belgium,Bioenergy,EthiasCo CVBA/SCRL,0.0045
Belgium,Bioenergy,Fineg NV,0.0045
Belgium,Bioenergy,KBC Groep NV,0.0045
Belgium,Bioenergy,Mohawk Industries Inc,0.0045
Belgium,Bioenergy,Nuhma AC NV,0.0045
Belgium,Bioenergy,P&V Insurance CV,0.0045
Belgium,Bioenergy,Vlaamse Energieholding BV,0.0045
Belgium,Bioenergy,small shareholder(s),0.0034860000000000004
Belgium,Hydropower,ENGIE SA,1.164
Belgium,Hydropower,Service Public Wallonie (SPW),0.144
Belgium,Nuclear,Engie Electrabel,2.098
Belgium,Nuclear,Societes Reunies D'Energie Du Bassin De L'Escaut SA,1.09
Belgium,Nuclear,Indivision Doel,0.908
Belgium,Oil and gas,ENGIE SA,3.7549
Belgium,Oil and gas,EDF Belgium SA,0.787528
Belgium,Oil and gas,Tessenderlo Group,0.422
Belgium,Oil and gas,TotalEnergies SE,0.413
Belgium,Oil and gas,Pubilec CVBA/SCRL,0.303072
Belgium,Oil and gas,BASF Antwerpen NV,0.1931
Belgium,Oil and gas,INEOS Ltd,0.138
Belgium,Utility-scale solar,Unknown,0.6335
Belgium,Utility-scale solar,Limburgse investeringsmaatschappij (LRM),0.088025
Belgium,Utility-scale solar,INEOS Ltd,0.05574538618925831
Belgium,Utility-scale solar,Katoen Natie NV,0.0384
Belgium,Utility-scale solar,Pairi Daiza Zoo,0.0348
Belgium,Utility-scale solar,ArcelorMittal SA,0.0087
Belgium,Utility-scale solar,Höganäs Belgium,0.008399999999999998
Belgium,Utility-scale solar,Oceans of Energy,0.002621969309462916
Belgium,Utility-scale solar,Carmeuse,0.0013
Belgium,Utility-scale solar,Integrale Group,0.0013
Belgium,Utility-scale solar,Perpetum Energy,0.0013
Belgium,Utility-scale solar,Group Machiels,0.0010249999999999999
Belgium,Utility-scale solar,Luminus NV/SA,0.0010249999999999999
Belgium,Utility-scale solar,Sibelco,0.0010249999999999999
Belgium,Wind,Eneco,0.822
Belgium,Wind,Aspiravi NV,0.404
Belgium,Wind,EDF Luminus,0.353
Belgium,Wind,C-Power,0.325
Belgium,Wind,Parkwind NV,0.2886
Belgium,Wind,ENGIE SA,0.236
Belgium,Wind,Sumitomo Corp,0.1944
Belgium,Wind,Elico,0.185
Belgium,Wind,Ventis,0.108
Belgium,Wind,NV Wind aan de Stroom,0.083
Belgium,Wind,China General Nuclear Power Group Co Ltd,0.081
Belgium,Wind,Ventient Energy,0.071
Belgium,Wind,Meewind,0.06434999999999999
Belgium,Wind,Elawan Energy SL,0.058
Belgium,Wind,Vleemo NV,0.055
Belgium,Wind,Elicio,0.053
Belgium,Wind,International Car Operators (ICO),0.044
Belgium,Wind,Wind4Wallonia,0.038
Belgium,Wind,Aspiravi Offshore,0.037079999999999995
Belgium,Wind,DEME Group,0.037079999999999995
Belgium,Wind,Others,0.41448
Belize,Bioenergy,American Sugar Refining Inc,0.0275
Belize,Utility-scale solar,Unknown,0.004200000000000001
Benin,Oil and gas,Benpower SA,0.1274
Benin,Utility-scale solar,Eiffage,0.02175
Benin,Utility-scale solar,Unknown,0.0029
Bermuda,Oil and gas,Liberty Group Ltd,0.114
Bermuda,Utility-scale solar,Saturn Power,0.006
Bhutan,Hydropower,Druk Green Power CORP LTD (DGPC),1.6723400000000002
Bhutan,Hydropower,National Hydroelectric Power CORP (NHPC),0.72
Bhutan,Hydropower,Government of Bhutan,0.51
Bhutan,Hydropower,Government of India,0.51
Bhutan,Hydropower,Tata Power Company Ltd,0.03276
Bhutan,Hydropower,National Pension & Provident Fund of Bhutan (NPPF),0.0189
Bhutan,Utility-scale solar,Government of Bhutan,0.015137999999999999
Bolivia,Bioenergy,Empresa Azucarera San Buenaventura,0.03
Bolivia,Bioenergy,Compañía Industrial Azucarera San Aurelio SA,0.003
Bolivia,Geothermal,Unknown,0.005
Bolivia,Hydropower,Empresa Nacional de Electricidad Corp,0.414
Bolivia,Hydropower,Bolivian National Electricity CO (ENDE),0.194
Bolivia,Hydropower,Unknown,0.145
Bolivia,Hydropower,Hidroeléctrica Boliviana SA,0.038
Bolivia,Hydropower,Inkia Energy Ltd,0.034
Bolivia,Oil and gas,Empresa Nacional de Electricidad Corp,1.54178
Bolivia,Oil and gas,Petróleos de Venezuela SA,0.6419199999999999
Bolivia,Oil and gas,Yacimientos Petrolíferos Fiscales Bolivianos Corp,0.14
Bolivia,Oil and gas,Empresa Siderúrgica del Mutún SA,0.108
Bolivia,Utility-scale solar,Bolivian National Electricity CO (ENDE),0.15939305555555555
Bolivia,Utility-scale solar,Unknown,0.0067
Bolivia,Wind,Bolivian National Electricity CO (ENDE),0.135
Bosnia and Herzegovina,Coal,Elektroprivreda BiH dd,1.09
Bosnia and Herzegovina,Coal,Elektroprivreda Republike Srpske AD,0.3
Bosnia and Herzegovina,Coal,Rudnik i Termoelektrana Ugljevik AD,0.3
Bosnia and Herzegovina,Coal,Stanari Investments Ltd,0.3
Bosnia and Herzegovina,Hydropower,Elektroprivreda Hrvatske Zajednice Herceg Bosne (Elektroprivreda HZHB),0.6
Bosnia and Herzegovina,Hydropower,Elektroprivreda Bosne i Hercegovine (EPBiH),0.504
Bosnia and Herzegovina,Hydropower,Elektroprivreda Republike Srpske (ERS),0.42314999999999997
Bosnia and Herzegovina,Hydropower,Elektroprivreda HZHB Mostar dd,0.24
Bosnia and Herzegovina,Hydropower,Unknown,0.12264
Bosnia and Herzegovina,Hydropower,Pension Reserve Fund of the Republic of Srpska,0.06509999999999999
Bosnia and Herzegovina,Hydropower,EFT Group,0.035
Bosnia and Herzegovina,Hydropower,Republic of Srpska Restitution Fund,0.032549999999999996
Bosnia and Herzegovina,Hydropower,Kristal Invest,0.0063
Bosnia and Herzegovina,Utility-scale solar,Unknown,0.3541288772183991
Bosnia and Herzegovina,Utility-scale solar,EFT International Investments Holdings Ltd,0.0522
Bosnia and Herzegovina,Utility-scale solar,Greenstat ASA,0.03915
Bosnia and Herzegovina,Utility-scale solar,Deling Invest,0.032189999999999996
Bosnia and Herzegovina,Utility-scale solar,MET Consulting,0.02436
Bosnia and Herzegovina,Wind,VE Ivovik doo,0.084
Bosnia and Herzegovina,Wind,Elektroprivreda HZHB Mostar dd,0.051
Bosnia and Herzegovina,Wind,Elektroprivreda Bosne i Hercegovine (EPBiH),0.048
Bosnia and Herzegovina,Wind,FL Wind,0.036
Bosnia and Herzegovina,Wind,Interenergo,0.025
Botswana,Coal,Botswana Power Corp,0.732
Botswana,Oil and gas,Botswana Power Corp,0.07
Botswana,Utility-scale solar,Scatec ASA,0.1044
Botswana,Utility-scale solar,Unknown,0.0144
Brazil,Bioenergy,Suzano SA,1.6085
Brazil,Bioenergy,Raizen SA,1.2485
Brazil,Bioenergy,Klabin SA,0.785
Brazil,Bioenergy,Royal Golden Eagle Pte Ltd,0.569
Brazil,Bioenergy,BP PLC,0.422
Brazil,Bioenergy,Usina Eldorado SA,0.342
Brazil,Bioenergy,São Martinho SA,0.335
Brazil,Bioenergy,Grupo Zilor,0.3128
Brazil,Bioenergy,COFCO International Ltd,0.295
Brazil,Bioenergy,Kieppe Participações e Administração Ltda,0.273
Brazil,Bioenergy,Kieppe Patrimonial SA,0.273
Brazil,Bioenergy,Empresas CMPC SA,0.25
Brazil,Bioenergy,Usina Alto Alegre - Açúcar e Álcool SA,0.2
Brazil,Bioenergy,Cerradinho Participações SA,0.199
Brazil,Bioenergy,Summit Brazil Renewables I LLC,0.196512
Brazil,Bioenergy,Tereos Internacional SA,0.19180499999999998
Brazil,Bioenergy,Adecoagro SA,0.19
Brazil,Bioenergy,KKR & Co. Inc,0.1768
Brazil,Bioenergy,Brookfield Corp,0.175
Brazil,Bioenergy,CPFL Energias Renováveis SA,0.175
Brazil,Bioenergy,Unknown,0.068078
Brazil,Bioenergy,Others,8.92048
Brazil,Coal,Fram Capital Gestão de Ativos SA,1.942
Brazil,Coal,Eneva SA,0.36
Brazil,Coal,J&F Investimentos SA,0.35
Brazil,Coal,Perfin Space X,0.1725
Brazil,Coal,Starboard Asset Ltda,0.1725
Brazil,Hydropower,Eletrobras Furnas,14.95548
Brazil,Hydropower,Norte Energia SA,11.233
Brazil,Hydropower,Companhia Hidro Elétrica do São Francisco SA (CHESF),11.14712
Brazil,Hydropower,Eletrobras Eletronorte,9.16112
Brazil,Hydropower,Engie Brasil Energia SA,8.1889
Brazil,Hydropower,Itaipú Binational,7.0
Brazil,Hydropower,CTG Brasil,6.928
Brazil,Hydropower,Companhia Paranaense de Energia (COPEL),5.04988
Brazil,Hydropower,Companhia Energética de Minas Gerais,2.76966
Brazil,Hydropower,AES Brasil,2.563
Brazil,Hydropower,Neoenergia,1.83971
Brazil,Hydropower,SPIC Brasil SA,1.71
Brazil,Hydropower,Auren Energia SA,1.654
Brazil,Hydropower,EDP Brasil SA,1.38759
Brazil,Hydropower,Votorantim SA,1.2349
Brazil,Hydropower,Enel Green Power,1.083
Brazil,Hydropower,Aliança Energia,1.04412
Brazil,Hydropower,Companhia Estadual De Geração De Energia Elétrica (CEEE),1.00955
Brazil,Hydropower,Eletrobras Eletrosul,0.92787
Brazil,Hydropower,Empresa Metropolitana de Águas e Energia SA,0.889
Brazil,Hydropower,Unknown,0.497
Brazil,Hydropower,Others,10.235520000000001
Brazil,Nuclear,Eletrobras Eletronuclear SA,1.99
Brazil,Oil and gas,Petróleo Brasileiro SA,5.973412000000001
Brazil,Oil and gas,Eneva SA,4.460859
Brazil,Oil and gas,J&F Investimentos SA,3.407408
Brazil,Oil and gas,State Power Investment Corp Ltd,0.9933
Brazil,Oil and gas,Electricité de France SA,0.827
Brazil,Oil and gas,DC Energia e Participações SA,0.6836228951048952
Brazil,Oil and gas,Commandery Participações SA,0.6818192000000001
Brazil,Oil and gas,Karadeniz Holding AŞ,0.5685
Brazil,Oil and gas,Grupo Neoenergia SA,0.533
Brazil,Oil and gas,9 West Finance SARL,0.5041749999999999
Brazil,Oil and gas,BP PLC,0.5041749999999999
Brazil,Oil and gas,EIG Prumo Equity Investment Fund,0.5041749999999999
Brazil,Oil and gas,Siemens Energy AG,0.5041749999999999
Brazil,Oil and gas,Bolognesi Energia SA,0.5002264
Brazil,Oil and gas,Ternium SA,0.49
Brazil,Oil and gas,small shareholder(s),0.32969793706293704
Brazil,Oil and gas,ArcelorMittal SA,0.3115
Brazil,Oil and gas,Savana SPE Incorporação Ltda,0.30488
Brazil,Oil and gas,Pátria Investments Ltd,0.283065
Brazil,Oil and gas,Companhia Siderúrgica Nacional SA,0.2352
Brazil,Oil and gas,Unknown,0.0313808
Brazil,Oil and gas,Others,2.610818767832168
Brazil,Utility-scale solar,Unknown,5.894727574629629
Brazil,Utility-scale solar,Solatio Energia,1.5953274074074075
Brazil,Utility-scale solar,Enel Green Power SpA,1.3376907407407408
Brazil,Utility-scale solar,Voltalia SA,1.0800094785185184
Brazil,Utility-scale solar,Brookfield Corp,0.959074074074074
Brazil,Utility-scale solar,Focus Energia,0.693
Brazil,Utility-scale solar,EDP Renováveis,0.6078718518518518
Brazil,Utility-scale solar,Atlas Renewable Energy,0.5927077777777778
Brazil,Utility-scale solar,VTRM Energia Participações SA,0.5741999999999999
Brazil,Utility-scale solar,Atlas Brasil Comercializadora de Energia Ltda,0.553080880925926
Brazil,Utility-scale solar,Rio Alto Energias Renovaveis SA,0.5483396296296296
Brazil,Utility-scale solar,Scatec ASA,0.5185
Brazil,Utility-scale solar,Engie Brasil Energia SA,0.49413851851851853
Brazil,Utility-scale solar,Global Infrastructure Partners,0.4574591518518519
Brazil,Utility-scale solar,Newave energia,0.37851075925925926
Brazil,Utility-scale solar,SPIC Brasil,0.378
Brazil,Utility-scale solar,Essentia Energia,0.360876
Brazil,Utility-scale solar,Powerchina International Group Limited do Brasil,0.34269731481481486
Brazil,Utility-scale solar,Nebras Power QPSC,0.333036
Brazil,Utility-scale solar,NEWEN Soluções em Energia,0.3229202407407407
Brazil,Utility-scale solar,Albras Alumínio Brasileiro SA,0.31064995500000003
Brazil,Utility-scale solar,Others,5.38094651462963
Brazil,Wind,Enel Green Power Brasil Participações Ltda,2.9004000000000003
Brazil,Wind,AES Corp,2.0453
Brazil,Wind,EDF Renewables,1.8563319999999999
Brazil,Wind,Casa dos Ventos,1.7987
Brazil,Wind,Engie Brasil Energia SA,1.6809
Brazil,Wind,Omega Geração SA,1.5907
Brazil,Wind,Iberdrola Neoenergia,1.5531
Brazil,Wind,CPFL Renováveis,1.2046
Brazil,Wind,Echoenergia,1.2042
Brazil,Wind,Voltalia Energia do Brasil Ltda,1.013468
Brazil,Wind,CGN Brasil Energia,0.9768
Brazil,Wind,Companhia Paranaense de Energia,0.9289
Brazil,Wind,CGT Eletrosul,0.8677999999999999
Brazil,Wind,Rio Energy International Inc,0.8282999999999999
Brazil,Wind,ENGIE SA,0.828
Brazil,Wind,produção independente de energia elétrica (PIE),0.72
Brazil,Wind,Unknown,0.6864
Brazil,Wind,PEC Energia,0.6050180000000001
Brazil,Wind,Ibitu Energia,0.5322
Brazil,Wind,Brennand Energia,0.495
Brazil,Wind,Canada Pension Plan Investment Board,0.49110000000000004
Brazil,Wind,Others,11.237582
Brunei,Coal,Zhejiang HENGYI Group Co Ltd,0.09262000000000001
Brunei,Coal,Damai Holding Ltd,0.066
Brunei,Coal,Hangzhou Wanyong Industrial Investment Co Ltd,0.04158
Brunei,Coal,Unknown,0.019579999999999997
Brunei,Oil and gas,Department of Electrical Services (Brunei),0.11
Brunei,Oil and gas,Darussalam Assets Sdn Bhd,0.102
Brunei,Utility-scale solar,Unknown,0.0052
Bulgaria,Coal,Bulgarian Energy Holding EAD,1.72458
Bulgaria,Coal,Stoket Ltd,0.40320000000000006
Bulgaria,Coal,KKR & Co. Inc,0.33142
Bulgaria,Coal,Toplofikacia Pleven AD,0.23
Bulgaria,Coal,Ultimate Energy Investment Group LLC,0.2
Bulgaria,Coal,Newbury Management Ltd,0.13860000000000003
Bulgaria,Coal,Solvay SA,0.12771600000000002
Bulgaria,Coal,Bingham Management Ltd,0.105
Bulgaria,Coal,Cowlan Corp Ltd,0.063
Bulgaria,Coal,Toplofikacia Sliven EAD,0.03
Bulgaria,Coal,small shareholder(s),0.025200000000000004
Bulgaria,Hydropower,Natsionalna Elektricheska Kompania (NEK),2.63
Bulgaria,Hydropower,Akuo Energy SAS,0.031
Bulgaria,Nuclear,Bulgarian Energy Holding EAD,2.08
Bulgaria,Oil and gas,Toplofikacia Sofia EAD,0.242
Bulgaria,Oil and gas,LUKOIL PJSC,0.216
Bulgaria,Oil and gas,SIGDA OOD,0.21
Bulgaria,Oil and gas,EVN AG,0.05
Bulgaria,Oil and gas,Toplofikacia Pleven AD,0.043
Bulgaria,Utility-scale solar,Unknown,2.1876880643776824
Bulgaria,Utility-scale solar,Sunterra Re,0.45390351931330475
Bulgaria,Utility-scale solar,Huasun Energy,0.13292703862660946
Bulgaria,Utility-scale solar,Electrohold,0.10787999999999999
Bulgaria,Utility-scale solar,Enery Development GmbH,0.09969527896995707
Bulgaria,Utility-scale solar,Renalfa IPP,0.08525999999999999
Bulgaria,Utility-scale solar,Haeron Solar,0.07047
Bulgaria,Utility-scale solar,Enery BG 1,0.0522
Bulgaria,Utility-scale solar,Solaris Holding,0.0522
Bulgaria,Utility-scale solar,BCI JSC,0.04437000000000001
Bulgaria,Utility-scale solar,Korea South-East Power Co Ltd,0.018269999999999998
Bulgaria,Utility-scale solar,SDN Co Ltd,0.018269999999999998
Bulgaria,Utility-scale solar,Helios Power JSC,0.003654
Bulgaria,Wind,AES Corp,0.156
Bulgaria,Wind,MET Group,0.102
Bulgaria,Wind,Renalfa IPP,0.072
Bulgaria,Wind,Energie Versorgung Niederosterreich AG,0.056
Bulgaria,Wind,ERG SpA,0.04
Bulgaria,Wind,Mitsubishi Heavy Industries Ltd,0.035
Bulgaria,Wind,"GEK TERNA Holdings, Real Estate, Construction SA",0.03
Bulgaria,Wind,Enertrag Ltd,0.024
Bulgaria,Wind,Italgen,0.018
Bulgaria,Wind,Inwind Sp Ltd,0.016
Bulgaria,Wind,Lukerg Renew GmbH,0.014
Bulgaria,Wind,Stream Invest Holding AG,0.013
Bulgaria,Wind,KI-KELAG International GmbH,0.01
Bulgaria,Wind,Long Man Wind Energy,0.01
Bulgaria,Wind,Alerion Energie Rinnovabili,0.0061200000000000004
Bulgaria,Wind,European Energy A/S,0.00588
Burkina Faso,Oil and gas,Société Nationale d'électricité du Burkina,0.1449
Burkina Faso,Oil and gas,IAMGOLD Corp,0.057
Burkina Faso,Utility-scale solar,Cegelec,0.045133419689119166
Burkina Faso,Utility-scale solar,Africa REN,0.039585
Burkina Faso,Utility-scale solar,GreenYellow,0.026360999999999996
Burkina Faso,Utility-scale solar,Urbasolar SAS,0.0261
Burkina Faso,Utility-scale solar,AMEA Power,0.023142
Burkina Faso,Utility-scale solar,Unknown,0.020300000000000002
Burkina Faso,Utility-scale solar,Qair SAS,0.006525
Burkina Faso,Utility-scale solar,Stoa Infra & Energy,0.006525
Burkina Faso,Utility-scale solar,Africa Energy Corp,0.0010439999999999998
Burundi,Bioenergy,Country of Burundi,0.001
Burundi,Bioenergy,small shareholder(s),0.001
Burundi,Hydropower,Government of Burundi,0.035
Burundi,Oil and gas,Interpetrol Energy SA,0.03
Burundi,Utility-scale solar,Unknown,0.014
Cabo Verde,Utility-scale solar,Aguas de Ponta Preta (APP),0.0045133419689119166
Cabo Verde,Utility-scale solar,Unknown,0.004056670984455959
Cabo Verde,Utility-scale solar,Direcção Geral da Energia de Cabo Verde,0.003971740932642487
Cabo Verde,Wind,Cabeólica SA,0.0257
Cabo Verde,Wind,Unknown,0.013
Cambodia,Bioenergy,Berkeley Partners LLP,0.0015
Cambodia,Bioenergy,Dutch Entrepreneurial Development Bank NV,0.0015
Cambodia,Bioenergy,Heineken NV,0.0015
Cambodia,Bioenergy,KLP Norfund Investments AS,0.0015
Cambodia,Bioenergy,Siemens AG,0.0015
Cambodia,Bioenergy,small shareholder(s),0.0015
Cambodia,Coal,Cambodia International Investment Development Group Co Ltd,0.6025
Cambodia,Coal,China Huadian Corp Ltd,0.35
Cambodia,Coal,HNG Capital Sdn Bhd,0.25
Cambodia,Coal,Inner Mongolia Erdos Hongjun Investment Co Ltd,0.2025
Cambodia,Coal,Hongdou Group Co Ltd,0.025
Cambodia,Coal,Unknown,0.025
Cambodia,Hydropower,China Huadian Group Co Ltd,0.338
Cambodia,Hydropower,China National Heavy Machinery CORP (CHMC),0.246
Cambodia,Hydropower,Hydro Lancang International Energy,0.204
Cambodia,Hydropower,Sinohydro Corp Ltd,0.194
Cambodia,Hydropower,Royal Group,0.156
Cambodia,Hydropower,China Datang Corp Ltd,0.12
Cambodia,Hydropower,Electricity Vietnam International,0.04
Cambodia,Oil and gas,Electricite du Cambodge,0.8005
Cambodia,Utility-scale solar,SchneiTec Renewable Co Ltd,0.1935
Cambodia,Utility-scale solar,Unknown,0.06659501557632398
Cambodia,Utility-scale solar,Prime Road Power PCL (PRIME ROAD),0.06
Cambodia,Utility-scale solar,Total Eren SA,0.06
Cambodia,Utility-scale solar,Trina Solar Co Ltd,0.04
Cambodia,Utility-scale solar,B.Grimm Solar Power,0.03393
Cambodia,Utility-scale solar,JinkoSolar Co Ltd,0.0261
Cambodia,Utility-scale solar,Green Sustainable Ventures (Cambodia) Company LTD (GSV),0.01838006230529595
Cameroon,Hydropower,Actis Group,0.34272
Cameroon,Hydropower,Unknown,0.29208
Cameroon,Hydropower,Government of Cameroon,0.247
Cameroon,Hydropower,EDF Energy Ltd,0.168
Cameroon,Hydropower,International Finance Corp,0.084
Cameroon,Hydropower,Republic of Cameroon,0.0768
Cameroon,Hydropower,Africa50 Infrastructure Fund,0.063
Cameroon,Hydropower,Stoa Infra & Energy,0.042
Cameroon,Hydropower,ENEO Cameroon SA,0.036
Cameroon,Hydropower,Eneo employees,0.033600000000000005
Cameroon,Hydropower,State of Cameroon,0.0198
Cameroon,Oil and gas,British International Investment PLC,0.152
Cameroon,Oil and gas,Norwegian Investment Fund for developing countries,0.152
Cameroon,Oil and gas,Actis LLP,0.030600000000000002
Cameroon,Oil and gas,Government of Cameroon,0.0264
Cameroon,Oil and gas,natural person(s),0.003
Cameroon,Utility-scale solar,Scatec ASA,0.033472999999999996
Cameroon,Utility-scale solar,EB Solaire,0.027080051813471506
Cameroon,Utility-scale solar,ENEO Cameroon SA,0.009026683937823833
Cameroon,Utility-scale solar,Unknown,0.0011
Cameroon,Wind,Unknown,0.1
Canada,Bioenergy,Paper Excellence BV,0.354
Canada,Bioenergy,Unknown,0.3326
Canada,Bioenergy,Ontario Power Generation Inc,0.205
Canada,Bioenergy,Mercer International Inc,0.1465
Canada,Bioenergy,Kruger Inc,0.114
Canada,Bioenergy,I Squared Capital Advisors LLC,0.101
Canada,Bioenergy,Canfor Pulp Products Inc,0.095
Canada,Bioenergy,Emera Inc,0.09
Canada,Bioenergy,Hokuetsu Corp,0.082
Canada,Bioenergy,Canfor Corp,0.078
Canada,Bioenergy,Nanaimo Forest Products Ltd,0.055
Canada,Bioenergy,Eastern Power Ltd,0.045
Canada,Bioenergy,BioNorth Energy LP,0.04
Canada,Bioenergy,Conifex Timber Inc,0.036
Canada,Bioenergy,Aditya Birla Management Corporation Pvt Ltd,0.032
Canada,Bioenergy,TC Energy Corp,0.032
Canada,Bioenergy,West Fraser Timber Co Ltd,0.0285
Canada,Bioenergy,Nexolia Bioenergy Inc,0.028
Canada,Bioenergy,Index Invest International AB,0.0251
Canada,Bioenergy,Fiducie Biothermica,0.025
Canada,Bioenergy,iCON Infrastructure Partners III LP,0.025
Canada,Bioenergy,Others,0.15749999999999997
Canada,Coal,Saskatchewan Power Corp,1.483
Canada,Coal,Emera Inc,1.2578
Canada,Coal,New Brunswick Power Holding Corp,0.49
Canada,Geothermal,DEEP Earth Energy Production Corp. (DEEP),0.005
Canada,Geothermal,FutEra Power Corp,0.005
Canada,Hydropower,Hydro Quebec,36.791
Canada,Hydropower,BC Hydro,13.1
Canada,Hydropower,Ontario Power Generation Inc,7.19375
Canada,Hydropower,Manitoba Hydro-Electric Board,5.81725
Canada,Hydropower,Newfoundland and Labrador Hydro,5.469
Canada,Hydropower,Rio Tinto Group,4.028
Canada,Hydropower,Nalcor Energy,1.789
Canada,Hydropower,Brookfield Renewable Partners LP,1.028
Canada,Hydropower,Saskatchewan Power Corp,0.841
Canada,Hydropower,NB Power,0.839
Canada,Hydropower,TransAlta Corp,0.7495
Canada,Hydropower,FortisBC Inc,0.3915
Canada,Hydropower,Columbia Power,0.39
Canada,Hydropower,Innergex Renewable Energy,0.28716
Canada,Hydropower,Columbia Basin Trust,0.2225
Canada,Hydropower,Nova Scotia Power Inc,0.212
Canada,Hydropower,AltaGas Ltd,0.195
Canada,Hydropower,Keeyask Cree Nations,0.17375
Canada,Hydropower,Axium Infrastructure Inc,0.15668
Canada,Hydropower,Innergex,0.147
Canada,Hydropower,Others,1.0900999999999998
Canada,Nuclear,Ontario Power Generation Inc,13.924
Canada,Nuclear,New Brunswick Electric Power Commission,0.705
Canada,Oil and gas,Ontario Power Generation Inc,4.813
Canada,Oil and gas,Capital Power Generation Services Inc,3.821
Canada,Oil and gas,TransAlta Corp,2.2325999999999997
Canada,Oil and gas,New Brunswick Power Holding Corp,1.84
Canada,Oil and gas,Saskatchewan Power Corp,1.6415
Canada,Oil and gas,Suncor Energy Inc,1.550328
Canada,Oil and gas,Enmax Corp,1.0845
Canada,Oil and gas,Bridgepoint Group PLC,1.08375
Canada,Oil and gas,Energy Capital Partners Management LP,1.08375
Canada,Oil and gas,Constellation Energy Corp,1.063
Canada,Oil and gas,TC Energy Corp,0.815
Canada,Oil and gas,Emera Inc,0.6806
Canada,Oil and gas,Northland Power Inc,0.64076
Canada,Oil and gas,Invenergy LLC,0.584
Canada,Oil and gas,Imperial Oil Ltd,0.566
Canada,Oil and gas,Newfoundland and Labrador Hydro,0.48990000000000006
Canada,Oil and gas,Province of Quebec,0.478
Canada,Oil and gas,Maxim Power Corp,0.45
Canada,Oil and gas,Capital Power Corp,0.4405
Canada,Oil and gas,Eastern Power Ltd,0.3
Canada,Oil and gas,Unknown,0.208518
Canada,Oil and gas,Others,3.94585
Canada,Utility-scale solar,Axium Infrastructure Inc,0.4855624742268041
Canada,Utility-scale solar,Unknown,0.31260000000000004
Canada,Utility-scale solar,Bluearth Renewables Inc,0.19130474226804126
Canada,Utility-scale solar,Connor Clark & Lunn Infrastructure,0.14583333333333334
Canada,Utility-scale solar,Samsung Renewable Energy Inc,0.14383333333333334
Canada,Utility-scale solar,TotalEnergies SE,0.14
Canada,Utility-scale solar,Capital Power Corp,0.116
Canada,Utility-scale solar,Capstone,0.11231999999999999
Canada,Utility-scale solar,Concord Green Energy,0.10407
Canada,Utility-scale solar,RWE Renewables,0.0905
Canada,Utility-scale solar,TC Energy Corp,0.08961
Canada,Utility-scale solar,Innergex Renewable Energy,0.08872
Canada,Utility-scale solar,Elemental Energy,0.08667
Canada,Utility-scale solar,Neoen SA,0.08091
Canada,Utility-scale solar,Firelight Infrastructure Partners,0.07699793814432991
Canada,Utility-scale solar,TransCanada Energy Ltd,0.0764857731958763
Canada,Utility-scale solar,General Land and Power Corp,0.07218556701030929
Canada,Utility-scale solar,ATCO Ltd,0.06528999999999999
Canada,Utility-scale solar,Obton AS,0.06468
Canada,Utility-scale solar,Silicon Ranch Corp,0.058
Canada,Utility-scale solar,Enbridge Inc,0.05741237113402062
Canada,Utility-scale solar,Others,1.3518510652920963
Canada,Wind,TransAlta Corp,1.416
Canada,Wind,Pattern Energy,1.09
Canada,Wind,EDF Renewables,0.96489
Canada,Wind,Enbridge Inc,0.8465
Canada,Wind,Potentia Renewables,0.7606666666666666
Canada,Wind,Innergex Renewable Energy,0.712
Canada,Wind,Boralex Inc,0.69224
Canada,Wind,Axium Infrastructure Inc,0.6872066666666667
Canada,Wind,Capital Power Corp,0.66846
Canada,Wind,NextEra Energy Inc,0.578
Canada,Wind,Capstone Infrastructure Corp,0.5433199999999999
Canada,Wind,Copenhagen Infrastructure Partners P/S,0.494
Canada,Wind,EDPR Renewable Energy Sources of Greece 1 Sole Proprietorship,0.376
Canada,Wind,Northland Power Inc,0.363
Canada,Wind,Enel Green Power SpA,0.362
Canada,Wind,Kruger Energy LP,0.315
Canada,Wind,Engie North America Inc,0.297
Canada,Wind,Acciona Energía SAU,0.28
Canada,Wind,Samsung Renewable Energy Inc,0.243
Canada,Wind,Brookfield Renewable Power Fund,0.217
Canada,Wind,Others,5.792566666666666
Cayman Islands,Oil and gas,Caribbean Utilities Co Ltd,0.15369999999999998
Cayman Islands,Utility-scale solar,Unknown,0.004900000000000001
Central African Republic,Oil and gas,Énergie Centrafricaine,0.05
Central African Republic,Utility-scale solar,Énergie Centrafricaine,0.03529002590673575
Central African Republic,Utility-scale solar,Unknown,0.007221347150259067
Chad,Oil and gas,Societe Nationale d'Electricite du Tchad,0.089
Chad,Utility-scale solar,Global South Utilites (GSU),0.04513341968911917
Chad,Utility-scale solar,Unknown,0.035199999999999995
Chad,Utility-scale solar,Scatec ASA,0.03159339378238342
Chile,Bioenergy,Empresas Copec SA,0.579
Chile,Bioenergy,CMPC Celulosa SA,0.185
Chile,Bioenergy,Unknown,0.077
Chile,Bioenergy,Platinum Equity LLC,0.018
Chile,Bioenergy,Empresas CMPC SA,0.0148
Chile,Bioenergy,Empresas Coipsa SA,0.014
Chile,Bioenergy,Forestal y Papelera Concepción SA,0.0125
Chile,Bioenergy,AES Andes SA,0.0115
Chile,Bioenergy,Masisa SA,0.011
Chile,Bioenergy,Hidrosan Inversiones SA,0.0035
Chile,Bioenergy,Inversiones y Servicios INSER SA,0.0035
Chile,Bioenergy,Oaks Corporation Capital Ltd,0.0035
Chile,Bioenergy,small shareholder(s),0.0035
Chile,Coal,AES Corp,0.86262
Chile,Coal,El Aguila Energy II SpA,0.76
Chile,Coal,Quintero Energía SpA,0.544
Chile,Coal,ENGIE Energía Chile SA,0.355
Chile,Coal,Colbun SA,0.35
Chile,Coal,DL Holdings,0.154
Chile,Coal,Daelim Co Ltd,0.066
Chile,Coal,small shareholder(s),0.008879999999999999
Chile,Geothermal,Empresa Nacional del Petróleo,0.0405
Chile,Geothermal,Enel Chile,0.0405
Chile,Hydropower,Enel Generación Chile SA,3.419
Chile,Hydropower,Colbún SA,1.624
Chile,Hydropower,Pacific Hydro,0.347
Chile,Hydropower,Colbun SA,0.264
Chile,Hydropower,AES Chile,0.236
Chile,Hydropower,Stratkraft,0.159
Chile,Hydropower,Enel Chile SA,0.123
Chile,Hydropower,Empresa Eléctrica Pehuenche SA,0.09
Chile,Hydropower,Duqueco,0.085
Chile,Hydropower,Hydrochile SA,0.06
Chile,Hydropower,Innergex,0.055
Chile,Hydropower,Statkraft AS,0.052469999999999996
Chile,Hydropower,Empresa Eléctrica Pilmaiquén SA,0.041
Chile,Hydropower,Anpac SpA,0.04
Chile,Hydropower,ENGIE SA,0.034
Chile,Hydropower,AES Andes SA,0.031
Chile,Oil and gas,Enel Generación Chile SA,1.956
Chile,Oil and gas,Colbun SA,1.217
Chile,Oil and gas,ENGIE Energía Chile SA,0.639
Chile,Oil and gas,BHP Group Ltd,0.5174
Chile,Oil and gas,I Squared Capital Advisors LLC,0.4322
Chile,Oil and gas,Glenfarne Group LLC,0.36525
Chile,Oil and gas,Partners Group AG,0.36525
Chile,Oil and gas,Andes Mining & Energy SA,0.35095
Chile,Oil and gas,Electricité de France SA,0.35095
Chile,Oil and gas,Grupo Agrisol,0.2432
Chile,Oil and gas,Energía Latina SA,0.22030000000000002
Chile,Oil and gas,General Electric Co,0.20325
Chile,Oil and gas,Empresa Nacional del Petróleo,0.077
Chile,Oil and gas,Empresa Eléctrica de Vallenar SA,0.0684
Chile,Oil and gas,CMPC Celulosa SA,0.0480075
Chile,Oil and gas,natural person(s),0.035230000000000004
Chile,Oil and gas,Inversiones René Fernández Weisser EIRL,0.027100000000000003
Chile,Oil and gas,Empresas CMPC SA,0.0038406000000000004
Chile,Oil and gas,Inversiones Adolfo Mejia Céspedes EIRL,0.0032519999999999997
Chile,Oil and gas,small shareholder(s),0.0021680000000000002
Chile,Utility-scale solar,Unknown,3.457088333333333
Chile,Utility-scale solar,Enel Chile SA,1.56432372
Chile,Utility-scale solar,ENGIE SA,0.6486453333333334
Chile,Utility-scale solar,AES Corp,0.6105012666666666
Chile,Utility-scale solar,Sonnedix,0.5681294666666666
Chile,Utility-scale solar,Metlen Energy & Metals SA,0.5604550666666667
Chile,Utility-scale solar,Acciona SA,0.5307000000000001
Chile,Utility-scale solar,EDF Energies Nouvelles,0.47292800000000007
Chile,Utility-scale solar,Enel SpA,0.3921361333333333
Chile,Utility-scale solar,Mainstream Renewable Power,0.34845299999999996
Chile,Utility-scale solar,Actis LLP,0.32277
Chile,Utility-scale solar,CarbonFree Technology,0.28503764666666664
Chile,Utility-scale solar,Pacific Hydro,0.25490999999999997
Chile,Utility-scale solar,Grenergy Renovables,0.21663000000000002
Chile,Utility-scale solar,ContourGlobal Ltd,0.21136146666666664
Chile,Utility-scale solar,Enel Green Power Chile SA,0.2009944
Chile,Utility-scale solar,WEG Capital,0.16762446666666664
Chile,Utility-scale solar,Innergex Renewable Energy,0.152
Chile,Utility-scale solar,AES Pacíﬁco Chile SpA,0.14877
Chile,Utility-scale solar,Toesca SA,0.141
Chile,Utility-scale solar,Maria Elena Solar SA,0.10701000000000001
Chile,Utility-scale solar,Others,1.5094779333333332
Chile,Wind,Colbun SA,1.055
Chile,Wind,Enel Green Power SpA,0.8191333333333334
Chile,Wind,Mainstream Renewable Power,0.7465
Chile,Wind,Repsol SA,0.509
Chile,Wind,AES Corp,0.4327
Chile,Wind,WPD AG,0.371
Chile,Wind,Innergex Renewable Energy,0.332
Chile,Wind,Acciona Energía SAU,0.312
Chile,Wind,Grupo Ibereólica Renovables,0.3055
Chile,Wind,ENGIE SA,0.3
Chile,Wind,Enel Green Power Chile SA,0.218
Chile,Wind,EDF Renewables,0.1605
Chile,Wind,Enel Chile SA,0.1056
Chile,Wind,Statkraft AS,0.1025
Chile,Wind,EDPR Renewable Energy Sources of Greece 1 Sole Proprietorship,0.09359999999999999
Chile,Wind,Pacific Hydro,0.082
Chile,Wind,Antofagasta Minerals,0.0575
Chile,Wind,Pattern Energy,0.0575
Chile,Wind,Opdenergy SA,0.05
Chile,Wind,Unknown,0.048633333333333334
Chile,Wind,Arroyo Energy,0.042
Chile,Wind,Others,0.10313333333333334
China,Bioenergy,Unknown,9.165859759967578
China,Bioenergy,natural person(s),0.991633148851149
China,Bioenergy,Chongqing Sanfeng Environment Group Corp Ltd,0.9256
China,Bioenergy,Kaidi Ecological and Environmental Technology Co Ltd,0.84
China,Bioenergy,State Power Investment Corp Ltd,0.7346541458541459
China,Bioenergy,Dynagreen Environmental Protection Group Co Ltd,0.639
China,Bioenergy,China Energy Conservation and Environmental Protection Group Co Ltd,0.567
China,Bioenergy,Nine Dragons Global Investments Ltd,0.54
China,Bioenergy,Guangdong Chant Group Inc,0.529
China,Bioenergy,Guangzhou Yongxing Environmental Protection Energy Co Ltd,0.524
China,Bioenergy,Shanghai Kangheng Environment Co Ltd,0.46775
China,Bioenergy,Everbright Green Energy (Anhui) Holdings Co Ltd,0.415
China,Bioenergy,Grandblue Environment Co Ltd,0.3993
China,Bioenergy,China Everbright Environment (Group) Co Ltd,0.39806
China,Bioenergy,China Everbright International Co Ltd,0.387
China,Bioenergy,Shenzhen Energy Group Co Ltd,0.37521
China,Bioenergy,Guangdong Shaoneng Group Co Ltd,0.37056
China,Bioenergy,Guangzhou Huantou Yongxing Group Co Ltd,0.318
China,Bioenergy,Shenzhen Energy and Environmental Protection Co Ltd,0.3175
China,Bioenergy,State Grid Corporation of China,0.29199776271632555
China,Bioenergy,Li Ang Ecological Energy Co Ltd,0.265
China,Bioenergy,Others,15.993575182610803
China,Coal,Huaneng Power International Inc,75.2751421978022
China,Coal,China Energy Investment Corp,61.33545066933067
China,Coal,China Shenhua Energy Co Ltd,54.51540630869131
China,Coal,China Resources Power Holdings Co Ltd,42.86216315684315
China,Coal,GD POWER Development Co Ltd,41.664594720279716
China,Coal,Datang International Power Generation Co Ltd,39.36522023976024
China,Coal,China Datang Corp Ltd,38.963211572079004
China,Coal,China Huadian Corp Ltd,38.76595147499207
China,Coal,Huadian Power International Co Ltd,38.0314027245509
China,Coal,State Power Investment Corp Ltd,34.847597252747256
China,Coal,Zhejiang Zheneng Electric Power Co Ltd,33.407786073926076
China,Coal,China Huaneng Group Co Ltd,25.386717552447553
China,Coal,Unknown,20.87402310811757
China,Coal,Beijing Jingneng Power Co Ltd,20.80166844155844
China,Coal,Guangdong Electric Power Development Co Ltd,18.60405
China,Coal,An Hui Wenergy Co Ltd,15.880536463536464
China,Coal,Shaanxi Coal and Chemical Industry Co Ltd,14.1556144005994
China,Coal,China Power International Development Co Ltd,12.475354125874127
China,Coal,Huaihe Energy Holding Group Co Ltd,12.353412147852149
China,Coal,Jiangsu Guoxin Corp Ltd,12.337
China,Coal,Inner Mongolia MengDian HuaNeng Thermal Power Corp Ltd,11.93648
China,Coal,Others,598.2596623690117
China,Geothermal,Xizang Huadian Geothermal Development Co Ltd,0.0144
China,Hydropower,China Yangzi River Three Gorges Group Co Ltd,39.444300000000005
China,Hydropower,State Grid Xinyuan Co Ltd,30.372
China,Hydropower,Unknown,21.8004
China,Hydropower,State Power Investment Group Upper Yellow River Hydropower Development Co Ltd,12.835
China,Hydropower,China Huaneng Group Co Ltd,11.952
China,Hydropower,publicly traded shares,10.226299999999998
China,Hydropower,China Southern Power Grid Peak Shaving and Frequency Modulation Power Generation Co Ltd,10.182
China,Hydropower,State Development Investment Corporation Power Shareholding Co Ltd,9.424
China,Hydropower,Sichuan Chuantou Energy Shareholding Co Ltd,9.01
China,Hydropower,State Energy Investment Dadu River Valley Hydropower Development Co Ltd,8.822
China,Hydropower,Yunnan Province Energy Investment Group Co Ltd,8.375350000000001
China,Hydropower,State Grid Xinyuan Hydropower Co Ltd,6.08
China,Hydropower,Guangxi Guiguan Electric Power Co Ltd,6.01135
China,Hydropower,China Huadian Group Co Ltd,5.88545
China,Hydropower,Hong Kong Central Accounting Co Ltd,5.113149999999999
China,Hydropower,State Grid Corporation of China,5.0
China,Hydropower,Datang International Sichuan Power Generation Co Ltd,4.7
China,Hydropower,Guizhou Wujiang Energy Investment Co Ltd,4.59055
China,Hydropower,Datang Yunnan Power Generation Co Ltd,4.22
China,Hydropower,Huadian Yunnan Power Generation Co Ltd,4.084
China,Hydropower,Hubei Energy Group Co Ltd,3.87
China,Hydropower,Others,144.36668
China,Nuclear,China National Nuclear Power Co Ltd,23.573
China,Nuclear,CGNPC Nuclear Power Investment Co Ltd,8.886
China,Nuclear,China General Nuclear Power Co Ltd,8.496
China,Nuclear,Guangxi Fangchenggang CGN Nuclear Power Industry Investment Co Ltd,4.532
China,Nuclear,CGN Ninghe Investment Co Ltd,4.356
China,Nuclear,Taishan Nuclear Power Industry Investment Co Ltd,3.5
China,Nuclear,State Power Investment Nuclear Energy Co Ltd,2.5
China,Nuclear,Guandong Nuclear Power Joint Venture Co Ltd,2.01
China,Nuclear,State Nuclear Power Technology Co Ltd,1.534
China,Nuclear,Huaneng Nuclear Power Development Co Ltd,1.3
China,Nuclear,China Huaneng Group Co Ltd,0.211
China,Oil and gas,Huaneng Power International Inc,9.45172168
China,Oil and gas,Guangdong Electric Power Development Co Ltd,9.03035
China,Oil and gas,Huadian Power International Co Ltd,8.121159977622378
China,Oil and gas,Shenzhen Energy Group Co Ltd,7.329775
China,Oil and gas,Datang International Power Generation Co Ltd,6.00604
China,Oil and gas,China Huadian Corp Ltd,5.787587257317533
China,Oil and gas,China National Offshore Oil Corp,5.36097
China,Oil and gas,Zhejiang Zheneng Electric Power Co Ltd,4.9440100000000005
China,Oil and gas,Beijing Jingneng Clean Energy Co Ltd,4.526800000000001
China,Oil and gas,Shanghai Electric Power Co Ltd,4.22833
China,Oil and gas,Shenergy Co Ltd,3.6892
China,Oil and gas,Unknown,3.0038978535564236
China,Oil and gas,Chengdu Caihong Environmental Protection Technology Co Ltd,2.74
China,Oil and gas,State Power Investment Corp Ltd,2.5646
China,Oil and gas,Tianjin STATE-OWNED CAPITAL Investment and Management Co Ltd,2.3362642714570856
China,Oil and gas,China Shenhua Energy Co Ltd,2.036
China,Oil and gas,GCL Energy Technology Co Ltd,1.9296042057942058
China,Oil and gas,Jiangsu Guoxin Corp Ltd,1.77484
China,Oil and gas,Kunlun Energy Co Ltd,1.7390999999999999
China,Oil and gas,Wintime ENERGY Group Co Ltd,1.66
China,Oil and gas,Guangdong Hengjian Investment Holding Co Ltd,1.557056883116883
China,Oil and gas,Others,90.3409918711355
China,Utility-scale solar,Unknown,106.60771444487868
China,Utility-scale solar,Tianjin China Green Power Investment Co Ltd,10.390031452922077
China,Utility-scale solar,China Three Gorges Renewables (Group) Co Ltd,6.648344547483767
China,Utility-scale solar,China Nuclear Huineng Co Ltd,5.3959863920454545
China,Utility-scale solar,Huadian New Energy Group Co Ltd,5.293055355174514
China,Utility-scale solar,China Three Gorges New Energy (Group) Co Ltd,4.685908537743507
China,Utility-scale solar,China Huaneng Group Co Ltd,4.4802497562905845
China,Utility-scale solar,China Power International Development Co Ltd,3.7431498599837663
China,Utility-scale solar,Huaneng Power International Inc,3.579625812195617
China,Utility-scale solar,State Power Investment Corp Ltd,3.4748638315746754
China,Utility-scale solar,China Resources Power New Energy Investment Co Ltd,3.4007278003246757
China,Utility-scale solar,Huaneng Renewables Corp Ltd,3.381602440340909
China,Utility-scale solar,CECEP Solar Energy Technology Co Ltd,3.1610267386363637
China,Utility-scale solar,Huaneng Lancangjiang New Energy Co Ltd,3.1122420954545453
China,Utility-scale solar,Inner Mongolia Energy Group Co Ltd,3.0837341720779223
China,Utility-scale solar,Ningxia Longyuan New Energy Co Ltd,3.0
China,Utility-scale solar,Ningxia Power Investment Yongli (Zhongwei) New Energy Co Ltd,3.0
China,Utility-scale solar,China Guangdong Nuclear Solar Energy Development Co Ltd,2.96851953125
China,Utility-scale solar,Qinghai Upper Yellow River Hydropower Development Co Ltd,2.8717309456168834
China,Utility-scale solar,China Huadian Corp Ltd,2.711940926339286
China,Utility-scale solar,China Energy Investment Group Ningxia Power Co Ltd,2.6666666666666665
China,Utility-scale solar,Others,386.1085618333004
China,Wind,Unknown,199.62312833333334
China,Wind,China Longyuan Power Group Corp Ltd,7.962899999999999
China,Wind,China Guangdong Nuclear Wind Energy Ltd,5.7200299999999995
China,Wind,Xinjiang Huadian Tianshan Power Generation Co Ltd,4.2
China,Wind,Huaneng Renewables Corp Ltd,4.0874
China,Wind,China Resources Power New Energy Investment Co Ltd,3.8448146666666667
China,Wind,Huadian New Energy Group Co Ltd,3.65935
China,Wind,Huaneng New Energy Co Ltd,3.2982
China,Wind,Inner Mongolia Energy Group Co Ltd,2.794
China,Wind,China Three Gorges Renewables (Group) Co Ltd,2.602
China,Wind,Inner Mongolia Huifeng Energy Co Ltd,2.5
China,Wind,Yunnan Energy Investment Co Ltd,2.4043
China,Wind,Qinghai Yellow River Upstream Hydropower Development CO LTD Gonghe Windpower Branch,2.35
China,Wind,China Energy Investment Group,2.239
China,Wind,China Guangdong Nuclear (Xing'an Leauge) New Energy LTD Keyouzhong Banner Branch Co,2.0
China,Wind,China Three Gorges New Energy (Group) Co Ltd,1.975
China,Wind,China Datang Corporation Renewable Power Co Ltd,1.96913
China,Wind,China Energy Investment Group New Energy Co Ltd,1.9521700000000002
China,Wind,Huadian Fuxin Energy Development Co Ltd.,1.8833
China,Wind,Datang International Power Generation Co Ltd,1.8560999999999999
China,Wind,Gansu Guyazhou Baofeng Wind Energy Development Co Ltd,1.75
China,Wind,Others,281.94254199999995
Colombia,Bioenergy,Unknown,0.052
Colombia,Bioenergy,Riopaila Castilla SA,0.036
Colombia,Bioenergy,Ecopetrol SA,0.035
Colombia,Bioenergy,Ingenio Risaralda SA,0.0345
Colombia,Bioenergy,Organización Ardila Lülle SA,0.034
Colombia,Bioenergy,Smurfit Westrock PLC,0.021
Colombia,Bioenergy,Manuelita SA,0.019
Colombia,Coal,Gecelca SA ESP,0.709
Colombia,Coal,Colgener SA,0.335
Colombia,Coal,Gensa SA ESP,0.178
Colombia,Coal,Luz y Fuerza de San Lorenzo SA de CV,0.165
Colombia,Coal,Enel Américas SA,0.129498
Colombia,Coal,Grupo Energía Bogotá SA ESP,0.09605
Colombia,Hydropower,Empresas Públicas de Medellín ESP,3.821
Colombia,Hydropower,Enel Generación,2.76752
Colombia,Hydropower,ISAGEN Energía Productiva,2.706
Colombia,Hydropower,AES Colombia,1.0
Colombia,Hydropower,Celsia Colombia SA ESP,0.845
Colombia,Hydropower,Emprea Urrá SA,0.34
Colombia,Hydropower,Grupo Energía Bogotá SA ESP,0.16524
Colombia,Hydropower,Central Hidroeléctrica de Caldas SA ESP,0.135
Colombia,Hydropower,Hidralpor SAS ESP,0.133
Colombia,Hydropower,Epsa SA ESP,0.058
Colombia,Hydropower,Isagen,0.052
Colombia,Hydropower,CELSIA SA,0.051
Colombia,Hydropower,Grupo EPM,0.04
Colombia,Oil and gas,Glenfarne Group LLC,0.5185
Colombia,Oil and gas,Empresas Públicas de Medellín ESP,0.50005
Colombia,Oil and gas,Moneda Asset Management SpA,0.45410400000000006
Colombia,Oil and gas,Partners Group AG,0.4255
Colombia,Oil and gas,Celsia Colombia SA ESP,0.376
Colombia,Oil and gas,Rattan Holding SA,0.3
Colombia,Oil and gas,Primerose Inc,0.299768
Colombia,Oil and gas,TPL Co-Investment Fund LP,0.299768
Colombia,Oil and gas,SCL Energia Activa SA,0.21369600000000002
Colombia,Oil and gas,SMN Termocartagena SAS,0.203
Colombia,Oil and gas,KKR & Co. Inc,0.16079999999999997
Colombia,Oil and gas,Haina Energy Holdings II,0.11339999999999999
Colombia,Oil and gas,Proeléctrica & CIA SCA ESP,0.1
Colombia,Oil and gas,Empresas Municipales de Cali (Emcali) ESP,0.0792
Colombia,Oil and gas,Termo Caribe SASESP,0.052
Colombia,Oil and gas,Haina Investment Co Ltd,0.036599999999999994
Colombia,Oil and gas,Instituto de Financiamiento Promoción y Desarrollo de Caldas,0.00825
Colombia,Oil and gas,small shareholder(s),0.0017
Colombia,Utility-scale solar,Unknown,0.6424038148148148
Colombia,Utility-scale solar,Enel Green Power SpA,0.588
Colombia,Utility-scale solar,Enel Colombia SA ESP,0.2
Colombia,Utility-scale solar,ISAGEN Energía Productiva,0.197
Colombia,Utility-scale solar,Atlas Renewable Energy,0.16
Colombia,Utility-scale solar,Ecopetrol SA,0.1256
Colombia,Utility-scale solar,Enerfin Servicios SA,0.102
Colombia,Utility-scale solar,Enel SpA,0.1
Colombia,Utility-scale solar,Solarpack,0.0999
Colombia,Utility-scale solar,Celsia Colombia SA ESP,0.07599483333333333
Colombia,Utility-scale solar,Canadian Solar,0.05
Colombia,Utility-scale solar,Atlántica Colombia SASESP,0.0499
Colombia,Utility-scale solar,Empresa De Energia Del Pacifico SA,0.039799999999999995
Colombia,Utility-scale solar,Grupo Ecoener SA,0.035
Colombia,Utility-scale solar,Green Yellow Energia De Colombia SAS,0.0198
Colombia,Utility-scale solar,MPC Energy Solutions,0.01945
Colombia,Utility-scale solar,Grupo Familia,0.019100000000000002
Colombia,Utility-scale solar,Akuo Energy SAS,0.009949999999999999
Colombia,Utility-scale solar,Negratín,0.009800000000000001
Colombia,Wind,Parque Eólico Vientos Galerazamba SAS,0.06
Colombia,Wind,ISAGEN Energía Productiva,0.032
Colombia,Wind,Unknown,0.0099
Colombia,Wind,Grupo Argos SA,0.008
Cook Islands,Utility-scale solar,Unknown,0.0010298697318007663
Costa Rica,Bioenergy,Ingenio Taboga SA,0.0325
Costa Rica,Bioenergy,Azucarera El Viejo SA,0.017
Costa Rica,Geothermal,Costa Rican Electricity Institute (ICE),0.2
Costa Rica,Geothermal,Unknown,0.029
Costa Rica,Geothermal,Instituto Costarricense de Electricidad,0.005
Costa Rica,Hydropower,Instituto Costarricense de Electricidad,1.363
Costa Rica,Hydropower,Costa Rican Electricity Institute (ICE),0.223
Costa Rica,Hydropower,Compañía Nacional de Fuerza y Luz SA,0.065
Costa Rica,Hydropower,Enel Green Power SpA,0.05
Costa Rica,Hydropower,Global Power Generation,0.05
Costa Rica,Hydropower,Grupo ICE,0.049
Costa Rica,Oil and gas,Instituto Costarricense de Electricidad,0.4007
Costa Rica,Oil and gas,Cube Mobile Power Holdco Ltd,0.1095
Costa Rica,Oil and gas,General De Equipos de Colombia SA,0.0365
Costa Rica,Utility-scale solar,Unknown,0.0218
Costa Rica,Wind,Corporación Multi Inversiones (CMI),0.153
Costa Rica,Wind,Acciona Energía SAU,0.05
Costa Rica,Wind,Grupo Argos SA,0.05
Costa Rica,Wind,Inversiones Eólicas de Costa Rica SA,0.0344
Costa Rica,Wind,Coopeguanacaste RL,0.03
Costa Rica,Wind,MPC Capital,0.021
Costa Rica,Wind,Hunt Energy Horizons LLC,0.02
Costa Rica,Wind,Grupo ICE,0.0132
Costa Rica,Wind,Coopesantos RL,0.013
Costa Rica,Wind,Aerogeneración de Centroamérica SA,0.012
Costa Rica,Wind,Grupo Ecoenergia,0.012
Costa Rica,Wind,Molinos de Viento del Arenal SA,0.012
Costa Rica,Wind,Unknown,0.0068
Costa Rica,Wind,Constructora MECO,0.005
Costa Rica,Wind,Grupo Marshall,0.005
Costa Rica,Wind,Juwi GmbH,0.005
Croatia,Coal,Hrvatska elektroprivreda dd,0.217
Croatia,Geothermal,Unknown,0.018600000000000002
Croatia,Geothermal,Geoeon doo,0.0175
Croatia,Hydropower,HEP Generation Ltd,1.569
Croatia,Hydropower,HEP-Proizvodnja doo,0.143
Croatia,Hydropower,Elektroprivreda Republike Srpske (ERS),0.0819
Croatia,Hydropower,Hrvatska elektroprivreda dd,0.079
Croatia,Hydropower,Unknown,0.05964
Croatia,Hydropower,Pension Reserve Fund of the Republic of Srpska,0.0126
Croatia,Hydropower,Kristal Invest,0.0063
Croatia,Hydropower,Republic of Srpska Restitution Fund,0.0063
Croatia,Oil and gas,Hrvatska elektroprivreda dd,1.3858
Croatia,Oil and gas,Yildirim Holding AŞ,0.019074999999999998
Croatia,Oil and gas,Unknown,0.015925
Croatia,Utility-scale solar,Unknown,0.2716
Croatia,Wind,Norinco International Cooperation Ltd,0.156
Croatia,Wind,Lager Group,0.13
Croatia,Wind,WPD AG,0.092
Croatia,Wind,Professio Energia dd,0.078
Croatia,Wind,Acciona Energía SAU,0.06
Croatia,Wind,Dalekovod dd,0.06
Croatia,Wind,Hrvatska elektroprivreda dd,0.058
Croatia,Wind,ENCRO doo,0.0555
Croatia,Wind,Taaleri Energia,0.0555
Croatia,Wind,Enlight Renewable Energy,0.049
Croatia,Wind,Postak doo,0.044
Croatia,Wind,Achema Group,0.042
Croatia,Wind,Wallenborn Bora GmbH,0.042
Croatia,Wind,Petrol Group,0.0405
Croatia,Wind,Crescent Capital Group LP,0.021
Croatia,Wind,EnerCap Capital Partners,0.021
Croatia,Wind,EKO,0.018
Croatia,Wind,Končar Group,0.015
Croatia,Wind,Unknown,0.014
Croatia,Wind,KI-KELAG International GmbH,0.012
Croatia,Wind,Orient Green Power Ltd,0.011
Croatia,Wind,Others,0.0205
Cuba,Bioenergy,Grupo Azucarero AZCUBA,0.030600000000000002
Cuba,Bioenergy,Havana Energy Ltd,0.0294
Cuba,Oil and gas,Unión Eléctrica de Cuba,0.854838
Cuba,Oil and gas,Cuba Petróleo SA,0.16183799999999998
Cuba,Oil and gas,Sherritt International Corp,0.16183799999999998
Cuba,Oil and gas,Karadeniz Holding AŞ,0.063
Cuba,Utility-scale solar,Unknown,0.712278574074074
Cuba,Utility-scale solar,Hive Energy,0.053853
Cuba,Utility-scale solar,Unión Eléctrica de Cuba,0.042007444444444444
Cuba,Utility-scale solar,Thai Binh Green Power Investment Corp,0.022058703703703702
Cuba,Wind,Empresa Constructora de Obras de Arquitectura,0.0096
Cuba,Wind,Union Electrica de Cuba,0.0016
Curaçao,Wind,Aspiravi NV,0.0385
Curaçao,Wind,NuCapital Inc,0.031
Cyprus,Oil and gas,Electricity Authority of Cyprus,1.48
Cyprus,Oil and gas,Kıbrıs Türk Elektrik Kurumu - Kıb-Tek,0.26
Cyprus,Oil and gas,Aksa Enerji Uretim AŞ,0.113
Cyprus,Utility-scale solar,Unknown,0.3959
Cyprus,Wind,Ancala Partners LLP,0.082
Cyprus,Wind,Ketonis Developments Ltd,0.032
Cyprus,Wind,Iberdrola SA,0.02
Cyprus,Wind,Aeolian Dynamics Ltd,0.011
Cyprus,Wind,Moglia Trading Ltd,0.011
Czech Republic,Bioenergy,CEZ AS,0.03
Czech Republic,Bioenergy,SAKO Brno AS,0.022699999999999998
Czech Republic,Bioenergy,City of Pilsen,0.0025
Czech Republic,Bioenergy,Energetický a průmyslový holding AS,0.0025
Czech Republic,Bioenergy,Macquarie Infrastructure and Real Assets Inc,0.0025
Czech Republic,Coal,CEZ AS,2.997
Czech Republic,Coal,Sev.en Energy AG,2.2556
Czech Republic,Coal,Energetický a průmyslový holding AS,0.459834
Czech Republic,Coal,Veolia Environnement SA,0.282
Czech Republic,Coal,Macquarie Group Ltd,0.20636600000000002
Czech Republic,Coal,City of Pilsen,0.2028
Czech Republic,Coal,Carbounion Holding AS,0.138
Czech Republic,Coal,natural person(s),0.138
Czech Republic,Coal,Mondi PLC,0.094
Czech Republic,Coal,Volkswagen AG,0.07
Czech Republic,Coal,Natland Energo Holding AS,0.038
Czech Republic,Coal,Minerfin AS,0.015552
Czech Republic,Hydropower,ČEZ Group,1.774
Czech Republic,Hydropower,CEZ AS,0.045
Czech Republic,Nuclear,CEZ AS,4.164
Czech Republic,Oil and gas,CEZ AS,0.897
Czech Republic,Oil and gas,SUAS Group AS,0.4
Czech Republic,Oil and gas,Teplárny Brno AS,0.179
Czech Republic,Oil and gas,Creditas BV,0.108
Czech Republic,Oil and gas,Synthos Group SA,0.101
Czech Republic,Oil and gas,Carpaterra Capital Partners sro,0.06
Czech Republic,Oil and gas,Sev.en Energy AG,0.051
Czech Republic,Oil and gas,Lama Energy Group,0.023
Czech Republic,Utility-scale solar,Unknown,2.6708000000000003
Czech Republic,Utility-scale solar,CEZ AS,0.07872
Czech Republic,Utility-scale solar,DECCI,0.030449999999999998
Czech Republic,Utility-scale solar,Jufa Investment Group,0.01914
Czech Republic,Wind,Unknown,0.05
Czech Republic,Wind,ecoenerg Windkraft GmbH & Co KG,0.042
Czech Republic,Wind,Micronix Group,0.027
Czech Republic,Wind,Větrná energie HL SRO (VEHL),0.018
Czech Republic,Wind,WSB Neue Energien Holding GmbH,0.014
Côte d'Ivoire,Hydropower,ERANOVE,0.50544
Côte d'Ivoire,Hydropower,Unknown,0.24336000000000002
Côte d'Ivoire,Hydropower,Government of Côte d'Ivoire,0.1404
Côte d'Ivoire,Hydropower,Compagnie Ivoirienne d'Electricité (CIE),0.046799999999999994
Côte d'Ivoire,Hydropower,Ivorian Electricity Company,0.03
Côte d'Ivoire,Oil and gas,British International Investment PLC,0.38502
Côte d'Ivoire,Oil and gas,Emerging Capital Partners,0.368106
Côte d'Ivoire,Oil and gas,Unknown,0.26962200000000003
Côte d'Ivoire,Oil and gas,Cube Mobile Power Holdco Ltd,0.2
Côte d'Ivoire,Oil and gas,Norwegian Investment Fund for developing countries,0.16470300000000002
Côte d'Ivoire,Oil and gas,AXA SA,0.11827199999999999
Côte d'Ivoire,Oil and gas,Aga Khan Fund for Economic Development,0.06702200000000001
Côte d'Ivoire,Oil and gas,Industrial Promotion Services (West Africa) SA,0.024241999999999996
Côte d'Ivoire,Oil and gas,International Finance Corp,0.024241999999999996
Côte d'Ivoire,Oil and gas,small shareholder(s),0.019964
Côte d'Ivoire,Oil and gas,Kreditanstalt für Wiederaufbau,0.014973
Côte d'Ivoire,Oil and gas,Banque Internationale pour le Commerce et l’Industrie de la Côte d’Ivoire,0.012834
Côte d'Ivoire,Utility-scale solar,CI-Energies,0.01653
Côte d'Ivoire,Utility-scale solar,Kreditanstalt für Wiederaufbau,0.01653
DR Congo,Hydropower,Societe Nationale d'Electricite (SNEL),2.461
DR Congo,Hydropower,China Railway Resources Group,0.12
DR Congo,Hydropower,Power Construction Corporation of China Ltd,0.12
DR Congo,Hydropower,Ministere De L'energie,0.064
DR Congo,Hydropower,Société nationale d'électricité,0.042
DR Congo,Hydropower,AVZ Minerals Ltd,0.04
DR Congo,Hydropower,Rwanda Energy Group (REG),0.022
DR Congo,Hydropower,Société Internationale d’Electricité des Pays des Grands Lacs,0.018
DR Congo,Utility-scale solar,Unknown,0.016399999999999998
DR Congo,Utility-scale solar,Barrick Mining Corp,0.014442694300518134
Denmark,Bioenergy,Ørsted A/S,1.402
Denmark,Bioenergy,HOFOR Forsyning Holding P/S,0.218
Denmark,Bioenergy,I/S Amager Resourcecenter,0.063
Denmark,Bioenergy,Municipality of Odense,0.05723
Denmark,Bioenergy,Verdo AMBA,0.052
Denmark,Bioenergy,Vestforbrænding I/S,0.039
Denmark,Bioenergy,City of Aarhaus,0.037
Denmark,Bioenergy,Ostkraft Holding A/S,0.037
Denmark,Bioenergy,Struer Energi Holding A/S,0.0135
Denmark,Bioenergy,Vestforsyning A/S,0.0135
Denmark,Bioenergy,small shareholder(s),0.00177
Denmark,Coal,Aalborg Forsyning A/S,0.411
Denmark,Oil and gas,Municipality of Odense,0.35114
Denmark,Oil and gas,Energy Trading Innovations LLC,0.273
Denmark,Oil and gas,Ørsted A/S,0.181
Denmark,Oil and gas,Silkeborg Forsyning A/S,0.1082
Denmark,Oil and gas,Hjorring Varmeforsyning AMBA,0.059
Denmark,Oil and gas,Energi Viborg A/S,0.055
Denmark,Oil and gas,Sønderborg Fjernvarme Amba,0.052
Denmark,Oil and gas,Nordic Energy Invest AS,0.05
Denmark,Oil and gas,Equinor ASA,0.038
Denmark,Oil and gas,Nouryon Speciality Chemicals BV,0.025
Denmark,Oil and gas,small shareholder(s),0.01086
Denmark,Utility-scale solar,Unknown,0.8046516049382716
Denmark,Utility-scale solar,European Energy A/S,0.6867530123456791
Denmark,Utility-scale solar,BeGreen AS,0.290145
Denmark,Utility-scale solar,Better Energy,0.24075339506172838
Denmark,Utility-scale solar,Alight AB,0.18705000000000002
Denmark,Utility-scale solar,Heartland,0.18009
Denmark,Utility-scale solar,Encavis AG,0.09135
Denmark,Utility-scale solar,Infranode,0.08456399999999999
Denmark,Utility-scale solar,GreenGo Energy Group,0.059595
Denmark,Utility-scale solar,WIRCON GmbH,0.05307
Denmark,Utility-scale solar,Conquest Group,0.04826999999999999
Denmark,Utility-scale solar,Andel AMBA,0.047850000000000004
Denmark,Utility-scale solar,Allianz Global Investors,0.045
Denmark,Utility-scale solar,LHI Group,0.0435
Denmark,Utility-scale solar,Eurowind Energy A/S,0.039504691358024695
Denmark,Utility-scale solar,Nordic Solar SA,0.02784
Denmark,Utility-scale solar,Doral Renewables LLC,0.0261
Denmark,Utility-scale solar,Mitsui & Co Ltd,0.0225151975308642
Denmark,Utility-scale solar,NRGi,0.0225
Denmark,Utility-scale solar,Skovgaard Invest ApS,0.02088
Denmark,Utility-scale solar,HOFOR A/S,0.012615
Denmark,Wind,Vattenfall AB,1.6188
Denmark,Wind,European Energy A/S,0.45801
Denmark,Wind,Ørsted A/S,0.33706
Denmark,Wind,Unknown,0.26944999999999997
Denmark,Wind,Energinet,0.209
Denmark,Wind,Andel Holding A/S,0.1656
Denmark,Wind,Pension Danmark,0.12
Denmark,Wind,Community Ownership,0.1195
Denmark,Wind,Wind Estate A/S,0.11
Denmark,Wind,Eurowind Energy A/S,0.0855
Denmark,Wind,Energi E2 AS,0.083
Denmark,Wind,HOFOR A/S,0.082
Denmark,Wind,PKA,0.08
Denmark,Wind,GK Energi ApS,0.057
Denmark,Wind,WIND1 A/S,0.0516
Denmark,Wind,SUSI Partners AG,0.04283333333333333
Denmark,Wind,RWE AG,0.0414
Denmark,Wind,Best Energy,0.04
Denmark,Wind,Encavis AG,0.039
Denmark,Wind,Energicenter Nord ApS,0.036
Denmark,Wind,Energi Danmark Vind AS,0.03583000000000001
Denmark,Wind,Others,0.9217166666666666
Djibouti,Oil and gas,Unknown,0.108
Djibouti,Utility-scale solar,Unknown,0.14952694300518135
Djibouti,Wind,Red Sea Power,0.059
Dominican Republic,Bioenergy,San Pedro Bio Energy SA,0.03
Dominican Republic,Bioenergy,Consorcio Azucarero Central SA,0.007
Dominican Republic,Bioenergy,Inicia,0.007
Dominican Republic,Coal,Empresa de Generación Eléctrica Punta Catalina SA,0.752
Dominican Republic,Coal,Fondo Patrimonial de las Empresas Reformadas,0.13
Dominican Republic,Coal,Grupo Linda,0.13
Dominican Republic,Coal,InterEnergy Holdings,0.052
Dominican Republic,Hydropower,Empresa de Generación Hidroeléctrica Dominicana (EGEHID),0.434
Dominican Republic,Hydropower,Corporación Dominicana de Empresas Eléctricas Estatales,0.05
Dominican Republic,Oil and gas,InterEnergy Holdings,0.8258
Dominican Republic,Oil and gas,AES Corp,0.48951599999999995
Dominican Republic,Oil and gas,Seaboard Corp,0.261
Dominican Republic,Oil and gas,Naturgy Energy Group SA,0.2015
Dominican Republic,Oil and gas,Americano Nickel Ltd,0.198
Dominican Republic,Oil and gas,Karadeniz Holding AŞ,0.1766
Dominican Republic,Oil and gas,Barrick Mining Corp,0.135
Dominican Republic,Oil and gas,Lear Investments SA,0.1014
Dominican Republic,Oil and gas,Estrella,0.094242
Dominican Republic,Oil and gas,Grupo Linda,0.094242
Dominican Republic,Oil and gas,Newmont Corp,0.09
Dominican Republic,Oil and gas,Soluciones en Gas Natural SA,0.0693
Dominican Republic,Oil and gas,Los Orígenes Power Plant SRL,0.060700000000000004
Dominican Republic,Oil and gas,Consorcio Energético Punta Cana-Macao SA,0.051
Dominican Republic,Oil and gas,Laesa Ltd,0.051
Dominican Republic,Oil and gas,APD Ventures Ltd,0.0469
Dominican Republic,Oil and gas,Caterpillar Inc,0.0469
Dominican Republic,Utility-scale solar,Empresa Generadora de Electricidad Haina SA,0.26789999999999997
Dominican Republic,Utility-scale solar,AES Corp,0.10654999999999999
Dominican Republic,Utility-scale solar,Washington Capital Global Finance,0.1
Dominican Republic,Utility-scale solar,Acciona SA,0.07359299999999999
Dominican Republic,Utility-scale solar,Grupo País,0.070707
Dominican Republic,Utility-scale solar,MPC Caribbean Clean Energy,0.066714
Dominican Republic,Utility-scale solar,Isofoton,0.058
Dominican Republic,Utility-scale solar,Grupo Rensa,0.0506
Dominican Republic,Utility-scale solar,Blue Elephant Energy AG (BEE),0.05046
Dominican Republic,Utility-scale solar,Akuo Energy SAS,0.05
Dominican Republic,Utility-scale solar,Gamesa Electric,0.05
Dominican Republic,Utility-scale solar,Koror Business SRL,0.05
Dominican Republic,Utility-scale solar,Consorcio Energético Punta Cana-Macao SA,0.028602
Dominican Republic,Utility-scale solar,Unknown,0.025
Dominican Republic,Utility-scale solar,Phinie and CO Development SRL,0.02175
Dominican Republic,Utility-scale solar,Maranatha Energy Investment,0.009810416666666667
Dominican Republic,Utility-scale solar,Aeropuerto Internacional Cibao SA,0.00261
Dominican Republic,Utility-scale solar,Empresa de Generación Hidroeléctrica Dominicana (EGEHID),0.00261
Dominican Republic,Utility-scale solar,Parque Industrial ITABO,0.0009810416666666667
Dominican Republic,Wind,Empresa Generadora de Electricidad Haina SA,0.1834
Dominican Republic,Wind,Poseidón Renewable Energy Corp,0.098
Dominican Republic,Wind,AES Corp,0.05
Dominican Republic,Wind,Akuo Energy SAS,0.05
Dominican Republic,Wind,Dominicana Renovables SL,0.05
Dominican Republic,Wind,InverAvante,0.05
Dominican Republic,Wind,Parques Eólicos del Caribe SA,0.05
Dominican Republic,Wind,Jasper Caribbean Windpower,0.046
Dominican Republic,Wind,InterEnergy,0.034
Dominican Republic,Wind,Unknown,0.010100000000000001
Ecuador,Bioenergy,Sociedad Agrícola e Industrial San Carlos SA,0.078
Ecuador,Bioenergy,Nobis Holdings,0.0335
Ecuador,Bioenergy,Grupo Gloria,0.026609999999999998
Ecuador,Bioenergy,Venus Investments International Ltd,0.0033900000000000002
Ecuador,Hydropower,Corporación Eléctrica del Ecuador SA,4.679
Ecuador,Hydropower,Unknown,0.411
Ecuador,Hydropower,Hidroalto Generacion de Energia SA,0.064
Ecuador,Hydropower,Hidronormandía SA,0.05
Ecuador,Hydropower,Hidrosanbartolo SA,0.05
Ecuador,Hydropower,Hidrelgen SA,0.032
Ecuador,Oil and gas,Corporación Nacional de Electricidad EP,1.0831
Ecuador,Oil and gas,Corporación Eléctrica del Ecuador SA,0.22190000000000001
Ecuador,Oil and gas,Petroamazonas EP,0.1196
Ecuador,Oil and gas,Karadeniz Holding AŞ,0.1014
Ecuador,Oil and gas,Andes Petroleum Co Ltd,0.07579999999999999
Ecuador,Utility-scale solar,Unknown,0.02373474074074074
Ecuador,Wind,Elecaustro SA,0.05
Ecuador,Wind,Corporación Eléctrica del Ecuador SA,0.016
Egypt,Bioenergy,Unknown,0.045
Egypt,Hydropower,Egyptian Electricity Holding Co,2.842
Egypt,Hydropower,Ministry of Irrigation and Water Resources,0.032
Egypt,Oil and gas,Egyptian Electricity Holding Co,51.3113
Egypt,Oil and gas,CGN Energy International Holding Co,0.6826
Egypt,Oil and gas,Creditas BV,0.6826
Egypt,Oil and gas,Unknown,0.448
Egypt,Oil and gas,China General Nuclear Power Co Ltd,0.43003800000000003
Egypt,Oil and gas,China Southern Power Grid Co Ltd,0.252562
Egypt,Oil and gas,Egyptian General Petroleum Corp,0.21528
Egypt,Oil and gas,New and Renewable Energy Authority,0.15
Egypt,Oil and gas,Egyptian Petrochemicals Holding Co,0.135
Egypt,Oil and gas,Al Ahly Capital Holding Co,0.0315
Egypt,Oil and gas,Sidi Kerir Petrochemicals Co,0.03
Egypt,Oil and gas,Engineering for the Petroleum & Process Industries,0.024
Egypt,Oil and gas,National Investment Bank (Egypt),0.021
Egypt,Oil and gas,Egyptian Natural Gas Co,0.0165
Egypt,Oil and gas,Banque Misr,0.015
Egypt,Oil and gas,small shareholder(s),0.006719999999999999
Egypt,Utility-scale solar,New and Renewable Energy Authority,0.5801911278195488
Egypt,Utility-scale solar,AMEA Power,0.5
Egypt,Utility-scale solar,ACWA Power Co,0.24814
Egypt,Utility-scale solar,Unknown,0.2085
Egypt,Utility-scale solar,Alcazar Energy,0.19488
Egypt,Utility-scale solar,Infinity Energy SAE,0.13632
Egypt,Utility-scale solar,Africa50 SA,0.11309999999999999
Egypt,Utility-scale solar,KLP Norfund Investments AS,0.11309999999999999
Egypt,Utility-scale solar,Scatec ASA,0.11309999999999999
Egypt,Utility-scale solar,ib vogt gmbH,0.08064
Egypt,Utility-scale solar,Acciona Energía SAU,0.075
Egypt,Utility-scale solar,Enara Bahrain,0.075
Egypt,Utility-scale solar,Globeleq Africa Investments Ltd,0.05742
Egypt,Utility-scale solar,EDF Renewables,0.056549999999999996
Egypt,Utility-scale solar,Elsewedy Electric,0.056549999999999996
Egypt,Utility-scale solar,Access Infra Africa,0.054810000000000005
Egypt,Utility-scale solar,Total Eren SA,0.054810000000000005
Egypt,Utility-scale solar,Alfanar Group,0.05
Egypt,Utility-scale solar,Fas Energy LLC,0.05
Egypt,Utility-scale solar,Shapoorji Pallonji Infrastructure Capital Company PVT LTD (SP INFRA),0.05
Egypt,Utility-scale solar,BPE Partners,0.04814
Egypt,Utility-scale solar,Others,0.37918505639097744
Egypt,Wind,New and Renewable Energy Authority,1.378
Egypt,Wind,AMEA Power,0.502
Egypt,Wind,Lekela Power,0.252
Egypt,Wind,ENGIE SA,0.22825
Egypt,Wind,Eurus Energy Holdings Corp,0.22825
Egypt,Wind,Orascom Construction PLC,0.22825
Egypt,Wind,Toyota Tsusho Corp,0.22825
El Salvador,Bioenergy,Compañía Azucarera Salvadoreña SA de CV,0.107
El Salvador,Bioenergy,Grupo El Ángel,0.047
El Salvador,Bioenergy,Ingenio Central Azucarero Jiboa SA,0.045
El Salvador,Bioenergy,Unknown,0.03
El Salvador,Geothermal,LaGeo,0.2035
El Salvador,Geothermal,Unknown,0.0152
El Salvador,Hydropower,Comisión Ejecutiva Hidroeléctrica del Río Lempa,0.599
El Salvador,Oil and gas,Invenergy LLC,0.378
El Salvador,Oil and gas,Orazul Energy El Salvador S en C de CV,0.232
El Salvador,Oil and gas,I Squared Capital Advisors LLC,0.1439
El Salvador,Oil and gas,Inversiones Energéticas SA de CV,0.102
El Salvador,Oil and gas,Termopuerto SA de CV,0.0736
El Salvador,Utility-scale solar,Unknown,0.28862400000000005
El Salvador,Utility-scale solar,Neoen SA,0.15513333333333332
El Salvador,Utility-scale solar,AES Corp,0.11313416666666666
El Salvador,Utility-scale solar,REAL Infrastructure Capital Partners LLC,0.054315111111111106
El Salvador,Utility-scale solar,Aristos Energy,0.042199259259259256
El Salvador,Utility-scale solar,Inter-American Investment Corporation (IIC),0.03333333333333333
El Salvador,Utility-scale solar,Proparco,0.03333333333333333
El Salvador,Utility-scale solar,MPC Energy Solutions,0.026179185185185184
El Salvador,Utility-scale solar,Comisión Ejecutiva Hidroeléctrica del Río Lempa,0.01479
El Salvador,Utility-scale solar,Green Planet Energy,0.003932203703703703
El Salvador,Utility-scale solar,O&M Group,0.0031320000000000002
El Salvador,Wind,ArcVera Renewables,0.027
El Salvador,Wind,Tracia Network Corp,0.027
Equatorial Guinea,Hydropower,Ministry of Mines Industry and Energy,0.12
Equatorial Guinea,Oil and gas,Sociedad de Electricidad de Guinea Ecuatorial SA,0.218
Equatorial Guinea,Utility-scale solar,MAECI Solar,0.0022566709844559583
Equatorial Guinea,Utility-scale solar,Princeton Power Systems,0.0022566709844559583
Eritrea,Oil and gas,Eritrean Electricity Corp,0.134
Eritrea,Oil and gas,Unknown,0.012
Eritrea,Oil and gas,Eritrean National Mining Corp,0.011
Eritrea,Oil and gas,Zijin Mining Group Co Ltd,0.011
Eritrea,Utility-scale solar,Unknown,0.0228
Estonia,Bioenergy,Partners Group AG,0.049
Estonia,Bioenergy,FS Core Utilities SARL,0.028
Estonia,Bioenergy,Mitsubishi UFJ Financial Group Inc,0.028
Estonia,Oil and gas,Elering AS,0.2511
Estonia,Oil and gas,Eesti Energia AS,0.207
Estonia,Utility-scale solar,Unknown,0.6747000000000001
Estonia,Utility-scale solar,Evecon OU,0.09587515432098766
Estonia,Utility-scale solar,Enefit Green,0.09256954320987655
Estonia,Utility-scale solar,KC Energy,0.04683302469135803
Estonia,Utility-scale solar,Mirova,0.03402021604938272
Estonia,Utility-scale solar,Metsagrupp,0.01988194444444444
Estonia,Utility-scale solar,Sunly,0.01988194444444444
Estonia,Utility-scale solar,Enery Development GmbH,0.0174
Estonia,Wind,Enefit Green,0.453
Estonia,Wind,Eleon AS,0.102
Estonia,Wind,Greta Energy,0.04
Estonia,Wind,Utilitas OÜ,0.039
Estonia,Wind,Nelja Energia (4Energia),0.024
Estonia,Wind,UAB Ignitis Renewables,0.018
Estonia,Wind,Unknown,0.012
Eswatini,Bioenergy,Montigny Investments Ltd,0.025
Eswatini,Bioenergy,Associated British Foods PLC,0.024
Eswatini,Bioenergy,natural person(s),0.016390000000000002
Eswatini,Bioenergy,Tibiyo Taka Ngwane,0.015930000000000003
Eswatini,Bioenergy,RCL Foods Ltd,0.00873
Eswatini,Bioenergy,Government of Nigeria,0.003
Eswatini,Bioenergy,Government of Eswatini,0.00195
Eswatini,Utility-scale solar,Eswatini Electricity Co,0.009026683937823833
Eswatini,Utility-scale solar,Unknown,0.0047
Ethiopia,Bioenergy,Ethiopian Sugar Industry Group,0.136
Ethiopia,Bioenergy,Government of Ethiopia,0.062
Ethiopia,Bioenergy,Unknown,0.045
Ethiopia,Bioenergy,Ethiopian Electric Power Corp,0.025
Ethiopia,Hydropower,Ethiopian Electric Power Corp,9.201
Ethiopia,Utility-scale solar,Unknown,0.0015
Ethiopia,Wind,Ethiopian Electric Power Corp,0.664
Faroe Islands,Wind,Effo,0.0125
Faroe Islands,Wind,Røkt,0.0125
Faroe Islands,Wind,Elfelagid SEV,0.012
Fiji,Bioenergy,Fiji Pine Ltd,0.0123
Fiji,Bioenergy,Government of Fiji,0.012
Fiji,Bioenergy,small shareholder(s),0.012
Fiji,Bioenergy,GS Holdings Corp,0.003
Fiji,Bioenergy,IMM Investment Corp,0.003
Fiji,Bioenergy,Mirae Asset Securities Co Ltd,0.003
Fiji,Bioenergy,Renewable Fiji Co Ltd,0.003
Fiji,Hydropower,Fiji Electricity Authority,0.08
Fiji,Hydropower,Unknown,0.04
Fiji,Oil and gas,Pernix Group Inc,0.086
Fiji,Oil and gas,Government of Fiji,0.014
Fiji,Oil and gas,Sevens Pacific Pte Ltd,0.014
Fiji,Oil and gas,small shareholder(s),0.014
Fiji,Wind,Energy Fiji Ltd,0.01
Finland,Bioenergy,Stora Enso Oyj,0.6367653636363636
Finland,Bioenergy,UPM-Kymmene Oyj,0.4138773636363636
Finland,Bioenergy,Metsäliitto Cooperative,0.35735666666666666
Finland,Bioenergy,Alva-yhtiot Oy,0.27
Finland,Bioenergy,Lahti Energia Oy,0.21363322077922078
Finland,Bioenergy,ITOCHU Corp,0.18416666666666665
Finland,Bioenergy,Metsä Board Oyj,0.18347666666666665
Finland,Bioenergy,Vantaan Energia Oy,0.17935222077922078
Finland,Bioenergy,Unknown,0.1636
Finland,Bioenergy,Vaasan Sähkö Oy,0.12912522077922078
Finland,Bioenergy,Sappi Ltd,0.128
Finland,Bioenergy,Kuopion Energia Oy,0.118
Finland,Bioenergy,small shareholder(s),0.08149722077922078
Finland,Bioenergy,Herrfors Oyj,0.079235
Finland,Bioenergy,Oulun Energia Oy,0.072
Finland,Bioenergy,Tampereen Sähkölaitos,0.06
Finland,Bioenergy,Kymppivoima Oy,0.05282222077922078
Finland,Bioenergy,Savon Energiaholding Oy,0.047
Finland,Bioenergy,Kotkan Kaupanki,0.046
Finland,Bioenergy,Seinäjoen Energia Oy,0.042979220779220784
Finland,Bioenergy,Helen Oy,0.04228722077922078
Finland,Bioenergy,Others,0.24162572727272727
Finland,Coal,Fortum Oyj,0.614
Finland,Coal,Stora Enso Oyj,0.039200000000000006
Finland,Hydropower,Kemijoki Oy,0.973
Finland,Hydropower,Fortum Oyj,0.779
Finland,Hydropower,Pohjolan Voima Oyj,0.198
Finland,Hydropower,PVO Vesivoima Oy,0.152
Finland,Hydropower,UPM Energy Oy,0.102
Finland,Hydropower,Vattenfall AB,0.094
Finland,Hydropower,Unknown,0.075
Finland,Hydropower,Länsi-Suomen Voima Oy,0.072
Finland,Hydropower,Pohjan Voima Oy,0.06
Finland,Hydropower,Oulun Energia Oy,0.04
Finland,Nuclear,Teollisuuden Voima Oyj,3.56
Finland,Nuclear,Fortum Power And Heat OY (Former IVO),1.062
Finland,Oil and gas,Helen Oy,0.792697
Finland,Oil and gas,Government of Finland,0.5002
Finland,Oil and gas,Unknown,0.4218
Finland,Oil and gas,Fortum Oyj,0.279
Finland,Oil and gas,Tampereen Sähkölaitos,0.147
Finland,Oil and gas,Lappeenrannan Energia Oy,0.102
Finland,Oil and gas,Vaasan Sähkö Oy,0.085609
Finland,Oil and gas,Leppäkoski Group Oy,0.072
Finland,Oil and gas,Neste Oyj,0.0608
Finland,Oil and gas,Veolia Environnement SA,0.0608
Finland,Oil and gas,KSS Energia Oy,0.045
Finland,Oil and gas,small shareholder(s),0.04170700000000001
Finland,Oil and gas,Seinäjoen Energia Oy,0.034417
Finland,Oil and gas,Borealis AG,0.0304
Finland,Oil and gas,Lahti Energia Oy,0.029233
Finland,Oil and gas,Vantaan Energia Oy,0.028260999999999998
Finland,Oil and gas,Kymppivoima Oy,0.027451
Finland,Oil and gas,SSAB AB,0.015625
Finland,Utility-scale solar,Unknown,0.09225222222222224
Finland,Utility-scale solar,Exilion Tuuli Ky,0.060899999999999996
Finland,Utility-scale solar,CPC Lakarin Aurinkovoima Oy,0.028276543209876548
Finland,Utility-scale solar,Solarigo Oy,0.01131
Finland,Wind,Ilmatar Energy Oy,0.6564
Finland,Wind,Taaleri Energia Funds Management Oy,0.561
Finland,Wind,Suomen Hyötytuuli Oy,0.5007
Finland,Wind,Exilion Tuuli Ky,0.44680000000000003
Finland,Wind,EPV Energia Oy,0.446
Finland,Wind,Neoen SA,0.39582
Finland,Wind,WPD Finland,0.3953
Finland,Wind,Gigawatti Oy,0.363
Finland,Wind,Helen Oy,0.35304499999999994
Finland,Wind,Fortum Oyj,0.31848000000000004
Finland,Wind,Puhuri Oy,0.2273
Finland,Wind,PROKON Wind Energy Finland Oy,0.22618000000000002
Finland,Wind,Glennmont Partners,0.212
Finland,Wind,OX2 AB,0.2107
Finland,Wind,Aquila Capital,0.2045
Finland,Wind,BlackRock Real Assets,0.199
Finland,Wind,CPC Finland Oy,0.189
Finland,Wind,Luxcara GmbH,0.159
Finland,Wind,IKEA,0.153
Finland,Wind,Valorem SA,0.1485
Finland,Wind,Others,2.192675
France,Bioenergy,Energetický a průmyslový holding AS,0.15
France,Bioenergy,Republique Francaise Presidence,0.116
France,Bioenergy,Elite Shine Investments Ltd,0.078
France,Bioenergy,Smurfit Kappa Group PLC,0.0595
France,Bioenergy,Veolia Environnement SA,0.054789000000000004
France,Bioenergy,Syndicat Mixte d'Élimination des Déchets Arrondissement de Rouen,0.032
France,Bioenergy,Pearl Infrastructure Capital,0.03
France,Bioenergy,Gascogne SA,0.0297
France,Bioenergy,ASTRIA SAS,0.022
France,Bioenergy,Antin Infrastructure Partners SAS,0.0213
France,Bioenergy,Séché Environnement SA,0.02
France,Bioenergy,Paprec Holding SA,0.0185
France,Bioenergy,Service Holding Co Ltd,0.01
France,Bioenergy,Sinsukjai Co Ltd,0.01
France,Bioenergy,small shareholder(s),0.01
France,Bioenergy,Ardian France SA,0.004
France,Bioenergy,CAPG Energies Nouvelles SAS,0.004
France,Bioenergy,Caisse des dépôts et consignations,0.004
France,Bioenergy,Crédit Agricole Franche-Comté Investissements,0.004
France,Bioenergy,Gemdoubs SAS,0.004
France,Bioenergy,Others,0.0021000000000000003
France,Coal,Electricité de France SA,1.26
France,Coal,Energetický a průmyslový holding AS,0.647
France,Geothermal,Unknown,0.0017
France,Hydropower,EDF Energy Ltd,13.702
France,Hydropower,Electricité de France SA,3.8245
France,Hydropower,Compagnie Nationale du Rhône (CNR),2.45429
France,Hydropower,ENGIE SA,0.529
France,Hydropower,Réseau de Transport d'Électricité (RTE),0.524
France,Hydropower,Alpiq Suisse SA,0.065
France,Hydropower,EnBW Energie Baden-Württemberg AG (EnBW),0.0365
France,Hydropower,Services Industriels de Genève (SIG),0.019440000000000002
France,Nuclear,Electricité de France SA,65.69
France,Oil and gas,Electricité de France SA,4.628666666666667
France,Oil and gas,TotalEnergies SE,2.5299
France,Oil and gas,ENGIE SA,2.3691466666666665
France,Oil and gas,Unknown,0.3359
France,Oil and gas,Solvay NV,0.285
France,Oil and gas,Asterion Industrial Partners SGEIC SA,0.223
France,Oil and gas,ArcelorMittal SA,0.15
France,Oil and gas,Air Liquide SA,0.145
France,Oil and gas,Antin Infrastructure Partners SAS,0.132
France,Oil and gas,Tereos Internacional SA,0.098
France,Oil and gas,Seqens SAS,0.096
France,Oil and gas,Cheyne European Strategic Value Credit Scs Sicav-Sif,0.0872
France,Oil and gas,City of Paris,0.08390666666666667
France,Oil and gas,Roquette Freres SA,0.08
France,Oil and gas,Texaco Inc,0.06
France,Oil and gas,Energetický a průmyslový holding AS,0.049
France,Oil and gas,Enerlis SAS,0.0487
France,Oil and gas,Cargill France SAS,0.047
France,Oil and gas,Aragocias SA,0.044
France,Oil and gas,City of Metz,0.03825
France,Oil and gas,Coriance Group,0.03
France,Oil and gas,Others,0.05275
France,Utility-scale solar,Unknown,10.084447528089887
France,Utility-scale solar,Neoen SA,0.49035999999999996
France,Utility-scale solar,ENGIE SA,0.4856573033707865
France,Utility-scale solar,EDF Energies Nouvelles,0.14796921348314607
France,Utility-scale solar,Enerparc AG,0.1305
France,Utility-scale solar,TotalEnergies SE,0.11919
France,Utility-scale solar,BayWa R.E. AG,0.086744
France,Utility-scale solar,Eco Delta Group,0.0783
France,Utility-scale solar,Eni SpA,0.076125
France,Utility-scale solar,Photosol Group,0.07482
France,Utility-scale solar,ZE Energy,0.06699
France,Utility-scale solar,Q Energy,0.06464099999999999
France,Utility-scale solar,JP Energie Environnement,0.05133
France,Utility-scale solar,Mitsubishi Corporation Energy Solutions Ltd,0.047850000000000004
France,Utility-scale solar,Energieteam,0.044022
France,Utility-scale solar,Sun'R Group,0.0435
France,Utility-scale solar,Total Quadran,0.0435
France,Utility-scale solar,Sonnedix,0.042629999999999994
France,Utility-scale solar,Aquila Capital,0.034858426966292134
France,Utility-scale solar,Octopus Energy,0.0348
France,Utility-scale solar,Octopus Energy Generation Ltd,0.0348
France,Utility-scale solar,Others,0.2324201797752809
France,Wind,Unknown,6.27275
France,Wind,ENGIE SA,1.9983499999999998
France,Wind,EDF Renewables,1.8397000000000001
France,Wind,Boralex Inc,1.12825
France,Wind,Allianz SE,0.5145
France,Wind,Iberdrola SA,0.513
France,Wind,Éoliennes,0.496
France,Wind,Valorem,0.45239999999999997
France,Wind,Total Quadran,0.4347
France,Wind,TTR Energy,0.4275
France,Wind,Energieteam,0.363
France,Wind,Compagnie Nationale du Rhône (CNR),0.3396
France,Wind,WPD,0.33845
France,Wind,Neoen SA,0.30328000000000005
France,Wind,WPD AG,0.29960000000000003
France,Wind,Volkswind GmbH,0.2872
France,Wind,EDPR Renewable Energy Sources of Greece 1 Sole Proprietorship,0.282
France,Wind,Ostwind,0.2788
France,Wind,Enertrag Ltd,0.272
France,Wind,RWE AG,0.26730000000000004
France,Wind,Renewables Infrastructure Group LTD (TRIG),0.255
France,Wind,Others,8.43146
French Guiana,Bioenergy,Voltalia SA,0.0105
French Guiana,Hydropower,EDF Energy Ltd,0.116
French Guiana,Oil and gas,Electricité de France SA,0.1446
French Guiana,Utility-scale solar,Albioma SAS,0.01392
French Guiana,Utility-scale solar,EDF Renewables,0.01218
French Guiana,Utility-scale solar,Unknown,0.0067
French Guiana,Utility-scale solar,Voltalia SA,0.00479537037037037
French Polynesia,Utility-scale solar,Moux Group CO LTD,0.009396000000000002
French Polynesia,Utility-scale solar,Siu Group CO LTD,0.007489961685823754
Gabon,Hydropower,Société d’énergie et d’eau du Gabon (SEEG),0.16
Gabon,Hydropower,Société d’Energie et d’Eau du Gabon,0.126
Gabon,Hydropower,Unknown,0.038
Gabon,Oil and gas,Unknown,0.376
Gabon,Oil and gas,Telemenia Ltd,0.12
Gabon,Utility-scale solar,Solen,0.00957
Georgia,Hydropower,Engurhesi LLC,1.52
Georgia,Hydropower,Energo-Pro Georgia JSC,0.323
Georgia,Hydropower,Inter RAO PJSC,0.224
Georgia,Hydropower,Georgian Manganese,0.184
Georgia,Hydropower,Georgia Global Utilities (GGU),0.13
Georgia,Hydropower,Clean Energy Invest AS,0.0895
Georgia,Hydropower,Tata Power Company Ltd,0.0895
Georgia,Hydropower,Georgia-Urban Enerji LLC (GUE),0.085
Georgia,Hydropower,Achar Energy,0.051
Georgia,Hydropower,Energo-Pro,0.048
Georgia,Hydropower,Adjara Energy,0.047
Georgia,Hydropower,Georgian Investment Group Energy Ltd,0.046
Georgia,Hydropower,Feri LTD,0.0432
Georgia,Hydropower,Georgian Energy Development Fund,0.0324
Georgia,Hydropower,Robbins CO,0.0324
Georgia,Hydropower,Georgia Renewable Power LLC,0.0195
Georgia,Hydropower,RP Global,0.0105
Georgia,Oil and gas,GIG Holding LLC,0.572
Georgia,Oil and gas,Georgian Oil and Gas Corporation JSC,0.37291199999999997
Georgia,Oil and gas,Georgian Development Fund JSC,0.113288
Georgia,Oil and gas,Energo-Pro Georgia JSC,0.11
Georgia,Utility-scale solar,Unknown,0.0129
Georgia,Wind,Georgia Capital PLC,0.0207
Germany,Bioenergy,Beijing Enterprises Ltd,0.2255898
Germany,Bioenergy,Mercer International Inc,0.197
Germany,Bioenergy,Unknown,0.17800933333333332
Germany,Bioenergy,EWE AG,0.1014
Germany,Bioenergy,Asterion Industrial Partners SGEIC SA,0.076
Germany,Bioenergy,Rethmann SE & Co KGaA,0.06916458333333332
Germany,Bioenergy,MVV Energie AG,0.0653
Germany,Bioenergy,Bielefelder Beteiligungs- und Vermögensverwaltungsgesellschaft mbH,0.060943199999999996
Germany,Bioenergy,Essity AB,0.0575
Germany,Bioenergy,Stadtische Werke Magdeburg GmbH & Co KG,0.050515
Germany,Bioenergy,E.ON SE,0.05025
Germany,Bioenergy,Steinbeis Holding GmbH,0.0422
Germany,Bioenergy,Celanese Corp,0.040333333333333325
Germany,Bioenergy,Stadtwerke München GmbH,0.04
Germany,Bioenergy,RWE AG,0.038
Germany,Bioenergy,Solvay Chemicals GmbH,0.036
Germany,Bioenergy,EVI Abfallverwertung BV,0.035
Germany,Bioenergy,Evi Afvalverwerkingseenheid Duitsland BV,0.035
Germany,Bioenergy,Schindler Deutschland AG & Co KG,0.034
Germany,Bioenergy,Stadtwerke Frankfurt am Main Holding GmbH,0.03379933333333333
Germany,Bioenergy,JH Holding GmbH,0.032
Germany,Bioenergy,Others,0.6896252166666665
Germany,Coal,RWE AG,7.0648
Germany,Coal,EnBW Energie Baden-Württemberg AG,5.590752
Germany,Coal,Unknown,2.8935
Germany,Coal,EP Investment S.à r.l.,2.6144002
Germany,Coal,Asterion Industrial Partners SGEIC SA,1.6269
Germany,Coal,Uniper SE,1.293
Germany,Coal,ResInvest Holding AS,1.1
Germany,Coal,Energetický a průmyslový holding AS,0.98
Germany,Coal,Riverstone Energy Ltd,0.83
Germany,Coal,small shareholder(s),0.81
Germany,Coal,BEW Berliner Energie und Wärme GmbH,0.7
Germany,Coal,MVV Energie AG,0.6302000000000001
Germany,Coal,Hamburger Gesellschaft für Vermögens- und Beteiligungsmanagement mbH,0.4947
Germany,Coal,EVN AG,0.3871
Germany,Coal,Tiliacordata Ltd,0.3164998
Germany,Coal,GEW Köln AG,0.207928
Germany,Coal,Mainova AG,0.144
Germany,Coal,enercity AG,0.12705
Germany,Coal,Westenergie AG,0.06636
Germany,Coal,Currenta Geschäftsführungs GmbH,0.06
Germany,Coal,Currenta Group Holdings SARL,0.06
Germany,Coal,Others,0.17398999999999998
Germany,Geothermal,Unknown,0.0121
Germany,Geothermal,Stadtwerke München GmbH,0.0056
Germany,Geothermal,Süddeutsche Geothermie-Projekte GmbH & Co KG,0.0055
Germany,Geothermal,Swm Services GmbH,0.005
Germany,Geothermal,Daldrup & Söhne AG,0.0045
Germany,Geothermal,Silenos Energy Garching ad Alz,0.0043
Germany,Geothermal,Equitix Holdings Ltd,0.0040999999999999995
Germany,Geothermal,Geothermie Holzkirchen GmbH,0.0034
Germany,Hydropower,Vattenfall AB,2.705
Germany,Hydropower,Uniper SE,1.0398600000000002
Germany,Hydropower,RWE Power AG,0.87
Germany,Hydropower,EnBW Energie Baden-Württemberg AG (EnBW),0.85536
Germany,Hydropower,Verbund AG,0.2771
Germany,Hydropower,RWE AG,0.23485
Germany,Hydropower,Verbund Hydro Power GmbH,0.225
Germany,Hydropower,Energiedienst Holding AG,0.22185
Germany,Hydropower,Statkraft,0.22
Germany,Hydropower,Stadtwerke München GmbH,0.139
Germany,Hydropower,ENGIE SA,0.107
Germany,Hydropower,Enervie,0.07
Germany,Hydropower,STAWAG – Stadt- und Städteregionswerke Aachen AG,0.07
Germany,Hydropower,EnBW Energie Baden-Württemberg AG,0.046
Germany,Hydropower,Wacker Chemie AG,0.045
Germany,Hydropower,Innwerk AG,0.039
Germany,Hydropower,naturenergie hochrhein AG,0.039
Germany,Hydropower,Electricité de France SA,0.0365
Germany,Hydropower,Unknown,0.03608
Germany,Hydropower,AEW Energie AG,0.031650000000000005
Germany,Hydropower,Axpo Power AG,0.0235
Germany,Hydropower,Others,0.07796
Germany,Oil and gas,RWE AG,4.232
Germany,Oil and gas,Uniper SE,3.470492
Germany,Oil and gas,EnBW Energie Baden-Württemberg AG,2.06567
Germany,Oil and gas,Vattenfall AB,1.476
Germany,Oil and gas,Statkraft Germany GmbH,1.362
Germany,Oil and gas,Stadtwerke München GmbH,1.108
Germany,Oil and gas,Stadtwerke Köln GmbH,1.0325
Germany,Oil and gas,BASF SE,1.026
Germany,Oil and gas,thyssenkrupp AG,1.011
Germany,Oil and gas,Asterion Industrial Partners SGEIC SA,0.911
Germany,Oil and gas,EWE AG,0.8281499999999999
Germany,Oil and gas,Salzgitter AG,0.592
Germany,Oil and gas,Volkswagen AG,0.502
Germany,Oil and gas,Technische Werke Dresden GmbH,0.4352
Germany,Oil and gas,ESWE Versorgungs AG,0.4345
Germany,Oil and gas,Mainzer Stadtwerke AG,0.4345
Germany,Oil and gas,Evonik Industries AG,0.4238
Germany,Oil and gas,Mainova AG,0.41078954666666667
Germany,Oil and gas,K+S AG,0.379
Germany,Oil and gas,Unknown,0.36554744666666666
Germany,Oil and gas,E.ON SE,0.3618116
Germany,Oil and gas,Others,11.684630606666667
Germany,Utility-scale solar,Unknown,28.777844
Germany,Utility-scale solar,EnBW Energie Baden-Württemberg AG,0.5179109999999999
Germany,Utility-scale solar,Signal Iduna,0.42112900000000003
Germany,Utility-scale solar,Encavis AG,0.4027046010230179
Germany,Utility-scale solar,Enerparc AG,0.309231
Germany,Utility-scale solar,Luxcara GmbH,0.22388
Germany,Utility-scale solar,Anumar,0.217641
Germany,Utility-scale solar,GP Joule,0.18705000000000002
Germany,Utility-scale solar,CEE Group,0.154
Germany,Utility-scale solar,Octopus Energy Group Ltd,0.12354
Germany,Utility-scale solar,Maxsolar GmbH,0.10875
Germany,Utility-scale solar,Juwi Group,0.10735800000000001
Germany,Utility-scale solar,Clearvise AG,0.09831000000000001
Germany,Utility-scale solar,Goldbeck Solar,0.08667799999999999
Germany,Utility-scale solar,Wemag AG,0.07221
Germany,Utility-scale solar,Lausitz Energie Verwaltungs GmbH,0.067164
Germany,Utility-scale solar,Clenergy Global Projects GmbH,0.05568
Germany,Utility-scale solar,Statkraft AS,0.0545055
Germany,Utility-scale solar,Energiekontor AG,0.0522
Germany,Utility-scale solar,Iberdrola SA,0.048807
Germany,Utility-scale solar,Allianz SE,0.04872
Germany,Utility-scale solar,Others,1.0773675
Germany,Wind,Unknown,26.45833
Germany,Wind,WPD AG,1.9253
Germany,Wind,RWE AG,1.67846
Germany,Wind,EnBW Energie Baden-Württemberg AG,1.0816199999999998
Germany,Wind,PNE AG,1.0199
Germany,Wind,Ørsted A/S,0.8699
Germany,Wind,ABO Wind AG,0.761
Germany,Wind,NOTUS Energy,0.727
Germany,Wind,Energiequelle GmbH,0.6075
Germany,Wind,Denker & Wulf AG,0.592
Germany,Wind,UKA Group,0.521
Germany,Wind,WindStrom,0.486
Germany,Wind,Vattenfall AB,0.44688
Germany,Wind,Iberdrola Renovables Energia SA,0.42125999999999997
Germany,Wind,CEE Group,0.382
Germany,Wind,WestWind Energy Pty Ltd,0.331
Germany,Wind,Ostwind,0.3005
Germany,Wind,Energy Infrastructure Partners AG,0.2995
Germany,Wind,Juwi GmbH,0.281
Germany,Wind,Enbridge Inc,0.27538
Germany,Wind,Energiekontor AG,0.268
Germany,Wind,Others,10.852109999999998
Ghana,Hydropower,Volta River Authority,1.18
Ghana,Hydropower,Bui Power Authority (BPA),0.404
Ghana,Oil and gas,Volta River Authority,0.574
Ghana,Oil and gas,Karadeniz Holding AŞ,0.45
Ghana,Oil and gas,Aksa Enerji Uretim AŞ,0.37
Ghana,Oil and gas,Shenzhen Energy Group Co Ltd,0.336
Ghana,Oil and gas,Takoradi Power Co,0.33
Ghana,Oil and gas,Abu Dhabi National Energy Company PJSC,0.288
Ghana,Oil and gas,China African Development Fund,0.224
Ghana,Oil and gas,Denham Capital Management GP LLC,0.123875
Ghana,Oil and gas,Denham Capital Management LP,0.123875
Ghana,Oil and gas,Africa Finance Corp,0.112
Ghana,Oil and gas,CENIT Investment Ltd,0.11
Ghana,Oil and gas,General Electric Co,0.0985
Ghana,Oil and gas,Sage Petroleum Ltd,0.0985
Ghana,Oil and gas,Sumitomo Corp,0.098
Ghana,Oil and gas,Cenpower Holdings Ltd,0.0735
Ghana,Oil and gas,Macquarie Group Ltd,0.026250000000000002
Ghana,Oil and gas,Old Mutual Ltd,0.026250000000000002
Ghana,Oil and gas,Development Bank of Southern Africa Ltd,0.025375
Ghana,Oil and gas,Government Employees Pension Fund (South Africa),0.025375
Ghana,Oil and gas,Harith Holdings Pty Ltd,0.025375
Ghana,Oil and gas,Others,0.090125
Ghana,Utility-scale solar,Bui Power Authority (BPA),0.09151334196891192
Ghana,Utility-scale solar,UBI Energy Corp,0.09026683937823834
Ghana,Utility-scale solar,Sinohydro Corp Ltd,0.0435
Ghana,Utility-scale solar,Unknown,0.040555
Ghana,Utility-scale solar,Volta River Authority,0.02605
Ghana,Utility-scale solar,BXC Ghana Ltd,0.02
Ghana,Utility-scale solar,Meinergy Ghana,0.02
Ghana,Utility-scale solar,Helios Solar Co,0.015164829015544041
Gibraltar,Oil and gas,Shell PLC,0.0864
Greece,Coal,Public Power Corporation SA,0.66
Greece,Hydropower,Public Power Corporation SA,3.049
Greece,Hydropower,PPC Renewables SA,0.07
Greece,Oil and gas,Public Power Corporation SA,3.583
Greece,Oil and gas,Metlen Energy & Metals SA,2.0406
Greece,Oil and gas,"GEK TERNA Holdings, Real Estate, Construction SA",1.0205
Greece,Oil and gas,small shareholder(s),0.5235
Greece,Oil and gas,HELLENiQ ENERGY Holdings SA,0.474
Greece,Oil and gas,Edison SpA,0.42
Greece,Oil and gas,Unknown,0.341
Greece,Utility-scale solar,Unknown,3.6565030000000003
Greece,Utility-scale solar,Public Power Corporation SA,0.35757
Greece,Utility-scale solar,Hellenic Petroleum Holdings SA,0.17748
Greece,Utility-scale solar,Karatzis SA Industrial & Hotel Enterprises,0.152946
Greece,Utility-scale solar,Cero Generation,0.133806
Greece,Utility-scale solar,Egnatia Wind Energy SA,0.118755
Greece,Utility-scale solar,Enel Green Power Greece SA,0.11754100398406375
Greece,Utility-scale solar,National Energy,0.069339
Greece,Utility-scale solar,TotalEnergies SE,0.060899999999999996
Greece,Utility-scale solar,Helioelxis Energy LLC,0.0522
Greece,Utility-scale solar,ABO Wind,0.0435
Greece,Utility-scale solar,Macquarie Group Ltd,0.04219900398406375
Greece,Utility-scale solar,Blue Elephant Energy AG (BEE),0.03306
Greece,Utility-scale solar,New NE Solar Developments SA,0.031146
Greece,Utility-scale solar,EMV Energy Investments SA,0.030363
Greece,Utility-scale solar,Amvrakia Energy LLC,0.020967000000000003
Greece,Utility-scale solar,Jasper Aoliki - Loutsa EPE,0.020097
Greece,Utility-scale solar,Helioelxis LLC,0.0174
Greece,Utility-scale solar,New SPES Concept SA,0.015747
Greece,Utility-scale solar,Rokas Aeoliki North Hellas II Ave,0.00957
Greece,Utility-scale solar,Aurum 4 Energy Single Member IKE,0.0087
Greece,Utility-scale solar,Others,0.037062
Greece,Wind,Terna Energy,1.0358
Greece,Wind,Unknown,0.9967999999999999
Greece,Wind,Ellaktor SA,0.416
Greece,Wind,Rokas Aeoliki North Hellas II Ave,0.3803
Greece,Wind,Enel Green Power Greece SA,0.3692
Greece,Wind,Eren Hellas,0.21
Greece,Wind,EDF Renewables Greece,0.18130000000000002
Greece,Wind,Public Power Corporation SA,0.1636
Greece,Wind,EDPR Renewable Energy Sources of Greece 1 Sole Proprietorship,0.1502
Greece,Wind,Eunice Energy Group,0.08070000000000001
Greece,Wind,Viotia Aiolos LLC,0.0576
Greece,Wind,Volterra SA,0.0538
Greece,Wind,National Energy Holdings,0.052700000000000004
Greece,Wind,Jasper Aoliki - Loutsa EPE,0.048600000000000004
Greece,Wind,Spider Energy SA,0.048
Greece,Wind,Aioliki Beleheri SA,0.044
Greece,Wind,Metlen Energy & Metals SA,0.0432
Greece,Wind,Teforto Holdings Ltd,0.0432
Greece,Wind,Aquila European Renewables PLC,0.0423
Greece,Wind,PAP Energy SA,0.042
Greece,Wind,RES Wind SA,0.0402
Greece,Wind,Others,1.0291
Guadeloupe,Bioenergy,KKR & Co. Inc,0.038
Guadeloupe,Geothermal,Unknown,0.015
Guadeloupe,Oil and gas,Electricité de France SA,0.2922
Guadeloupe,Utility-scale solar,Unknown,0.0366
Guadeloupe,Wind,Valorem,0.016
Guadeloupe,Wind,Total Quadran,0.013
Guadeloupe,Wind,EDF Renewables,0.012
Guatemala,Bioenergy,Grupo Pantaleón,0.1485
Guatemala,Bioenergy,natural person(s),0.13453199999999998
Guatemala,Bioenergy,Compañía Agrícola Industrial Santa Ana SA,0.104
Guatemala,Bioenergy,Landire Ltd,0.100899
Guatemala,Bioenergy,Grupo San Diego,0.092
Guatemala,Bioenergy,Ingenio La Unión SA,0.085
Guatemala,Bioenergy,Grupo Campollo Codina,0.082
Guatemala,Bioenergy,Ingenio Palo Gordo SA,0.046
Guatemala,Bioenergy,Décima Parca Corp,0.033632999999999996
Guatemala,Bioenergy,San Patricio Holdings SA,0.033632999999999996
Guatemala,Bioenergy,Unknown,0.0275
Guatemala,Coal,Corporación Energías de Guatemala SA,0.139
Guatemala,Geothermal,Ormat Technology Inc,0.046
Guatemala,Hydropower,Empresa de Generación de Energía Eléctrica del INDE (EGEE),0.3
Guatemala,Hydropower,Unknown,0.188
Guatemala,Hydropower,Recursos Naturales y Celulosas SA,0.117
Guatemala,Hydropower,Grupo Terra SA de CV,0.097
Guatemala,Hydropower,Enel Green Power,0.087
Guatemala,Hydropower,CMI Capital,0.068
Guatemala,Hydropower,Oxec SA,0.056
Guatemala,Hydropower,Cementos Progreso SA,0.0195
Guatemala,Hydropower,Fabrigas SA,0.0195
Guatemala,Oil and gas,I Squared Capital Advisors LLC,0.286
Guatemala,Oil and gas,Generadora del Este SA,0.07
Guatemala,Utility-scale solar,Ecoener,0.129108
Guatemala,Utility-scale solar,Enertis Solar Group,0.08091
Guatemala,Utility-scale solar,MPC Energy Solutions,0.056549999999999996
Guatemala,Utility-scale solar,Unknown,0.03363398148148148
Guatemala,Utility-scale solar,BMR Energy,0.012947499999999999
Guatemala,Utility-scale solar,InterEnergy Group,0.01
Guatemala,Wind,Centrans Group,0.053
Guatemala,Wind,Terra Energía,0.03
Guatemala,Wind,Grupo Luz y Fuerza Colombia SAS (GLF),0.023
Guinea,Hydropower,Electricite De Guinee SA,0.42710000000000004
Guinea,Hydropower,China International Water & Electric Corp,0.3429
Guinea,Hydropower,Unknown,0.045
Guinea,Oil and gas,Unknown,0.199
Guinea,Oil and gas,Electricite De Guinee SA,0.054
Guinea,Oil and gas,Denham Capital Management GP LLC,0.016666666666666666
Guinea,Oil and gas,Denham Capital Management LP,0.016666666666666666
Guinea,Oil and gas,"Energie, Environnement et Mines SA",0.016666666666666666
Guinea,Oil and gas,Alcoa Corp,0.014
Guinea,Oil and gas,Dadco Investments Ltd,0.014
Guinea,Oil and gas,Government of Guinea,0.014
Guinea,Oil and gas,Rio Tinto PLC,0.014
Guinea,Oil and gas,Blackrock Advisors LLC,0.006
Guinea,Oil and gas,Public Investment Corporation SOC Ltd,0.006
Guinea,Oil and gas,The Vanguard Group Inc,0.006
Guinea,Oil and gas,Van Eck Associates Corp,0.006
Guinea,Oil and gas,small shareholder(s),0.006
Guinea-Bissau,Utility-scale solar,Helios Generacion S de RL de CV,0.009026683937823833
Guyana,Bioenergy,Unknown,0.03
Guyana,Oil and gas,Karadeniz Holding AŞ,0.072
Guyana,Utility-scale solar,Unknown,0.005007685185185185
Honduras,Bioenergy,Unknown,0.1266
Honduras,Bioenergy,Honduran Green Power Corporation SA de CV,0.043
Honduras,Bioenergy,Grupo Pantaleón,0.0255
Honduras,Bioenergy,Caracol Knits SA de CV,0.018
Honduras,Bioenergy,Grupo Cadelga,0.0178
Honduras,Geothermal,Ormat Technology Inc,0.035
Honduras,Hydropower,Empresa Nacional de Energía Eléctrica,0.513
Honduras,Hydropower,Unknown,0.091
Honduras,Hydropower,Compañía Hondureña de Energía Renovable SA de CV,0.039
Honduras,Oil and gas,Luz y Fuerza de San Lorenzo SA de CV,0.3496
Honduras,Oil and gas,Comercializadora de Electricidad Centroamericana de Honduras SA de CV,0.18
Honduras,Oil and gas,Energía Renovable SA de CV,0.12459999999999999
Honduras,Oil and gas,Grupo Terra SA de CV,0.12459999999999999
Honduras,Oil and gas,Empresa Nacional de Energía Eléctrica,0.09
Honduras,Oil and gas,Grupo Laeisz,0.087
Honduras,Oil and gas,Progressive Energy Corporation SA de CV,0.054
Honduras,Oil and gas,"Empresa de Mantenimiento, Construccion y Electricidad SA",0.05
Honduras,Oil and gas,Unknown,0.04636
Honduras,Oil and gas,Cementos Progreso Holdings SL,0.035
Honduras,Oil and gas,Grupo Cemcal SA,0.035
Honduras,Oil and gas,Honduras Electric Company SA de CV,0.02
Honduras,Oil and gas,International Finance Corp,0.01224
Honduras,Oil and gas,NRG Energy Inc,0.01224
Honduras,Oil and gas,Vistra Corp,0.01216
Honduras,Oil and gas,Wärtsilä Diesel Development Corp,0.012
Honduras,Utility-scale solar,Unknown,0.16926959259259258
Honduras,Utility-scale solar,Compañía Hondureña de Energía Solar SA de CV,0.12179999999999999
Honduras,Utility-scale solar,Scatec ASA,0.08265
Honduras,Utility-scale solar,Corporación Multi Inversiones (CMI),0.06990248148148148
Honduras,Utility-scale solar,Gauss Energia,0.05307
Honduras,Utility-scale solar,Pacific Solar Energy SA de CV,0.0435
Honduras,Utility-scale solar,Gestamp Solar,0.036975
Honduras,Utility-scale solar,Grupo Terra SA de CV,0.02175
Honduras,Utility-scale solar,Energia Basica SA,0.02088
Honduras,Utility-scale solar,CELSIA SA,0.00455
Honduras,Utility-scale solar,Cementos Argos SA,0.00455
Honduras,Wind,Terra Energía,0.109
Honduras,Wind,Iberdrola SA,0.102
Honduras,Wind,Unknown,0.024
Hong Kong,Coal,CLP Holdings Ltd,2.142
Hong Kong,Coal,HK Electric Investments and HK Electric Investments Ltd,1.05
Hong Kong,Coal,China Southern Power Grid Co Ltd,0.918
Hong Kong,Oil and gas,CLP Holdings Ltd,2.8703499999999997
Hong Kong,Oil and gas,HK Electric Investments and HK Electric Investments Ltd,1.995
Hong Kong,Oil and gas,China Southern Power Grid Co Ltd,1.23015
Hong Kong,Utility-scale solar,Unknown,0.0009170759101471727
Hungary,Bioenergy,Veolia Environnement SA,0.145
Hungary,Bioenergy,Thomas Prinzhorn Privatstiftung,0.04
Hungary,Bioenergy,BKM Budapesti Kozmuvek Nonprofit Zrt,0.012
Hungary,Bioenergy,MOL Magyar Olajes Gazipari Nyrt,0.012
Hungary,Coal,MVM Zrt,0.884
Hungary,Geothermal,KS Orka Renewables Pte Ltd,0.0034
Hungary,Nuclear,MVM Hungarian Electricity Ltd,2.027
Hungary,Oil and gas,MVM Balance Zrt,0.615
Hungary,Oil and gas,Uniper SE,0.427
Hungary,Oil and gas,Keppel Infrastructure Holdings Pte Ltd,0.349
Hungary,Oil and gas,MET Capital Partners AG,0.349
Hungary,Oil and gas,Veolia Environnement SA,0.3405
Hungary,Oil and gas,Unknown,0.1985
Hungary,Oil and gas,Consortium of Swiss Minority Shareholders KSM,0.134
Hungary,Oil and gas,EOS Holdings SA,0.134
Hungary,Oil and gas,Schweizer Kraftwerksbeteiligungs-AG,0.134
Hungary,Oil and gas,MVM Zrt,0.12374399999999999
Hungary,Oil and gas,BorsodChem Zártkörüen Müködö Részvénytársaság,0.1
Hungary,Oil and gas,ISD Dunaferr ZRT,0.0645
Hungary,Oil and gas,MOL Magyar Olajes Gazipari Nyrt,0.034
Hungary,Oil and gas,ELMIB Energetika Zrt,0.007
Hungary,Oil and gas,Energott AG,0.007
Hungary,Oil and gas,Municipality of Tatabanya,0.007
Hungary,Utility-scale solar,Unknown,2.8764166180257513
Hungary,Utility-scale solar,Enlight Renewable Energy,0.14847377682403434
Hungary,Utility-scale solar,MET Group,0.14615999999999998
Hungary,Utility-scale solar,China General Technology Group (Genertec),0.1
Hungary,Utility-scale solar,MVM Zrt,0.09396
Hungary,Utility-scale solar,Shanghai Electric Power Co Ltd,0.08861802575107296
Hungary,Utility-scale solar,"Xihe New Energy Development Co., Ltd.",0.08861802575107296
Hungary,Utility-scale solar,Solarpro Holding,0.07743000000000001
Hungary,Utility-scale solar,Greencells Group,0.056549999999999996
Hungary,Utility-scale solar,Greentechnic Hungary Kft,0.05567999999999999
Hungary,Utility-scale solar,SENS LSG,0.054810000000000005
Hungary,Utility-scale solar,IBC Solar,0.04176
Hungary,Utility-scale solar,MOL Energy Trade (MET) Group,0.018269999999999998
Hungary,Utility-scale solar,MVM Matra Energia ZRT,0.01772360515021459
Hungary,Utility-scale solar,ID Energy Group,0.012397499999999999
Hungary,Utility-scale solar,Voltrack Holding ZRT,0.012397499999999999
Hungary,Wind,Iberdrola Renovables Energia SA,0.184
Hungary,Wind,ALTEO Group,0.04
Hungary,Wind,Energy CORP Hungary Kft,0.024
Hungary,Wind,Renovalia Energy Group,0.024
Hungary,Wind,Unknown,0.024
Hungary,Wind,MVM Zöld Generáció Kft,0.023
Iceland,Geothermal,Orkuveita Reykjavikur,0.423
Iceland,Geothermal,HS Orka,0.2486
Iceland,Geothermal,Landsvirkjun,0.155
Iceland,Geothermal,Unknown,0.0128
Iceland,Hydropower,Landsvirkjun,1.928
India,Bioenergy,Unknown,0.389
India,Bioenergy,DCM Shriram Ltd,0.152
India,Bioenergy,small shareholder(s),0.11825
India,Bioenergy,Dhampur Sugar Mills Ltd,0.105
India,Bioenergy,Triveni Engineering & Industries Ltd,0.1045
India,Bioenergy,Mandava Holdings Pvt Ltd,0.083
India,Bioenergy,natural person(s),0.08275
India,Bioenergy,Avadh Sugar and Energy Ltd,0.075
India,Bioenergy,Dwarikesh Sugar Industries Ltd,0.075
India,Bioenergy,Sakthi Sugars Ltd,0.067
India,Bioenergy,Nirani Sugars Ltd,0.065
India,Bioenergy,JITF Infralogistics Ltd,0.063
India,Bioenergy,Ind-Barath Power Infra Ltd,0.058
India,Bioenergy,Athani Sugars Ltd,0.052
India,Bioenergy,G7 Sugar Ltd,0.05
India,Bioenergy,Warana Sugar Ltd,0.044
India,Bioenergy,EID Parry (India) Ltd,0.0405
India,Bioenergy,Shalivahana Power Corp Ltd,0.04
India,Bioenergy,Vishwaraj Sugar Industries Ltd,0.037399999999999996
India,Bioenergy,Rana Sugars Ltd,0.034
India,Bioenergy,Kothari Sugars & Chemicals Ltd,0.033
India,Bioenergy,Others,0.9784000000000002
India,Coal,NTPC Ltd,62.219199999999994
India,Coal,Adani Power Ltd,17.886
India,Coal,U.P. Rajya Vidyut Utpadan Nigam Ltd,10.750200000000001
India,Coal,MSEB Holding Co Ltd,10.2
India,Coal,Telangana State Power Generation Corporation Ltd,7.18
India,Coal,Vedanta Ltd,7.0051000000000005
India,Coal,Damodar Valley Corp,6.976
India,Coal,Rajasthan Rajya Vidyut Utpadan Nigam Ltd,6.6932
India,Coal,Andhra Pradesh Power Generation Corp Ltd,6.64
India,Coal,Tata Power Company Ltd,6.0745
India,Coal,Tamil Nadu Power Distribution Corp Ltd,5.98
India,Coal,NLC India Ltd,5.5398000000000005
India,Coal,Gujarat Urja Vikas Nigam Ltd,5.16
India,Coal,Reliance Power Ltd,5.16
India,Coal,JSW Energy Ltd,5.137
India,Coal,Jindal Steel Ltd,4.99
India,Coal,The West Bengal Power Development Corporation Ltd,4.92
India,Coal,Karnataka Power Corp Ltd,4.666399999999999
India,Coal,Madhya Pradesh Power Generating Co Ltd,4.57
India,Coal,Jaiprakash Power Ventures Ltd,3.8
India,Coal,Unknown,0.68351
India,Coal,Others,61.469620000000006
India,Hydropower,NHPC Ltd,4.677
India,Hydropower,Karnataka Power Corp Ltd,3.63
India,Hydropower,Bhakra Beas Management Board (BBMB),2.939
India,Hydropower,Maharashtra State Power Generation CO (MAHAGENCO),2.406
India,Hydropower,Telangana State Power Generation Corporation Ltd,2.406
India,Hydropower,THDC India Ltd,2.4
India,Hydropower,Tamil Nadu Power Distribution Corp Ltd,2.178
India,Hydropower,Odisha Hydro Power Corp Ltd,2.04
India,Hydropower,Satluj Jal Vidyut Nigam LTD (SJVN),1.972
India,Hydropower,Kerala State Electricity Board LTD (KSEB),1.965
India,Hydropower,Greenko Energies Pvt Ltd,1.68
India,Hydropower,JSW Energy Ltd,1.585
India,Hydropower,North Eastern Electric Power Corporation LTD (NEEPCO),1.55
India,Hydropower,Jammu and Kashmir State Power Development CORP LTD (JKSPDCL),1.538
India,Hydropower,Narmada Hydroelectric Development CORP (NHDC),1.52
India,Hydropower,Sardar Sarovar Narmada Nigam LTD (SSNNL),1.45
India,Hydropower,Uttarakhand Jal Vidyut Nigam Ltd,1.372
India,Hydropower,Teesta Urja Ltd,1.2
India,Hydropower,National Hydroelectric Power CORP (NHPC),1.169
India,Hydropower,Punjab State Power Corporation Ltd,1.143
India,Hydropower,Others,10.375
India,Nuclear,Nuclear Power Corporation Of India Ltd,8.24
India,Oil and gas,NTPC Ltd,6.236020000000001
India,Oil and gas,Torrent Power Ltd,2.732
India,Oil and gas,Indraprastha Power Generation Co Ltd,2.1004
India,Oil and gas,LANCO Infratech Ltd,1.596
India,Oil and gas,Gujarat State Petroleum Corporation Ltd,1.131624
India,Oil and gas,Gujarat Urja Vikas Nigam Ltd,0.968
India,Oil and gas,MSEB Holding Co Ltd,0.9376800000000001
India,Oil and gas,GVK Industries Ltd,0.919
India,Oil and gas,GMR Group,0.768
India,Oil and gas,Indian Oil Corporation Ltd,0.7143999999999999
India,Oil and gas,Reliance Infrastructure Ltd,0.705
India,Oil and gas,Oil and Natural Gas Corporation Ltd,0.600615
India,Oil and gas,Rajasthan Rajya Vidyut Utpadan Nigam Ltd,0.6005
India,Oil and gas,Sravanthi Group,0.45
India,Oil and gas,Konaseema Gas Power Ltd,0.445
India,Oil and gas,Unknown,0.44088599999999994
India,Oil and gas,Essar Energy Ltd,0.41715
India,Oil and gas,TNEB Ltd,0.395
India,Oil and gas,Synergy Investments Holding Ltd,0.388
India,Oil and gas,Karnataka Power Corp Ltd,0.37
India,Oil and gas,CLP Holdings Ltd,0.3275
India,Oil and gas,Others,4.855079
India,Utility-scale solar,Unknown,24.82466979090909
India,Utility-scale solar,Adani Group,8.316622727272726
India,Utility-scale solar,ReNew Power,5.600667613636364
India,Utility-scale solar,NTPC Ltd,3.6377877499999998
India,Utility-scale solar,Azure Power,2.984287704545454
India,Utility-scale solar,Avaada Energy,2.6431413636363636
India,Utility-scale solar,Adani Green Energy,2.5635407954545455
India,Utility-scale solar,Tata Power Renewable Energy Ltd,2.4451541363636364
India,Utility-scale solar,Adani Renewable Energy Holding Four Ltd,1.8954090909090908
India,Utility-scale solar,Greenko Energy Holdings,1.75472
India,Utility-scale solar,Juniper Green Energy,1.5444330681818184
India,Utility-scale solar,Ayana Renewable Power,1.3766267045454545
India,Utility-scale solar,ACME Group,1.2100256818181818
India,Utility-scale solar,Renew Power Group Pty Ltd,1.131
India,Utility-scale solar,O2 Power,1.0928063636363636
India,Utility-scale solar,Satluj Jal Vidyut Nigam LTD (SJVN),0.95897
India,Utility-scale solar,SJVN Green Energy Ltd,0.9477045454545454
India,Utility-scale solar,Saurya Urja Company of Rajasthan Ltd,0.9477045454545454
India,Utility-scale solar,NLC India Ltd,0.939540909090909
India,Utility-scale solar,Sprng Energy,0.8870027727272727
India,Utility-scale solar,Amazon,0.8849620454545455
India,Utility-scale solar,Others,26.668989181818183
India,Wind,ReNew Power,3.9055
India,Wind,Greenko Energy Holdings,2.95
India,Wind,Adani Green Energy,2.7232
India,Wind,Suzlon Energy Ltd,1.5975
India,Wind,Green Infra Wind Energy Limited,1.5172
India,Wind,Continuum Green Energy,1.41048
India,Wind,Mytrah Energy India Pvt Ltd,1.393
India,Wind,JSW Energy Ltd,1.26
India,Wind,Tata Power Company Ltd,1.083
India,Wind,Apraava Energy Pvt Ltd,1.0805
India,Wind,NSL Power,0.846
India,Wind,Torrent Power Ltd,0.763
India,Wind,Leap Green Group,0.745
India,Wind,Vena Energy,0.717
India,Wind,Alfanar Group,0.6
India,Wind,Parakh Agro Industries,0.528
India,Wind,Hero Group,0.512
India,Wind,Sprng Energy,0.498
India,Wind,Caisse de dépôt et placement du Québec,0.4955
India,Wind,Ayana Renewable Power,0.44
India,Wind,Unknown,0.2876
India,Wind,Others,13.584520000000001
Indonesia,Bioenergy,Unknown,2.18
Indonesia,Bioenergy,Asia Pacific Resources International Holdings Ltd,0.535
Indonesia,Bioenergy,PT Sinar Mas Group,0.22
Indonesia,Bioenergy,Growth Steel Group,0.03
Indonesia,Bioenergy,Kencana Agri Ltd,0.006
Indonesia,Coal,PT PLN (Persero),19.44597802197802
Indonesia,Coal,Sumitomo Corp,3.64
Indonesia,Coal,China Shenhua Energy Co Ltd,1.9474
Indonesia,Coal,Jiangsu Delong Nickel Industry Co Ltd,1.8389000000000002
Indonesia,Coal,PT Sumberenergy Sakti Prima,1.1525999999999998
Indonesia,Coal,PT Barito Pacific Tbk,0.98
Indonesia,Coal,PT Indah Kiat Pulp & Paper Tbk,0.965
Indonesia,Coal,TSINGSHAN Holding Group Co Ltd,0.9428
Indonesia,Coal,China Huadian Corp Ltd,0.939
Indonesia,Coal,RATCH Group PCL,0.9304749999999999
Indonesia,Coal,Xiamen Xiangyu Group Co Ltd,0.92
Indonesia,Coal,Dingxin Group,0.9075
Indonesia,Coal,PT Bintang Delapan Group,0.8425
Indonesia,Coal,PT Alamtri Resources Indonesia Tbk,0.836
Indonesia,Coal,PT Trimegah Bangun Persada Tbk,0.7715
Indonesia,Coal,Marubeni Corp,0.7457999999999999
Indonesia,Coal,China Datang Overseas Investment Co Ltd,0.729
Indonesia,Coal,PT Bukit Asam Tbk,0.7254285714285714
Indonesia,Coal,Unknown,0.7213334065934066
Indonesia,Coal,Zhejiang Huayou Holding Group Co Ltd,0.685
Indonesia,Coal,Zhenshi Holding Group Co Ltd,0.6636499999999999
Indonesia,Coal,Others,18.66754
Indonesia,Geothermal,Pertamina Geothermal Energy,0.725
Indonesia,Geothermal,Star Energy Geothermal,0.629525
Indonesia,Geothermal,Sarulla Operations Ltd,0.33
Indonesia,Geothermal,KS Orka Renewables Pte Ltd,0.223
Indonesia,Geothermal,PT Geo Dipa Energi (GDE),0.12
Indonesia,Geothermal,Electricity Generating PCL,0.091125
Indonesia,Geothermal,Star Energy Group PLC,0.091125
Indonesia,Geothermal,AC Energy and Infrastructure Corp,0.064125
Indonesia,Geothermal,ENGIE SA,0.04897
Indonesia,Geothermal,PT Supreme Energy,0.04825
Indonesia,Geothermal,INPEX Corp,0.028050000000000002
Indonesia,Geothermal,Unknown,0.026
Indonesia,Geothermal,Marubeni Corp,0.02457
Indonesia,Geothermal,PT Medco Power Indonesia,0.01734
Indonesia,Geothermal,Ormat Technology Inc,0.01666
Indonesia,Geothermal,Sumitomo Corp,0.015300000000000001
Indonesia,Geothermal,Tohoku Electric Power Co Inc,0.0091
Indonesia,Hydropower,PT PLN (Persero),1.553
Indonesia,Hydropower,PT PLN Nusantara Power PT,1.2318
Indonesia,Hydropower,PT PLN Indonesia Power,0.9055
Indonesia,Hydropower,PT INALUM (Persero),0.603
Indonesia,Hydropower,PT Poso Energy,0.395
Indonesia,Hydropower,PT Vale Indonesia Tbk,0.305
Indonesia,Hydropower,Unknown,0.2844
Indonesia,Hydropower,PT. Hadji Kalla,0.12
Indonesia,Hydropower,PT International Nickel Indonesia Tbk,0.09
Indonesia,Hydropower,Korea Midland Power Co Ltd,0.0285
Indonesia,Hydropower,Posco E&C,0.0285
Indonesia,Hydropower,Kansai Electric Power Co,0.0235
Indonesia,Hydropower,International Finance Corp,0.009
Indonesia,Hydropower,RH International [,0.0018000000000000017
Indonesia,Oil and gas,PT PLN (Persero),18.5435
Indonesia,Oil and gas,PT Pertamina (Persero),0.928
Indonesia,Oil and gas,PT Cikarang Listrindo Tbk,0.864
Indonesia,Oil and gas,Marubeni Corp,0.704
Indonesia,Oil and gas,PT Krakatau Steel (Persero) Tbk,0.64
Indonesia,Oil and gas,Karadeniz Holding AŞ,0.595
Indonesia,Oil and gas,PT AKR Corporindo Tbk,0.5
Indonesia,Oil and gas,Sojitz Corp,0.352
Indonesia,Oil and gas,Energy World Corp Ltd,0.29925
Indonesia,Oil and gas,PT Berkat Bima Sentana,0.16
Indonesia,Oil and gas,PT Asrigita Prasarana,0.15
Indonesia,Oil and gas,RATCH Group PCL,0.14513800000000002
Indonesia,Oil and gas,PT Kawasan Industri Jababeka Tbk,0.13
Indonesia,Oil and gas,PT Kartanegara Energi Perkasa,0.117
Indonesia,Oil and gas,Gallant Venture Ltd,0.114
Indonesia,Oil and gas,PT Medco Energi Internasional Tbk,0.113522
Indonesia,Oil and gas,VPower Group International Holdings Ltd,0.1128
Indonesia,Oil and gas,Sintesa Group,0.11
Indonesia,Oil and gas,PT Medco Power Internasional,0.100898
Indonesia,Oil and gas,PT Elektrindo Perkasa Utama,0.1
Indonesia,Oil and gas,Unknown,0.042692
Indonesia,Oil and gas,Others,0.3962
Indonesia,Utility-scale solar,Unknown,0.64412
Indonesia,Utility-scale solar,Masdar Clean Energy,0.08352
Indonesia,Utility-scale solar,PT PLN Nusantara Power,0.08352
Indonesia,Utility-scale solar,PT Nusantara Sembcorp Solar Energi (NSSE),0.04595015576323988
Indonesia,Utility-scale solar,PT Medco Power Indonesia,0.010875
Indonesia,Utility-scale solar,Solar Philippines,0.010875
Indonesia,Wind,Barito Renewables,0.075
Indonesia,Wind,Vena Energy,0.072
Indonesia,Wind,Unknown,0.01
Iran,Geothermal,Thermal Power Plants Holding Co,0.005
Iran,Hydropower,Iran Water and Power Resources Development Co,11.014
Iran,Hydropower,Iran Water & Power Resources Development Co,0.447
Iran,Hydropower,Tehran Water,0.161
Iran,Hydropower,Khuzestan Water & Power Authority,0.15
Iran,Hydropower,Government of Iran,0.1
Iran,Hydropower,Tehran Regional Water Authority,0.09
Iran,Hydropower,Regional Water Company of Gilan,0.087
Iran,Hydropower,AzerEnerji JSC,0.071
Iran,Hydropower,Fars Regional Water Company,0.07
Iran,Hydropower,Water Regional Company of Esfahan,0.055
Iran,Hydropower,Unknown,0.032
Iran,Hydropower,East Azerbaijan Regional Water Authority,0.02
Iran,Nuclear,Nuclear Power Production And Development CO Of Iran,1.0
Iran,Oil and gas,Thermal Power Plants Holding Co,12.529
Iran,Oil and gas,"Iranian Electricity Production, Transmission and Distribution Management JSC",10.0194
Iran,Oil and gas,Saba Power & Water Industries Investment Co,4.1907828
Iran,Oil and gas,The Martyrs and Veterans Affairs Foundation,2.868
Iran,Oil and gas,Arian MahTaab Gostar Co,2.7846797999999997
Iran,Oil and gas,National Iranian Oil Co,2.7388118
Iran,Oil and gas,Ghadir Investment Company PJSC,2.2168
Iran,Oil and gas,Provincial Investment Co,1.9312985999999999
Iran,Oil and gas,Iran Power Development Co,1.908
Iran,Oil and gas,Iran Power Plant Investment Co,1.857327
Iran,Oil and gas,Saba Power and Energy Group,1.7361600000000001
Iran,Oil and gas,Kharazmi Investment Co,1.6575
Iran,Oil and gas,Iranian Mines & Mining Industries Development & Renovation Organization,1.616
Iran,Oil and gas,Persian Steel Co,1.6
Iran,Oil and gas,MAPNA Employees Investment Co,1.597176
Iran,Oil and gas,Sabalan Bargh Omid Co,1.435
Iran,Oil and gas,Water & Electric Industries Investment Co,1.4170349999999998
Iran,Oil and gas,Shazand Power Generation Co,1.3
Iran,Oil and gas,Tejarat Bank,1.231
Iran,Oil and gas,Sepah Bank,1.2174
Iran,Oil and gas,Unknown,0.3968
Iran,Oil and gas,Others,20.8105142
Iran,Utility-scale solar,Unknown,0.6892440386680988
Iran,Utility-scale solar,Renewable Energy and Energy Efficiency Organization,0.09461009667024704
Iran,Utility-scale solar,Durion AG,0.0174
Iran,Wind,Arian MahTaab Gostar Co,0.185
Iran,Wind,Iran Power Plant Projects Management Co,0.148
Iran,Wind,Manjil Green Power Generation company,0.131
Iran,Wind,Iran Power Plant Investment Co,0.028
Iran,Wind,Fanavaran Energy Pak Co,0.01
Iraq,Bioenergy,Unknown,0.1
Iraq,Hydropower,Ministry of Electricity (Iraq),1.796
Iraq,Hydropower,Government of Iraq,0.512
Iraq,Hydropower,Iraq Ministry of Water Resources,0.24
Iraq,Hydropower,Ministry of Electricity (Kurdistan),0.038
Iraq,Oil and gas,Ministry of Electricity (Iraq),28.936
Iraq,Oil and gas,Mass Group Holding Ltd,8.8
Iraq,Oil and gas,Shamara Holding Group,2.67
Iraq,Oil and gas,Ministry of Oil (Iraq),1.4118
Iraq,Oil and gas,Raban Al Safina Group,0.987
Iraq,Oil and gas,KAR Power,0.93
Iraq,Oil and gas,Ministry of Electricity (Kurdistan),0.799
Iraq,Oil and gas,Qaiwan Group,0.75
Iraq,Oil and gas,Eni SpA,0.74
Iraq,Oil and gas,Taurus Power Generation,0.514
Iraq,Oil and gas,Missan Oil Co,0.15
Iraq,Oil and gas,Ministry of Industry and Minerals (Iraq),0.1
Iraq,Oil and gas,Royal Can Making Company Ltd,0.0528
Iraq,Oil and gas,Government of Iraq,0.05
Iraq,Utility-scale solar,Masdar Clean Energy,0.6435
Iraq,Utility-scale solar,Al Bilal Group,0.032625
Iraq,Utility-scale solar,Orascom Construction Industries SAE,0.032625
Iraq,Utility-scale solar,Unknown,0.013
Ireland,Bioenergy,Covert Uk Topco Ltd,0.068
Ireland,Bioenergy,Government of Ireland,0.0192
Ireland,Bioenergy,small shareholder(s),0.0192
Ireland,Bioenergy,Katoen Natie NV,0.017
Ireland,Hydropower,Electricity Supply Board,0.33
Ireland,Hydropower,Unknown,0.085
Ireland,Hydropower,ESB Group,0.045
Ireland,Oil and gas,Government of Ireland,2.5007205
Ireland,Oil and gas,I Squared Capital Advisors LLC,0.796
Ireland,Oil and gas,SSE PLC,0.668
Ireland,Oil and gas,Centrica PLC,0.445
Ireland,Oil and gas,Electricity Supply Board,0.392445
Ireland,Oil and gas,Unknown,0.3397345
Ireland,Oil and gas,Energetický a průmyslový holding AS,0.3232
Ireland,Oil and gas,Javah Energy Holdings Ltd,0.275
Ireland,Oil and gas,Microsoft Corp,0.1973
Ireland,Oil and gas,Bord na Móna PLC,0.10640000000000001
Ireland,Oil and gas,Mountside Partners Ltd,0.0808
Ireland,Oil and gas,small shareholder(s),0.062266666666666665
Ireland,Oil and gas,Starwood Capital Operations LLC,0.06
Ireland,Oil and gas,En+ Group PJSC,0.056666666666666664
Ireland,Oil and gas,Sual Partners Ltd,0.056666666666666664
Ireland,Utility-scale solar,Octopus Renewables Infrastructure Trust PLC,0.2044819135802469
Ireland,Utility-scale solar,Unknown,0.15881546913580247
Ireland,Utility-scale solar,Power Capital Renewable Energy,0.11575709876543211
Ireland,Utility-scale solar,Highfield Energy,0.095
Ireland,Utility-scale solar,Bord na Móna PLC,0.046979999999999994
Ireland,Utility-scale solar,Electricity Supply Board,0.046979999999999994
Ireland,Utility-scale solar,Greencoat Renewables,0.0350175
Ireland,Utility-scale solar,Schroders Greencoat Holdings Ltd,0.0350175
Ireland,Utility-scale solar,BNRG Renewables,0.02523
Ireland,Utility-scale solar,Neoen SA,0.02523
Ireland,Utility-scale solar,Statkraft AS,0.02088
Ireland,Utility-scale solar,EDF Renewables,0.015021913580246914
Ireland,Wind,SSE Renewables,0.589
Ireland,Wind,Greencoat Renewables,0.4443333333333333
Ireland,Wind,GLIL Infrastructure,0.429
Ireland,Wind,Bord na Móna PLC,0.41433333333333333
Ireland,Wind,ESB Group,0.393
Ireland,Wind,Ørsted A/S,0.2748
Ireland,Wind,Enerco Energy,0.219
Ireland,Wind,Energia Renewables,0.125
Ireland,Wind,Coillte,0.10283333333333333
Ireland,Wind,Gaelectric Developments Ltd,0.102
Ireland,Wind,Amazon,0.091
Ireland,Wind,HitecVision,0.091
Ireland,Wind,Unknown,0.0892
Ireland,Wind,NTR PLC,0.075
Ireland,Wind,GE Power,0.062
Ireland,Wind,Brookfield Renewable Partners LP,0.06
Ireland,Wind,Commerz Real AG,0.0576
Ireland,Wind,Renewables Infrastructure Group LTD (TRIG),0.055
Ireland,Wind,Union Investment,0.052
Ireland,Wind,BlackRock Inc,0.051
Ireland,Wind,Amazon.com Inc,0.046200000000000005
Ireland,Wind,Others,0.5578000000000001
Israel,Coal,Government of Israel,2.6447
Israel,Coal,Unknown,0.0053
Israel,Hydropower,Electra Group,0.3
Israel,Hydropower,CK Hutchison Holdings Ltd,0.172
Israel,Hydropower,Noy fund,0.172
Israel,Oil and gas,Government of Israel,4.954072
Israel,Oil and gas,OPC Energy Ltd,1.016
Israel,Oil and gas,Shikun & Binui Energy Ltd,0.9295
Israel,Oil and gas,Edeltech Ltd,0.9185
Israel,Oil and gas,Meshek Energy - Renewable Energies Ltd,0.87075
Israel,Oil and gas,Hiram-Epsilon Ltd,0.64575
Israel,Oil and gas,Daniel Caesarea Holdings,0.60075
Israel,Oil and gas,Orot Energy Holdings LP,0.46575
Israel,Oil and gas,Europe Asia Pipeline Co,0.3221778221778222
Israel,Oil and gas,ICL Group Ltd,0.23
Israel,Oil and gas,Phoenix Financial Ltd,0.2147852147852148
Israel,Oil and gas,China Harbor Engineering Co,0.197469
Israel,Oil and gas,Generation Rapac Holdings MRC General Partnership,0.197469
Israel,Oil and gas,Mivtach Shamir Holdings Ltd,0.197469
Israel,Oil and gas,East Hagit Power Plant General Partner Ltd,0.165
Israel,Oil and gas,Ellomay Luzon Energy Infrastructures Ltd,0.16151848151848153
Israel,Oil and gas,U. Dori Energy,0.16151848151848153
Israel,Oil and gas,Rapac Communication and Infrastructure Ltd,0.146
Israel,Oil and gas,natural person(s),0.126
Israel,Oil and gas,Clal Industries Ltd,0.12
Israel,Oil and gas,Unknown,0.014453999999999998
Israel,Oil and gas,Others,0.962474
Israel,Utility-scale solar,Unknown,1.58395
Israel,Utility-scale solar,EDF Renewables,0.234465
Israel,Utility-scale solar,Enlight Renewable Energy,0.21337585714285714
Israel,Utility-scale solar,Shikun & Binui Energy Ltd,0.19614357142857142
Israel,Utility-scale solar,Noy fund,0.1045
Israel,Utility-scale solar,Teralight Ltd,0.09505285714285715
Israel,Utility-scale solar,Migdal Group,0.063945
Israel,Utility-scale solar,Energix Renewable Energies Ltd,0.03306
Israel,Utility-scale solar,BrightSource Energy Inc,0.03025
Israel,Utility-scale solar,General Electric Co,0.03025
Israel,Utility-scale solar,Clal Sun Ltd,0.015224999999999999
Israel,Utility-scale solar,TSK,0.011
Israel,Wind,Enlight Renewable Energy,0.21378
Israel,Wind,Unknown,0.09522
Israel,Wind,Afcon Holdings Group,0.022
Italy,Bioenergy,A2A SpA,0.2767
Italy,Bioenergy,Energetický a průmyslový holding AS,0.073
Italy,Bioenergy,Fri-El Green Power SpA,0.068
Italy,Bioenergy,Iren Group,0.065
Italy,Bioenergy,Unigrà SRL,0.051
Italy,Bioenergy,Consorzio Laziale Rifiuti,0.046
Italy,Bioenergy,Hera SpA,0.040600000000000004
Italy,Bioenergy,Alperia SpA,0.037
Italy,Bioenergy,Agriholding SpA,0.0264
Italy,Bioenergy,Enel SpA,0.0264
Italy,Bioenergy,Società Italiana Centrali ElettroTermiche SRL,0.02088
Italy,Bioenergy,small shareholder(s),0.0194895
Italy,Bioenergy,Unknown,0.014739499999999999
Italy,Bioenergy,Maire SpA,0.01
Italy,Bioenergy,natural person(s),0.01
Italy,Bioenergy,Intesa Sanpaolo SpA,0.006764999999999999
Italy,Bioenergy,Cassa Depositi e Prestiti SpA,0.004755999999999999
Italy,Bioenergy,KIRKBI A/S,0.00475
Italy,Bioenergy,Lundbeck Foundation,0.00475
Italy,Bioenergy,Tryghedsgruppen smba,0.00475
Italy,Coal,Enel SpA,0.59
Italy,Coal,Energetický a průmyslový holding AS,0.32
Italy,Coal,TotalEnergies SE,0.32
Italy,Geothermal,Enel Green Power,0.4
Italy,Geothermal,Unknown,0.325
Italy,Geothermal,Enel SpA,0.057
Italy,Geothermal,Enel Green Power SpA,0.052
Italy,Hydropower,Enel SpA,9.341
Italy,Hydropower,A2A SpA,2.313
Italy,Hydropower,Dolomiti Energia,1.177
Italy,Hydropower,Enel Green Power SpA,1.083
Italy,Hydropower,Alperia SpA,0.998
Italy,Hydropower,Edison SpA,0.895
Italy,Hydropower,CVA SpA,0.536
Italy,Hydropower,Iren Energia SpA,0.427
Italy,Hydropower,SF Energy,0.18
Italy,Hydropower,Eisackwerk,0.09
Italy,Hydropower,ERG Power Generation SpA,0.086
Italy,Hydropower,ACEA SpA,0.083
Italy,Hydropower,Iren SpA,0.078
Italy,Hydropower,AGSM Group,0.043
Italy,Hydropower,ACSM,0.039
Italy,Hydropower,BKW Italia SpA,0.035
Italy,Oil and gas,Enel SpA,7.498
Italy,Oil and gas,A2A SpA,6.804
Italy,Oil and gas,Edison SpA,6.468
Italy,Oil and gas,Eni SpA,4.692215
Italy,Oil and gas,Energetický a průmyslový holding AS,4.34435
Italy,Oil and gas,Iren SpA,2.523
Italy,Oil and gas,ENGIE SA,2.365
Italy,Oil and gas,Energia Italiana SpA,1.17
Italy,Oil and gas,Metaenergia SpA,1.1618
Italy,Oil and gas,Acciaierie d'italia SpA,1.044
Italy,Oil and gas,Unknown,0.8481799999999999
Italy,Oil and gas,Axpo Holding AG,0.7187700000000001
Italy,Oil and gas,small shareholder(s),0.6930040000000001
Italy,Oil and gas,Zaffiro SpA,0.6624000000000001
Italy,Oil and gas,Regatta Investments SpA,0.570605
Italy,Oil and gas,ISAB Energy SRL,0.512
Italy,Oil and gas,Elektrizitätswerke des Kantons Zürich,0.483992
Italy,Oil and gas,Achernar Assets AG,0.48
Italy,Oil and gas,Cassa Depositi e Prestiti SpA,0.372112
Italy,Oil and gas,Tecnoparco Valbasento SpA,0.324
Italy,Oil and gas,Intesa Sanpaolo SpA,0.288
Italy,Oil and gas,Others,4.321162
Italy,Utility-scale solar,Unknown,3.365004
Italy,Utility-scale solar,Tozzi Sud SpA,0.10375
Italy,Utility-scale solar,Cero Generation,0.10269261648745519
Italy,Utility-scale solar,Enel Green Power SpA,0.097875
Italy,Utility-scale solar,Iren Energia SpA,0.08961
Italy,Utility-scale solar,BNZ,0.087
Italy,Utility-scale solar,EDP Renewables,0.082
Italy,Utility-scale solar,Margeruite Fund,0.07482
Italy,Utility-scale solar,Tages Capital SRG,0.06264
Italy,Utility-scale solar,ENGIE SA,0.05742
Italy,Utility-scale solar,SENS-STEAG Solar Energy Solutions,0.047005161290322575
Italy,Utility-scale solar,Canadian Solar,0.04437
Italy,Utility-scale solar,Perseo SRL,0.04437
Italy,Utility-scale solar,BNP Clean Energy Partners,0.04176
Italy,Utility-scale solar,Eni SpA,0.03828
Italy,Utility-scale solar,Obton AS,0.03394817204301075
Italy,Utility-scale solar,Capital Dynamics Inc,0.032799
Italy,Utility-scale solar,First Reserve Corp,0.030449999999999998
Italy,Utility-scale solar,Vortex Energy (formerly Sun Edison),0.030449999999999998
Italy,Utility-scale solar,E.ON SE,0.028
Italy,Utility-scale solar,Edison SpA,0.0261
Italy,Utility-scale solar,Others,0.26181375268817203
Italy,Wind,ERG SpA,1.018
Italy,Wind,Enel Green Power SpA,0.8606
Italy,Wind,E2i Energie Speciali Srl,0.537
Italy,Wind,Fri-El SpA,0.537
Italy,Wind,Alerion Clean Power,0.52
Italy,Wind,RWE Renewables,0.482
Italy,Wind,EDF Renewables,0.455
Italy,Wind,EDPR Renewable Energy Sources of Greece 1 Sole Proprietorship,0.434
Italy,Wind,Unknown,0.381
Italy,Wind,Renantis UK Ltd,0.292
Italy,Wind,Fortore Energia SpA,0.286
Italy,Wind,Fondi Italiani per le Infrastrutture SGR SpA,0.282
Italy,Wind,PLT Energia SRL,0.2818
Italy,Wind,Alpiq AG,0.278
Italy,Wind,IVPC Group,0.229
Italy,Wind,BayWa R.E. AG,0.2195
Italy,Wind,Inergia SpA,0.21359999999999998
Italy,Wind,Tozzi Sud SpA,0.204
Italy,Wind,Edison SpA,0.181
Italy,Wind,CVA SpA,0.179
Italy,Wind,Moncada Energy Group,0.154
Italy,Wind,Others,2.4158000000000004
Jamaica,Oil and gas,InterEnergy Holdings,0.24980000000000002
Jamaica,Oil and gas,Excelerate Energy Inc,0.15
Jamaica,Oil and gas,Korea Electric Power Corp,0.1256
Jamaica,Oil and gas,Marubeni Corp,0.0868
Jamaica,Oil and gas,Development Bank of Jamaica,0.02388
Jamaica,Oil and gas,Jamaica Public Service Co Ltd,0.019399999999999997
Jamaica,Oil and gas,PetroCaribe Development Fund,0.019399999999999997
Jamaica,Oil and gas,Unknown,0.00011999999999999999
Jamaica,Utility-scale solar,Neoen SA,0.023072400000000003
Jamaica,Utility-scale solar,WRB Enterprises Inc,0.02
Jamaica,Utility-scale solar,MPC Energy Solutions,0.0153816
Jamaica,Utility-scale solar,Rekamniar Capital,0.006333600000000001
Jamaica,Utility-scale solar,Unknown,0.0055
Jamaica,Wind,Petroleum Corporation of Jamaica (PCJ),0.063
Jamaica,Wind,InterEnergy Group,0.0363
Japan,Bioenergy,Unknown,0.68669
Japan,Bioenergy,Kansai Electric Power Co,0.331
Japan,Bioenergy,Nippon Paper Industries Co Ltd,0.20765
Japan,Bioenergy,Chubu Electric Power Co Inc,0.1875
Japan,Bioenergy,Oji Holdings Corp,0.17205
Japan,Bioenergy,Osaka Gas Co Ltd,0.148375
Japan,Bioenergy,Tokyo Gas Co Ltd,0.13725
Japan,Bioenergy,Renova Inc,0.13567500000000002
Japan,Bioenergy,Kyushu Electric Power Co Inc,0.1315
Japan,Bioenergy,Sumitomo Corp,0.125
Japan,Bioenergy,Air Water Inc,0.109
Japan,Bioenergy,eRex Co Ltd,0.10745199999999999
Japan,Bioenergy,Toshiba Corp,0.0942
Japan,Bioenergy,Tokyo 23 Ward Cleaning Affairs Association,0.0927
Japan,Bioenergy,ENEOS Holdings Inc,0.09190000000000001
Japan,Bioenergy,Hyogo Pulp Co Ltd,0.0842
Japan,Bioenergy,SANIX Inc,0.074
Japan,Bioenergy,Sumitomo Forestry Co Ltd,0.067875
Japan,Bioenergy,Japan Petroleum Exploration Co,0.067375
Japan,Bioenergy,Daio Paper Corp,0.063
Japan,Bioenergy,Marubeni Corp,0.05402
Japan,Bioenergy,Others,1.294503
Japan,Coal,Electric Power Development Co Ltd,7.8175
Japan,Coal,Tokyo Electric Power Co,6.60355
Japan,Coal,Chubu Electric Power Co Inc,6.523
Japan,Coal,Tohoku Electric Power Co Inc,5.2250749999999995
Japan,Coal,Kyushu Electric Power Co Inc,3.30765
Japan,Coal,The Chugoku Electric Power Co Inc,3.2639
Japan,Coal,Hokuriku Electric Power Co,2.9
Japan,Coal,Kobe Steel Ltd,2.7
Japan,Coal,Nippon Steel Corp,2.12315
Japan,Coal,Hokkaido Electric Power Co Inc,1.9
Japan,Coal,Kansai Electric Power Co,1.893296
Japan,Coal,Shikoku Electric Power Co Inc,1.45
Japan,Coal,Okinawa Electric Power Co Inc,0.752
Japan,Coal,Tosoh Corp,0.63
Japan,Coal,Tokuyama Corp,0.577
Japan,Coal,Nippon Paper Industries Co Ltd,0.4638
Japan,Coal,Mitsubishi Heavy Industries Ltd,0.42719999999999997
Japan,Coal,Daio Paper Corp,0.356
Japan,Coal,UBE Corp,0.3532
Japan,Coal,IDI Infrastructures Inc,0.287
Japan,Coal,Unknown,0.21
Japan,Coal,Others,2.9812950000000003
Japan,Geothermal,Tohoku Electric Power Co Inc,0.195
Japan,Geothermal,Kyushu Electric Power Co Inc,0.17
Japan,Geothermal,Unknown,0.0734
Japan,Geothermal,Yuzawa Geothermal Power Generation Corp,0.046
Japan,Geothermal,Idemitsu Kosan Co Ltd,0.0325
Japan,Geothermal,Hokkaido Electric Power Co Inc,0.025
Japan,Geothermal,Electric Power Development Co Ltd,0.015
Japan,Geothermal,Appi Geothermal Energy Corporation,0.0149
Japan,Geothermal,Kyuden International Corp,0.0145
Japan,Geothermal,Kyuden Mirai Energy Co Inc,0.01
Japan,Geothermal,ORIX Corp,0.0076
Japan,Geothermal,Machiokoshi Energy Corp Ltd,0.005
Japan,Geothermal,Tokyo Electric Power Co,0.0033
Japan,Geothermal,Chubu Electric Power Co Inc,0.002
Japan,Geothermal,Mori Binary Power LLC,0.002
Japan,Geothermal,Renova Inc,0.002
Japan,Hydropower,Tokyo Electric Power Company Holdings INC (TEPCO),8.628
Japan,Hydropower,J-Power,8.252
Japan,Hydropower,Kansai Electric Power Co,7.471
Japan,Hydropower,Chubu Electric Power Co Inc,4.413
Japan,Hydropower,Kyushu Electric Power Co Inc,3.093
Japan,Hydropower,The Chugoku Electric Power Co Inc,2.28
Japan,Hydropower,Tohoku Electric Power Co Inc,1.539
Japan,Hydropower,Hokkaido Electric Power Co Inc,1.192
Japan,Hydropower,Hokuriku Electric Power Co,1.084
Japan,Hydropower,Shikoku Electric Power Group (Yonden Group),0.615
Japan,Hydropower,Tokyo Electric Power Co,0.565
Japan,Hydropower,East Japan Railway Co Ltd,0.449
Japan,Hydropower,Kanagawa Prefectural Government Public Enterprises Agency Electricity Bureau,0.281
Japan,Hydropower,Shikoku Electric Power Co Inc,0.161
Japan,Hydropower,Nippon Light Metal Co Ltd,0.092
Japan,Hydropower,Iwate Prefectural Enterprise Bureau,0.079
Japan,Hydropower,Niigata Prefecture Enterprise Bureau,0.065
Japan,Hydropower,Tokushima Prefectural Enterprise Bureau,0.062
Japan,Hydropower,Gunma Prefectural Enterprise Bureau,0.036
Japan,Hydropower,Yakushima Electric Co Ltd,0.034
Japan,Nuclear,Kansai Electric Power Co,6.578
Japan,Nuclear,Kyushu Electric Power Co Inc,4.14
Japan,Nuclear,Shikoku Electric Power Co Inc,0.89
Japan,Nuclear,Tohoku Electric Power Co Inc,0.825
Japan,Nuclear,The Chugoku Electric Power Co Inc,0.82
Japan,Oil and gas,Chubu Electric Power Co Inc,24.501724999999997
Japan,Oil and gas,Tokyo Electric Power Co,24.501724999999997
Japan,Oil and gas,Kansai Electric Power Co,10.72212
Japan,Oil and gas,Tohoku Electric Power Co Inc,6.721
Japan,Oil and gas,Kyushu Electric Power Co Inc,5.4235
Japan,Oil and gas,The Chugoku Electric Power Co Inc,4.888
Japan,Oil and gas,Hokkaido Electric Power Co Inc,2.3674
Japan,Oil and gas,Nippon Steel Corp,2.16783
Japan,Oil and gas,Shikoku Electric Power Co Inc,1.88015
Japan,Oil and gas,Tokyo Gas Co Ltd,1.787251
Japan,Oil and gas,Hokuriku Electric Power Co,1.6647
Japan,Oil and gas,ENEOS Holdings Inc,1.554174
Japan,Oil and gas,Osaka Gas Co Ltd,1.39105
Japan,Oil and gas,Kobe Steel Ltd,1.2482
Japan,Oil and gas,Okinawa Electric Power Co Inc,1.143
Japan,Oil and gas,East Japan Railway Co Ltd,0.7964
Japan,Oil and gas,Mitsubishi Heavy Industries Ltd,0.748
Japan,Oil and gas,Unknown,0.65
Japan,Oil and gas,Japan Petroleum Exploration Co,0.59
Japan,Oil and gas,Idemitsu Kosan Co Ltd,0.581825
Japan,Oil and gas,Kawasaki Heavy Industries,0.398
Japan,Oil and gas,Others,1.8219
Japan,Utility-scale solar,Unknown,26.848415431034482
Japan,Utility-scale solar,Pacifico Energy Co Ltd,1.1249099999999999
Japan,Utility-scale solar,Vena Energy,0.4473001494252874
Japan,Utility-scale solar,Sonnedix Japan KK,0.28536
Japan,Utility-scale solar,ORIX Corp,0.21146099999999998
Japan,Utility-scale solar,Canadian Solar,0.17834999999999998
Japan,Utility-scale solar,ITOCHU Corp,0.1405780459770115
Japan,Utility-scale solar,PurpleSol GK,0.12975706896551725
Japan,Utility-scale solar,Smart Solar,0.08774049425287356
Japan,Utility-scale solar,Mihozu Fund,0.087
Japan,Utility-scale solar,Banpu PCL,0.0835
Japan,Utility-scale solar,SPARX Green Energy & Technology CO LTD (SGET),0.07917
Japan,Utility-scale solar,Sumitomo Corp,0.0742421264367816
Japan,Utility-scale solar,Tokyo Gas Co Ltd,0.07422942528735632
Japan,Utility-scale solar,NTT Facilities,0.069078
Japan,Utility-scale solar,Saferay,0.06820293103448276
Japan,Utility-scale solar,Renova Inc,0.06650373563218392
Japan,Utility-scale solar,Gunkul International (Mauritius),0.06612
Japan,Utility-scale solar,JR East Energy Development Co Ltd,0.06612
Japan,Utility-scale solar,Gunkul Engineering Public Co Ltd,0.06443718390804598
Japan,Utility-scale solar,Sojitz Corp,0.0626717816091954
Japan,Utility-scale solar,Others,3.176407477011494
Japan,Wind,Eurus Energy,0.7293999999999999
Japan,Wind,Unknown,0.66915
Japan,Wind,Eurus Energy Holdings Corp,0.4982
Japan,Wind,Japan Wind Development CO LTD (JWD),0.456
Japan,Wind,Electric Power Development Co Ltd,0.42164999999999997
Japan,Wind,Cosmo Eco Power Co Ltd,0.30046153846153845
Japan,Wind,Tohoku Electric Power Co Inc,0.22516153846153847
Japan,Wind,JERA Co Inc,0.1737
Japan,Wind,NTT Anode Energy,0.1177
Japan,Wind,Japan Renewable Energy CORP (JRE),0.11316666666666665
Japan,Wind,Kyuden Mirai Energy Co Inc,0.085
Japan,Wind,Green Power Investment Corp,0.0845
Japan,Wind,Daigas Gas and Power Solution Co Ltd,0.066
Japan,Wind,Sumitomo Corp,0.06544444444444444
Japan,Wind,Invenergy Wind LLC,0.06
Japan,Wind,Vena Energy,0.057
Japan,Wind,C-Tech Corp,0.054
Japan,Wind,Kinden Corp,0.05
Japan,Wind,J-Wind Setana,0.0396
Japan,Wind,Kyudenko Corp,0.0395
Japan,Wind,Clean Energy Factory CO LTD (CEF),0.038
Japan,Wind,Others,1.0384058119658122
Jordan,Bioenergy,Unknown,0.013
Jordan,Oil and gas,Government of Jordan,1.301
Jordan,Oil and gas,Central Electricity Generating Co,0.75
Jordan,Oil and gas,Korea Electric Power Corp,0.6426799999999999
Jordan,Oil and gas,ACWA Power Co,0.291
Jordan,Oil and gas,Mitsui & Co Ltd,0.28
Jordan,Oil and gas,AES Corp,0.26639999999999997
Jordan,Oil and gas,YTL Power International Bhd,0.2115
Jordan,Oil and gas,Kingdom for Energy Investments Co,0.194
Jordan,Oil and gas,Guangdong Hengjian Investment Holding Co Ltd,0.16074000000000002
Jordan,Oil and gas,Mitsubishi Corp,0.11475999999999999
Jordan,Oil and gas,Wärtsilä Oyj,0.11475999999999999
Jordan,Oil and gas,XENEL Industries Ltd,0.07459999999999999
Jordan,Oil and gas,Qatar Electricity and Water Company QPSC,0.056
Jordan,Oil and gas,China Huaneng Group Co Ltd,0.05076
Jordan,Oil and gas,Eesti Energia AS,0.047
Jordan,Oil and gas,Arabian Cement Company SJSC,0.04335
Jordan,Oil and gas,Ras Laffan Operating Company WLL,0.0376
Jordan,Oil and gas,Ministry of Energy and Mineral Resources (Jordan),0.01
Jordan,Utility-scale solar,Unknown,0.7294828571428571
Jordan,Utility-scale solar,Fotowatio Renewable Ventures (FRV) BV,0.157383
Jordan,Utility-scale solar,Masdar Clean Energy,0.12179999999999999
Jordan,Utility-scale solar,ACWA Power Co,0.1
Jordan,Utility-scale solar,Ministry of Energy and Mineral Resources (Jordan),0.08961
Jordan,Utility-scale solar,Taaleri Energia Funds Management Oy,0.0522
Jordan,Utility-scale solar,Belectric,0.04002
Jordan,Utility-scale solar,Philadelphia Solar,0.03501
Jordan,Utility-scale solar,AMEA Power,0.035
Jordan,Utility-scale solar,Nebras Power QPSC,0.035
Jordan,Utility-scale solar,Orange Renewable,0.031755000000000005
Jordan,Utility-scale solar,Arabia Trading & Consulting Co,0.028518428571428573
Jordan,Utility-scale solar,Scatec ASA,0.02183
Jordan,Utility-scale solar,Kingdom for Energy Investments Co,0.021663
Jordan,Utility-scale solar,Alcazar Energy,0.021
Jordan,Utility-scale solar,Catalyst Investment Management (CIM),0.020805
Jordan,Utility-scale solar,Lafarge Cement Jordan,0.018699999999999998
Jordan,Utility-scale solar,Diamond Generating Europe,0.017666666666666667
Jordan,Utility-scale solar,Kawar Group,0.017666666666666667
Jordan,Utility-scale solar,AES Corp,0.017333333333333333
Jordan,Utility-scale solar,Mitsui & Co Ltd,0.017333333333333333
Jordan,Utility-scale solar,Others,0.07254200000000001
Jordan,Wind,Alcazar Energy,0.1265
Jordan,Wind,Jordan Wind Project Company (JWPC),0.117
Jordan,Wind,Mass Energy,0.1
Jordan,Wind,KEPCO,0.089
Jordan,Wind,Ministry of Energy and Mineral Resources (Jordan),0.08
Jordan,Wind,AMEA Power,0.026
Jordan,Wind,DL Energy Co Ltd,0.026
Jordan,Wind,Korea Southern Power Co Ltd,0.026
Jordan,Wind,XENEL Industries Ltd,0.026
Jordan,Wind,Hecate Energy,0.0045
Kazakhstan,Coal,Samruk-Energo JSC,5.223
Kazakhstan,Coal,Eurasian Resources Group SARL,2.765
Kazakhstan,Coal,Central Asian Electric Power Corporation JSC,1.166
Kazakhstan,Coal,Kazakhmys Holding LLP,1.145
Kazakhstan,Coal,Kazakhstan Utility Systems LLP,0.978
Kazakhstan,Coal,Qazaqstan Steel Group LLP,0.62
Kazakhstan,Coal,Astana-Energy JSC,0.6
Kazakhstan,Coal,Samruk-Kazyna SWF JSC,0.5
Kazakhstan,Coal,Stepnogorskya TETS LLP,0.13
Kazakhstan,Coal,Bassel Group LLS LLP,0.084
Kazakhstan,Coal,Genesis Digital Assets Ltd,0.05
Kazakhstan,Coal,Ust'-Kamenosorskie Teplovye Seti JSC,0.03
Kazakhstan,Hydropower,Samruk-Energo JSC,2.498
Kazakhstan,Oil and gas,Tarazenergo-2005,1.23
Kazakhstan,Oil and gas,MAEK LLP,1.085
Kazakhstan,Oil and gas,Chevron Corp,0.446
Kazakhstan,Oil and gas,Atyrau Power LLC,0.3185
Kazakhstan,Oil and gas,Samruk-Kazyna SWF JSC,0.31
Kazakhstan,Oil and gas,Eurasian Resources Group SARL,0.295
Kazakhstan,Oil and gas,Exxon Mobil Corp,0.262984
Kazakhstan,Oil and gas,National Company KazMunayGas JSC,0.218622
Kazakhstan,Oil and gas,China National Petroleum Corp,0.16
Kazakhstan,Oil and gas,Unknown,0.12285
Kazakhstan,Oil and gas,Samruk-Energo JSC,0.12
Kazakhstan,Oil and gas,Zhaik Holding LLP,0.1
Kazakhstan,Oil and gas,Aktobe TPP JSC,0.057
Kazakhstan,Oil and gas,LUKOIL PJSC,0.0446
Kazakhstan,Oil and gas,Eni SpA,0.039984
Kazakhstan,Oil and gas,Shell PLC,0.039984
Kazakhstan,Oil and gas,TotalEnergies SE,0.039984
Kazakhstan,Oil and gas,Energoinvest LTD LLC,0.0315
Kazakhstan,Oil and gas,PetroChina Co Ltd,0.019754
Kazakhstan,Oil and gas,INPEX Corp,0.018088
Kazakhstan,Utility-scale solar,Hevel Group,0.17969193548387097
Kazakhstan,Utility-scale solar,Universal Energy Co Ltd,0.1566
Kazakhstan,Utility-scale solar,Risen Energy Co Ltd,0.13831
Kazakhstan,Utility-scale solar,Samruk Kazyna - United Green Energy LLP,0.137
Kazakhstan,Utility-scale solar,Total Eren SA,0.11136
Kazakhstan,Utility-scale solar,Unknown,0.0923
Kazakhstan,Utility-scale solar,Solarnet Investment GmbH,0.087
Kazakhstan,Utility-scale solar,Goldbeck Solar,0.06612
Kazakhstan,Utility-scale solar,AEC ASA,0.06224193548387097
Kazakhstan,Utility-scale solar,Arm Wind LLP,0.05
Kazakhstan,Utility-scale solar,Kaz Green Energy,0.05
Kazakhstan,Utility-scale solar,Eni SpA,0.023427419354838712
Kazakhstan,Utility-scale solar,National Company KazMunayGas JSC,0.023427419354838712
Kazakhstan,Utility-scale solar,Hevel Kazakshtan LLP,0.01874193548387097
Kazakhstan,Utility-scale solar,EcoProTech-Astana LLP,0.0174
Kazakhstan,Wind,Universal Energy Co Ltd,0.2
Kazakhstan,Wind,Eurasian Resources Group SARL,0.155
Kazakhstan,Wind,China Power International Ltd,0.1
Kazakhstan,Wind,TsATEK Green Energy,0.1
Kazakhstan,Wind,Arm Wind LLP,0.096
Kazakhstan,Wind,China Power International Holding LTD (CPIH),0.063
Kazakhstan,Wind,Samruk-Energo JSC,0.06
Kazakhstan,Wind,VetroEnergoTechnologii LLP,0.052
Kazakhstan,Wind,EcoWatt AKA LLP,0.05
Kazakhstan,Wind,Energo Trust LLP,0.05
Kazakhstan,Wind,Sarkylmas Kuat LLP,0.05
Kazakhstan,Wind,State Power Investment Group Co Ltd,0.05
Kazakhstan,Wind,Visor,0.05
Kazakhstan,Wind,Kazwind Energy,0.048
Kazakhstan,Wind,Sofievskaya wind farm LLP,0.039
Kazakhstan,Wind,Visor International DMCC,0.037
Kazakhstan,Wind,Vetro Invest LLP,0.030699999999999998
Kazakhstan,Wind,Golden Energy Corp,0.03
Kazakhstan,Wind,Hydrochina Corp,0.03
Kazakhstan,Wind,KT Rare-Metal Company LLP,0.0215
Kazakhstan,Wind,Others,0.1177
Kenya,Bioenergy,Sarrai Group Ltd,0.0517
Kenya,Geothermal,Kenya Electricity Generating Company PLC,0.6345
Kenya,Geothermal,Ormat Technology Inc,0.147
Kenya,Geothermal,Geothermal Development Company (GDC),0.07
Kenya,Hydropower,Kenya Electricity Generating Company PLC,0.722
Kenya,Hydropower,Unknown,0.04
Kenya,Oil and gas,Kenya Electricity Generating Company PLC,0.1769
Kenya,Oil and gas,A.P. Moller Foundation,0.14
Kenya,Oil and gas,Triumph Group Ltd,0.08236800000000001
Kenya,Oil and gas,Auron Energy Ltd,0.064
Kenya,Oil and gas,Mitsui E&S Co Ltd,0.021675
Kenya,Oil and gas,Investeringsfonden for Udviklingslande,0.017
Kenya,Oil and gas,Dutch Entrepreneurial Development Bank NV,0.008669999999999999
Kenya,Oil and gas,small shareholder(s),0.0062112857142857135
Kenya,Oil and gas,Development Bank of Southern Africa Ltd,0.005379285714285713
Kenya,Oil and gas,Government Employees Pension Fund (South Africa),0.005379285714285713
Kenya,Oil and gas,Harith Holdings Pty Ltd,0.005379285714285713
Kenya,Oil and gas,Mergence Investment Managers Pty Ltd,0.005379285714285713
Kenya,Oil and gas,Public Investment Corporation SOC Ltd,0.005379285714285713
Kenya,Oil and gas,Zungu Investments Company Pty Ltd,0.005379285714285713
Kenya,Utility-scale solar,Unknown,0.0682
Kenya,Utility-scale solar,Rural Energy Authority of Kenya,0.046979999999999994
Kenya,Utility-scale solar,Globeleq Africa Investments Ltd,0.036
Kenya,Utility-scale solar,Alten Energías Renovables,0.0348
Kenya,Utility-scale solar,Cedate Ltd,0.017726683937823833
Kenya,Utility-scale solar,Frontier Investment Management ApS,0.017726683937823833
Kenya,Utility-scale solar,Paramount Universal Bank,0.017726683937823833
Kenya,Utility-scale solar,Selenkei Investment Ltd,0.017726683937823833
Kenya,Utility-scale solar,Mcx Environmental Energy Corp,0.00957
Kenya,Utility-scale solar,Equator Energy,0.009026683937823833
Kenya,Utility-scale solar,Africa Energy Development Corp,0.004
Kenya,Wind,Kenya Craftskills Energy International Ltd,0.15
Kenya,Wind,Anergi Turkana Investments Ltd,0.05166666666666667
Kenya,Wind,Blackrock Alternatives,0.05166666666666667
Kenya,Wind,Danish Climate Investment Fund (DCIF),0.05166666666666667
Kenya,Wind,Finnfund,0.05166666666666667
Kenya,Wind,KP&P Africa BV,0.05166666666666667
Kenya,Wind,Sandpiper Ltd,0.05166666666666667
Kenya,Wind,BTE Renewables,0.05
Kenya,Wind,Chania Green Limited (CGEL),0.05
Kenya,Wind,Kenya Electricity Generating Company PLC,0.0365
Kenya,Wind,Mombasa Cement Ltd,0.036
Kiribati,Utility-scale solar,Unknown,0.0041406130268199235
Kosovo,Coal,Korporata Energjetike e Kosovës JSC,1.29
Kosovo,Hydropower,Unknown,0.035
Kosovo,Utility-scale solar,Unknown,0.0169
Kosovo,Wind,Enlight Renewable Energy,0.103
Kosovo,Wind,Air Energy,0.032
Kuwait,Oil and gas,Ministry of Electricity and Water and Renewable Energy (Kuwait),18.7035
Kuwait,Oil and gas,Shamal Az Zour Al Oula Power and Water Company KSC,1.46478
Kuwait,Oil and gas,ACWA Power Co,0.16722
Kuwait,Utility-scale solar,Kuwait Oil Company Ltd,0.019399999999999997
Kuwait,Utility-scale solar,Kuwait Institute for Scientific Research,0.01
Kuwait,Utility-scale solar,Unknown,0.0019
Kuwait,Wind,Kuwait Institute for Scientific Research,0.01
Kyrgyzstan,Coal,City of Bishkek,0.813
Kyrgyzstan,Hydropower,Power Stations JSC (Elektricheskiye Stantsii),3.11
Kyrgyzstan,Hydropower,National Electrical Grid of Kyrgyzstan OJSC,0.044
Kyrgyzstan,Hydropower,Unknown,0.025
Laos,Coal,Banpu Power PCL,0.7512000000000001
Laos,Coal,RATCH Group PCL,0.7512000000000001
Laos,Coal,Lao Holding State Enterprise,0.37560000000000004
Laos,Hydropower,Electricite Du Laos,2.04795
Laos,Hydropower,Sinohydro Corp Ltd,1.1832
Laos,Hydropower,Electricity Generating PCL,0.5842
Laos,Hydropower,CK Power Public Co Ltd,0.5397000000000001
Laos,Hydropower,South East Asia Energy,0.46125
Laos,Hydropower,Electricité de France SA,0.3745
Laos,Hydropower,China International Water & Electric Corp,0.346
Laos,Hydropower,Viet-Lao Power JSC - Song Da Corp,0.322
Laos,Hydropower,Global Power Synergy Public Company (GPSC) Ltd,0.32125
Laos,Hydropower,Chaleun Sekong Energy Co,0.301
Laos,Hydropower,Government Of Lao People’s Democratic Republic,0.2675
Laos,Hydropower,Mega First CORP Berhad,0.26
Laos,Hydropower,Viet-Lao Power JSC,0.2125
Laos,Hydropower,Phonesack Group Co Ltd,0.208
Laos,Hydropower,Lao Holdings State Enterprise,0.17909999999999998
Laos,Hydropower,Italian-Thai Development PLC,0.1605
Laos,Hydropower,Phongxubthavi Bridge Road Construction,0.156
Laos,Hydropower,Kansai Electric Power Co,0.1305
Laos,Hydropower,China Southern Power Grid Company Ltd,0.126
Laos,Hydropower,EDL-Generation Public Co,0.116
Laos,Hydropower,Others,1.55348
Laos,Utility-scale solar,CGN Energy Technology Laos Co Ltd,0.9190031152647975
Laos,Utility-scale solar,Unknown,0.0767
Laos,Utility-scale solar,China Gezhouba Group Co Ltd,0.04595015576323988
Laos,Wind,Impact Energy Asia Development LTD (IEAD),0.33
Laos,Wind,BCPG Public Company LTD (BCPG),0.27
Laos,Wind,Viet-Lao Power JSC,0.25
Latvia,Bioenergy,Partners Group AG,0.023
Latvia,Hydropower,Latvenergo AS,1.536
Latvia,Oil and gas,Latvenergo AS,1.039
Latvia,Oil and gas,Latvian Privatization Agency,0.023856000000000006
Latvia,Oil and gas,Riga City Council,0.023856000000000006
Latvia,Oil and gas,Unknown,0.00028799999999999995
Latvia,Utility-scale solar,Unknown,0.3463
Latvia,Utility-scale solar,UAB Ignitis Renewables,0.21119043209876542
Latvia,Wind,Utilitas OÜ,0.079
Latvia,Wind,Winergy SIA,0.021
Lebanon,Hydropower,Litani River Authority,0.19
Lebanon,Oil and gas,Electricity Of Lebanon,2.824
Lebanon,Utility-scale solar,Unknown,0.0050999999999999995
Lesotho,Utility-scale solar,TBEA Xinjiang New Energy Co,0.0261
Lesotho,Utility-scale solar,Unknown,0.0031
Liberia,Hydropower,Liberia Electricity Corp,0.088
Liberia,Oil and gas,Liberia Electricity Corp,0.038
Libya,Oil and gas,General Electricity Company of Libya,14.165
Libya,Oil and gas,Libyan Iron and Steel Co,0.507
Libya,Utility-scale solar,General Electricity Company of Libya,0.22765625
Libya,Utility-scale solar,TotalEnergies SE,0.22765625
Lithuania,Bioenergy,Ignitis Grupe AB,0.11223999999999999
Lithuania,Bioenergy,Partners Group AG,0.03176
Lithuania,Hydropower,Unknown,1.001
Lithuania,Oil and gas,Ignitis Grupe AB,1.045
Lithuania,Oil and gas,Achemos Grupe,0.068
Lithuania,Oil and gas,Panevėžio energija AB,0.035
Lithuania,Utility-scale solar,Unknown,0.5526
Lithuania,Utility-scale solar,Nordic Solar LLC,0.087
Lithuania,Utility-scale solar,Nordic Solar SA,0.0696
Lithuania,Utility-scale solar,European Energy A/S,0.065
Lithuania,Utility-scale solar,ACME Group,0.04594938271604938
Lithuania,Utility-scale solar,UAB Ignitis Renewables,0.019440123456790123
Lithuania,Wind,UAB Ignitis Renewables,0.426
Lithuania,Wind,Enefit Green,0.204
Lithuania,Wind,Taaleri SolarWind II fund,0.1395
Lithuania,Wind,Unknown,0.089
Lithuania,Wind,Green Genius,0.08
Lithuania,Wind,Stemma Group,0.074
Lithuania,Wind,Encavis AG,0.069
Lithuania,Wind,UAB Renerga,0.05
Lithuania,Wind,Atsinaujinančios Energetikos Investicijos,0.0465
Lithuania,Wind,IKEA,0.045
Lithuania,Wind,Inter RAO PJSC,0.03
Lithuania,Wind,Vèjų Spektras UAB,0.021
Lithuania,Wind,JSC Energogrupe,0.02
Lithuania,Wind,4Energia SRL,0.014
Luxembourg,Bioenergy,Unknown,0.015
Luxembourg,Bioenergy,Enovos Luxembourg SA,0.0007
Luxembourg,Bioenergy,Groupe François SA,0.0007
Luxembourg,Bioenergy,Omnitec Participations SA,0.0007
Luxembourg,Bioenergy,small shareholder(s),0.0007
Luxembourg,Hydropower,Grand Duchy of Luxembourg,0.5176000000000001
Luxembourg,Hydropower,RWE AG,0.5176000000000001
Luxembourg,Hydropower,Luxempart,0.06470000000000001
Luxembourg,Hydropower,Unknown,0.06470000000000001
Luxembourg,Hydropower,Enovos Luxembourg SA,0.05176
Luxembourg,Hydropower,Electrabel Invest Luxmbourg,0.03882
Luxembourg,Utility-scale solar,Unknown,0.08836036572890026
Luxembourg,Wind,Société Luxembourgeoise des Energies Renouvelables SA (Soler),0.0876
Luxembourg,Wind,PW34 Sàrl (PW34),0.023
Luxembourg,Wind,OekoStroum Weiler SA,0.021
Macao,Bioenergy,Macau Environmental Protection Bureau,0.0587
Macao,Oil and gas,Nam Kwong Development (H.K.) Ltd,0.171024
Macao,Oil and gas,Energy Asia Consultancy Ltd,0.085512
Macao,Oil and gas,Polytech Industrial Ltd,0.044792
Macao,Oil and gas,Asiainvest - Investments Co Ltd,0.04072
Macao,Oil and gas,Government of Macao,0.032576
Macao,Oil and gas,China Power International Ltd,0.024432
Macao,Oil and gas,Unknown,0.008144
Madagascar,Coal,Sumitomo Corp,0.06503999999999999
Madagascar,Coal,Korea Mine Rehabilitation & Mineral Resources Corp,0.05496
Madagascar,Hydropower,Unknown,0.091
Madagascar,Hydropower,Jirama,0.024
Madagascar,Oil and gas,Trigu Energy,0.105
Madagascar,Oil and gas,Axian Group,0.076
Madagascar,Oil and gas,Aksa Enerji Uretim AŞ,0.066
Madagascar,Oil and gas,Groupe Filatex SA,0.04
Madagascar,Utility-scale solar,Unknown,0.04214536269430052
Madagascar,Utility-scale solar,Axian Group,0.017748
Madagascar,Utility-scale solar,GreenYellow,0.017052
Madagascar,Utility-scale solar,Rio Tinto PLC,0.007221347150259067
Madagascar,Utility-scale solar,REPP,0.005054943005181347
Madagascar,Wind,CrossBoundary,0.016
Malawi,Hydropower,Electricity Generation Co (Malawi) Ltd,0.351
Malawi,Oil and gas,Government of Malawi,0.0415
Malawi,Oil and gas,small shareholder(s),0.0415
Malawi,Oil and gas,Electricity Generation Company (Malawi) Ltd,0.02
Malawi,Utility-scale solar,InfraCo Africa,0.03
Malawi,Utility-scale solar,JCM Power,0.03
Malawi,Utility-scale solar,Matswani,0.02
Malawi,Utility-scale solar,Phanes Group,0.009134999999999999
Malawi,Utility-scale solar,responsAbility Renewable Energy Holding (rAREH),0.009134999999999999
Malawi,Utility-scale solar,Unknown,0.0025999999999999994
Malaysia,Bioenergy,Unknown,0.14859999999999998
Malaysia,Bioenergy,TSH Resources Bhd,0.026
Malaysia,Bioenergy,FGV Holdings Bhd,0.02125
Malaysia,Bioenergy,Cypark Resources Bhd,0.01973
Malaysia,Bioenergy,Etagreen Management Sdn Bhd,0.0125
Malaysia,Bioenergy,VibroPower Corporation Ltd,0.0125
Malaysia,Bioenergy,Cepatwawasan Group Bhd,0.012
Malaysia,Bioenergy,Subur Tiasa Holdings Bhd,0.012
Malaysia,Bioenergy,Tenaga Nasional Bhd,0.01125
Malaysia,Bioenergy,Bell Corporation Sdn Bhd,0.011
Malaysia,Bioenergy,Majunaka Eco Energy Sdn Bhd,0.01
Malaysia,Coal,Tenaga Nasional Bhd,6.81
Malaysia,Coal,Malakoff Corporation Bhd,3.74
Malaysia,Coal,Sarawak Energy Bhd,1.08
Malaysia,Coal,Jimah Teknik Sdn Bhd,0.91
Malaysia,Coal,Mitsui & Co Ltd,0.3
Malaysia,Coal,The Chugoku Electric Power Co Inc,0.3
Malaysia,Coal,Jimah O&M Sdn Bhd,0.14
Malaysia,Hydropower,Sarawak Energy Bhd,3.452
Malaysia,Hydropower,Tenaga Nasional Bhd,2.672
Malaysia,Hydropower,Sabah Electricity Sdn Bhd,0.075
Malaysia,Oil and gas,Tenaga Nasional Bhd,4.656136
Malaysia,Oil and gas,CGN Energy International Holding Co,3.9421999999999997
Malaysia,Oil and gas,Petroliam Nasional Bhd,2.05
Malaysia,Oil and gas,Malakoff Corporation Bhd,1.798752
Malaysia,Oil and gas,Sarawak Energy Bhd,1.263
Malaysia,Oil and gas,Perbadanan Kemajuan Negeri Selangor,1.08
Malaysia,Oil and gas,SIPP Energy Sdn Bhd,0.432
Malaysia,Oil and gas,Ranhill Holdings Bhd,0.38
Malaysia,Oil and gas,Usaha Tegas Sdn Bhd,0.322
Malaysia,Oil and gas,Dulang Ekuiti Sdn Bhd,0.31
Malaysia,Oil and gas,Korea Electric Power Corp,0.3
Malaysia,Oil and gas,Petronas Gas Bhd,0.171
Malaysia,Oil and gas,NRG Consortium (Sabah) Sdn Bhd,0.114
Malaysia,Oil and gas,SPR Energy Sdn Bhd,0.1
Malaysia,Oil and gas,Employees Provident Fund of Malaysia,0.080848
Malaysia,Oil and gas,Kibing Group (M) Sdn Bhd,0.064
Malaysia,Oil and gas,Kontek Abbadi Sdn Bhd,0.06259
Malaysia,Oil and gas,Beijing Jianlong Investment Co Ltd,0.05166666666666667
Malaysia,Oil and gas,Hiap Teck Venture Bhd,0.05166666666666667
Malaysia,Oil and gas,Unknown,0.05166666666666667
Malaysia,Oil and gas,Juara Jernih Sdn Bhd,0.02845
Malaysia,Oil and gas,Others,0.042024
Malaysia,Utility-scale solar,Unknown,0.7489303529411765
Malaysia,Utility-scale solar,Cypark Resources Bhd,0.175
Malaysia,Utility-scale solar,Hanwha Energy Corp,0.16288823529411764
Malaysia,Utility-scale solar,Scatec ASA,0.10399979999999999
Malaysia,Utility-scale solar,Solarpack Suria Sungai Petani Sdn Bhd,0.10092
Malaysia,Utility-scale solar,ITRAMAS Corporation Sdn Bhd,0.08696519999999999
Malaysia,Utility-scale solar,UiTM Energy & Facilities Sdn Bhd,0.08003999999999999
Malaysia,Utility-scale solar,Tenaga Nasional Bhd,0.08
Malaysia,Utility-scale solar,reNIKOLA Sdn Bhd,0.07221000000000001
Malaysia,Utility-scale solar,ENGIE SA,0.05916
Malaysia,Utility-scale solar,TTL Energy Sdn Bhd,0.05916
Malaysia,Utility-scale solar,Coara Solar Sdn Bhd,0.05046
Malaysia,Utility-scale solar,ib vogt gmbH,0.05046
Malaysia,Utility-scale solar,Edra Power Holdings Sdn Bhd,0.05
Malaysia,Utility-scale solar,Ranhill Utilities Bhd,0.05
Malaysia,Utility-scale solar,TNB Sepang Solar Sdn Bhd,0.05
Malaysia,Utility-scale solar,Uzma Group,0.05
Malaysia,Utility-scale solar,Mudajaya Group Bhd,0.049
Malaysia,Utility-scale solar,Tadau Energy Sdn Bhd,0.048
Malaysia,Utility-scale solar,RE Machang Sdn Bhd,0.03915
Malaysia,Utility-scale solar,Cove Suria SDN BHD (CSSB),0.03
Malaysia,Utility-scale solar,Others,0.3135228823529411
Maldives,Oil and gas,State Electric Co Ltd,0.142
Maldives,Utility-scale solar,Unknown,0.0019
Mali,Hydropower,Organisation pour la mise en valeur du fleuve Sénégal,0.202
Mali,Hydropower,Unknown,0.2
Mali,Hydropower,Energie du Mali,0.048
Mali,Oil and gas,Volkswagen AG,0.1
Mali,Oil and gas,Unknown,0.064
Mali,Oil and gas,Investeringsfonden for Udviklingslande,0.018
Mali,Oil and gas,Macquarie Group Ltd,0.018
Mali,Oil and gas,Mitsui E&S Co Ltd,0.018
Mali,Oil and gas,Old Mutual Ltd,0.018
Mali,Oil and gas,Redox Power Solutions Ltd,0.018
Mali,Utility-scale solar,Barrick Mining Corp,0.05350673575129533
Mali,Utility-scale solar,Akuo Energy SAS,0.0435
Mali,Utility-scale solar,Unknown,0.030658704663212435
Mali,Utility-scale solar,BayWa R.E. AG,0.01305
Mali,Utility-scale solar,Suntrace,0.01305
Malta,Oil and gas,Shanghai Electric Power Co Ltd,0.2058324
Malta,Oil and gas,Government of Malta,0.12672999999999998
Malta,Oil and gas,Siemens AG,0.06847000000000002
Malta,Oil and gas,GEM Holding Ltd,0.06826499999999999
Malta,Oil and gas,State Oil Company of Azerbaijan Republic,0.06826499999999999
Malta,Oil and gas,Enemalta PLC,0.010237600000000001
Malta,Utility-scale solar,Unknown,0.018699999999999998
Martinique,Bioenergy,KKR & Co. Inc,0.04
Martinique,Oil and gas,Electricité de France SA,0.3236
Martinique,Oil and gas,KKR & Co. Inc,0.04
Martinique,Utility-scale solar,Unknown,0.0202
Martinique,Utility-scale solar,Albioma SAS,0.00435
Martinique,Wind,EDF Renewables,0.004666666666666667
Martinique,Wind,Infagreen,0.004666666666666667
Martinique,Wind,Total Eren SA,0.004666666666666667
Mauritania,Oil and gas,Mauritanian Electricity Co,0.3
Mauritania,Oil and gas,Government of Mauritania,0.046993006993006986
Mauritania,Oil and gas,small shareholder(s),0.019975024975024975
Mauritania,Oil and gas,Blackrock Advisors LLC,0.015
Mauritania,Oil and gas,The Vanguard Group Inc,0.015
Mauritania,Oil and gas,Van Eck Associates Corp,0.015
Mauritania,Oil and gas,Kia Corp,0.004615384615384615
Mauritania,Oil and gas,Arab Mining Co,0.003416583416583416
Mauritania,Utility-scale solar,Mauritanian Electricity Co,0.0435
Mauritania,Utility-scale solar,Kinross Gold Corp,0.034
Mauritania,Utility-scale solar,Unknown,0.0339
Mauritania,Utility-scale solar,Consolidated Contractors Co,0.010832020725388601
Mauritania,Wind,Mauritanian Electricity Co,0.13
Mauritius,Bioenergy,Alteo Ltd,0.041
Mauritius,Bioenergy,Unknown,0.013
Mauritius,Bioenergy,Sotravic Ltée,0.0033
Mauritius,Coal,Omnicane Ltd,0.057
Mauritius,Coal,KKR & Co. Inc,0.036565
Mauritius,Coal,Unknown,0.0357
Mauritius,Coal,Terra Mauricia Ltd,0.0343
Mauritius,Coal,small shareholder(s),0.022260000000000002
Mauritius,Coal,Sugar Investment Trust,0.0024850000000000002
Mauritius,Coal,MCB Equity Fund Ltd,0.00197
Mauritius,Coal,The National Pensions Fund (Mauritius),0.001575
Mauritius,Coal,Government of Mauritius,0.00099
Mauritius,Hydropower,Central Electricity Board (Mauritius),0.03
Mauritius,Oil and gas,Central Electricity Board (Mauritius),0.456
Mauritius,Utility-scale solar,Qair Group,0.03186419430051813
Mauritius,Utility-scale solar,GreenYellow,0.026535694300518133
Mauritius,Utility-scale solar,Sarako,0.013540025906735753
Mauritius,Utility-scale solar,Qair Energy,0.009026683937823833
Mauritius,Utility-scale solar,Unknown,0.009026683937823833
Mauritius,Utility-scale solar,Akuo Energy SAS,0.00645
Mauritius,Utility-scale solar,Medine Group,0.00645
Mauritius,Wind,PADGreen,0.015
Mauritius,Wind,Suzlon Energy Ltd,0.015
Mauritius,Wind,Qair Group,0.0094
Mayotte,Utility-scale solar,Albioma SAS,0.006679746113989637
Mayotte,Utility-scale solar,Unknown,0.0044
Mayotte,Utility-scale solar,Akuo Energy SAS,0.002175
Mexico,Bioenergy,Beta San Miguel SA de CV,0.1458
Mexico,Bioenergy,Unknown,0.13641999999999999
Mexico,Bioenergy,Zucarmex SA de CV,0.0814
Mexico,Bioenergy,Arca Continental SAB de CV,0.05428
Mexico,Bioenergy,Grupo Azucarero del Trópico,0.045
Mexico,Bioenergy,Grupo Pantaleón,0.04
Mexico,Bioenergy,Bioeléctrica de Occidente SA de CV,0.0354
Mexico,Bioenergy,Florida Crystals Corp,0.0315
Mexico,Bioenergy,Ingenios Santos SA de CV,0.03
Mexico,Bioenergy,Grupo Bio Pappel SA de CV,0.028
Mexico,Bioenergy,Impulsora del Desarrollo y Empleo en America Latina SAB de CV,0.016829999999999998
Mexico,Bioenergy,Ingenio La Margarita SA de CV,0.016
Mexico,Bioenergy,Huixtla Energía SA de CV,0.012
Mexico,Bioenergy,Comisión Federal de Electricidad EPE,0.0114
Mexico,Bioenergy,Porres Group SA de CV,0.01
Mexico,Coal,Comisión Federal de Electricidad EPE,5.378
Mexico,Geothermal,Comision Federal De Electricidad,0.915
Mexico,Geothermal,Unknown,0.026
Mexico,Hydropower,Comisión Federal de Electricidad EPE,11.577
Mexico,Hydropower,Comision Federal De Electricidad,0.32
Mexico,Hydropower,Generadora Fénix SAPI de CV,0.139
Mexico,Hydropower,Autlán Energy,0.036
Mexico,Hydropower,Compañia de Energía Mexicana SA de CV,0.036
Mexico,Hydropower,Electricidad del Golfo S de RL de CV,0.035
Mexico,Hydropower,International Bound & Wtr Comm,0.033
Mexico,Hydropower,Enel Green Power,0.03
Mexico,Nuclear,Comision Federal De Electricidad,1.608
Mexico,Oil and gas,Comisión Federal de Electricidad EPE,24.804299999999998
Mexico,Oil and gas,Mexico Infrastructure Partners SAPI de CV,8.518
Mexico,Oil and gas,small shareholder(s),3.320092907092907
Mexico,Oil and gas,Actis LLP,3.0825
Mexico,Oil and gas,Naturgy Energy Group SA,1.6760760000000001
Mexico,Oil and gas,Iberdrola SA,1.2985
Mexico,Oil and gas,Petróleos Mexicanos EPE,0.9698
Mexico,Oil and gas,Sempra Energy,0.625
Mexico,Oil and gas,Invenergy LLC,0.554
Mexico,Oil and gas,KKR & Co. Inc,0.518
Mexico,Oil and gas,Grupo México SAB de CV,0.5162
Mexico,Oil and gas,Kyushu Electric Power Co Inc,0.495
Mexico,Oil and gas,Mitsubishi Corp,0.495
Mexico,Oil and gas,Ternium SA,0.45430000000000004
Mexico,Oil and gas,Macquarie Group Ltd,0.41223000000000004
Mexico,Oil and gas,AES Corp,0.37875
Mexico,Oil and gas,Linde PLC,0.36260000000000003
Mexico,Oil and gas,The Vanguard Group Inc,0.33470229770229765
Mexico,Oil and gas,InfraRed,0.32162999999999997
Mexico,Oil and gas,Atlantica Sustainable Infrastructure Ltd,0.3
Mexico,Oil and gas,Unknown,0.13165000000000002
Mexico,Oil and gas,Others,3.1471047952047955
Mexico,Utility-scale solar,Unknown,1.1711549444444445
Mexico,Utility-scale solar,Energía Aljaval,1.1585916666666667
Mexico,Utility-scale solar,Enel Green Power SpA,1.0820555555555555
Mexico,Utility-scale solar,Zuma Energía SA de CV,0.792
Mexico,Utility-scale solar,ENGIE SA,0.6044888888888889
Mexico,Utility-scale solar,Desarrollo de Fuerzas Renovables,0.4501361111111111
Mexico,Utility-scale solar,Comisión Federal de Electricidad EPE,0.436
Mexico,Utility-scale solar,Acciona SA,0.408
Mexico,Utility-scale solar,Groupe Direct Energie,0.375
Mexico,Utility-scale solar,Caisse de dépôt et placement du Québec,0.362856
Mexico,Utility-scale solar,CKD Infraestructura Mexico,0.3537846
Mexico,Utility-scale solar,Alten Energías Renovables México,0.33543333333333336
Mexico,Utility-scale solar,Neoen SA,0.32625
Mexico,Utility-scale solar,Eosol Energy,0.32380555555555557
Mexico,Utility-scale solar,X-Elio,0.31353
Mexico,Utility-scale solar,Actis LLP,0.3
Mexico,Utility-scale solar,Iberdrola SA,0.3
Mexico,Utility-scale solar,Fotowatio Renewable Ventures (FRV) BV,0.29754
Mexico,Utility-scale solar,Cubico Sustainable Investments,0.29
Mexico,Utility-scale solar,Kenergreen SAPI,0.22390000000000002
Mexico,Utility-scale solar,Iberdrola México SA de CV,0.22080000000000002
Mexico,Utility-scale solar,Others,3.2927305555555564
Mexico,Wind,Enel Green Power SpA,1.172
Mexico,Wind,Acciona Energía SAU,1.0766
Mexico,Wind,Iberdrola Renovables Energia SA,0.743
Mexico,Wind,Unknown,0.67
Mexico,Wind,Zuma Energía SA de CV,0.474
Mexico,Wind,Infraestructura Energética Nova SAPI de CV,0.407
Mexico,Wind,EDF Renewables,0.312
Mexico,Wind,EnerAB S de RL de CV,0.31
Mexico,Wind,Cubico Sustainable Investments,0.252
Mexico,Wind,Naturgy Energy Group SA,0.234
Mexico,Wind,EDP Renováveis,0.2
Mexico,Wind,Siemens Gamesa Renewable Energy SA,0.189
Mexico,Wind,Gemex Energía,0.186
Mexico,Wind,Comisión Federal de Electricidad EPE,0.185
Mexico,Wind,Comisión Estatal De Energìa De Baja California,0.17
Mexico,Wind,Grupo México SAB de CV,0.168
Mexico,Wind,Eoliatec del Pacifico SAPI de CV,0.16
Mexico,Wind,ENGIE SA,0.153
Mexico,Wind,Power Group,0.13
Mexico,Wind,Organizacion Soriana,0.118
Mexico,Wind,Mexico Infrastructure Partners SAPI de CV,0.102
Mexico,Wind,Others,1.013
Micronesia,Utility-scale solar,Unknown,0.0037409999999999995
Moldova,Hydropower,State Unitary Enterprise “Dubossarskaya Hydroelectric Power Plant”,0.048
Moldova,Hydropower,Government of Moldova,0.008
Moldova,Hydropower,Government of Romania,0.008
Moldova,Oil and gas,Inter RAO PJSC,0.91
Moldova,Oil and gas,Termoelectrica SA,0.258
Moldova,Utility-scale solar,Unknown,0.1657
Mongolia,Coal,Thermal Power Plant 4 JSC,0.789
Mongolia,Coal,Bodi International LLC,0.3
Mongolia,Coal,Central Energy System,0.121
Mongolia,Coal,Thermal Power Plant-3 JSC,0.05
Mongolia,Coal,Hunan Industrial Equipment Installation Co Ltd,0.035
Mongolia,Utility-scale solar,Unknown,0.15797075910147174
Mongolia,Utility-scale solar,United Green Group (UGG),0.0261
Mongolia,Wind,Newcom Group,0.1
Mongolia,Wind,Danish Climate Investment Fund (DCIF),0.018333333333333333
Mongolia,Wind,Ferrostaal,0.018333333333333333
Mongolia,Wind,Radnaabazar Davaanyam,0.018333333333333333
Montenegro,Coal,Elektroprivreda Crne Gore AD,0.225
Montenegro,Hydropower,Elektroprivreda Crne Gore AD,0.649
Montenegro,Utility-scale solar,Unknown,0.0169
Montenegro,Wind,Malta Montenegro Wind Power JV Ltd,0.046
Montenegro,Wind,Akuo Energy SAS,0.036719999999999996
Montenegro,Wind,Masdar Clean Energy,0.03528
Morocco,Bioenergy,Nareva Holding SA,0.0023322
Morocco,Bioenergy,Mitsui & Co Ltd,0.00138
Morocco,Bioenergy,ENGIE SA,0.0008878
Morocco,Coal,TAQA Morocco SA,2.056
Morocco,Coal,Nareva Holding SA,0.702702
Morocco,Coal,Office National de l'Electricité et de l'Eau Potable (Morocco),0.475
Morocco,Coal,Mitsui & Co Ltd,0.4158
Morocco,Coal,ENGIE SA,0.267498
Morocco,Coal,Power Construction Corporation of China Ltd,0.175
Morocco,Hydropower,Office National de L'Electricite de L'Eau Potable,1.745
Morocco,Hydropower,Unknown,0.109
Morocco,Hydropower,Office National de l'Electricite et de l'Eau Potable,0.067
Morocco,Oil and gas,Office National de l'Electricité et de l'Eau Potable (Morocco),1.501
Morocco,Oil and gas,Energie Electrique de Tahaddart SA,0.4
Morocco,Utility-scale solar,ACWA Power Co,0.3245825
Morocco,Utility-scale solar,OCP Group,0.17574
Morocco,Utility-scale solar,SENER,0.175
Morocco,Utility-scale solar,Moroccan Agency for Sustainable Energy (MASEN),0.08391874999999999
Morocco,Utility-scale solar,MASEN,0.0727825
Morocco,Utility-scale solar,Electricity Branch of the Moroccan Water Conservancy and Electricity Bureau (ONEE-BE),0.0622
Morocco,Utility-scale solar,Unknown,0.040799999999999996
Morocco,Utility-scale solar,AMEA Power,0.01479
Morocco,Utility-scale solar,GreenPower Morocco,0.01479
Morocco,Utility-scale solar,Abengoa SA,0.01
Morocco,Utility-scale solar,ASRA,0.0016
Morocco,Wind,Office National de l'Electricité et de l'Eau Potable (Morocco),0.962
Morocco,Wind,Unknown,0.283
Morocco,Wind,Moroccan Wind Energy Company (EEM),0.202
Morocco,Wind,ACWA Power Co,0.12
Morocco,Wind,Theolia SA,0.06
Mozambique,Hydropower,Electricidade de Moçambique EP,2.005
Mozambique,Hydropower,Redes Energéticas Nacionais (REN),0.14525
Mozambique,Oil and gas,Gigajoule Group,0.2366
Mozambique,Oil and gas,Electricidade de Moçambique EP,0.2015
Mozambique,Oil and gas,Karadeniz Holding AŞ,0.125
Mozambique,Oil and gas,Amaya Capital,0.04725
Mozambique,Oil and gas,American Capital Energy & Infrastructure,0.04725
Mozambique,Utility-scale solar,Globeleq Africa Investments Ltd,0.0356
Mozambique,Utility-scale solar,Electricidade de Moçambique EP,0.026535
Mozambique,Utility-scale solar,Neoen SA,0.017835
Mozambique,Utility-scale solar,Solarcentury,0.009831000000000001
Mozambique,Utility-scale solar,Source Capital LLC,0.0095
Myanmar,Coal,Wuxi Huagaung Electric Power,0.12
Myanmar,Coal,Myanmar Economic Corp,0.03
Myanmar,Coal,United WA State Party,0.03
Myanmar,Hydropower,Ministry of Electricity and Energy (MOEE),0.93
Myanmar,Hydropower,Yunnan United Power Development Co Ltd,0.48
Myanmar,Hydropower,Myanmar Ministry of Electric Power,0.27
Myanmar,Hydropower,Datang (Yunnan) United Hydropower Developing Company Ltd,0.204
Myanmar,Hydropower,Unknown,0.2
Myanmar,Hydropower,Electric Power Generation Enterprise,0.196
Myanmar,Hydropower,Ministry of Electric Power,0.168
Myanmar,Hydropower,Yunan Machinery Import and Export Corp,0.14
Myanmar,Hydropower,Ministry of Electricity and Energy (Myanmar),0.125
Myanmar,Hydropower,Gold Energy,0.12
Myanmar,Hydropower,Ministry of Electric Power (Myanmar),0.12
Myanmar,Hydropower,"Ministry of Agriculture, Livestock and Irrigation (Myanmar)",0.074
Myanmar,Hydropower,Shwe Taung Group,0.052
Myanmar,Hydropower,Asia World CO (AWC),0.0495
Myanmar,Hydropower,China Power Investment Co Ltd,0.0495
Myanmar,Hydropower,Department of Hydropower Planning Ministry of Electric Power,0.036
Myanmar,Oil and gas,Electric Power Generation Enterprise,0.7567
Myanmar,Oil and gas,VPower Group International Holdings Ltd,0.5232
Myanmar,Oil and gas,China General Technology (Group) Holdings Co Ltd,0.4135
Myanmar,Oil and gas,Myanmar Lighting (IPP) Co Ltd,0.23
Myanmar,Oil and gas,Sembcorp Industries Ltd,0.225
Myanmar,Oil and gas,PowerGen Kyaukse Co Ltd,0.1448
Myanmar,Oil and gas,Unknown,0.13034
Myanmar,Oil and gas,Ministry of Electricity and Energy (Myanmar),0.1296
Myanmar,Oil and gas,Apple Bidco Ltd,0.1103
Myanmar,Oil and gas,Shikoku Electric Power Co Inc,0.077682
Myanmar,Oil and gas,China Hydropower Construction Group New Energy Development Co Ltd,0.0675
Myanmar,Oil and gas,Supreme Trading Co Ltd,0.0675
Myanmar,Oil and gas,GreenGen Pte Ltd,0.052
Myanmar,Oil and gas,Myanmar Central Power Co Ltd,0.05
Myanmar,Oil and gas,U Energy Thaketa Power Co Ltd,0.03604
Myanmar,Oil and gas,Ministry of Electric Power (Myanmar),0.03498
Myanmar,Oil and gas,Yunnan Investment Holding Group Co Ltd,0.029998
Myanmar,Oil and gas,MAXpower Group,0.028
Myanmar,Oil and gas,TTCL PCL,0.026015
Myanmar,Oil and gas,Mitsui & Co Ltd,0.022
Myanmar,Oil and gas,The Chugoku Electric Power Co Inc,0.017182
Myanmar,Oil and gas,Others,0.0023320000000000003
Myanmar,Utility-scale solar,Unknown,0.11326363636363637
Myanmar,Utility-scale solar,Green Earth Power (Thailand) CO LTD (GEP),0.0435
Myanmar,Utility-scale solar,Myanmar Shwekyin Solar Power Co Ltd,0.04
Myanmar,Utility-scale solar,Myanmar Kindar Solar Power Co Ltd,0.03
Myanmar,Utility-scale solar,Myanmar Sedawgyi Solar Power Co Ltd,0.03
Myanmar,Utility-scale solar,Clean Power Energy CO LTD (CPE),0.0261
Myanmar,Utility-scale solar,Green Power Energy (GPE),0.02
Myanmar,Utility-scale solar,GCL System Integration Technology Co Ltd,0.015
Myanmar,Utility-scale solar,Gold Energy,0.015
Myanmar,Utility-scale solar,Shwe Taung Development Co Ltd,0.015
Myanmar,Utility-scale solar,Universal Energy Co Ltd,0.015
Myanmar,Wind,Unknown,0.21
Namibia,Coal,Namibia Power Corp Ltd,0.12
Namibia,Hydropower,NamPower,0.332
Namibia,Oil and gas,Namibia Power Corp Ltd,0.0495
Namibia,Utility-scale solar,Unknown,0.1828057487046632
Namibia,Utility-scale solar,Namibia Power Corp Ltd,0.042195
Namibia,Utility-scale solar,Sturdee Energy Southern Africa Pty Ltd,0.01137362176165803
Namibia,Utility-scale solar,Access Aussenkehr Solar One Namibia,0.01
Namibia,Utility-scale solar,Alpha Namibia Industries Renewable Energy Power,0.01
Namibia,Utility-scale solar,Alten Energías Renovables,0.008004
Namibia,Utility-scale solar,First Place Investments LLC,0.008004
Namibia,Utility-scale solar,Mangrove,0.008004
Namibia,Utility-scale solar,Talyeni,0.008004
Namibia,Utility-scale solar,B2Gold,0.0022566709844559583
Namibia,Utility-scale solar,Fortitude,0.0022566709844559583
Namibia,Utility-scale solar,Oelofse Family,0.0022566709844559583
Namibia,Utility-scale solar,Sustainable Power Solutions (SPS),0.0022566709844559583
Namibia,Wind,InnoSun Energy Holding Pvt Ltd,0.006
Nauru,Utility-scale solar,Unknown,0.005617471264367816
Nepal,Hydropower,Nepal Electricity Authority (NEA),1.06768
Nepal,Hydropower,Unknown,0.23874
Nepal,Hydropower,Chilime Hydropower CO LTD (CHPCL),0.12211
Nepal,Hydropower,Nilgiri Khola Hydropower Co,0.109
Nepal,Hydropower,Sanima Hydropower,0.101
Nepal,Hydropower,Sahas Urja LTD (SUL),0.086
Nepal,Hydropower,Mountain Energy Nepal Ltd,0.084
Nepal,Hydropower,Tundi Power CO Pvt Ltd,0.084
Nepal,Hydropower,China Harbour Engineering Co Ltd,0.078
Nepal,Hydropower,MV Dugar Group,0.077
Nepal,Hydropower,Triveni Group,0.067
Nepal,Hydropower,Peoples Hydropower Co Ltd,0.054
Nepal,Hydropower,Butwal Power Co Ltd,0.051
Nepal,Hydropower,Numbur Himalaya Hydropower Ltd,0.051
Nepal,Hydropower,Sino Hydro Sagarmatha Power,0.05
Nepal,Hydropower,Community Owned,0.04998
Nepal,Hydropower,CG Energy Infrastructure,0.044
Nepal,Hydropower,Vishal Group,0.041
Nepal,Hydropower,API Power CO Pvt Ltd,0.04
Nepal,Hydropower,Sanigad Hydro Private Ltd,0.038
Nepal,Hydropower,Balephi Hydropower Co,0.036
Nepal,Hydropower,Others,0.63433
Nepal,Utility-scale solar,Unknown,0.16385
Netherlands,Bioenergy,RWE AG,0.5
Netherlands,Bioenergy,Unknown,0.18618
Netherlands,Bioenergy,AEB Holding NV,0.15
Netherlands,Bioenergy,HVC Groep,0.1252
Netherlands,Bioenergy,Stora Enso Oyj,0.071
Netherlands,Bioenergy,Twence Holding BV,0.07
Netherlands,Bioenergy,Veolia Environnement SA,0.0648
Netherlands,Bioenergy,Alcogroup SA,0.06
Netherlands,Bioenergy,CK Infrastructure Holdings Ltd,0.056350000000000004
Netherlands,Bioenergy,Ardian France SA,0.054
Netherlands,Bioenergy,PGGM Coöperatie UA,0.047200000000000006
Netherlands,Bioenergy,Power Assets Holdings Ltd,0.04347
Netherlands,Bioenergy,Mitsubishi Corp,0.039200000000000006
Netherlands,Bioenergy,SITA ReEnergy Roosendaal BV,0.039
Netherlands,Bioenergy,Beijing Enterprises Ltd,0.035856
Netherlands,Bioenergy,Energetický a průmyslový holding AS,0.018
Netherlands,Bioenergy,NCB Participaties,0.011916000000000003
Netherlands,Bioenergy,NIBC Bank NV,0.01
Netherlands,Bioenergy,small shareholder(s),0.01
Netherlands,Bioenergy,Chubu Electric Power Co Inc,0.009800000000000001
Netherlands,Bioenergy,Byggma ASA,0.007607999999999999
Netherlands,Bioenergy,Others,0.011723999999999998
Netherlands,Coal,E.ON SE,1.6
Netherlands,Coal,Uniper SE,1.1
Netherlands,Coal,ResInvest Holding AS,0.8
Netherlands,Nuclear,N.V. Elektriciteits-Produktiemaatschappij Zuid-Nederland,0.515
Netherlands,Oil and gas,RWE AG,3.362
Netherlands,Oil and gas,ENGIE SA,2.955
Netherlands,Oil and gas,Energetický a průmyslový holding AS,2.541
Netherlands,Oil and gas,Vattenfall AB,2.088
Netherlands,Oil and gas,Mitsubishi Corp,0.7256
Netherlands,Oil and gas,Akzo Nobel NV,0.573
Netherlands,Oil and gas,Uniper SE,0.535
Netherlands,Oil and gas,Dow Inc,0.46
Netherlands,Oil and gas,Air Liquide SA,0.353
Netherlands,Oil and gas,Shell PLC,0.19
Netherlands,Oil and gas,Chubu Electric Power Co Inc,0.1814
Netherlands,Oil and gas,Exxon Mobil Corp,0.113
Netherlands,Oil and gas,EQT Partners AB,0.107
Netherlands,Oil and gas,Nouryon Speciality Chemicals BV,0.1
Netherlands,Oil and gas,Air Products and Chemicals Inc,0.095
Netherlands,Oil and gas,Royal Avebe UA,0.0845
Netherlands,Oil and gas,Saudi Basic Industries Corp,0.077
Netherlands,Oil and gas,Sappi Ltd,0.07440000000000001
Netherlands,Oil and gas,Morgan Stanley,0.072
Netherlands,Oil and gas,Yara International ASA,0.068
Netherlands,Oil and gas,Others,0.23060000000000003
Netherlands,Utility-scale solar,Unknown,4.492053428571428
Netherlands,Utility-scale solar,PowerField Energy,0.3339495
Netherlands,Utility-scale solar,Encavis AG,0.23229000000000002
Netherlands,Utility-scale solar,Sunvest BV,0.15172799999999997
Netherlands,Utility-scale solar,SolarEnergyWorks,0.09604800000000001
Netherlands,Utility-scale solar,Shell PLC,0.0933995238095238
Netherlands,Utility-scale solar,AMPYR Solar Europe (ASE),0.09100200000000001
Netherlands,Utility-scale solar,CEE Group,0.09048
Netherlands,Utility-scale solar,Groenleven,0.08847900000000002
Netherlands,Utility-scale solar,Jiayuguan Chint Solar Power Co Ltd,0.0633795
Netherlands,Utility-scale solar,Blue Elephant Energy AG (BEE),0.0556365
Netherlands,Utility-scale solar,Eneco NV,0.04437
Netherlands,Utility-scale solar,Low Carbon Ltd,0.04380952380952381
Netherlands,Utility-scale solar,FP Lux Investments,0.04263
Netherlands,Utility-scale solar,Kronos Solar,0.04176
Netherlands,Utility-scale solar,Green Trust,0.03306
Netherlands,Utility-scale solar,Vattenfall AB,0.032886
Netherlands,Utility-scale solar,Goldbeck Solar,0.032189999999999996
Netherlands,Utility-scale solar,Voltalia SA,0.028914285714285712
Netherlands,Utility-scale solar,WIRSOL Solar AG,0.0261
Netherlands,Utility-scale solar,Zonnepark Mosselbanken Terneuzen,0.02365714285714286
Netherlands,Utility-scale solar,Others,0.3076545
Netherlands,Wind,Unknown,2.91695
Netherlands,Wind,Vattenfall AB,1.264
Netherlands,Wind,Shell PLC,0.6855
Netherlands,Wind,Eneco,0.6741666666666667
Netherlands,Wind,Norges Bank Investment Management,0.376
Netherlands,Wind,Allianz SE,0.375
Netherlands,Wind,BASF SE,0.375
Netherlands,Wind,NUON NV,0.35
Netherlands,Wind,RWE AG,0.339
Netherlands,Wind,Eurus Energy,0.23
Netherlands,Wind,Private Owners,0.224
Netherlands,Wind,A.S.R. Real Estate,0.2125
Netherlands,Wind,Community Owned,0.20025
Netherlands,Wind,Ørsted A/S,0.188
Netherlands,Wind,Ørsted Wind Power Netherlands,0.188
Netherlands,Wind,RWE Renewables Benelux BV,0.162
Netherlands,Wind,ALH Group,0.15
Netherlands,Wind,HVC Groep,0.15
Netherlands,Wind,Northland Power Inc,0.15
Netherlands,Wind,Siemens AG,0.15
Netherlands,Wind,Mitsubishi Corporation Energy Solutions Ltd,0.129
Netherlands,Wind,Others,2.5327333333333337
New Caledonia,Coal,Glencore PLC,0.13216783216783218
New Caledonia,Coal,Societe de Financement et d'Investissement de la Province Nord,0.11976023976023976
New Caledonia,Coal,ENERCAL SA,0.075
New Caledonia,Coal,ENGIE SA,0.025
New Caledonia,Coal,small shareholder(s),0.01105894105894106
New Caledonia,Coal,Societe de Developpement et d'Investissement de la province des Iles Loyaute,0.007012987012987013
New Caledonia,Hydropower,ENERCAL SA,0.068
New Caledonia,Oil and gas,Eramet SA,0.198
New Caledonia,Oil and gas,ENERCAL SA,0.101
New Caledonia,Utility-scale solar,Unknown,0.11
New Caledonia,Wind,Unknown,0.0385
New Caledonia,Wind,TotalEnergies SE,0.02
New Zealand,Bioenergy,Oji Holdings Corp,0.053
New Zealand,Bioenergy,Danone SA,0.0155
New Zealand,Bioenergy,Mitsubishi UFJ Financial Group Inc,0.01475
New Zealand,Bioenergy,Unknown,0.01
New Zealand,Bioenergy,AHQ Trustee Services (The 5 Kids Trust) Ltd,0.0033333333333333335
New Zealand,Bioenergy,Raukawa Farming Company Ltd,0.0033333333333333335
New Zealand,Bioenergy,Waipa Corporation Ltd,0.0033333333333333335
New Zealand,Bioenergy,City of Christchurch,0.00115
New Zealand,Bioenergy,Council of Ashburton,0.00115
New Zealand,Bioenergy,Council of Hurunui,0.00115
New Zealand,Bioenergy,Council of Selwyn,0.00115
New Zealand,Bioenergy,Council of Waimakariri,0.00115
New Zealand,Coal,Genesis Energy Ltd,0.75
New Zealand,Geothermal,Contact Energy Ltd,0.7795
New Zealand,Geothermal,Mighty River Power,0.204
New Zealand,Geothermal,Mercury NZ Ltd,0.18084999999999998
New Zealand,Geothermal,Tuaropaki Power Co,0.08325
New Zealand,Geothermal,Top Energy Ltd,0.057
New Zealand,Geothermal,Eastland Generation,0.0531
New Zealand,Geothermal,Tauhara North 2 Trust,0.052
New Zealand,Geothermal,Kawerau A8D Ahu Whenua Trust,0.013
New Zealand,Hydropower,Meridian Energy,2.353
New Zealand,Hydropower,Mercury Energy,1.051
New Zealand,Hydropower,Contact Energy Ltd,0.993
New Zealand,Hydropower,Genesis Energy Ltd,0.688
New Zealand,Hydropower,King Country Energy,0.04
New Zealand,Oil and gas,Contact Energy Ltd,0.7417999999999999
New Zealand,Oil and gas,Genesis Energy Ltd,0.454
New Zealand,Oil and gas,Todd Corp Ltd,0.235
New Zealand,Oil and gas,Chow Tai Fook Enterprises Ltd,0.112
New Zealand,Oil and gas,Fonterra Co-operative Group Ltd,0.035
New Zealand,Oil and gas,Unknown,0.0253
New Zealand,Utility-scale solar,Lodestone Energy LTD (LEL),0.13116045454545455
New Zealand,Utility-scale solar,Genesis Energy Ltd,0.032886000000000006
New Zealand,Utility-scale solar,Unknown,0.0268
New Zealand,Utility-scale solar,Rānui Generation,0.024
New Zealand,Utility-scale solar,FRV Services Australia Pty Ltd,0.021924
New Zealand,Utility-scale solar,Northpower LLC,0.014529000000000002
New Zealand,Utility-scale solar,Aquila Clean Energy,0.009048
New Zealand,Utility-scale solar,Far North Solar Farm,0.009048
New Zealand,Wind,Mercury Energy,0.595
New Zealand,Wind,Meridian Energy,0.592
New Zealand,Wind,NZ Windfarms Ltd,0.046
Nicaragua,Bioenergy,Grupo Pantaleón,0.054
Nicaragua,Bioenergy,Cogeneración Green Power SA,0.042
Nicaragua,Bioenergy,MAYAGÜEZ SA,0.04
Nicaragua,Bioenergy,Grupo Pellas,0.015
Nicaragua,Geothermal,DisNorte-DisSur,0.0762
Nicaragua,Geothermal,Polaris Energy Nicaragua,0.072
Nicaragua,Geothermal,Unknown,0.0104
Nicaragua,Hydropower,Empresa Nicaragüense de Electricidad,0.104
Nicaragua,Oil and gas,Generadora Eléctrica Occidental SA,0.106
Nicaragua,Oil and gas,Petróleos de Venezuela SA,0.07548
Nicaragua,Oil and gas,Petroleos de Nicaragua,0.07252
Nicaragua,Oil and gas,IC Power Ltd,0.0708
Nicaragua,Oil and gas,Centrans Energy Services Inc,0.037
Nicaragua,Oil and gas,Unknown,0.0182
Nicaragua,Utility-scale solar,Unknown,0.05474287037037037
Nicaragua,Utility-scale solar,Empresa Nacional de Transmisión Eléctrica (ENATREL),0.003169703703703704
Nicaragua,Wind,Arctas Capital Group,0.107
Nicaragua,Wind,Alba Petróleos de Nicaragua SA,0.042
Nicaragua,Wind,Blue Power & Energy SA,0.04
Niger,Coal,Taizhou Wangkang Trading Co Ltd,0.03
Niger,Oil and gas,Unknown,0.125
Niger,Oil and gas,Istithmar West Africa Ltd,0.0445
Niger,Oil and gas,NIGELEC,0.0445
Niger,Oil and gas,Winenerji AŞ,0.023
Niger,Utility-scale solar,Unknown,0.0274
Niger,Utility-scale solar,Akuo Energy SAS,0.01305
Niger,Utility-scale solar,Sogecom,0.01305
Nigeria,Coal,Dangote Industries Ltd,0.3445
Nigeria,Hydropower,Mainstream Energy Solutions Ltd,2.038
Nigeria,Hydropower,North South Power,0.6
Nigeria,Hydropower,Power Holding Company of Nigeria,0.1
Nigeria,Hydropower,Unknown,0.04
Nigeria,Hydropower,Upper Benue River Basin Development Authority,0.04
Nigeria,Hydropower,Government of Nigeria,0.03
Nigeria,Oil and gas,Niger Delta Power Holding Co,3.709
Nigeria,Oil and gas,KEPCO Energy Resources Ltd,0.924
Nigeria,Oil and gas,Transnational Corporation PLC,0.67626
Nigeria,Oil and gas,Dangote Industries Ltd,0.57
Nigeria,Oil and gas,Geregu Power PLC,0.507
Nigeria,Oil and gas,G-Eurafric,0.48
Nigeria,Oil and gas,Oando PLC,0.48
Nigeria,Oil and gas,Rich Point Ltd,0.426972
Nigeria,Oil and gas,Bureau of Public Enterprises (Nigeria),0.31679999999999997
Nigeria,Oil and gas,Unknown,0.29705000000000004
Nigeria,Oil and gas,Sahara Group,0.252
Nigeria,Oil and gas,Forte Oil PLC,0.24795
Nigeria,Oil and gas,Akwa Ibom Investment Corp,0.189
Nigeria,Oil and gas,small shareholder(s),0.162252
Nigeria,Oil and gas,NNPC Ltd,0.1382
Nigeria,Oil and gas,Africa Infrastructure Investment Fund 2 Power Holdings,0.134904
Nigeria,Oil and gas,Aradel Holdings PLC,0.13
Nigeria,Oil and gas,First Exploration & Petroleum Development Co Ltd,0.13
Nigeria,Oil and gas,ND Western Ltd,0.13
Nigeria,Oil and gas,Petrolin Group,0.13
Nigeria,Oil and gas,Waltersmith Petroman Oil Ltd,0.13
Nigeria,Oil and gas,Others,0.8452860000000001
Nigeria,Utility-scale solar,Unknown,0.09124468393782384
Nigeria,Utility-scale solar,DLO Energy Resources Group,0.027080051813471506
Nigeria,Utility-scale solar,Nigerdock,0.0174
Nigeria,Utility-scale solar,Starsight Energy,0.004785
Nigeria,Utility-scale solar,West Africa Container Terminal,0.004785
Nigeria,Wind,Nigerian Federal Ministry of Power,0.01
Norfolk Island,Wind,Unknown,0.0024
North Korea,Coal,Pukchang Thermal Plant Complex,1.6
North Korea,Coal,Pyongyang Power Plant,0.7
North Korea,Coal,Ministry of Electric Power (North Korea),0.55
North Korea,Coal,Cheongcheon-Gang Power Plant,0.2
North Korea,Coal,Sunchon Power Plant,0.2
North Korea,Hydropower,Unknown,3.412
North Korea,Hydropower,China-Korea Hydropower Company,0.315
North Korea,Hydropower,Northwest China Grid Co Ltd,0.2
North Korea,Hydropower,State Grid Northeast Branch Luyuan Hydropower Co Ltd,0.096
North Korea,Hydropower,Ministry of Electric Power Industry,0.05
North Korea,Nuclear,Unknown,0.005
North Macedonia,Coal,Elektrani na Severna Makedonija AD,0.824
North Macedonia,Hydropower,Elektrani na Severna Makedonija AD,0.524
North Macedonia,Oil and gas,Project Management Consulting Ltd,0.132
North Macedonia,Oil and gas,Elektrani na Severna Makedonija AD,0.099
North Macedonia,Oil and gas,TEC Negotino JSC,0.099
North Macedonia,Oil and gas,Territorial Generating Company No 2 PJSC,0.06423999999999999
North Macedonia,Oil and gas,Toplifikacija AD,0.02376
North Macedonia,Utility-scale solar,Unknown,0.36819999999999997
North Macedonia,Utility-scale solar,Mey Energy,0.04959800796812749
North Macedonia,Utility-scale solar,GEN-I doo,0.01533029337196668
North Macedonia,Wind,Elektrani na Severna Makedonija AD,0.037
North Macedonia,Wind,BNB Kompani,0.023399999999999997
North Macedonia,Wind,Green for Growth Fund (GGF),0.0126
Norway,Hydropower,Statkraft,9.63667
Norway,Hydropower,Hafslund Eco,2.31256
Norway,Hydropower,Lyse Produksjon AS,1.75044
Norway,Hydropower,Hafslund AS,1.60149
Norway,Hydropower,Norsk Hydro ASA,1.59575
Norway,Hydropower,Statkraft AS,1.5119
Norway,Hydropower,Eviny,1.47372
Norway,Hydropower,Agder [test] Energi,0.7642
Norway,Hydropower,Sunnhordland Kraftlag AS,0.7457999999999999
Norway,Hydropower,NTE Energi,0.64482
Norway,Hydropower,Akershus Energi,0.48245
Norway,Hydropower,Hafslund Kraft AS,0.43436
Norway,Hydropower,Ostfold Energi,0.374
Norway,Hydropower,Å Energi Vannkraft,0.36845999999999995
Norway,Hydropower,Eviny Fornybar AS,0.34815999999999997
Norway,Hydropower,Tafjord Kraft,0.34542
Norway,Hydropower,Å Energi,0.31392000000000003
Norway,Hydropower,Lyse Kraft,0.3029
Norway,Hydropower,TrønderEnergi Kraft AS,0.29075
Norway,Hydropower,Siso Energi AS,0.214
Norway,Hydropower,Others,3.32169
Norway,Oil and gas,Equinor ASA,0.523
Norway,Utility-scale solar,Unknown,0.025276000000000003
Norway,Utility-scale solar,Solgrid Ltd,0.00609
Norway,Utility-scale solar,ASKO Norge AS,0.0016
Norway,Wind,Norsk Vind AS,0.7565
Norway,Wind,Statkraft AS,0.66104
Norway,Wind,Stadtwerke München GmbH,0.4115
Norway,Wind,Aquila Capital,0.4
Norway,Wind,Eviny,0.365
Norway,Wind,Luxcara GmbH,0.35
Norway,Wind,Nordic Wind Power DA,0.32080000000000003
Norway,Wind,TrønderEnergi Kraft AS,0.28966
Norway,Wind,Ärzteversorgung Westfalen-Lippe,0.281
Norway,Wind,Fortum Oyj,0.186
Norway,Wind,Hafslund Kraft AS,0.1664
Norway,Wind,Vauban Infrastructure Partners,0.1268
Norway,Wind,EWZ,0.125
Norway,Wind,Equinor ASA,0.088
Norway,Wind,Energy Infrastructure Partners AG,0.087
Norway,Wind,Ostfold Energi,0.07566666666666667
Norway,Wind,Vardar AS,0.07566666666666667
Norway,Wind,Fred Olsen Renewables AB,0.071
Norway,Wind,Renantis UK Ltd,0.071
Norway,Wind,Finnmark Kraft AS,0.06452
Norway,Wind,Unknown,0.0015400000000000001
Norway,Wind,Others,0.8293066666666666
Oman,Oil and gas,Mitsui & Co Ltd,1.6432800000000003
Oman,Oil and gas,ACWA Power Co,1.6302199999999998
Oman,Oil and gas,Energy Development Oman SAOC,1.0043333333333333
Oman,Oil and gas,SMN Power Holding SAOG,0.874
Oman,Oil and gas,Al Batinah Power Company SAOG,0.766
Oman,Oil and gas,Al Suwadi Power Company SAOG,0.766
Oman,Oil and gas,Shell PLC,0.7241033333333333
Oman,Oil and gas,Sohar Power Company SAOG,0.597
Oman,Oil and gas,Barka Water and Power Company SAOG,0.456
Oman,Oil and gas,Sembcorp Salalah Power & Water Co,0.445
Oman,Oil and gas,Nama Holding SAOC,0.42707999999999996
Oman,Oil and gas,OQ SAOC,0.41140999999999994
Oman,Oil and gas,Abu Dhabi National Energy Company PJSC,0.4
Oman,Oil and gas,Axia Power Holdings BV,0.4
Oman,Oil and gas,JERA Power Management Mid East BV,0.4
Oman,Oil and gas,Middle East Investment LLC,0.4
Oman,Oil and gas,Qatar Electricity and Water Company QPSC,0.4
Oman,Oil and gas,Ras Laffan Operating Company WLL,0.4
Oman,Oil and gas,Unknown,0.2925
Oman,Oil and gas,Al Kamil Power Company SAOG,0.285
Oman,Oil and gas,Dhofar Generating Company SAOG,0.256
Oman,Oil and gas,Others,1.2679787333333334
Oman,Utility-scale solar,Oman Energy and Water Procurement Firm (OPWP),0.9744328571428571
Oman,Utility-scale solar,Nama,0.5129614285714286
Oman,Utility-scale solar,GlassPoint Solar,0.5105
Oman,Utility-scale solar,Petroleum Development Oman LLC,0.5105
Oman,Utility-scale solar,ACWA Power Co,0.3045
Oman,Utility-scale solar,Al Gihaz Holding,0.1305
Oman,Utility-scale solar,Marubeni Corp,0.0525
Oman,Utility-scale solar,Unknown,0.0362
Oman,Utility-scale solar,OQ Gas Networks SAOC,0.0315
Oman,Utility-scale solar,Public Authority of Special Economic Zones and Free Zones,0.025
Oman,Utility-scale solar,Bahwan Renewable Energy Co LLC,0.0105
Oman,Utility-scale solar,Nebras Power QPSC,0.0105
Oman,Wind,Abu Dhabi Future Energy Co,0.05
Pakistan,Bioenergy,Unknown,0.147
Pakistan,Bioenergy,natural person(s),0.0624
Pakistan,Bioenergy,JDW Sugar Mills Ltd,0.053200000000000004
Pakistan,Bioenergy,Packages Ltd,0.041
Pakistan,Bioenergy,Thal Ltd,0.041
Pakistan,Bioenergy,Bahawalpur Energy Ltd,0.031
Pakistan,Bioenergy,Mehran Sugar Mills Ltd,0.0265
Pakistan,Bioenergy,Al-Noor Sugar Mills Ltd,0.022
Pakistan,Bioenergy,Bandhi Sugar Mills Ltd,0.012
Pakistan,Bioenergy,Indus Energy Ltd,0.011
Pakistan,Bioenergy,31-A Estates Ltd,0.006
Pakistan,Bioenergy,ME Capital Pvt Ltd,0.006
Pakistan,Bioenergy,Nobel Energy Ltd,0.0036
Pakistan,Coal,Shanghai Electric Power Co Ltd,1.32
Pakistan,Coal,Hub Power Company Ltd,0.95139
Pakistan,Coal,State Power Investment Corp Ltd,0.693
Pakistan,Coal,Power Construction Corporation of China Ltd,0.6732
Pakistan,Coal,Jamshoro Power Co Ltd,0.66
Pakistan,Coal,Jining Chengtou Holding Group Co Ltd,0.66
Pakistan,Coal,Lucky Cement Ltd,0.66
Pakistan,Coal,Al-Mirqab Capital Co,0.6467999999999999
Pakistan,Coal,Huaneng Power International Inc,0.528
Pakistan,Coal,China National Machinery Industry Corp,0.26376923076923076
Pakistan,Coal,Fauji Fertilizer Company Ltd,0.217
Pakistan,Coal,Liberty Mills Ltd,0.14571428571428574
Pakistan,Coal,China Huaneng Group Co Ltd,0.132
Pakistan,Coal,Soorty Enterprises Pvt Ltd,0.11010989010989011
Pakistan,Coal,Sitara Chemical Industries Ltd,0.09
Pakistan,Coal,Thal Ltd,0.0858
Pakistan,Coal,Novatex Ltd,0.08151
Pakistan,Coal,Fatima Holdings Ltd,0.0648
Pakistan,Coal,Habib Bank Ltd,0.06263736263736264
Pakistan,Coal,DG Khan Cement Co Ltd,0.06
Pakistan,Coal,Others,0.20614923076923078
Pakistan,Hydropower,Pakistan Water and Power Development Authority,5.296
Pakistan,Hydropower,China Three Gorges CORP (CTG),4.035
Pakistan,Hydropower,China Three Gorges South Asia Investment LTD (CSAIL),0.72
Pakistan,Hydropower,China Gezhouba Group International Engineering Company Ltd,0.2946666666666667
Pakistan,Hydropower,China Gezhouba Group Overseas Investment Co Ltd,0.2946666666666667
Pakistan,Hydropower,Haseeb Khan Pvt Ltd,0.2946666666666667
Pakistan,Hydropower,Unknown,0.108
Pakistan,Hydropower,Mira Power Ltd,0.102
Pakistan,Hydropower,Laraib Energy,0.084
Pakistan,Hydropower,Pakhtunkhwa Energy Development Organization,0.081
Pakistan,Hydropower,Daewoo Engineering & Construction Co Ltd,0.075
Pakistan,Hydropower,Korea Water Resources CORP (KOWACO),0.075
Pakistan,Nuclear,Pakistan Atomic Energy Commission,3.53
Pakistan,Oil and gas,K-Electric Ltd,3.1528
Pakistan,Oil and gas,National Power Parks Management Company Pvt Ltd,2.55
Pakistan,Oil and gas,Power Planning and Monitoring Co,1.762
Pakistan,Oil and gas,Kot Addu Power Co Ltd,1.6
Pakistan,Oil and gas,Hub Power Company Ltd,1.5109000000000001
Pakistan,Oil and gas,Northern Power Generation Company Ltd,1.397
Pakistan,Oil and gas,Punjab Thermal Power Pvt Ltd,1.263
Pakistan,Oil and gas,Quaid-e-Azam Thermal Power Pvt Ltd,1.18
Pakistan,Oil and gas,Jamshoro Power Co Ltd,0.85
Pakistan,Oil and gas,Sapphire Fibres Ltd,0.44622500000000004
Pakistan,Oil and gas,AsiaPak Investments Ltd,0.43489999999999995
Pakistan,Oil and gas,Pakgen Power Ltd,0.365
Pakistan,Oil and gas,Lalpir Power Ltd,0.326
Pakistan,Oil and gas,Mindbridge Pvt Ltd,0.293
Pakistan,Oil and gas,Altern Energy Ltd,0.27
Pakistan,Oil and gas,Fauji Foundation,0.24166666666666667
Pakistan,Oil and gas,Engro Powergen Qadirpur Ltd,0.227
Pakistan,Oil and gas,Halmore Power Generation Co Ltd,0.225
Pakistan,Oil and gas,Saif Power Ltd,0.225
Pakistan,Oil and gas,ENGIE SA,0.202
Pakistan,Oil and gas,Unknown,0.00894
Pakistan,Oil and gas,Others,2.3208683333333333
Pakistan,Utility-scale solar,Unknown,0.524675
Pakistan,Utility-scale solar,ZTE Energy,0.274
Pakistan,Utility-scale solar,Quaid-e-Azam Solar Power Ltd,0.1
Pakistan,Utility-scale solar,Zhenfa Energy Group Co Ltd,0.087
Pakistan,Utility-scale solar,Scatec ASA,0.06655499999999999
Pakistan,Utility-scale solar,H1 Holdings Pty Ltd,0.063945
Pakistan,Utility-scale solar,Lucky Cement Ltd,0.055819957035445754
Pakistan,Utility-scale solar,Oursun Pakistan Ltd,0.0435
Pakistan,Utility-scale solar,Attock Cement Pakistan Ltd,0.01986812030075188
Pakistan,Utility-scale solar,Harappa Solar Pvt Ltd,0.0183
Pakistan,Utility-scale solar,Norsk Solar AS,0.0145
Pakistan,Utility-scale solar,Private Owners - Rana Nasim Ahmed,0.0145
Pakistan,Utility-scale solar,WindForce Pvt Ltd,0.0145
Pakistan,Wind,Sapphire Textile Mills Ltd,0.2
Pakistan,Wind,China Three Gorges CORP (CTG),0.15
Pakistan,Wind,British International Investment PLC,0.125
Pakistan,Wind,Fauji Foundation,0.125
Pakistan,Wind,Unknown,0.11
Pakistan,Wind,Master Group,0.103
Pakistan,Wind,Yunus Brothers Group (YBG),0.1
Pakistan,Wind,Artistic Milliners,0.099
Pakistan,Wind,United Energy GP (UEG),0.099
Pakistan,Wind,Akhtar Group,0.08
Pakistan,Wind,DL Energy Co Ltd,0.075
Pakistan,Wind,Arif Habib Group,0.05
Pakistan,Wind,Burj Capital,0.05
Pakistan,Wind,Dawood Lawrencepur Ltd,0.05
Pakistan,Wind,Din Group,0.05
Pakistan,Wind,Gul Ahmed Energy Ltd,0.05
Pakistan,Wind,Helios Power Pvt Ltd,0.05
Pakistan,Wind,Hydrochina CORP (PowerChina),0.05
Pakistan,Wind,Liberty Mills Ltd,0.05
Pakistan,Wind,Meridian Energy,0.05
Pakistan,Wind,Zorlu Renewable Pakistan Pvt Ltd,0.05
Pakistan,Wind,Others,0.175
Palau,Utility-scale solar,Unknown,0.013311
Palestine,Oil and gas,Palestine Electric Company PLC,0.14
Palestine,Utility-scale solar,Palestine Investment Fund,0.02206285714285714
Palestine,Utility-scale solar,Unknown,0.013900000000000001
Panama,Coal,First Quantum Minerals Ltd,0.306
Panama,Hydropower,AES Panamá SRL,0.703
Panama,Hydropower,Enel Green Power,0.3
Panama,Hydropower,EnfraGen LLC,0.094
Panama,Hydropower,Ideal Panama SA,0.088
Panama,Hydropower,Electron Investment SA,0.085
Panama,Hydropower,Panama Power Holdings Inc,0.072
Panama,Hydropower,Fountain Hydro Power Corp,0.062
Panama,Hydropower,Autoridad Nacional de los Servicios Públicos (ASEP),0.057
Panama,Hydropower,Unknown,0.036
Panama,Hydropower,Grupo EPM,0.032
Panama,Oil and gas,AES Corp,0.34854100000000005
Panama,Oil and gas,InterEnergy Holdings,0.3417
Panama,Oil and gas,Government of Panama,0.19202399999999997
Panama,Oil and gas,AES Panamá SRL,0.16549
Panama,Oil and gas,Celsia Centroamérica SA,0.087
Panama,Oil and gas,Grupo Ethuss SAS,0.075
Panama,Oil and gas,IC Asesorías y Proyectos SASESP,0.075
Panama,Utility-scale solar,Unknown,0.37583999999999995
Panama,Utility-scale solar,Avanzalia Solar SL,0.12
Panama,Utility-scale solar,Enel Green Power SpA,0.10300702985074627
Panama,Utility-scale solar,InterEnergy,0.040799999999999996
Panama,Utility-scale solar,AES Corp,0.04
Panama,Utility-scale solar,Cox Energy SAB de CV,0.021462089552238803
Panama,Utility-scale solar,Greenwood Energy SAS,0.0174
Panama,Utility-scale solar,La Universidad de Panamá,0.0174
Panama,Utility-scale solar,CELSIA SA,0.009134999999999999
Panama,Utility-scale solar,Green Electric SA,0.0087
Panama,Utility-scale solar,Grupo Calesa,0.003306
Panama,Wind,InterEnergy,0.2155
Panama,Wind,AES Corp,0.055
Panama,Wind,Audax Renovables SA,0.0198
Papua New Guinea,Bioenergy,SD Guthrie Bhd,0.0045
Papua New Guinea,Geothermal,Newcrest Mining Limited,0.03
Papua New Guinea,Hydropower,PNG Power Ltd,0.09
Papua New Guinea,Hydropower,Papua New Guinea Power LTD (PPL),0.077
Papua New Guinea,Hydropower,Ok Tedi Power Ltd,0.057
Papua New Guinea,Oil and gas,PNG Power Ltd,0.114
Papua New Guinea,Oil and gas,Mineral Resources Development Corp,0.045
Papua New Guinea,Oil and gas,Unknown,0.03
Papua New Guinea,Utility-scale solar,Unknown,0.00087
Paraguay,Hydropower,Itaipú Binational,7.0
Paraguay,Hydropower,Entidad Binacional Yacyreta (EBY),1.55
Paraguay,Hydropower,Administración Nacional de Electricidad (ANDE),0.21
Paraguay,Utility-scale solar,Unknown,0.0025
Paraguay,Utility-scale solar,Frigorífico Guaraní,0.0009590740740740741
Paraguay,Utility-scale solar,Cooperativa Fernheim Ltda,0.00087
Peru,Bioenergy,Agroaurora SAC,0.038
Peru,Bioenergy,Unknown,0.0375
Peru,Bioenergy,Paramonga Agro Industrial SA,0.023
Peru,Bioenergy,Agroindustrias San Jacinto SAS,0.0217
Peru,Bioenergy,Corporacion Romero Group SAC,0.014
Peru,Bioenergy,Enel Generación Perú SAA,0.0028
Peru,Hydropower,Electroperú SA,1.806
Peru,Hydropower,Kallpa Generación SA,0.772
Peru,Hydropower,Actis LLP,0.683
Peru,Hydropower,Empresa Generación Huallaga SA,0.456
Peru,Hydropower,Celepsa Renovables SRL,0.308
Peru,Hydropower,Statkraft,0.284
Peru,Hydropower,Empresa de Generación Eléctrica San Gabán SA (ESESG),0.225
Peru,Hydropower,China Three Gorges CORP (CTG),0.212
Peru,Hydropower,Empresa de Generación Eléctrica Machupicchu SA (EGEMSA),0.19
Peru,Hydropower,Empresa de Generación Eléctrica de Arequipa SA (EGASA),0.146
Peru,Hydropower,ENGIE SA,0.13
Peru,Hydropower,Statkraft AS,0.129
Peru,Hydropower,ENGIE Energía Perú SA,0.114
Peru,Hydropower,Orazul Energy Peru SA,0.11
Peru,Hydropower,Luz del Sur SAA,0.1
Peru,Hydropower,Conenhua SA,0.096
Peru,Hydropower,Peruana de Energía SAA,0.084
Peru,Hydropower,Chinango SAC,0.043
Peru,Hydropower,Orygen Perú SAA,0.031
Peru,Hydropower,Sindicato Energético (Sinersa),0.015
Peru,Oil and gas,ENGIE Energía Perú SA,2.259
Peru,Oil and gas,I Squared Capital Advisors LLC,1.4015
Peru,Oil and gas,Orygen Perú SAA,0.9787
Peru,Oil and gas,Corporacion Romero Group SAC,0.616
Peru,Oil and gas,Enel Generación Piura SA,0.3608
Peru,Oil and gas,UNACEM Corp SAA,0.30060000000000003
Peru,Oil and gas,Colbun SA,0.299217
Peru,Oil and gas,Abu Dhabi Investment Authority,0.211212
Peru,Oil and gas,Sociedad Minera Cerro Verde SAA,0.18130000000000002
Peru,Oil and gas,Cobra Instalaciones y Servicios SA,0.092
Peru,Oil and gas,Grupo Terra SA de CV,0.092
Peru,Oil and gas,Sigma,0.076271
Peru,Oil and gas,Electro Oriente SA,0.0573
Peru,Oil and gas,CBEI LLC,0.051
Peru,Oil and gas,VPower Group International Holdings Ltd,0.039627
Peru,Oil and gas,Unknown,0.038073
Peru,Oil and gas,Corporacion Aceros Arequipa SA,0.0334
Peru,Oil and gas,Generación Rosario SA,0.0255
Peru,Oil and gas,Grupo Albanesi,0.0255
Peru,Utility-scale solar,Kallpa Generación SA,0.29406
Peru,Utility-scale solar,Solarpack,0.2786102962962963
Peru,Utility-scale solar,Enel Generación Perú SAA,0.24455000000000002
Peru,Utility-scale solar,GR Cortarrama SAC,0.08439
Peru,Utility-scale solar,Grupo T-Solar Global SA,0.03828
Peru,Utility-scale solar,ENGIE SA,0.0348
Peru,Utility-scale solar,Grupo Gloria,0.029827203703703706
Peru,Utility-scale solar,Ardian France SA,0.01914
Peru,Utility-scale solar,Amazonas Energía Solar,0.008352
Peru,Utility-scale solar,Unknown,0.0043
Peru,Wind,Enel Generación Perú SAA,0.349
Peru,Wind,ENGIE SA,0.2964
Peru,Wind,Grupo Ibereólica Renovables,0.21480000000000002
Peru,Wind,Actis LLP,0.177
Peru,Wind,Acciona Energía SAU,0.1357
Peru,Wind,Sigma Fondo de Inversión en Infraestructura – Sigma FI,0.129
Peru,Wind,ContourGlobal Ltd,0.11
Peru,Wind,Grenergy,0.036
Philippines,Bioenergy,Universal Robina Corp,0.092
Philippines,Bioenergy,Unknown,0.088
Philippines,Bioenergy,Crystal Sugar Co Inc,0.049
Philippines,Bioenergy,BISCOM Inc,0.048
Philippines,Bioenergy,Victorias Milling Co Inc,0.04
Philippines,Bioenergy,ThomasLloyd CTI Asia Holdings Pte Ltd,0.025
Philippines,Bioenergy,ThomasLloyd Climate Solutions Ltd,0.025
Philippines,Bioenergy,Jardine-Davies Investments Inc,0.02
Philippines,Bioenergy,Green Innovations for Tomorrow Corp,0.018
Philippines,Bioenergy,Cagayan Biomass Energy Corp,0.015
Philippines,Bioenergy,DMCI Holdings Inc,0.015
Philippines,Bioenergy,Lamsan Holdings Corp,0.015
Philippines,Bioenergy,Biotech Farms Inc,0.01239
Philippines,Bioenergy,CleanGreen Energy Corp,0.012
Philippines,Bioenergy,Union Energy Corporation Pte Ltd,0.012
Philippines,Bioenergy,small shareholder(s),0.012
Philippines,Bioenergy,Filinvest Development Corp,0.01
Philippines,Bioenergy,GCO,0.00475
Philippines,Bioenergy,ITOCHU Corp,0.00475
Philippines,Bioenergy,JGC Holdings Corp,0.00475
Philippines,Bioenergy,Philippine Bioethanol and Energy Investments Corp,0.00475
Philippines,Bioenergy,Others,0.0063936
Philippines,Coal,San Miguel Corp,3.7558000000000002
Philippines,Coal,Aboitiz Power Corp,3.2678428
Philippines,Coal,Semirara Mining and Power Corp,0.9
Philippines,Coal,Manila Electric Co,0.8388439999999999
Philippines,Coal,Electricity Generating PCL,0.78596
Philippines,Coal,Unknown,0.6837952
Philippines,Coal,Power Partners Ltd Co,0.552
Philippines,Coal,Filinvest Development Corp,0.405
Philippines,Coal,Insular Life Assurance Co Ltd,0.27
Philippines,Coal,SPC Power Corp,0.221
Philippines,Coal,Cagayan Electric Power & Light Co Inc,0.165
Philippines,Coal,Petron Corp,0.14
Philippines,Coal,Marubeni Corp,0.105
Philippines,Coal,Anda Power Corp,0.084
Philippines,Coal,Alsons Consolidated Resources Inc,0.07875
Philippines,Coal,Vivant Corp,0.068
Philippines,Coal,Chubu Electric Power Co Inc,0.0525
Philippines,Coal,Tokyo Electric Power Co,0.0525
Philippines,Coal,Toyota Tsusho Corp,0.0525
Philippines,Coal,Formosa Plastics Group,0.052
Philippines,Coal,La Filipina Uy Gongco Corp,0.0348
Philippines,Coal,Others,0.066348
Philippines,Geothermal,Energy Development CORP (EDC),1.194
Philippines,Geothermal,AboitizPower Corp,0.692
Philippines,Geothermal,Maibarara Geothermal Inc Inc,0.032
Philippines,Geothermal,Unknown,0.021
Philippines,Geothermal,Biliran Geothermal Inc,0.002
Philippines,Hydropower,Power Sector Assets and Liabilities Management Corp,0.777
Philippines,Hydropower,CBK Power,0.757
Philippines,Hydropower,San Roque Power Corp,0.435
Philippines,Hydropower,SN Aboitiz Power-Magat CO LTD,0.38
Philippines,Hydropower,National Power CORP (Napocor),0.255
Philippines,Hydropower,SN Aboitiz Power,0.245
Philippines,Hydropower,Korea Water Resources CORP (KOWACO),0.218
Philippines,Hydropower,Fresh River Lakes CO LTD (FRLC),0.15
Philippines,Hydropower,First Gen Hydro Power Corp,0.12
Philippines,Hydropower,Hedcor Bukidnon CO LTD,0.045
Philippines,Hydropower,Unknown,0.0415
Philippines,Hydropower,Aboitiz Equity Ventures Inc,0.03825
Philippines,Hydropower,JERA Co Inc,0.02025
Philippines,Hydropower,PCD Nominee,0.0105
Philippines,Oil and gas,San Miguel Corp,1.53975
Philippines,Oil and gas,Prime Infrastructure Capital Inc,1.2388800000000002
Philippines,Oil and gas,First Generation Holdings Corp,0.8242752
Philippines,Oil and gas,Power Sector Assets and Liabilities Management Corp,0.65
Philippines,Oil and gas,Aboitiz Power Corp,0.6152000000000001
Philippines,Oil and gas,Millennium Energy Inc,0.54
Philippines,Oil and gas,Manila Electric Co,0.35175
Philippines,Oil and gas,Therma NatGas Power Inc,0.2345
Philippines,Oil and gas,ACEN Corp,0.12985
Philippines,Oil and gas,Vivant Corp,0.12936
Philippines,Oil and gas,One Subic Power Generation Corp,0.12
Philippines,Oil and gas,Alsons Consolidated Resources Inc,0.1134
Philippines,Oil and gas,Alcantara Group,0.112
Philippines,Oil and gas,Millenium Energy Inc,0.1
Philippines,Oil and gas,Axia Power Holdings Philippines Corp,0.07535
Philippines,Utility-scale solar,Unknown,0.3275635555555555
Philippines,Utility-scale solar,Santa Cruz Solar Energy Inc,0.27619166666666667
Philippines,Utility-scale solar,PV Sinag Power Inc,0.21098000000000003
Philippines,Utility-scale solar,Aboitiz Power Corp,0.18878999999999999
Philippines,Utility-scale solar,Solar Philippines Tarlac Corp,0.1746666666666667
Philippines,Utility-scale solar,ACEN Corp,0.15559743055555555
Philippines,Utility-scale solar,Citicore Solar Batangas 1 Inc,0.14
Philippines,Utility-scale solar,Natures Renewable Energy Dev't Corp,0.116145
Philippines,Utility-scale solar,Helios Solar Energy CORP (HSEC),0.11484
Philippines,Utility-scale solar,Jobin-SQM Inc,0.08151900000000001
Philippines,Utility-scale solar,PH Renewables Inc,0.08009999999999999
Philippines,Utility-scale solar,Citicore Renewable Energy Corp,0.07033743055555555
Philippines,Utility-scale solar,PowerSource First Bulacan Solar Inc,0.0696
Philippines,Utility-scale solar,Nuevo Solar Energy Corp,0.068
Philippines,Utility-scale solar,Nexif Energy Management Pte Ltd,0.06437999999999999
Philippines,Utility-scale solar,Solar Philippines Calatagan Corp,0.063
Philippines,Utility-scale solar,PetroSolar Corp,0.060899999999999996
Philippines,Utility-scale solar,Shizen Inc,0.0595
Philippines,Utility-scale solar,Solar Tanauan Corp,0.058222222222222224
Philippines,Utility-scale solar,Prime Infrastructure Capital Inc,0.05568
Philippines,Utility-scale solar,Gigasol3 Inc,0.054810000000000005
Philippines,Utility-scale solar,Others,0.8649480277777777
Philippines,Wind,ACEN Corp,0.16
Philippines,Wind,EDC Burgos Wind Power CORP (EBWPC),0.15
Philippines,Wind,Unknown,0.108
Philippines,Wind,Amihan Renewable Energy Corp,0.07
Philippines,Wind,NorthWind Power Development Corporation (NorthWind),0.052
Philippines,Wind,PetroWind Energy Inc,0.036
Philippines,Wind,Philippine Hybrid Energy Systems Inc,0.016
Poland,Bioenergy,ENEA SA,0.28
Poland,Bioenergy,Południowy Koncern Węglowy SA,0.1
Poland,Bioenergy,Zespół Elektrowni Pątnów Adamów Konin SA,0.1
Poland,Bioenergy,Mondi PLC,0.088
Poland,Bioenergy,PGE Polska Grupa Energetyczna SA,0.068
Poland,Bioenergy,TAURON Polska Energia SA,0.04
Poland,Bioenergy,Stora Enso Oyj,0.037
Poland,Bioenergy,ORLEN SA,0.025
Poland,Bioenergy,City of Gdańsk,0.008
Poland,Bioenergy,Webuild SpA,0.008
Poland,Coal,PGE Polska Grupa Energetyczna SA,12.609399999999999
Poland,Coal,ENEA SA,5.761
Poland,Coal,TAURON Polska Energia SA,4.4235
Poland,Coal,ORLEN SA,1.59855
Poland,Coal,Veolia Environnement SA,0.709015
Poland,Coal,ResInvest Holding AS,0.556
Poland,Coal,Zespół Elektrowni Pątnów Adamów Konin SA,0.474
Poland,Coal,Energa SA,0.34055
Poland,Coal,Zespół Elektrociepłowni Wrocławskich Kogeneracja SA,0.263
Poland,Coal,Fortum Oyj,0.139
Poland,Coal,Mondi PLC,0.113
Poland,Coal,Grupa Azoty SA,0.092
Poland,Coal,Elektrocieplownia Bedzin SA,0.0815
Poland,Coal,ArcelorMittal SA,0.0525
Poland,Coal,Stellantis NV,0.032
Poland,Coal,Unknown,0.016985
Poland,Hydropower,PGE Energia Odnawialna SA,1.618
Poland,Hydropower,Energa Group,0.333
Poland,Hydropower,Unknown,0.092
Poland,Hydropower,Tauron Ekoenergia SP zoo,0.058
Poland,Oil and gas,PGE Polska Grupa Energetyczna SA,2.303
Poland,Oil and gas,ORLEN SA,1.645
Poland,Oil and gas,TAURON Polska Energia SA,0.304
Poland,Oil and gas,Polskie Górnictwo Naftowe i Gazownictwo SA,0.225
Poland,Oil and gas,Zespół Elektrociepłowni Wrocławskich Kogeneracja SA,0.179
Poland,Oil and gas,Polenergia SA,0.129
Poland,Oil and gas,Synthos Group SA,0.12
Poland,Oil and gas,ArcelorMittal SA,0.079
Poland,Oil and gas,Jastrzębska Spółka Węglowa SA,0.0565
Poland,Oil and gas,Unknown,0.0565
Poland,Oil and gas,KGHM Polska Miedź SA,0.0495
Poland,Oil and gas,Przedsiębiorstwo Energetyczne w Siedlcach SP zoo,0.036
Poland,Oil and gas,Arctic Paper SA,0.021
Poland,Oil and gas,ENEA SA,0.0085
Poland,Utility-scale solar,Unknown,6.208232594594595
Poland,Utility-scale solar,ORLEN SA,0.174
Poland,Utility-scale solar,Equinor ASA,0.15177405405405406
Poland,Utility-scale solar,Qair Polska,0.15160756756756757
Poland,Utility-scale solar,ib vogt gmbH,0.11745
Poland,Utility-scale solar,Better Energy,0.1153318918918919
Poland,Utility-scale solar,PGE Energia Odnawialna SA,0.11050675675675674
Poland,Utility-scale solar,Q-Energy Group,0.09831000000000001
Poland,Utility-scale solar,Goldbeck Solar,0.088305
Poland,Utility-scale solar,Respect Energy SA,0.088305
Poland,Utility-scale solar,OX2 AB,0.087
Poland,Utility-scale solar,EDPR Renewable Energy Sources of Greece 1 Sole Proprietorship,0.07394999999999999
Poland,Utility-scale solar,Zespół Elektrowni Pątnów Adamów Konin SA,0.060899999999999996
Poland,Utility-scale solar,Alternus Energy Group PLC,0.05568
Poland,Utility-scale solar,Energa Wytwarzanie SA,0.05502918918918919
Poland,Utility-scale solar,OZE Holding,0.049
Poland,Utility-scale solar,European Energy A/S,0.04810616216216217
Poland,Utility-scale solar,Lightsource BP,0.04
Poland,Utility-scale solar,TAURON Wytwarzanie SA,0.032189999999999996
Poland,Utility-scale solar,ENEA SA,0.030449999999999998
Poland,Utility-scale solar,Ingka Group,0.025739459459459463
Poland,Utility-scale solar,Others,0.053772702702702714
Poland,Wind,PGE Energia Odnawialna SA,0.731
Poland,Wind,Unknown,0.66768
Poland,Wind,TAURON Polska Energia SA,0.532
Poland,Wind,EDPR Renewable Energy Sources of Greece 1 Sole Proprietorship,0.481
Poland,Wind,Polenergia SA,0.442
Poland,Wind,RWE AG,0.383
Poland,Wind,ORLEN SA,0.359
Poland,Wind,Energix Renewable Energies Ltd,0.283
Poland,Wind,Invenergy LLC,0.253
Poland,Wind,Israel Infrastructure Fund,0.219
Poland,Wind,Energa Group,0.19240000000000002
Poland,Wind,Allianz SE,0.186
Poland,Wind,Green Investment Group Ltd,0.16
Poland,Wind,CVC DIF,0.159
Poland,Wind,E.ON Climate & Renewables,0.147
Poland,Wind,Mirova,0.1445
Poland,Wind,Ignitis Grupe AB,0.144
Poland,Wind,ERG SpA,0.142
Poland,Wind,ENGIE SA,0.138
Poland,Wind,Akuo Energy SAS,0.132
Poland,Wind,Stadtwerke München GmbH,0.132
Poland,Wind,Others,2.93492
Portugal,Bioenergy,Semapa - Sociedade de Investimento e Gestão SGPS SA,0.184
Portugal,Bioenergy,Greenvolt - Energias Renováveis SA,0.1114
Portugal,Bioenergy,Altri SGPS SA,0.05919
Portugal,Bioenergy,Greater Porto Intermunicipal Waste Management Service,0.0265
Portugal,Bioenergy,Mota-Engil SGPS SA,0.026449999999999994
Portugal,Bioenergy,DS Smith PLC,0.025
Portugal,Bioenergy,Municipality of Lisboa,0.01
Portugal,Bioenergy,Municipality of Loures,0.00575
Portugal,Bioenergy,Empresa de Electricidade da Madeira SA,0.004200000000000001
Portugal,Bioenergy,Associacao de Fins Especificos - AMO MAIS,0.0026
Portugal,Bioenergy,Municipality of Amadora,0.0026
Portugal,Bioenergy,small shareholder(s),0.0026
Portugal,Geothermal,Unknown,0.014
Portugal,Geothermal,EDA Renováveis SA,0.01
Portugal,Hydropower,EDP SA,4.914
Portugal,Hydropower,Iberdrola SA,1.158
Portugal,Hydropower,ENGIE SA,0.6692
Portugal,Hydropower,Crédit Agricole Assurances SA,0.5855499999999999
Portugal,Hydropower,Mirova,0.41825
Portugal,Hydropower,Movhera,0.038
Portugal,Oil and gas,EDP SA,2.0598666666666667
Portugal,Oil and gas,ENGIE SA,0.704
Portugal,Oil and gas,Marubeni Corp,0.704
Portugal,Oil and gas,Endesa SA,0.418
Portugal,Oil and gas,Empresa de Electricidade da Madeira SA,0.1725
Portugal,Oil and gas,Semapa - Sociedade de Investimento e Gestão SGPS SA,0.147
Portugal,Oil and gas,Galp Energia SGPS SA,0.1118
Portugal,Oil and gas,Atlantic Islands Electricity SA,0.072
Portugal,Oil and gas,DS Smith PLC,0.071
Portugal,Oil and gas,Energetus - Instalaçōes Industriais SA,0.062
Portugal,Oil and gas,Repsol SA,0.043
Portugal,Oil and gas,Indorama Ventures PCL,0.041
Portugal,Oil and gas,ESA - Energia e Serviços dos Açores SGPS SA,0.02266666666666667
Portugal,Oil and gas,Região Autónoma dos Açores,0.02266666666666667
Portugal,Utility-scale solar,Unknown,0.46746387577639753
Portugal,Utility-scale solar,EDP Renováveis,0.19401000000000002
Portugal,Utility-scale solar,Sonnedix,0.18892554037267079
Portugal,Utility-scale solar,Neoen SA,0.1611
Portugal,Utility-scale solar,Akuo Energy SAS,0.1566
Portugal,Utility-scale solar,Galp Energia SGPS SA,0.12501900000000002
Portugal,Utility-scale solar,Aura Power,0.11223
Portugal,Utility-scale solar,China Triumph International Engineering CO LTD (CTIEC),0.095265
Portugal,Utility-scale solar,WElink Group,0.095265
Portugal,Utility-scale solar,WIRTGEN Invest Holding GmbH,0.091089
Portugal,Utility-scale solar,Prosolia Energy,0.085695
Portugal,Utility-scale solar,Iberdrola SA,0.08369399999999999
Portugal,Utility-scale solar,EKZ Renewables AG,0.07656
Portugal,Utility-scale solar,Exus Management Partners (Exus),0.07482
Portugal,Utility-scale solar,P2K Renováveis Lda,0.07134
Portugal,Utility-scale solar,WiNRG GmbH,0.06264
Portugal,Utility-scale solar,Aquila Capital,0.06060814906832298
Portugal,Utility-scale solar,Solaria Corp,0.0563637950310559
Portugal,Utility-scale solar,Dos Grados Capital,0.054810000000000005
Portugal,Utility-scale solar,Voltalia SA,0.05136585093167702
Portugal,Utility-scale solar,NextEnergy Capital,0.049937999999999996
Portugal,Utility-scale solar,Others,0.691067652173913
Portugal,Wind,Finerge SA,1.2702
Portugal,Wind,EDP Renováveis,1.07948
Portugal,Wind,Ventient Energy,0.8861
Portugal,Wind,Trustenergy SA,0.5294
Portugal,Wind,Novenergia,0.265
Portugal,Wind,Ventinveste Eólica SGPS SA,0.2155
Portugal,Wind,Generg,0.18730000000000002
Portugal,Wind,Onex Renewables,0.18
Portugal,Wind,Saeta Yield SA,0.14
Portugal,Wind,Energiekontor AG,0.0922
Portugal,Wind,Iberdrola Renovables Energia SA,0.092
Portugal,Wind,EDP Renováveis Portugal SA,0.0916
Portugal,Wind,Acciona SA,0.08
Portugal,Wind,Nadara Ltd,0.060899999999999996
Portugal,Wind,Unknown,0.0515
Portugal,Wind,ENEOP2,0.05
Portugal,Wind,IKEA,0.05
Portugal,Wind,EDF Renewables,0.046
Portugal,Wind,Total Eren SA,0.0402
Portugal,Wind,Cambenerg - Ambiente e Energia SA,0.04
Portugal,Wind,EKZ Renewables AG,0.039200000000000006
Portugal,Wind,Others,0.27792
Puerto Rico,Coal,AES Corp,0.51
Puerto Rico,Hydropower,Puerto Rico Electric Power Authority,0.034
Puerto Rico,Oil and gas,Puerto Rico Electric Power Authority,4.54
Puerto Rico,Oil and gas,Naturgy Energy Group SA,0.27265
Puerto Rico,Oil and gas,ENGIE SA,0.2009
Puerto Rico,Oil and gas,Mitsui & Co Ltd,0.0861
Puerto Rico,Oil and gas,Unknown,0.01435
Puerto Rico,Utility-scale solar,ArcLight Capital Partners LLC,0.055
Puerto Rico,Utility-scale solar,Fonroche Energy America Inc,0.04
Puerto Rico,Utility-scale solar,PV Properties Inc,0.0257
Puerto Rico,Utility-scale solar,AES Corp,0.02
Puerto Rico,Utility-scale solar,URIEL Renewables Inc,0.02
Puerto Rico,Utility-scale solar,Directorate Of Public Works USAG Fort Buchanan,0.0058
Puerto Rico,Utility-scale solar,X-Elio North America Inc,0.005
Puerto Rico,Utility-scale solar,Eaton Corp,0.0044
Puerto Rico,Utility-scale solar,REA Investments LLC,0.004
Puerto Rico,Utility-scale solar,Janssen Ortho LLC,0.0022
Puerto Rico,Utility-scale solar,Unknown,0.002
Puerto Rico,Wind,Pattern Energy,0.101
Puerto Rico,Wind,Elawan Energy SL,0.026
Qatar,Bioenergy,Ministry of Municipality and Urban Planning (Qatar),0.05
Qatar,Oil and gas,Qatar Electricity and Water Company QPSC,6.019526
Qatar,Oil and gas,ENGIE SA,0.9564
Qatar,Oil and gas,QatarEnergy,0.9164640000000002
Qatar,Oil and gas,RLC Power Holding Co,0.8028000000000001
Qatar,Oil and gas,Hydro Aluminium,0.675
Qatar,Oil and gas,Qatar Aluminium Manufacturing Co QPSC,0.675
Qatar,Oil and gas,Mitsubishi Corp,0.504
Qatar,Oil and gas,AES Corp,0.4158
Qatar,Oil and gas,Unknown,0.36125999999999997
Qatar,Oil and gas,Chubu Electric Power Co Inc,0.31385
Qatar,Oil and gas,Mitsui & Co Ltd,0.2732
Qatar,Oil and gas,Industries Qatar QPSC,0.2
Qatar,Oil and gas,Shikoku Electric Power Co Inc,0.1366
Qatar,Oil and gas,Qatar Foundation,0.126
Qatar,Oil and gas,Tokyo Electric Power Co,0.126
Qatar,Oil and gas,Gulf Investment Corp,0.0756
Qatar,Utility-scale solar,QatarEnergy,0.76125
Qatar,Utility-scale solar,Siraj Energy,0.4176
Qatar,Utility-scale solar,Marubeni Corp,0.1392
Qatar,Utility-scale solar,TotalEnergies SE,0.1392
Qatar,Utility-scale solar,Unknown,0.017
Republic of the Congo,Bioenergy,Unknown,0.006
Republic of the Congo,Hydropower,Unknown,0.12
Republic of the Congo,Hydropower,Energie Electrique du Congo,0.074
Republic of the Congo,Oil and gas,Government of the Republic of the Congo,0.3872
Republic of the Congo,Oil and gas,Eni SpA,0.0968
Republic of the Congo,Oil and gas,Aksa Enerji Uretim AŞ,0.05
Romania,Bioenergy,ABBC Group BV,0.03
Romania,Coal,Ministry of Energy (Romania),1.2738
Romania,Coal,Fondul Proprietatea SA,0.3564000000000001
Romania,Coal,Complexul Energetic Craiova SA,0.3
Romania,Coal,Complexul Energetic Hunedoara SA,0.15
Romania,Coal,SC CET Govora SA,0.1
Romania,Hydropower,SC Hidroelectrica,2.7885
Romania,Hydropower,Hidroelectrica,1.32
Romania,Hydropower,Elektroprivreda Srbije (EPS),0.7435
Romania,Hydropower,Government of Moldova,0.008
Romania,Hydropower,Government of Romania,0.008
Romania,Nuclear,Comertului Si Mediului De Afaceri,0.7055
Romania,Nuclear,Ministerul Economiei,0.7055
Romania,Oil and gas,Termoelectrica SA,1.3113
Romania,Oil and gas,OVM Petrom,0.92
Romania,Oil and gas,Termo Ploiesti SRL,0.286
Romania,Oil and gas,ClusterPower SRL,0.2
Romania,Oil and gas,Romgaz SA,0.2
Romania,Oil and gas,SC CET Govora SA,0.1
Romania,Oil and gas,UAT Constanta,0.1
Romania,Oil and gas,National Company KazMunayGas JSC,0.08
Romania,Oil and gas,LUKOIL PJSC,0.061
Romania,Oil and gas,SC Electrocentrale Oradea SA,0.0455
Romania,Oil and gas,SC CET Iaşi SA,0.025
Romania,Oil and gas,SC CET Arad SA,0.021
Romania,Utility-scale solar,Unknown,2.3445300000000002
Romania,Utility-scale solar,Econergy,0.13192271052631577
Romania,Utility-scale solar,DTEK,0.10962000000000001
Romania,Utility-scale solar,DTEK Group BV,0.09831000000000001
Romania,Utility-scale solar,Nofar Energy,0.06655499999999999
Romania,Utility-scale solar,RGreen Invest,0.06441071052631579
Romania,Utility-scale solar,Shikun & Binui Energy Ltd,0.060899999999999996
Romania,Utility-scale solar,Enel Green Power SpA,0.05610315789473684
Romania,Utility-scale solar,Eurowind Energy A/S,0.05343157894736842
Romania,Utility-scale solar,Sunshine Group,0.047850000000000004
Romania,Utility-scale solar,NEPI Rockcastle,0.046979999999999994
Romania,Utility-scale solar,Enery Development GmbH,0.04577305263157895
Romania,Utility-scale solar,Core Value Capital,0.044526315789473685
Romania,Utility-scale solar,LJG Green Source Energy Gamma SRL,0.043
Romania,Utility-scale solar,SC Metalluk SRL,0.04274526315789474
Romania,Utility-scale solar,MBG Energie Rinnovabili SRL,0.04096421052631579
Romania,Utility-scale solar,Clean Capital Energy (CCE),0.0348
Romania,Utility-scale solar,Electrica SA,0.023489999999999997
Romania,Utility-scale solar,XPV Water Partners,0.02001
Romania,Utility-scale solar,LJG Green Source Energy Alpha SRL,0.019
Romania,Utility-scale solar,Samsung Group,0.019
Romania,Utility-scale solar,Others,0.04872
Romania,Wind,Macquarie Infrastructure and Real Assets Inc,0.599
Romania,Wind,Iberdrola SA,0.548
Romania,Wind,Nero Renewables,0.484
Romania,Wind,Continental Wind Partners,0.301
Romania,Wind,ProWind GmbH,0.3
Romania,Wind,Unknown,0.279
Romania,Wind,Eólica Dobrogea SRL,0.202
Romania,Wind,Verbund AG,0.2
Romania,Wind,Monsson,0.198
Romania,Wind,Enel Green Power Romania SRL,0.18
Romania,Wind,Enel Green Power SpA,0.14
Romania,Wind,Cernavoda Power SRL,0.138
Romania,Wind,SC Lalomita Power SRL,0.132
Romania,Wind,Enel Green Power SRL (fost ELCOMEX EOL SA),0.12
Romania,Wind,Hidroelectrica,0.108
Romania,Wind,Verbund Wind Power Romania SRL,0.094
Romania,Wind,Renovatio Power SRL,0.09
Romania,Wind,Public Power Corporation SA,0.084
Romania,Wind,Windkraft Simonsfeld AG,0.084
Romania,Wind,SC Verbund Wind Power Romania SRL,0.081
Romania,Wind,Eolica Dobrogea One SA,0.08
Romania,Wind,Others,1.042
Russia,Bioenergy,Profaktivy JSC,0.063
Russia,Bioenergy,Sezar Invest LLC,0.021
Russia,Bioenergy,Deposit Insurance Agency Corp,0.011666666666666665
Russia,Bioenergy,Gazprom PJSC,0.011666666666666665
Russia,Bioenergy,Gazprombank JSC,0.011666666666666665
Russia,Bioenergy,RT-Invest Finance LLC,0.011666666666666665
Russia,Bioenergy,Rostec Corp,0.011666666666666665
Russia,Bioenergy,small shareholder(s),0.011666666666666665
Russia,Coal,Kuzbassenergo JSC,7.872
Russia,Coal,OGK-2 PJSC,4.038
Russia,Coal,Inter RAO PJSC,4.021
Russia,Coal,En+ Group PJSC,3.86938
Russia,Coal,Yenisei Territorial Generating Company (TGC-13) JSC,2.5278
Russia,Coal,RusHydro PJSC,2.4804120000000003
Russia,Coal,Unipro PJSC,2.42
Russia,Coal,SGK-Novosibirsk JSC,2.326
Russia,Coal,Nazarovskaya GRES JSC,1.373
Russia,Coal,Linetrust PTC Ltd,0.9903803
Russia,Coal,Territorial Generating Company No 14 PJSC,0.6012000000000001
Russia,Coal,Evraz PJSC,0.6
Russia,Coal,Novo-Kemerovskaya CHPP JSC,0.58
Russia,Coal,Yuzhno-Kuzbasskaya GRES PJSC,0.554
Russia,Coal,Kemerovo Generation JSC,0.525
Russia,Coal,Priargunsky Industrial Mining and Chemical Association PJSC,0.41
Russia,Coal,RAO ES Vostoka PJSC,0.33734800000000004
Russia,Coal,Linea (CY) Ltd,0.32789250000000003
Russia,Coal,Unknown,0.2368236
Russia,Coal,small shareholder(s),0.2191
Russia,Coal,Territorial Generating Company No 1 PJSC,0.153
Russia,Coal,Others,0.6948200000000001
Russia,Geothermal,RusHydro PJSC,0.074
Russia,Hydropower,PJSC RusHydro,27.991
Russia,Hydropower,En+ Generatsiya JSC,15.002
Russia,Hydropower,VEB RF,2.997
Russia,Hydropower,PJSC TGC-1 (Territorial generating company number 1),1.37
Russia,Hydropower,Tatenergo JSC,1.205
Russia,Hydropower,Norilsk-Taimyr Energy Company JSC,1.111
Russia,Hydropower,Unknown,0.957
Russia,Hydropower,Lukoil-Ecoenergo LLC,0.26
Russia,Hydropower,Bashkir Generation Company LLC,0.211
Russia,Hydropower,Gazprom Energoholding LLC,0.19685999999999998
Russia,Hydropower,RusHydro PJSC,0.192
Russia,Hydropower,PJSC TGC-3 (Territorial generating company number 3),0.152
Russia,Hydropower,PJSC TGC-4 (Territorial generating company number 4),0.13
Russia,Hydropower,PJSC TGC-5 (Territorial generating company number 5),0.125
Russia,Hydropower,PJSC TGC-2 (Territorial generating company number 2),0.118
Russia,Hydropower,Fortum Power and Heat Oy,0.11194
Russia,Hydropower,FGBU Kanal imeni Moskvy,0.059
Russia,Hydropower,Gazprom,0.048960000000000004
Russia,Hydropower,Fortum Oyj,0.02784
Russia,Hydropower,Inter RAO PJSC,0.023
Russia,Nuclear,Rosatom,28.576
Russia,Oil and gas,Inter RAO PJSC,23.14045
Russia,Oil and gas,T Plus PJSC,13.5499
Russia,Oil and gas,OGK-2 PJSC,12.239
Russia,Oil and gas,Mosenergo PJSC,12.229
Russia,Oil and gas,Unipro PJSC,8.92
Russia,Oil and gas,EL5-Energo PJSC,5.585
Russia,Oil and gas,Forward Energo PJSC,4.467
Russia,Oil and gas,Svyazinvestneftekhim JSC,4.239199999999999
Russia,Oil and gas,Territorial Generating Company No 1 PJSC,3.646
Russia,Oil and gas,LUKOIL PJSC,3.07
Russia,Oil and gas,Territorial Generating Company No 2 PJSC,2.21336
Russia,Oil and gas,TAIF JSC,1.651876
Russia,Oil and gas,RusHydro PJSC,1.505605
Russia,Oil and gas,small shareholder(s),1.5034100000000001
Russia,Oil and gas,Rosatom,1.25845
Russia,Oil and gas,Gazprom PJSC,1.087
Russia,Oil and gas,Norilsk Nickel Mining and Metallurgical Company PJSC,1.0167
Russia,Oil and gas,Rosneft PJSC,0.97575
Russia,Oil and gas,Tatneft PJSC,0.684
Russia,Oil and gas,Novolipetsk Steel PJSC,0.62
Russia,Oil and gas,Unknown,0.025282717282717287
Russia,Oil and gas,Others,10.841478282717285
Russia,Utility-scale solar,Unknown,0.9739655879828326
Russia,Utility-scale solar,Unigreen Power LLC,0.3337354849785407
Russia,Utility-scale solar,Hevel Solar,0.2520772103004292
Russia,Utility-scale solar,Solar Systems LLC,0.19212811158798282
Russia,Utility-scale solar,T Plus PJSC,0.117
Russia,Utility-scale solar,Fortum Oyj,0.1156
Russia,Utility-scale solar,Avelar Solar Technology LLC,0.05184154506437768
Russia,Utility-scale solar,LUKOIL PJSC,0.026585407725321888
Russia,Utility-scale solar,Gazpromneft-ONPZ OJSC,0.01772360515021459
Russia,Wind,JSC VetroOGK-2,0.527
Russia,Wind,JSC VetroOGK,0.51
Russia,Wind,Enel Russia,0.291
Russia,Wind,Fortum Oyj,0.21359999999999998
Russia,Wind,Gazprombank JSC,0.21359999999999998
Russia,Wind,Chetverty vetropark FRV,0.201
Russia,Wind,OOO Vtoroi Vetropark FRV,0.2
Russia,Wind,Rosatom State Nuclear Energy CORP (ROSATOM),0.15
Russia,Wind,OOO Sedmoi Vetropark FRV,0.1
Russia,Wind,OOO Treti Vetropark FRV,0.099
Russia,Wind,OOO Pervy Vetropark FRV,0.05
Russia,Wind,Forward Energo PJSC,0.035
Russia,Wind,Unknown,0.015
Rwanda,Hydropower,Rwanda Energy Group (REG),0.022
Rwanda,Hydropower,Société Internationale d’Electricité des Pays des Grands Lacs,0.018
Rwanda,Hydropower,Societe Nationale d'Electricite (SNEL),0.015
Rwanda,Hydropower,Government of Burundi,0.0132
Rwanda,Hydropower,Government of Rwanda,0.0132
Rwanda,Hydropower,Government of Tanzania,0.012
Rwanda,Oil and gas,Symbion Power LLC,0.056
Rwanda,Oil and gas,Unknown,0.0288
Rwanda,Oil and gas,KKR & Co. Inc,0.0261
Rwanda,Utility-scale solar,Unknown,0.010600000000000002
Rwanda,Utility-scale solar,Government of Rwanda,0.0014894028497409327
Rwanda,Utility-scale solar,Howard G. Buffet Foundation (HGBF),0.0014894028497409327
Réunion,Bioenergy,KKR & Co. Inc,0.3733
Réunion,Bioenergy,EDF Energy (UK) Ltd,0.212
Réunion,Hydropower,Electricité de France SA,0.079
Réunion,Oil and gas,Electricité de France SA,0.29960000000000003
Réunion,Utility-scale solar,Unknown,0.1126320207253886
Réunion,Utility-scale solar,EDF Renewables,0.016616999999999996
Réunion,Utility-scale solar,Albioma SAS,0.003741
Réunion,Wind,TotalEnergies SE,0.0198
Réunion,Wind,EDF Renewables,0.0068
Saint Pierre and Miquelon,Oil and gas,EDF Saint-Pierre et Miquelon,0.021
Saint Vincent and the Grenadines,Utility-scale solar,Unknown,0.0012
Samoa,Oil and gas,Unknown,0.024
Samoa,Utility-scale solar,Sun Pacific Energy CO LTD,0.004306727969348658
Samoa,Utility-scale solar,Unknown,0.0035
Sao Tome and Principe,Utility-scale solar,Scatec ASA,0.009929352331606217
Sao Tome and Principe,Utility-scale solar,Unknown,0.001044
Saudi Arabia,Oil and gas,Saudi Electricity Co,64.49975
Saudi Arabia,Oil and gas,Saline Water Conversion Corp Corp,9.545
Saudi Arabia,Oil and gas,Saudi Arabian Oil Co,6.536
Saudi Arabia,Oil and gas,Power and Water Utility Company for Jubail and Yanbu SJSC,4.718
Saudi Arabia,Oil and gas,ACWA Power Co,4.4067
Saudi Arabia,Oil and gas,ENGIE SA,3.03606
Saudi Arabia,Oil and gas,Air Products and Chemicals Inc,1.94425
Saudi Arabia,Oil and gas,Oman Infrastructure Fund,0.65604
Saudi Arabia,Oil and gas,MENA Infrastructure Fund Ltd,0.6147
Saudi Arabia,Oil and gas,Marubeni Corp,0.533256
Saudi Arabia,Oil and gas,Samsung C&T Corp,0.51225
Saudi Arabia,Oil and gas,Unknown,0.5022000000000001
Saudi Arabia,Oil and gas,NOMAC,0.36842400000000003
Saudi Arabia,Oil and gas,Aljomaih Energy & Water Co Ltd,0.361
Saudi Arabia,Oil and gas,Abu Dhabi National Energy Company PJSC,0.33886
Saudi Arabia,Oil and gas,Public Investment Fund (Saudi Arabia),0.32639999999999997
Saudi Arabia,Oil and gas,Saudi Cement Co,0.21480000000000002
Saudi Arabia,Oil and gas,Gulf Investment Corp,0.204
Saudi Arabia,Oil and gas,Vision International Investment Co,0.17325
Saudi Arabia,Oil and gas,Yamama Saudi Cement Co,0.161
Saudi Arabia,Oil and gas,Oasis Power One Conventional Energy and Water Co,0.1577
Saudi Arabia,Oil and gas,Others,0.81056
Saudi Arabia,Utility-scale solar,ACWA Power Co,4.331432214285715
Saudi Arabia,Utility-scale solar,Water and Electricity Holding CO (Badeel),3.73190625
Saudi Arabia,Utility-scale solar,Saudi Aramco Power Co,1.2775999999999998
Saudi Arabia,Utility-scale solar,State Power Investment CORP (SPIC),0.273
Saudi Arabia,Utility-scale solar,Aljomaih Energy & Water Co Ltd,0.174
Saudi Arabia,Utility-scale solar,Marubeni Corp,0.174
Saudi Arabia,Utility-scale solar,Al Gihaz Holding,0.15
Saudi Arabia,Utility-scale solar,Unknown,0.1409
Saudi Arabia,Utility-scale solar,Nesma Holding Co Ltd,0.118792
Saudi Arabia,Utility-scale solar,EDF Renewables,0.1
Saudi Arabia,Utility-scale solar,Masdar Clean Energy,0.1
Saudi Arabia,Utility-scale solar,SPIC Huanghe Hydropower Development Co Ltd,0.1
Saudi Arabia,Utility-scale solar,Saudi Tabreed District Cooling Co,0.1
Saudi Arabia,Utility-scale solar,Saudi Electricity Co,0.09633333333333333
Saudi Arabia,Utility-scale solar,Abu Dhabi Future Energy Co,0.07660714285714285
Saudi Arabia,Utility-scale solar,Electricité de France SA,0.07660714285714285
Saudi Arabia,Utility-scale solar,Red Sea Global,0.07660714285714285
Saudi Arabia,Utility-scale solar,ENGIE SA,0.038106
Saudi Arabia,Utility-scale solar,Altaaqa Renewables,0.03451
Saudi Arabia,Utility-scale solar,TotalEnergies SE,0.03451
Saudi Arabia,Utility-scale solar,Toyota Tsusho Corp,0.03451
Saudi Arabia,Utility-scale solar,Others,0.09145252380952382
Saudi Arabia,Wind,EDF Renewables,0.204
Saudi Arabia,Wind,Masdar Clean Energy,0.196
Senegal,Bioenergy,Compagnie Sucriere Senegalaise SA,0.04
Senegal,Coal,Alteia Fund Management Ltd,0.041625
Senegal,Coal,Government of Senegal,0.041625
Senegal,Coal,National Electricity Company of Senegal,0.041625
Senegal,Coal,Dangote Industries Ltd,0.03
Senegal,Oil and gas,Karadeniz Holding AŞ,0.235
Senegal,Oil and gas,National Electricity Company of Senegal,0.108
Senegal,Oil and gas,KKR & Co. Inc,0.086
Senegal,Oil and gas,Unknown,0.0675
Senegal,Oil and gas,MP Energy,0.066
Senegal,Oil and gas,Amaya Capital,0.0575
Senegal,Oil and gas,American Capital Energy & Infrastructure,0.0575
Senegal,Oil and gas,Endeavour Mining PLC,0.054
Senegal,Oil and gas,Africa50 SA,0.036
Senegal,Oil and gas,Groupe Fauzie Layousse SA,0.035
Senegal,Utility-scale solar,Solairedirect,0.034800000000000005
Senegal,Utility-scale solar,Meridiam SAS,0.03306
Senegal,Utility-scale solar,National Electricity Company of Senegal,0.029580000000000002
Senegal,Utility-scale solar,Unknown,0.0289
Senegal,Utility-scale solar,ENGIE SA,0.02436
Senegal,Utility-scale solar,Energy Resources Senegal (ERS),0.022566709844559586
Senegal,Utility-scale solar,InnoVent Group,0.0174
Senegal,Utility-scale solar,Africa REN,0.014442694300518134
Senegal,Utility-scale solar,Fonds Souverain d'Investissements Stratégiques (FONSIS),0.01218
Senegal,Utility-scale solar,Solaria Group,0.00957
Senegal,Utility-scale solar,Schneider Electric,0.008700000000000001
Senegal,Utility-scale solar,Denham Capital Management LP,0.0087
Senegal,Utility-scale solar,GreenWish Group,0.0087
Senegal,Wind,Lekela Power,0.158
Senegal,Wind,EleQtra Ltd,0.05
Serbia,Bioenergy,ITOCHU Corp,0.01
Serbia,Bioenergy,Margeruite Fund,0.01
Serbia,Bioenergy,Veolia Environnement SA,0.01
Serbia,Bioenergy,Unknown,0.0048
Serbia,Bioenergy,Furmeil Holdings Ltd,0.0012
Serbia,Bioenergy,Welkino Ltd,0.0012
Serbia,Coal,Elektroprivreda Srbije Beograd AD,4.785
Serbia,Hydropower,Elektroprivreda Srbije (EPS),2.212
Serbia,Hydropower,SC Hidroelectrica,0.705
Serbia,Hydropower,Unknown,0.08
Serbia,Oil and gas,Elektroprivreda Srbije Beograd AD,0.405
Serbia,Oil and gas,Gazprom PJSC,0.09601199999999999
Serbia,Oil and gas,Naftna Industrija Srbije AD,0.09261
Serbia,Utility-scale solar,Unknown,0.1722
Serbia,Utility-scale solar,Nofar Energy,0.024348113002535313
Serbia,Wind,Enlight Renewable Energy,0.1995
Serbia,Wind,Masdar Taalari Generation d.o.o Beograd,0.158
Serbia,Wind,IVICOM Energy,0.1056
Serbia,Wind,MK Fintel Wind,0.079
Serbia,Wind,Elicio,0.042
Serbia,Wind,Green Star,0.02
Seychelles,Oil and gas,Public Utilities Corp,0.093
Seychelles,Utility-scale solar,Unknown,0.0046
Seychelles,Utility-scale solar,Islands Development Company,0.002175
Seychelles,Wind,Abu Dhabi Future Energy Co,0.006
Sierra Leone,Bioenergy,Brown & Company PLC,0.024031999999999998
Sierra Leone,Hydropower,Government of Sierra Leone,0.05
Sierra Leone,Oil and gas,Unknown,0.213
Sierra Leone,Oil and gas,Gerald Group Ltd,0.024
Sierra Leone,Utility-scale solar,Unknown,0.0060999999999999995
Sierra Leone,Utility-scale solar,Serengeti Energy,0.00435
Singapore,Bioenergy,Huaneng Power International Inc,0.16
Singapore,Bioenergy,Unknown,0.142
Singapore,Bioenergy,National Environment Agency (Singapore),0.08
Singapore,Bioenergy,Keppel Infrastructure Trust Management Pte Ltd,0.056
Singapore,Oil and gas,YTL Corporation Bhd,4.381
Singapore,Oil and gas,Huaneng Power International Inc,2.478
Singapore,Oil and gas,Keppel Ltd,1.3
Singapore,Oil and gas,Sembcorp Industries Ltd,1.219
Singapore,Oil and gas,ENGIE SA,0.9876
Singapore,Oil and gas,Marubeni Corp,0.9876
Singapore,Oil and gas,Meranti Power Pte Ltd,0.682
Singapore,Oil and gas,Kansai Electric Power Co,0.4938
Singapore,Oil and gas,Kyushu Electric Power Co Inc,0.4938
Singapore,Oil and gas,First Pacific Co Ltd,0.465
Singapore,Oil and gas,Manila Electric Co,0.465
Singapore,Oil and gas,Exxon Mobil Corp,0.444
Singapore,Oil and gas,Japan Bank for International Cooperation,0.3292
Singapore,Utility-scale solar,Unknown,0.16434700000000002
Singapore,Utility-scale solar,Sembcorp Solar Singapore Pte Ltd,0.0522
Singapore,Utility-scale solar,Sinenergy Holdings,0.008439
Slovakia,Coal,Nippon Steel Corp,0.208
Slovakia,Hydropower,Slovak Republic,0.6392
Slovakia,Hydropower,EP Slovakia BV,0.6204
Slovakia,Hydropower,Enel SpA,0.6204
Slovakia,Hydropower,Unknown,0.245
Slovakia,Hydropower,Vodohospodárska výstavba,0.072
Slovakia,Nuclear,Slovenské Elektrárne AŞ,2.471
Slovakia,Oil and gas,Veolia Environnement SA,0.298
Slovakia,Oil and gas,Unknown,0.22236
Slovakia,Oil and gas,E.ON SE,0.21364
Slovakia,Oil and gas,MOL Magyar Olajes Gazipari Nyrt,0.163
Slovakia,Oil and gas,MH Manazment AS,0.06509999999999999
Slovakia,Oil and gas,Infracapital (Novos) Slp LP,0.064
Slovakia,Oil and gas,MH Invest sro,0.025449000000000003
Slovakia,Oil and gas,Energetický a průmyslový holding AS,0.024451
Slovakia,Utility-scale solar,Unknown,0.8553999999999999
Slovakia,Utility-scale solar,Solartec,0.02175
Slovakia,Utility-scale solar,Jadrová Energetická Spoločnosť Slovenska (JESS),0.0087
Slovenia,Coal,Holding Slovenske elektrarne doo,0.6
Slovenia,Coal,Javni Holding Ljubljana,0.124
Slovenia,Hydropower,Dravske Elektrarne Maribor (DEM),0.551
Slovenia,Hydropower,Soške Elektrarne Nova Gorica,0.18
Slovenia,Hydropower,Holding Slovenske elektrarne doo,0.17844
Slovenia,Hydropower,GEN energija doo,0.16056
Slovenia,Nuclear,GEN energija doo,0.3635
Slovenia,Nuclear,Hrvatska elektroprivreda dd,0.3635
Slovenia,Oil and gas,GEN energija doo,0.337
Slovenia,Oil and gas,Javni Holding Ljubljana,0.114
Slovenia,Oil and gas,Holding Slovenske elektrarne doo,0.084
Slovenia,Utility-scale solar,Unknown,0.0882
Slovenia,Utility-scale solar,Soške Elektrarne Nova Gorica,0.0026151676928649037
Slovenia,Utility-scale solar,Dravske Elektrarne Maribor (DEM),0.002254454907642159
Solomon Islands,Oil and gas,Solomon Islands Electricity Authority,0.027
Solomon Islands,Utility-scale solar,Solomon Power,0.0027424904214559385
Somalia,Oil and gas,Unknown,0.065
Somalia,Utility-scale solar,Unknown,0.055600000000000004
Somalia,Utility-scale solar,Banadir Electrical Company (BECO),0.00696
South Africa,Bioenergy,Sappi Ltd,0.1245
South Africa,Bioenergy,Tongaat Hulett Ltd,0.0777
South Africa,Bioenergy,Associated British Foods PLC,0.0683
South Africa,Bioenergy,Remgro Ltd,0.0544
South Africa,Bioenergy,Unknown,0.019
South Africa,Coal,Eskom Holdings SOC Ltd,44.531800000000004
South Africa,Coal,Anergi Power Holdings Ltd,0.21
South Africa,Coal,Mondi PLC,0.0723
South Africa,Coal,Development Bank of Southern Africa Ltd,0.042
South Africa,Coal,Government Employees Pension Fund (South Africa),0.042
South Africa,Coal,Mergence Investment Managers Pty Ltd,0.042
South Africa,Coal,Zungu Investments Company Pty Ltd,0.042
South Africa,Coal,Harith Holdings Pty Ltd,0.021
South Africa,Coal,Public Investment Corporation SOC Ltd,0.021
South Africa,Hydropower,Eskom,2.774
South Africa,Hydropower,South African Department of Water and Sanitation,0.6
South Africa,Hydropower,Cape Town City Council,0.16
South Africa,Nuclear,Eskom,1.94
South Africa,Oil and gas,Eskom Holdings SOC Ltd,2.4203
South Africa,Oil and gas,ENGIE SA,0.38189999999999996
South Africa,Oil and gas,Sasol Ltd,0.28
South Africa,Oil and gas,Legend Power Solutions Pty Ltd,0.27135000000000004
South Africa,Oil and gas,Mitsui & Co Ltd,0.25125
South Africa,Oil and gas,The Peakers Trust,0.1005
South Africa,Utility-scale solar,Unknown,0.54027
South Africa,Utility-scale solar,Scatec ASA,0.47767345
South Africa,Utility-scale solar,H1 Holdings Pty Ltd,0.42096216666666664
South Africa,Utility-scale solar,SOLA Group,0.39071999999999996
South Africa,Utility-scale solar,Enel Green Power SpA,0.27684
South Africa,Utility-scale solar,Solar Capital,0.22707
South Africa,Utility-scale solar,ENGIE SA,0.163
South Africa,Utility-scale solar,Harmony Gold Mining Co Ltd,0.15534092592592594
South Africa,Utility-scale solar,Globeleq Africa Investments Ltd,0.14160677777777778
South Africa,Utility-scale solar,Mulilo Renewable Energy,0.12963
South Africa,Utility-scale solar,African Infrastructure Investment Managers Pty Ltd,0.1280265
South Africa,Utility-scale solar,Biotherm Energy,0.11484
South Africa,Utility-scale solar,ACWA Power Co,0.099
South Africa,Utility-scale solar,Mainstream Renewable Power,0.09069305555555555
South Africa,Utility-scale solar,Phakwe Group Pty Ltd,0.081678
South Africa,Utility-scale solar,SolarReserve,0.0779025
South Africa,Utility-scale solar,Solairedirect,0.07343562962962963
South Africa,Utility-scale solar,Oakleaf Investment Holdings,0.070125
South Africa,Utility-scale solar,Industrial Development Corporation of South Africa Ltd,0.069
South Africa,Utility-scale solar,South African Renewable Green Energy Pty Ltd,0.064206
South Africa,Utility-scale solar,Community Owned - Cicada Community Trust,0.06351
South Africa,Utility-scale solar,Others,1.0235414481481482
South Africa,Wind,Unknown,0.897
South Africa,Wind,Lekela Power,0.748
South Africa,Wind,Enel Green Power SpA,0.677
South Africa,Wind,EDF Renewables,0.199
South Africa,Wind,Globeleq Africa Investments Ltd,0.1515
South Africa,Wind,Red Rocket South Africa Pty Ltd,0.147
South Africa,Wind,Cookhouse Wind Farm,0.139
South Africa,Wind,DLO Energy Resources Group,0.139
South Africa,Wind,Cennergi Pty Ltd,0.134
South Africa,Wind,African Infrastructure Investment Managers Pty Ltd,0.10133333333333333
South Africa,Wind,Dorper Wind Farm (RF) Pty Ltd,0.1
South Africa,Wind,Eskom Holdings SOC Ltd,0.1
South Africa,Wind,ENGIE SA,0.094
South Africa,Wind,Reatile Group,0.079
South Africa,Wind,Acciona Energía SAU,0.069
South Africa,Wind,Aveng,0.069
South Africa,Wind,Grassridge Wind Power (RF) (Pty) Ltd,0.062
South Africa,Wind,Rubicept (RF) Pty Ltd,0.054
South Africa,Wind,China Longyuan Power Group Corp Ltd,0.048
South Africa,Wind,Mulilo Renewable Energy,0.048
South Africa,Wind,Exxaro Resources Ltd,0.0475
South Africa,Wind,Others,0.15966666666666665
South Korea,Bioenergy,Korea Electric Power Corp,0.7663099999999999
South Korea,Bioenergy,SGC Energy Co Ltd,0.16
South Korea,Bioenergy,GS Holdings Corp,0.147
South Korea,Bioenergy,CGN Energy International Holding Co,0.11
South Korea,Bioenergy,Unknown,0.101671
South Korea,Bioenergy,OQ SAOC,0.063
South Korea,Bioenergy,Seoul Energy Corp,0.059
South Korea,Bioenergy,Sudokwon Landfill Site Management Corp,0.05
South Korea,Bioenergy,Sae-A Trading Co,0.032
South Korea,Bioenergy,LX International Corp,0.027219
South Korea,Bioenergy,Seohae Combined Heat and Power Cogenerator Ltd,0.025
South Korea,Bioenergy,Sun&L Co Ltd,0.0161
South Korea,Bioenergy,Re-Clean Holdings Ltd,0.0099
South Korea,Bioenergy,SG Energy Co Ltd,0.009800000000000001
South Korea,Bioenergy,Hansol Paper,0.008199999999999999
South Korea,Bioenergy,Aegon Energy,0.0081
South Korea,Bioenergy,Enprotech Co Ltd,0.005
South Korea,Bioenergy,Seo Daegu Holdings Co Ltd,0.0032
South Korea,Bioenergy,Hanwha S&C Co Ltd,0.003
South Korea,Bioenergy,Korea District Heating Corp,0.003
South Korea,Bioenergy,Suntek Energy Co Ltd,0.003
South Korea,Bioenergy,Others,0.0025
South Korea,Coal,Korea Electric Power Corp,34.1784
South Korea,Coal,NongHyup Financial Group Inc,1.197
South Korea,Coal,Unknown,1.0938700000000001
South Korea,Coal,POSCO Holdings Inc,0.714
South Korea,Coal,Samsung C&T Corp,0.6032000000000001
South Korea,Coal,Samchully Co Ltd,0.595
South Korea,Coal,SK Gas Co Ltd,0.3952
South Korea,Coal,natural person(s),0.37760000000000005
South Korea,Coal,SGC Energy Co Ltd,0.361
South Korea,Coal,OCI Holdings Co Ltd,0.304
South Korea,Coal,GS Holdings Corp,0.267
South Korea,Coal,Kumho Petrochemical Co Ltd,0.264
South Korea,Coal,SK Inc,0.208
South Korea,Coal,Doosan Enerbility Co Ltd,0.189
South Korea,Coal,Lotte Chemical Corp,0.06
South Korea,Coal,Korea Petrochemical Ind. Co Ltd,0.052129999999999996
South Korea,Coal,Hana Power Package Ltd,0.012
South Korea,Hydropower,Korea Hydro & Nuclear Power (KHNP) Co Ltd,5.103
South Korea,Hydropower,Korea Water Resources CORP (KOWACO),0.942
South Korea,Hydropower,Korea Hydro & Nuclear Power Co Ltd,0.11
South Korea,Nuclear,Korea Hydro & Nuclear Power Co,27.071
South Korea,Oil and gas,Korea Electric Power Corp,21.28952
South Korea,Oil and gas,POSCO Holdings Inc,4.404529999999999
South Korea,Oil and gas,GS Holdings Corp,3.4313200000000004
South Korea,Oil and gas,Korea District Heating Corp,2.5446
South Korea,Oil and gas,China General Nuclear Power New Energy Holdings Co Ltd,1.988
South Korea,Oil and gas,SK Innovation Co Ltd,1.937
South Korea,Oil and gas,SK Inc,1.86496
South Korea,Oil and gas,Pocheon IPP Co Ltd,1.8
South Korea,Oil and gas,SK Hynix,1.155
South Korea,Oil and gas,Ulsan GPS Corp,1.122
South Korea,Oil and gas,Electricity Generating PCL,0.83104
South Korea,Oil and gas,Hanjin Heavy Industries & Construction Holdings Co Ltd,0.827
South Korea,Oil and gas,IMM Investment Corp,0.7323
South Korea,Oil and gas,OQ SAOC,0.7218
South Korea,Oil and gas,Unknown,0.584856
South Korea,Oil and gas,Korea Development Bank Co,0.5834400000000001
South Korea,Oil and gas,Samsung C&T Corp,0.5405399999999999
South Korea,Oil and gas,DL E&C Co Ltd,0.5194799999999999
South Korea,Oil and gas,HDC Holdings Co Ltd,0.5
South Korea,Oil and gas,Hanwha Corp,0.5
South Korea,Oil and gas,DSPower Co Ltd,0.474
South Korea,Oil and gas,Others,3.005074
South Korea,Utility-scale solar,Unknown,10.34471604182804
South Korea,Utility-scale solar,Korea South-East Power Co Ltd,0.11184569326103795
South Korea,Utility-scale solar,Hyundai Engineering & Construction Co Ltd,0.10267493415956622
South Korea,Utility-scale solar,Korea Midland Power Co Ltd,0.09170759101471726
South Korea,Utility-scale solar,Korea Rural Community Corp,0.08987343919442294
South Korea,Utility-scale solar,Topsun Co Ltd,0.06878069326103796
South Korea,Utility-scale solar,Community Owners - Sinan Residents,0.04585379550735863
South Korea,Utility-scale solar,Haedong Construction Co Ltd,0.04585379550735863
South Korea,Utility-scale solar,Korea Hydro & Nuclear Power Co Ltd,0.04585379550735863
South Korea,Utility-scale solar,LS Electric Co Ltd,0.04585379550735863
South Korea,Utility-scale solar,Korea Hydro & Nuclear Power Co,0.04310256777691712
South Korea,Utility-scale solar,Hanyang Co Ltd,0.03686645158791634
South Korea,Utility-scale solar,Korea Southern Power Co Ltd,0.03686645158791634
South Korea,Utility-scale solar,Scotra Co Ltd,0.03567
South Korea,Utility-scale solar,Conergy,0.02088
South Korea,Wind,Korea East-West Power Co Ltd,0.191
South Korea,Wind,Korea Southern Power Co Ltd,0.186
South Korea,Wind,Unknown,0.1422
South Korea,Wind,GS E&R Corp,0.13240000000000002
South Korea,Wind,SK D&D Co Ltd,0.084
South Korea,Wind,Eurus Energy,0.0825
South Korea,Wind,Hanwha Engineering & Construction Corp,0.076
South Korea,Wind,Macquarie Group Ltd,0.062
South Korea,Wind,Korea Offshore Wind Power (KOWP),0.06
South Korea,Wind,Korea Midland Power Co Ltd,0.0586
South Korea,Wind,SK E&S Co Ltd,0.048960000000000004
South Korea,Wind,Copenhagen Infrastructure Partners P/S,0.04704
South Korea,Wind,Korea South-East Power Co Ltd,0.045
South Korea,Wind,Kumho Industrial Co,0.042
South Korea,Wind,DaeMyoung GEC Co Ltd,0.04
South Korea,Wind,Hanshin Energy,0.033
South Korea,Wind,Vestas Wind Systems A/S,0.026
South Korea,Wind,Hyundai Engineering & Construction Co Ltd,0.025
South Korea,Wind,KEPCO Engineering & Construction Company Inc,0.025
South Korea,Wind,Korea Electric Power Corp,0.025
South Korea,Wind,Gangwon Wind Power Co Ltd,0.0245
South Korea,Wind,Others,0.193
South Sudan,Oil and gas,Unknown,0.085
South Sudan,Oil and gas,Ezra Group,0.033
South Sudan,Utility-scale solar,Ezra Construction Company,0.022619999999999998
South Sudan,Utility-scale solar,Ezra Group,0.018053367875647666
South Sudan,Utility-scale solar,Unknown,0.0016
Spain,Bioenergy,Ence Energía y Celulosa SA,0.22307
Spain,Bioenergy,Ancala Partners LLP,0.061515
Spain,Bioenergy,Vontobel Holding AG,0.061515
Spain,Bioenergy,Zabalgarbi Ltd,0.057
Spain,Bioenergy,Aragocias SA,0.05
Spain,Bioenergy,Forestalia Renovables Generacion SL,0.05
Spain,Bioenergy,Smarttia SL,0.047
Spain,Bioenergy,Acciona SA,0.045
Spain,Bioenergy,Platinum Equity LLC,0.038
Spain,Bioenergy,Region of Galicia,0.0255
Spain,Bioenergy,Oleicola El Tejar Nuestra Senora de Araceli SCA,0.025
Spain,Bioenergy,Naturgy Energy Group SA,0.0245
Spain,Bioenergy,small shareholder(s),0.022833333333333337
Spain,Bioenergy,PVG Geschäftsführungs KG,0.0145
Spain,Bioenergy,Veolia Environnement SA,0.0145
Spain,Bioenergy,COMSA Corporacion de Infraestructuras SL,0.0125
Spain,Bioenergy,Global Dominion Access SA,0.0125
Spain,Bioenergy,Gipuzkoa Waste Consortium,0.01225
Spain,Bioenergy,Barcelona de Serveis Municipals SA,0.010583333333333333
Spain,Bioenergy,Área Metropolitana de Barcelona,0.010583333333333333
Spain,Bioenergy,Others,0.003
Spain,Coal,GESA-Endesa,0.26
Spain,Hydropower,Iberdrola SA,9.166
Spain,Hydropower,Enel SpA,2.061
Spain,Hydropower,Naturgy,1.586
Spain,Hydropower,Endesa SA,1.53
Spain,Hydropower,Repsol SA,0.645
Spain,Hydropower,EDP SA,0.268
Spain,Hydropower,Acciona Energía SAU,0.181
Spain,Hydropower,Endesa Generación SAU,0.177
Spain,Hydropower,Endesa Cogeneración y Renovables,0.174
Spain,Hydropower,Acciona SA,0.126
Spain,Hydropower,Ebro Hydrographic Confederation,0.12
Spain,Hydropower,EDP España SA,0.102
Spain,Hydropower,Naturgy Energy Group SA,0.054
Spain,Hydropower,Enel Green Power SpA,0.046
Spain,Hydropower,ORIX Corp,0.036
Spain,Hydropower,Confederación Hidrográfica del Guadalquivir,0.034
Spain,Hydropower,Xallas Electricidad y Aleaciones SAU,0.029
Spain,Nuclear,Iberdrola,2.021166666666667
Spain,Nuclear,Endesa,1.7546666666666668
Spain,Nuclear,Iberdrola SA,1.102
Spain,Nuclear,Endesa SA,1.033
Spain,Nuclear,Gas Natural,0.9641666666666667
Spain,Nuclear,Hidroeléctrica del Cantábrico,0.2665
Spain,Nuclear,Nuclenor,0.2665
Spain,Oil and gas,Endesa SA,7.3856
Spain,Oil and gas,Naturgy Energy Group SA,6.5139
Spain,Oil and gas,Iberdrola SA,5.7933
Spain,Oil and gas,Repsol SA,2.173
Spain,Oil and gas,Engie International Holdings BV,1.199
Spain,Oil and gas,EDP SA,1.101
Spain,Oil and gas,TotalEnergies SE,0.8432999999999999
Spain,Oil and gas,Actividades de Construcción y Servicios SA,0.8
Spain,Oil and gas,KKR & Co. Inc,0.7846000000000001
Spain,Oil and gas,Puente Mayorga Generación SLU,0.7805
Spain,Oil and gas,BP PLC,0.61475
Spain,Oil and gas,Energy Trading Innovations LLC,0.393
Spain,Oil and gas,White Summit Capital AG,0.393
Spain,Oil and gas,Corporación Masaveu SA,0.247
Spain,Oil and gas,Carlyle Group Inc,0.1975
Spain,Oil and gas,Mubadala Investment Company PJSC,0.1975
Spain,Oil and gas,Ente Vasco de la Energía,0.19625
Spain,Oil and gas,EOS Holdings SA,0.18216
Spain,Oil and gas,Aragocias SA,0.15
Spain,Oil and gas,IGNIS Ventures,0.14025
Spain,Oil and gas,Unknown,0.09968
Spain,Oil and gas,Others,1.09871
Spain,Utility-scale solar,Unknown,11.683756563575844
Spain,Utility-scale solar,Iberdrola SA,2.0983533423680454
Spain,Utility-scale solar,Solaria Energía y Medio Ambiente SA,1.549700754636234
Spain,Utility-scale solar,Endesa SA,1.3126217118402284
Spain,Utility-scale solar,Amazon,0.8472238873038517
Spain,Utility-scale solar,Naturgy Energy Group SA,0.7318697888730384
Spain,Utility-scale solar,Iberdrola Renovables SA,0.6663853209700428
Spain,Utility-scale solar,Abengoa SA,0.527
Spain,Utility-scale solar,Bruc Iberia Energy Investment Partners,0.5138002353780314
Spain,Utility-scale solar,Encavis AG,0.48715500285306707
Spain,Utility-scale solar,Acciona SA,0.46777307560627673
Spain,Utility-scale solar,China Three Gorges Corp,0.42978
Spain,Utility-scale solar,Repsol SA,0.42081152182596293
Spain,Utility-scale solar,Fotowatio Renewable Ventures (FRV),0.41499
Spain,Utility-scale solar,Sonnedix,0.356979760342368
Spain,Utility-scale solar,China Three Gorges CORP (CTG),0.34528283024251066
Spain,Utility-scale solar,Recurrent Energy LLC,0.344817
Spain,Utility-scale solar,Enel Green Power España SL,0.3445342196861626
Spain,Utility-scale solar,Eni SpA,0.2818278302425107
Spain,Utility-scale solar,Galp Energia SGPS SA,0.27294074999999995
Spain,Utility-scale solar,Elawan Energy SL,0.2695545577746077
Spain,Utility-scale solar,Others,9.200215923214454
Spain,Wind,Iberdrola Renovables Energia SA,6.3455
Spain,Wind,Acciona Energía SAU,4.31175
Spain,Wind,Enel Green Power España SL,2.3391333333333333
Spain,Wind,EDP Renovables España,2.0125
Spain,Wind,Naturgy Energy Group SA,1.52348
Spain,Wind,Unknown,1.3014933333333334
Spain,Wind,Eolia Renovables SA (EOLIASUR),0.6191666666666666
Spain,Wind,Mirova Eurofideme,0.535
Spain,Wind,Saeta Yield SA,0.519
Spain,Wind,Copenhagen Infrastructure Partners P/S,0.488
Spain,Wind,Inversiones Empresariales Vapat SL,0.471
Spain,Wind,Enerfin Resources Co,0.47
Spain,Wind,Viesgo Renovables SL,0.461
Spain,Wind,Fomentos de Construcciones y Contratas (FCC),0.417
Spain,Wind,ACS Group,0.4155
Spain,Wind,Grupo SAMCA,0.413
Spain,Wind,Repsol SA,0.3901666666666666
Spain,Wind,RWE Innogy Aersa SAU,0.364
Spain,Wind,Med Wind,0.35655000000000003
Spain,Wind,Enlight Renewable Energy,0.3292
Spain,Wind,Estudios y Proyectos Pradamap SL,0.3
Spain,Wind,Others,6.61026
Sri Lanka,Bioenergy,Tokyo Cement Company (Lanka) PLC,0.018
Sri Lanka,Bioenergy,Aitken Spence PLC,0.005
Sri Lanka,Bioenergy,Obayashi Corp,0.005
Sri Lanka,Bioenergy,Unknown,0.005
Sri Lanka,Bioenergy,Vidullanka PLC,0.005
Sri Lanka,Coal,Ceylon Electricity Board,0.9
Sri Lanka,Hydropower,Ceylon Electricity Board,1.495
Sri Lanka,Oil and gas,Ceylon Electricity Board,0.8503999999999999
Sri Lanka,Oil and gas,LTL Holdings Pvt Ltd,0.35
Sri Lanka,Oil and gas,New Fortress Energy Inc,0.12
Sri Lanka,Oil and gas,Aitken Spence PLC,0.0777
Sri Lanka,Oil and gas,Unknown,0.0273
Sri Lanka,Utility-scale solar,Unknown,0.15397821697099892
Sri Lanka,Wind,Ceylon Electricity Board,0.1
Sri Lanka,Wind,WindForce PLC,0.075
Sri Lanka,Wind,Senok Wind Power Pvt Ltd,0.04
Sri Lanka,Wind,LVL Energy Fund PLC,0.01
Sudan,Bioenergy,Unknown,0.08120000000000001
Sudan,Bioenergy,Government of Sudan,0.0334
Sudan,Bioenergy,Kuwait Investment Authority,0.02896
Sudan,Bioenergy,small shareholder(s),0.016524
Sudan,Bioenergy,Government of Saudi Arabia,0.010405999999999999
Sudan,Bioenergy,Arab Authority for Agricultural Investment and Development,0.00531
Sudan,Hydropower,Ministry of Irrigation and Water Resources,1.85
Sudan,Oil and gas,Sudanese Thermal Power Generating Company Ltd,1.0439
Sudan,Oil and gas,Dar Ikhtisas Technologies (Malaysia) Sdn Bhd,0.25689999999999996
Sudan,Oil and gas,Karadeniz Holding AŞ,0.15
Sudan,Utility-scale solar,Mass Group Holding Ltd,0.049173749999999995
Sudan,Utility-scale solar,Unknown,0.006900000000000001
Sudan,Utility-scale solar,Sudanese Thermal Power Generating Company Ltd,0.0056
Suriname,Hydropower,Staatsolie,0.18
Suriname,Oil and gas,Energie Bedrijven Suriname NV,0.126
Suriname,Oil and gas,Staatsolie Maatschappij Suriname NV,0.096
Suriname,Utility-scale solar,Unknown,0.0057
Suriname,Utility-scale solar,Energie Bedrijven Suriname NV,0.0020009999999999997
Sweden,Bioenergy,Mälarenergi AB,0.356
Sweden,Bioenergy,Södra Skogsägarna Ek For,0.3311
Sweden,Bioenergy,E.ON SE,0.3145
Sweden,Bioenergy,Vattenfall AB,0.18530000000000002
Sweden,Bioenergy,Ankhiale Midco AB,0.171
Sweden,Bioenergy,City of Stockholm,0.171
Sweden,Bioenergy,Linköpings Stadshus AB,0.15780000000000002
Sweden,Bioenergy,Billerud AB,0.139
Sweden,Bioenergy,Stora Enso Oyj,0.132
Sweden,Bioenergy,Metsä Board Oyj,0.13
Sweden,Bioenergy,Sundsvall Energi AB,0.077
Sweden,Bioenergy,Holmen AB,0.075
Sweden,Bioenergy,Svenska Cellulosa SCA AB,0.075
Sweden,Bioenergy,Helsingborgs Stads Förvaltning AB,0.07
Sweden,Bioenergy,Umeå kommunföretag AB,0.07
Sweden,Bioenergy,Växjö Energi AB,0.069
Sweden,Bioenergy,Gävle Stadshus AB,0.0689
Sweden,Bioenergy,Karlstads Stadshus AB,0.055
Sweden,Bioenergy,Södertörns Energi AB,0.0493
Sweden,Bioenergy,Jönköpings Rådhus AB,0.049
Sweden,Bioenergy,Others,0.5520999999999999
Sweden,Hydropower,Vattenfall AB,8.10408
Sweden,Hydropower,Fortum Oyj,2.19874
Sweden,Hydropower,Uniper SE,1.33192
Sweden,Hydropower,Statkraft,0.7455
Sweden,Hydropower,Skellefteå Kraft AB,0.466
Sweden,Hydropower,Fortum Generation AB,0.161
Sweden,Hydropower,Jämtkraft AB,0.14
Sweden,Hydropower,Holmen Group,0.11750999999999999
Sweden,Hydropower,Unknown,0.1158
Sweden,Hydropower,Statkraft SF,0.076
Sweden,Hydropower,Vattenfall GmbH,0.06437999999999999
Sweden,Hydropower,Sollefteaforsens,0.062
Sweden,Hydropower,Downing Renewables and Infrastructure Trust PLC,0.06
Sweden,Hydropower,Statkraft AS,0.046
Sweden,Hydropower,Holmen AB,0.04577
Sweden,Hydropower,Holmen Energi AB,0.0365
Sweden,Nuclear,Forsmark Kraftgrupp AB,3.446
Sweden,Nuclear,Ringhals AB,2.288
Sweden,Nuclear,Oskarshamns Kraftgrupp AB,1.45
Sweden,Oil and gas,Uniper SE,1.153
Sweden,Oil and gas,Svenska Kraftnät AB,0.575
Sweden,Oil and gas,Göteborgs Stadshus AB,0.286
Sweden,Oil and gas,Mälarenergi AB,0.25
Sweden,Oil and gas,Vattenfall AB,0.212
Sweden,Oil and gas,Lulea Kommunforetag AB,0.05
Sweden,Oil and gas,SSAB AB,0.05
Sweden,Oil and gas,Fortum Oyj,0.043
Sweden,Utility-scale solar,Unknown,0.339126
Sweden,Utility-scale solar,Alight AB,0.09918
Sweden,Utility-scale solar,Neoen SA,0.0435
Sweden,Utility-scale solar,Better Energy,0.04176
Sweden,Utility-scale solar,European Energy A/S,0.03419099999999999
Sweden,Utility-scale solar,Commerz Real AG,0.01914
Sweden,Wind,Aquila Capital,0.825
Sweden,Wind,Luxcara GmbH,0.78
Sweden,Wind,Vattenfall AB,0.7525666666666667
Sweden,Wind,Stena Renewables Energy AB,0.721
Sweden,Wind,Renewable Power Capital,0.5464
Sweden,Wind,Unknown,0.5159
Sweden,Wind,Prime Capital AG,0.503
Sweden,Wind,Statkraft AS,0.4965
Sweden,Wind,Vasa Vind,0.466
Sweden,Wind,Renewables Infrastructure Group LTD (TRIG),0.401
Sweden,Wind,Credit Suisse Energy Infrastructure Partners (CSEIP),0.3964
Sweden,Wind,Nordisk Vindkraft,0.377
Sweden,Wind,Allianz SE,0.352
Sweden,Wind,Rabbalshede Kraft AB,0.3291
Sweden,Wind,General Electric Co,0.325
Sweden,Wind,Green Investment Group Ltd,0.325
Sweden,Wind,Arise AB,0.31810000000000005
Sweden,Wind,Enlight Renewable Energy,0.299
Sweden,Wind,Holmen Group,0.292
Sweden,Wind,Ardian France SA,0.286
Sweden,Wind,Skellefteå Kraft AB,0.2858
Sweden,Wind,Others,6.990433333333334
Switzerland,Bioenergy,Unknown,0.14
Switzerland,Bioenergy,IWB Industrielle Werke Basel AG,0.03
Switzerland,Bioenergy,Stadtwerk Winterthur,0.03
Switzerland,Bioenergy,Tridel SA,0.02
Switzerland,Bioenergy,Romande Energie Holding SA,0.014
Switzerland,Bioenergy,Scierie Zahnd SA,0.014
Switzerland,Bioenergy,KVA Linth AG,0.0125
Switzerland,Bioenergy,GEKAL - KVA Buchs AG,0.011
Switzerland,Bioenergy,Zweckverband für Abfallverwertung im Bezirk Horgen,0.003
Switzerland,Hydropower,Axpo Power AG,2.93166
Switzerland,Hydropower,Alpiq Suisse SA,1.8728600000000002
Switzerland,Hydropower,BKW Energie AG,1.25799
Switzerland,Hydropower,Swiss Federal Railways (SBB),0.9588
Switzerland,Hydropower,Elektrizitätswerk Der Stadt Zürich (EWZ),0.91849
Switzerland,Hydropower,Industrielle Werke Basel (IWB),0.7933199999999999
Switzerland,Hydropower,Alpiq AG,0.7016600000000001
Switzerland,Hydropower,Axpo Holding AG,0.29372
Switzerland,Hydropower,Azienda Elettrica Ticinese (AET),0.274
Switzerland,Hydropower,Energie Wasser Bern (EWB),0.27049
Switzerland,Hydropower,Canton of Ticino,0.25289
Switzerland,Hydropower,Canton of Glarus,0.22935
Switzerland,Hydropower,Centralschweizerische Kraftwerke AG (CKW),0.21663
Switzerland,Hydropower,Groupe E SA,0.21028
Switzerland,Hydropower,Romande Energie Holding SA,0.20832
Switzerland,Hydropower,Forces Motrices Valaisannes SA (FMV),0.19342
Switzerland,Hydropower,Canton of Grisons,0.18766
Switzerland,Hydropower,Electricité de France SA,0.18581999999999999
Switzerland,Hydropower,EnAlpin AG,0.15664999999999998
Switzerland,Hydropower,Unknown,0.153
Switzerland,Hydropower,Services Industriels de Genève (SIG),0.13789
Switzerland,Hydropower,Others,1.94483
Switzerland,Nuclear,Kernkraftwerk Leibstadt,1.275
Switzerland,Nuclear,Kernkraftwerk Gösgen-Däniken AG,1.06
Switzerland,Nuclear,Kernkraftwerk Beznau Ch-5312 Döttingen,0.76
Switzerland,Oil and gas,Group E SA,0.0438
Switzerland,Oil and gas,Consortium of Swiss Minority Shareholders KSM,0.018333333333333333
Switzerland,Oil and gas,EOS Holdings SA,0.018333333333333333
Switzerland,Oil and gas,Schweizer Kraftwerksbeteiligungs-AG,0.018333333333333333
Switzerland,Utility-scale solar,Unknown,0.08511965984654732
Switzerland,Wind,Unknown,0.029
Switzerland,Wind,Romande Energie Holding SA,0.014
Switzerland,Wind,Azienda Elettrica Ticinese (AET),0.008400000000000001
Switzerland,Wind,Services Industriels de Genève (SIG),0.003
Switzerland,Wind,Airolo Municipality,0.0006000000000000005
Syria,Hydropower,Syrian Ministry of Electricity,1.585
Syria,Oil and gas,Public Establishment of Electricity Generation,7.6623
Syria,Utility-scale solar,Unknown,0.16091
Syria,Utility-scale solar,Homs Chamber of Industry,0.027578571428571428
Taiwan,Bioenergy,Unknown,0.22240000000000001
Taiwan,Bioenergy,Environmental Protection Bureau of Taipei City Government,0.0775
Taiwan,Bioenergy,Veolia Environnement SA,0.0575
Taiwan,Bioenergy,Taoyuan County Government,0.04
Taiwan,Bioenergy,Municipality of Kaohsiung City,0.038
Taiwan,Bioenergy,New Taipei City Government,0.0248
Taiwan,Bioenergy,TCC Group Holdings Co Ltd,0.0165
Taiwan,Bioenergy,City of Tainan,0.0143
Taiwan,Bioenergy,CTCI Corp,0.011800000000000001
Taiwan,Coal,Government of Taiwan,9.329
Taiwan,Coal,Formosa Petrochemical Corp,3.1028000000000002
Taiwan,Coal,Formosa Chemicals & Fibre Corp,0.9838
Taiwan,Coal,TCC Group Holdings Co Ltd,0.792
Taiwan,Coal,Formosa Plastics Corp,0.4588
Taiwan,Coal,Formosa Plastics Group,0.3
Taiwan,Coal,Nan Ya Plastics Corp,0.2988
Taiwan,Coal,CLP Holdings Ltd,0.264
Taiwan,Coal,Mitsubishi Corp,0.264
Taiwan,Coal,small shareholder(s),0.171
Taiwan,Coal,Cheng Loong Corp,0.083
Taiwan,Coal,Chang Chun Group,0.049
Taiwan,Coal,Taiwan Cogeneration Corp,0.048
Taiwan,Coal,YFY Inc,0.044
Taiwan,Geothermal,Fabulous Power Co Ltd,0.0021000000000000003
Taiwan,Geothermal,Taiwan Cogeneration Corp,0.0021000000000000003
Taiwan,Geothermal,New Taipei City Government,0.001
Taiwan,Hydropower,Taiwan Power Co,4.365
Taiwan,Hydropower,Taiwan Power Company Co Ltd,0.083
Taiwan,Hydropower,Unknown,0.032
Taiwan,Oil and gas,Taiwan Power Co,16.47185
Taiwan,Oil and gas,Taiwan Cogeneration Corp,1.6104078321678321
Taiwan,Oil and gas,Unknown,1.5339837762237762
Taiwan,Oil and gas,Singapore Power International Pte Ltd,0.536
Taiwan,Oil and gas,China Steel Corp,0.4638
Taiwan,Oil and gas,Marubeni Corp,0.3
Taiwan,Oil and gas,Far Eastern New Century Corp,0.27346000000000004
Taiwan,Oil and gas,CPC Corporation Taiwan,0.23088
Taiwan,Oil and gas,CDIB Capital Group,0.19760000000000003
Taiwan,Oil and gas,Mega International Commercial Bank Co Ltd,0.19760000000000003
Taiwan,Oil and gas,Summit Global Management II BV,0.19760000000000003
Taiwan,Oil and gas,Ta Ya Electric Wire & Cable Co Ltd,0.19760000000000003
Taiwan,Oil and gas,Taiwan Sugar Corp,0.19760000000000003
Taiwan,Oil and gas,Tokyo Electric Power Company International BV,0.19760000000000003
Taiwan,Oil and gas,small shareholder(s),0.10845928071928072
Taiwan,Oil and gas,NRG Energy Inc,0.09609999999999999
Taiwan,Oil and gas,Hsu Yuan Chih Medical Foundation,0.06292
Taiwan,Oil and gas,Chubu Electric Power Co Inc,0.05580419580419581
Taiwan,Oil and gas,Tokyo Electric Power Co,0.05580419580419581
Taiwan,Oil and gas,Nan Ya Plastics Corp,0.052
Taiwan,Oil and gas,Ta-Yuan Cogen Co Ltd,0.03
Taiwan,Oil and gas,Others,0.05558071928071929
Taiwan,Utility-scale solar,Unknown,1.27875575
Taiwan,Utility-scale solar,City of Tainan,0.45168
Taiwan,Utility-scale solar,Vena Energy,0.30363
Taiwan,Utility-scale solar,Chenya Energy Co Ltd,0.2642803125
Taiwan,Utility-scale solar,Star Shining Energy Co Ltd,0.22936875000000004
Taiwan,Utility-scale solar,Ysolar Co Ltd,0.22791262499999998
Taiwan,Utility-scale solar,Taiwan Power Co,0.2209160625
Taiwan,Utility-scale solar,Chung Hsin Electric and Machinery Manufacturing,0.19064071875
Taiwan,Utility-scale solar,Sunny Rich Group,0.15879374999999998
Taiwan,Utility-scale solar,J&V Energy Technology Co Ltd,0.14989209375
Taiwan,Utility-scale solar,Enfu Capital Solar Co Ltd,0.1130964375
Taiwan,Utility-scale solar,United Renewable Energy Co Ltd,0.10178679375000002
Taiwan,Utility-scale solar,China Steel Corp,0.08768943750000001
Taiwan,Utility-scale solar,INA Energy Co Ltd,0.06960459375000001
Taiwan,Utility-scale solar,Xingwei Electric Power Co Ltd,0.06836953124999999
Taiwan,Utility-scale solar,Hexa Renewables Co Ltd,0.0678578625
Taiwan,Utility-scale solar,Daya Group,0.066033
Taiwan,Utility-scale solar,Taya Group,0.0628575
Taiwan,Utility-scale solar,AcBel Polytech Co Ltd,0.054287999999999996
Taiwan,Utility-scale solar,Formosa Solar Renewable Power Group,0.05204906250000001
Taiwan,Utility-scale solar,Nanxu Electric Power Co Ltd,0.04631484375
Taiwan,Utility-scale solar,Others,0.328872375
Taiwan,Wind,Ørsted A/S,0.6423
Taiwan,Wind,Taiwan Power Co,0.4032
Taiwan,Wind,Northland Power Inc,0.3192
Taiwan,Wind,Copenhagen Infrastructure Partners P/S,0.31742666666666663
Taiwan,Wind,WPD Taiwan Energy Co Ltd,0.308
Taiwan,Wind,JERA Co Inc,0.2252
Taiwan,Wind,Unknown,0.18080000000000002
Taiwan,Wind,Taiwan Life Insurance Co Ltd,0.17854666666666666
Taiwan,Wind,TransGlobe Life Inc,0.17854666666666666
Taiwan,Wind,Electricity Generating PCL,0.16
Taiwan,Wind,Skyborn Renewables,0.16
Taiwan,Wind,WPD AG,0.159
Taiwan,Wind,Caisse de dépôt et placement du Québec,0.15125
Taiwan,Wind,Cathay Capital Private Equity SAS,0.15125
Taiwan,Wind,TotalEnergies Group,0.1472
Taiwan,Wind,Mitsui & Co Ltd,0.10640000000000001
Taiwan,Wind,Yushan Energy,0.10640000000000001
Taiwan,Wind,China Steel Co Ltd,0.1
Taiwan,Wind,Diamond Generating Asia,0.1
Taiwan,Wind,J&V Energy Technology Co Ltd,0.09776
Taiwan,Wind,Synera Renewable Energy Co Ltd,0.094
Taiwan,Wind,Others,0.16519999999999999
Tajikistan,Coal,Barqi Tojik OJSC,0.4
Tajikistan,Hydropower,"OSHC ""Barki Tojik""",3.8815
Tajikistan,Hydropower,State Committee on Investment and State Property Management (SCI) of the Republic of Tajikistan,1.2
Tajikistan,Hydropower,Rosatom State Nuclear Energy CORP (ROSATOM),0.402
Tajikistan,Hydropower,"Sangob OSHC ""Barki Tojik""",0.22
Tajikistan,Hydropower,Inter RAO PJSC,0.1005
Tajikistan,Hydropower,Unknown,0.03
Tajikistan,Oil and gas,Barqi Tojik OJSC,0.206
Tajikistan,Utility-scale solar,Unknown,0.0012
Tanzania,Bioenergy,Unknown,0.0285
Tanzania,Bioenergy,Miwa Sugar Ltd,0.0175
Tanzania,Hydropower,Tanzania Electric Supply Company Ltd,2.643
Tanzania,Hydropower,Government of Burundi,0.0132
Tanzania,Hydropower,Government of Rwanda,0.0132
Tanzania,Hydropower,Government of Tanzania,0.012
Tanzania,Oil and gas,Tanzania Electric Supply Company Ltd,0.392
Tanzania,Oil and gas,Symbion Power LLC,0.105
Tanzania,Oil and gas,British International Investment PLC,0.1035
Tanzania,Oil and gas,Norwegian Investment Fund for developing countries,0.1035
Tanzania,Oil and gas,Mechmar Corporation (Malaysia) Bhd,0.07
Tanzania,Oil and gas,Unknown,0.045
Tanzania,Oil and gas,VIP Engineering And Marketing Ltd,0.03
Tanzania,Utility-scale solar,Tanzania Electric Supply Company Ltd,0.1305
Tanzania,Utility-scale solar,Unknown,0.009399999999999999
Thailand,Bioenergy,Unknown,1.0486
Thailand,Bioenergy,Mid Siam Sugar Co Ltd,0.3013
Thailand,Bioenergy,Future Energy Holdings Co Ltd,0.23013
Thailand,Bioenergy,TPI Polene Power PCL,0.16
Thailand,Bioenergy,Absolute Clean Energy PCL,0.1495
Thailand,Bioenergy,Sinsukjai Co Ltd,0.11248200000000001
Thailand,Bioenergy,Thachang Green Energy PCL,0.069
Thailand,Bioenergy,Kaset Thai International Sugar Corporation PCL,0.0525
Thailand,Bioenergy,Thai Power Supply Co Ltd,0.047
Thailand,Bioenergy,U-Thong Bio Power Co Ltd,0.036
Thailand,Bioenergy,Bua Sommai Co Ltd,0.03
Thailand,Bioenergy,Khon Kaen Sugar Industry PCL,0.03
Thailand,Bioenergy,Service Holding Co Ltd,0.025793999999999997
Thailand,Bioenergy,Gulf Development PCL,0.025
Thailand,Bioenergy,Prachuap Sugar Industry Co Ltd,0.024
Thailand,Bioenergy,Asia Biogas Singapore Pte Ltd,0.022
Thailand,Bioenergy,Mungcharoen Biomass Co Ltd,0.017
Thailand,Bioenergy,Sindicatum Sustainable Resources Management Pte Ltd,0.016
Thailand,Bioenergy,small shareholder(s),0.013344000000000002
Thailand,Bioenergy,Electric Power Development Co Ltd,0.011338999999999998
Thailand,Bioenergy,Ajinomoto Co Inc,0.01
Thailand,Bioenergy,Others,0.14479599999999998
Thailand,Coal,Electricity Generating Authority of Thailand,2.455
Thailand,Coal,Banpu Power PCL,0.717
Thailand,Coal,Electricity Generating PCL,0.717
Thailand,Coal,Global Power Synergy PCL,0.5941014885114885
Thailand,Coal,GPSC Holding (Thailand) Co Ltd,0.5187515684315684
Thailand,Coal,WHA Corporation PCL,0.22769999999999999
Thailand,Coal,Future Energy Holdings Co Ltd,0.21156
Thailand,Coal,IRPC PCL,0.15043
Thailand,Coal,Sinsukjai Co Ltd,0.099384
Thailand,Coal,Indorama Ventures PCL,0.055
Thailand,Coal,Hiang Seng Fibre Container Co Ltd,0.036
Thailand,Coal,Siam Cement PCL,0.034
Thailand,Coal,Service Holding Co Ltd,0.016727999999999996
Thailand,Coal,small shareholder(s),0.002044943056943057
Thailand,Hydropower,Electricity Generating Authority of Thailand (EGAT),3.93
Thailand,Hydropower,Electricity Generating Authority of Thailand,0.106
Thailand,Hydropower,Unknown,0.036
Thailand,Oil and gas,Gulf Development PCL,6.699975
Thailand,Oil and gas,Electricity Generating Authority of Thailand,5.83025
Thailand,Oil and gas,RATCH Group PCL,4.61193
Thailand,Oil and gas,Global Power Synergy PCL,3.840065034965035
Thailand,Oil and gas,Electric Power Development Co Ltd,3.19518
Thailand,Oil and gas,B.Grimm Power PCL,2.8033
Thailand,Oil and gas,Electricity Generating PCL,2.2321
Thailand,Oil and gas,Mitsui & Co Ltd,1.908345
Thailand,Oil and gas,GPSC Holding (Thailand) Co Ltd,0.7542517482517482
Thailand,Oil and gas,Thai Oil PCL,0.357
Thailand,Oil and gas,Eastern Power Group PCL,0.35
Thailand,Oil and gas,WHA Utilities and Power PLC,0.2309
Thailand,Oil and gas,Rojana Industrial Park PCL,0.20625
Thailand,Oil and gas,Ratch Pathana Energy PCL,0.2027
Thailand,Oil and gas,Melewar Industrial Group Bhd,0.15744
Thailand,Oil and gas,Thai World Power Co Ltd,0.1404
Thailand,Oil and gas,Beagley Copperman BV,0.12
Thailand,Oil and gas,IRPC PCL,0.1176
Thailand,Oil and gas,Absolute Clean Energy PCL,0.114
Thailand,Oil and gas,Unknown,0.0903
Thailand,Oil and gas,Nippon Steel Trading Corp,0.06875
Thailand,Oil and gas,Others,0.41396321678321674
Thailand,Utility-scale solar,Unknown,3.342983057142857
Thailand,Utility-scale solar,Energy Absolute PCL,0.2871
Thailand,Utility-scale solar,Gulf Development PCL,0.2195886
Thailand,Utility-scale solar,Charoen Pokphand Group CO LTD,0.17139
Thailand,Utility-scale solar,Gulf Renewable Energy Co Ltd,0.13672842857142856
Thailand,Utility-scale solar,Electricity Generating PCL,0.06722893714285715
Thailand,Utility-scale solar,Electricity Generating Authority of Thailand,0.06694971428571429
Thailand,Utility-scale solar,Super Energy Corporation PCL,0.047557714285714286
Thailand,Utility-scale solar,Sermsang Power Corporation PLC,0.04524
Thailand,Utility-scale solar,BCPG Public Company LTD (BCPG),0.038193
Thailand,Utility-scale solar,Yanhee Solar Power,0.0261
Thailand,Utility-scale solar,CLP Group,0.02056446857142857
Thailand,Utility-scale solar,Nine A Solar Co Ltd,0.0178
Thailand,Utility-scale solar,Bangchak Solar Energy Co Ltd,0.014633142857142857
Thailand,Utility-scale solar,Northwest Solar Co Ltd,0.0116
Thailand,Utility-scale solar,Solartech Energy Co Ltd,0.009145714285714287
Thailand,Utility-scale solar,Beung Sampan Solar Co Ltd,0.0087
Thailand,Wind,Energy Absolute PCL,0.986
Thailand,Wind,Wind Energy Holding Co Ltd,0.5446666666666666
Thailand,Wind,RATCH Energy,0.104
Thailand,Wind,Gunkul Engineering,0.084
Thailand,Wind,ECGO,0.08
Thailand,Wind,RATCH Group PCL,0.06
Thailand,Wind,Winchai Co Ltd,0.045
Thailand,Wind,Chubu Electric Power Co Inc,0.034666666666666665
Thailand,Wind,Ratch Energy,0.034666666666666665
Thailand,Wind,Greenovation Power ltd.,0.034
Thailand,Wind,Korat Wind Energy Co. Ltd.,0.025
Thailand,Wind,Wind Energy Development Co. Ltd.,0.025
Thailand,Wind,Electricity Generating Authority of Thailand,0.024
Thailand,Wind,Unknown,0.02
Thailand,Wind,B.Grimm Power PCL,0.016
Thailand,Wind,BCPG Public Company LTD (BCPG),0.01
Thailand,Wind,Inter Far East Wind International CO LTD (iWind),0.01
The Gambia,Oil and gas,Unknown,0.061
The Gambia,Oil and gas,Karadeniz Holding AŞ,0.036
The Gambia,Oil and gas,Global Electrical Group Ltd,0.024
The Gambia,Utility-scale solar,Economic Community of West African States (ECOWAS),0.02001
Togo,Hydropower,Communaute Electrique du Benin,0.066
Togo,Oil and gas,KKR & Co. Inc,0.1
Togo,Oil and gas,Emerging Capital Partners,0.03445
Togo,Oil and gas,Unknown,0.0195
Togo,Oil and gas,AXA SA,0.01105
Togo,Utility-scale solar,AMEA Power,0.060899999999999996
Togo,Utility-scale solar,Unknown,0.011
Trinidad and Tobago,Oil and gas,National Investment Fund Holding Company Ltd,0.72
Trinidad and Tobago,Oil and gas,Electricity Commission (Trinidad and Tobago),0.5990599999999999
Trinidad and Tobago,Oil and gas,Marubeni Corp,0.40794
Trinidad and Tobago,Oil and gas,KKR & Co. Inc,0.225
Trinidad and Tobago,Oil and gas,National Enterprises Ltd,0.09414
Tunisia,Hydropower,Unknown,0.025
Tunisia,Oil and gas,Tunisian Company of Electricity and Gas,5.491
Tunisia,Oil and gas,Caterpillar Inc,0.027
Tunisia,Utility-scale solar,AMEA Power,0.0522
Tunisia,Utility-scale solar,TBEA Xinjiang New Energy Co,0.0522
Tunisia,Utility-scale solar,Unknown,0.0226
Tunisia,Utility-scale solar,Tunisian Company of Electricity and Gas,0.013699999999999999
Tunisia,Utility-scale solar,Qair Group,0.013049999999999999
Tunisia,Utility-scale solar,Scatec ASA,0.0087
Tunisia,Utility-scale solar,Kreditanstalt für Wiederaufbau,0.005
Tunisia,Utility-scale solar,Mazarine Energy,0.00435
Tunisia,Wind,Tunisian Company of Electricity and Gas,0.253
Turkmenistan,Oil and gas,Turkmenenergo,6.947
Turkmenistan,Oil and gas,Turkmennebit,0.14
Turkmenistan,Utility-scale solar,Unknown,0.009
Türkiye,Bioenergy,Unknown,0.27002
Türkiye,Bioenergy,Oltan Ve Koleoglu Elektrik Ve Enerji Uretimi Ticaret AŞ,0.094
Türkiye,Bioenergy,Istanbul Metropolitan Municipality,0.085
Türkiye,Bioenergy,Biotrend Cevre ve Enerji Yatirimlari AŞ,0.07131
Türkiye,Bioenergy,British American Tobacco PLC,0.048975000000000005
Türkiye,Bioenergy,Life Insurance Corporation of India Ltd,0.048975000000000005
Türkiye,Bioenergy,Specified Undertaking of the Unit Trust of India,0.048975000000000005
Türkiye,Bioenergy,small shareholder(s),0.048975000000000005
Türkiye,Bioenergy,Auron Energy Ltd,0.044
Türkiye,Bioenergy,Instanbul Energi AŞ,0.037
Türkiye,Bioenergy,Gülsan Holding AŞ,0.035
Türkiye,Bioenergy,Solarus Enerji AŞ,0.028
Türkiye,Bioenergy,Eren Holding AŞ,0.027600000000000003
Türkiye,Bioenergy,Consus Enerji Isletmeciligi ve Hizmetleri AŞ,0.024
Türkiye,Bioenergy,Yesil Yapi Endustrisi AŞ,0.022609999999999998
Türkiye,Bioenergy,Kartallar Holding,0.018
Türkiye,Bioenergy,Nuh Çimento Sanayi AŞ,0.018
Türkiye,Bioenergy,Ortadoğu Holding AŞ,0.017
Türkiye,Bioenergy,Acarsoy Enerji Elektrik Üretim Sanayi ve Ticaret AŞ,0.0158
Türkiye,Bioenergy,Ecogreen Enerji Holding AŞ,0.015
Türkiye,Bioenergy,Bemka Enerji AŞ,0.014
Türkiye,Bioenergy,Others,0.11676
Türkiye,Coal,Eren Holding AŞ,2.79
Türkiye,Coal,Elektrik Uretim AŞ,2.3285
Türkiye,Coal,Çelikler Yatırım Holding AŞ,1.79
Türkiye,Coal,Içdaş Çelik Enerji Tersane Ve Ulaşim Sanayi AŞ,1.52475
Türkiye,Coal,Cengiz Holding AS,1.32
Türkiye,Coal,Konya Şeker Sanayi ve Ticaret AŞ,1.2555
Türkiye,Coal,OYAK Birleşik Enerji AŞ,1.21
Türkiye,Coal,Diler Holding AŞ,1.2
Türkiye,Coal,AVIC-INTL Project Engineering Co Ltd,0.66
Türkiye,Coal,Shanghai Electric Power Co Ltd,0.66
Türkiye,Coal,Aydem Yenilenebilir Enerji AŞ,0.63
Türkiye,Coal,Akçadağ İnşaat Enerji Madencilik AŞ,0.62
Türkiye,Coal,IC Holding,0.525
Türkiye,Coal,Limak Holding AŞ,0.525
Türkiye,Coal,Koloğlu Holding AS,0.51
Türkiye,Coal,İzdemir Enerji Elektrik Üretim AŞ,0.37
Türkiye,Coal,Ciner Group AŞ,0.34425
Türkiye,Coal,Çan2 Termik AŞ,0.33
Türkiye,Coal,Çates Elektrik Üretim AŞ,0.314
Türkiye,Coal,Aksa Enerji Uretim AŞ,0.27
Türkiye,Coal,Unknown,0.08025
Türkiye,Coal,Others,1.21595
Türkiye,Geothermal,Zorlu Enerji,0.306
Türkiye,Geothermal,Mogan Enerji Yatirim Holding,0.258
Türkiye,Geothermal,Turkeler Energy,0.168
Türkiye,Geothermal,Celikler Holding,0.165
Türkiye,Geothermal,Greeneco Enerji Elektrik Üretim AS,0.1275
Türkiye,Geothermal,Gurmat Electric Generation,0.12329999999999999
Türkiye,Geothermal,Maren Maraş Electric Elektrik Uretim AŞ,0.09079999999999999
Türkiye,Geothermal,Unknown,0.0858
Türkiye,Geothermal,Sanko Energy AŞ,0.069
Türkiye,Geothermal,Menderes Geothermal Elektrik AŞ,0.0643
Türkiye,Geothermal,Kipas Holding AŞ,0.048799999999999996
Türkiye,Geothermal,Güriş Holding AS,0.0474
Türkiye,Geothermal,Ormat Technology Inc,0.033
Türkiye,Geothermal,Maspo Energy AS,0.03
Türkiye,Geothermal,Enerjeo,0.0265
Türkiye,Geothermal,3S Kale Enerji Üretim AS,0.025
Türkiye,Geothermal,Bestepeler Enerji Uretim Ticaret AŞ,0.024
Türkiye,Geothermal,Karadeniz Holding AŞ,0.024
Türkiye,Geothermal,Akça Enerji AŞ,0.019399999999999997
Türkiye,Geothermal,Sis Enerji Uretim Anonim Sirketi,0.018600000000000002
Türkiye,Geothermal,Albioma Kuyucak Jeotermal Elektrik Uretim Anonim Sirketi,0.018
Türkiye,Geothermal,Others,0.11996000000000001
Türkiye,Hydropower,Elektrik Üretim AS (EÜAŞ),13.58
Türkiye,Hydropower,Unknown,1.62214
Türkiye,Hydropower,Enerjisa Üretim AŞ,1.031
Türkiye,Hydropower,Özaltın Construction,0.874
Türkiye,Hydropower,Cengiz Construction,0.8545
Türkiye,Hydropower,General Directorate of State Hydraulic Works (DSI),0.692
Türkiye,Hydropower,Aydem Yenilenebilir Enerji AŞ,0.644
Türkiye,Hydropower,Limak Enerji,0.5746
Türkiye,Hydropower,Eti Alüminyum AS,0.54
Türkiye,Hydropower,Sanko Enerji SAN TIC AS,0.401
Türkiye,Hydropower,Energo-Pro,0.38
Türkiye,Hydropower,Elektrik Uretim AŞ,0.369
Türkiye,Hydropower,Doğuş Enerji,0.332
Türkiye,Hydropower,Koloğlu Holding AS,0.32786000000000004
Türkiye,Hydropower,Bilgin Enerji Yatirim Holding AŞ,0.244
Türkiye,Hydropower,Doğuş Holding,0.21442
Türkiye,Hydropower,Doğan Holding,0.20929
Türkiye,Hydropower,Enerjisa Enerji Uretim AS,0.188
Türkiye,Hydropower,Koç Holding AŞ,0.178
Türkiye,Hydropower,Unit Investment NV,0.16929
Türkiye,Hydropower,Ünal Şirketler Grubu,0.159
Türkiye,Hydropower,Others,2.85758
Türkiye,Oil and gas,Elektrik Uretim AŞ,4.917
Türkiye,Oil and gas,ENKA İnşaat ve Sanayi AŞ,4.0
Türkiye,Oil and gas,Limak Energy,1.22
Türkiye,Oil and gas,Aksa Enerji Uretim AŞ,1.1790999999999998
Türkiye,Oil and gas,Habas Industrial and Medical Gases Production Industries AŞ,1.164
Türkiye,Oil and gas,Cengiz Holding AS,0.9809
Türkiye,Oil and gas,Akenerji Elektrik Üretim AŞ,0.904
Türkiye,Oil and gas,Palmet Enerji AŞ,0.894
Türkiye,Oil and gas,Bilgin Enerji Yatirim Holding AŞ,0.89
Türkiye,Oil and gas,E.ON SE,0.8897
Türkiye,Oil and gas,Hacı Ömer Sabancı Holding AŞ,0.8897
Türkiye,Oil and gas,ACWA Power Co,0.83466
Türkiye,Oil and gas,RWE AG,0.5581799999999999
Türkiye,Oil and gas,Unit Investment NV,0.519
Türkiye,Oil and gas,GAMA Holding AŞ,0.430765
Türkiye,Oil and gas,Ciner Soda Holdings (Uk) Ltd,0.38
Türkiye,Oil and gas,Çolakoğlu Metalürji AŞ,0.37639999999999996
Türkiye,Oil and gas,Aliaga Cakmaktepe Enerji Uretim AŞ,0.338
Türkiye,Oil and gas,Cassa Depositi e Prestiti SpA,0.284585
Türkiye,Oil and gas,Bosen Enerji Elektrik Üretim AŞ,0.263
Türkiye,Oil and gas,Unknown,0.026
Türkiye,Oil and gas,Others,4.064894999999999
Türkiye,Utility-scale solar,Unknown,13.16595303030303
Türkiye,Utility-scale solar,Kalyon Holding,1.2642575757575758
Türkiye,Utility-scale solar,Kalyon Gunes Enerjisi Uretim AŞ,0.182
Türkiye,Utility-scale solar,Eti Alüminyum AS,0.14639460606060606
Türkiye,Utility-scale solar,Limak Energy,0.12179999999999999
Türkiye,Utility-scale solar,Akfen Renewable Energy,0.09878630303030303
Türkiye,Utility-scale solar,Ecogreen Elektrik Enerji Uretim AS,0.08975757575757576
Türkiye,Utility-scale solar,Izdem Enerji Yatirim Ür Ve Tic AS,0.0751
Türkiye,Utility-scale solar,Gün Güneş Enerjisi Elektrik Üretim Sanayi Ticaret AS,0.07125
Türkiye,Utility-scale solar,Hidro-Gen Enerji İth İhr Dağ Tic AŞ,0.06866454545454546
Türkiye,Utility-scale solar,Özaltın İnşaat AŞ,0.05454899999999999
Türkiye,Utility-scale solar,Samsun Büyükşehir Belediyesi,0.051431090909090905
Türkiye,Utility-scale solar,Naturel Yenilenebilir Enerji,0.046418
Türkiye,Utility-scale solar,Seferoğlu Elektrik,0.0435
Türkiye,Utility-scale solar,Ece Tur Şirketler Grubu,0.035903030303030305
Türkiye,Utility-scale solar,Cengiz İnşaat,0.0348
Türkiye,Utility-scale solar,Özkoyuncu Madencilik,0.0348
Türkiye,Utility-scale solar,Denge Yapı AŞ,0.032
Türkiye,Utility-scale solar,Cengiz Enerji Sanayii ve Ticaret AŞ,0.031415151515151514
Türkiye,Utility-scale solar,Halk Enerji,0.030974151515151514
Türkiye,Utility-scale solar,Kıvanç Enerji,0.030449999999999998
Türkiye,Utility-scale solar,Others,0.23674918181818183
Türkiye,Wind,Unknown,1.5503
Türkiye,Wind,EDF Renewables,0.6874
Türkiye,Wind,Eksim Enerji Ür AS,0.6068
Türkiye,Wind,Bilgin Rüzgar Santrali Enerji Ür AS,0.366
Türkiye,Wind,Sanko Enerji SAN TIC AS,0.289
Türkiye,Wind,Galata Wind Enerji AS,0.2851
Türkiye,Wind,Lodos Karaburun El Ür AS,0.276
Türkiye,Wind,RT Enerji,0.2655
Türkiye,Wind,Türkerler,0.2355
Türkiye,Wind,Dirkshof Erneuerbare Energien GmbH,0.2112
Türkiye,Wind,Caba Group,0.211
Türkiye,Wind,Olgu En El Ür AS,0.2003
Türkiye,Wind,Universal Wind Enerji Elektrik Üretim AS,0.2
Türkiye,Wind,Fuat Res Elektrik Üretim AS,0.199
Türkiye,Wind,Fina Enerji,0.1988
Türkiye,Wind,Alize En El Ür AS,0.19080000000000003
Türkiye,Wind,Derne En Ür Tic AS,0.17
Türkiye,Wind,Tatlipinar Enerji AŞ,0.14959999999999998
Türkiye,Wind,Ayen Enerji AŞ,0.147
Türkiye,Wind,Ba Res El Ür AS,0.143
Türkiye,Wind,Boylam Enerji Yatirim Ür Ve Tic AS,0.138
Türkiye,Wind,Others,7.250299999999999
Uganda,Bioenergy,East African Holdings Ltd,0.03
Uganda,Bioenergy,Sugar & Allied Industries Ltd,0.012
Uganda,Bioenergy,Sugar Corporation of Uganda Ltd,0.0095
Uganda,Bioenergy,MP Group of Industries,0.0092
Uganda,Hydropower,Uganda Electricity Generation Company LTD (UEGCL),1.163
Uganda,Hydropower,Unknown,0.25
Uganda,Hydropower,African Development Bank,0.042
Uganda,Hydropower,Berkeley Energy,0.042
Uganda,Oil and gas,Electro-Maxx (U) Ltd,0.089
Uganda,Oil and gas,Uganda Electricity Transmission Co Ltd,0.05
Uganda,Oil and gas,Unknown,0.05
Uganda,Utility-scale solar,Unknown,0.07410000000000001
Uganda,Utility-scale solar,Xsabo Group,0.03045
Uganda,Utility-scale solar,Great Lakes Africa Energy (GLAE),0.01044
Ukraine,Coal,Energy of Donbass,3.3
Ukraine,Coal,Cherkasy Khimvolokno JSC,0.18
Ukraine,Hydropower,PJSC Ukrhydroenergo,5.794
Ukraine,Hydropower,"State Enterprise National Nuclear Energy Generating Company ""Energoatom""",0.453
Ukraine,Nuclear,"SE NNEGC ""Energoatom""",13.835
Ukraine,Oil and gas,Kyivteploenergo,1.2
Ukraine,Oil and gas,Rostec Corp,0.9862000000000001
Ukraine,Oil and gas,Vozrozhdeniye JSC,0.82
Ukraine,Oil and gas,Kremenchuk CHP LLC,0.255
Ukraine,Oil and gas,CP Teplokomunenergo CJSC,0.22
Ukraine,Oil and gas,KrymTETs,0.2039
Ukraine,Oil and gas,Shostkaenergo-T LLC,0.0855
Ukraine,Oil and gas,Municipal Enterprise Production Management of Water Supply and Sewerage,0.0285
Ukraine,Utility-scale solar,Unknown,3.27526425
Ukraine,Utility-scale solar,DTEK Renewables,0.42518925
Ukraine,Utility-scale solar,CNBM International Corp,0.25143
Ukraine,Utility-scale solar,Scatec ASA,0.2420079
Ukraine,Utility-scale solar,Elementum Energy Ltd,0.12810749999999999
Ukraine,Utility-scale solar,Penobscot Ltd,0.0696
Ukraine,Utility-scale solar,EcoOptima LLC,0.06264
Ukraine,Utility-scale solar,Fas Energy Ukraine LLC,0.06003
Ukraine,Utility-scale solar,UDP Renewables,0.0504
Ukraine,Utility-scale solar,Ukraine Renewable Energy Holdings Ureh Ltd,0.050112
Ukraine,Utility-scale solar,Acciona SA,0.049589999999999995
Ukraine,Utility-scale solar,Clean Solar Power (Eastern Europe) Ltd,0.04263
Ukraine,Utility-scale solar,VR Capital Group Ltd,0.030449999999999998
Ukraine,Utility-scale solar,FMO,0.030276
Ukraine,Utility-scale solar,UG Power Ltd,0.030015
Ukraine,Utility-scale solar,Kvalisto Holdings LLC,0.02958
Ukraine,Utility-scale solar,Naftogaz of Ukraine JSC,0.02871
Ukraine,Utility-scale solar,Sun Cray LLC,0.026969999999999997
Ukraine,Utility-scale solar,EVE (Basque Energy Agency),0.025665
Ukraine,Utility-scale solar,KREAN (Basque engineering and EPC company part of the Mondragón Corporation),0.025665
Ukraine,Utility-scale solar,Private Owner - Vekirchyk Ivan Ivanovych,0.023176799999999997
Ukraine,Utility-scale solar,Others,0.3525153
Ukraine,Wind,DTEK Renewables,0.214
Ukraine,Wind,Eco Optima Ltd,0.079
Ukraine,Wind,Wind Parks of Ukraine LLC,0.064
Ukraine,Wind,PJSC Wind Park Ochakovskiy,0.042
Ukraine,Wind,Elementum Energy Ltd,0.04
Ukraine,Wind,GUP RK Krymenergo,0.04
Ukraine,Wind,Güriş Holding AS,0.032
Ukraine,Wind,OOO VETRYANOI PARK KERCHENSKI,0.025
Ukraine,Wind,Unknown,0.01684
Ukraine,Wind,Private Owner - Yuliya Sergiivna Tatarchuk,0.00994
Ukraine,Wind,SC Greenpower Plus,0.0014
Ukraine,Wind,Private Owner - Dmytro Sakach Radiyovych,0.00126
Ukraine,Wind,Private Owner - Maksym Efimov Viktorovych,0.00126
United Arab Emirates,Bioenergy,Municipality of Dubai,0.19
United Arab Emirates,Bioenergy,Dubai Electricity and Water Authority PJSC,0.012
United Arab Emirates,Bioenergy,Abu Dhabi National Energy Company PJSC,0.0075
United Arab Emirates,Bioenergy,Abu Dhabi National Oil Co,0.0075
United Arab Emirates,Bioenergy,BEEAH Energy,0.0075
United Arab Emirates,Bioenergy,Mubadala Investment Company PJSC,0.0075
United Arab Emirates,Hydropower,Dubai Electricity and Water Authority (DEWA),0.25
United Arab Emirates,Nuclear,Emirates Nuclear Energy Corp,5.668
United Arab Emirates,Oil and gas,Dubai Electricity and Water Authority PJSC,11.913477222777223
United Arab Emirates,Oil and gas,Abu Dhabi National Energy Company PJSC,6.23305
United Arab Emirates,Oil and gas,Sharjah Electricity & Water Authority,3.82
United Arab Emirates,Oil and gas,Investment Corporation of Dubai,3.36
United Arab Emirates,Oil and gas,Mubadala Investment Company PJSC,3.36
United Arab Emirates,Oil and gas,ENGIE SA,2.60125
United Arab Emirates,Oil and gas,Marubeni Corp,1.872986
United Arab Emirates,Oil and gas,Sumitomo Corp,1.51415
United Arab Emirates,Oil and gas,Abu Dhabi Power Corp,1.44
United Arab Emirates,Oil and gas,Abu Dhabi Water and Electricity Authority,1.16958
United Arab Emirates,Oil and gas,Korea Electric Power Corp,0.90585
United Arab Emirates,Oil and gas,TotalEnergies SE,0.83625
United Arab Emirates,Oil and gas,ADNOC Gas Processing,0.6928
United Arab Emirates,Oil and gas,ACWA Power Co,0.6473526473526474
United Arab Emirates,Oil and gas,Etihad Water and Electricity,0.587
United Arab Emirates,Oil and gas,General Electric Co,0.45
United Arab Emirates,Oil and gas,Sharjah Asset Management,0.45
United Arab Emirates,Oil and gas,Shikoku Electric Power Co Inc,0.45
United Arab Emirates,Oil and gas,Unknown,0.3528
United Arab Emirates,Oil and gas,Harbin Electric Co Ltd,0.3524475524475525
United Arab Emirates,Oil and gas,Sojitz Corp,0.3394
United Arab Emirates,Oil and gas,Others,1.5175065774225773
United Arab Emirates,Utility-scale solar,Dubai Electricity and Water Authority PJSC,3.552832857142857
United Arab Emirates,Utility-scale solar,Abu Dhabi National Energy Company PJSC,1.432664
United Arab Emirates,Utility-scale solar,Jinko Power Technology Co Ltd,0.604798
United Arab Emirates,Utility-scale solar,Masdar Clean Energy,0.4602
United Arab Emirates,Utility-scale solar,EDF Renewables,0.4
United Arab Emirates,Utility-scale solar,Marubeni Corp,0.204798
United Arab Emirates,Utility-scale solar,Unknown,0.1601
United Arab Emirates,Utility-scale solar,ACWA Power Co,0.12436
United Arab Emirates,Utility-scale solar,TotalEnergies SE,0.05
United Arab Emirates,Utility-scale solar,Mubadala Capital LLC,0.018269999999999998
United Arab Emirates,Utility-scale solar,Abu Dhabi Future Energy Co,0.017400000000000002
United Arab Emirates,Utility-scale solar,Electricité de France SA,0.017400000000000002
United Arab Emirates,Utility-scale solar,Sharjah National Oil Corp,0.017400000000000002
United Arab Emirates,Wind,Abu Dhabi Future Energy Co,0.054
United Arab Emirates,Wind,Abu Dhabi Tourism Development and Investment Co,0.0225
United Arab Emirates,Wind,Masdar Clean Energy,0.0225
United Kingdom,Bioenergy,Drax Group PLC,2.58
United Kingdom,Bioenergy,Energetický a průmyslový holding AS,0.42
United Kingdom,Bioenergy,Unknown,0.2963
United Kingdom,Bioenergy,KKR & Co. Inc,0.16895833333333335
United Kingdom,Bioenergy,Enfinium Group Ltd,0.138
United Kingdom,Bioenergy,Veolia Environnement SA,0.1196
United Kingdom,Bioenergy,Equitix Investments North America LP,0.11255833333333334
United Kingdom,Bioenergy,Suez Advanced Solutions Holdings Uk Ltd,0.10246666666666666
United Kingdom,Bioenergy,E.ON SE,0.092
United Kingdom,Bioenergy,Schroders PLC,0.0915
United Kingdom,Bioenergy,Fomento de Construcciones y Contratas SA,0.074
United Kingdom,Bioenergy,Cory Ltd,0.062
United Kingdom,Bioenergy,Fern Trading Ltd,0.0575
United Kingdom,Bioenergy,North London Waste Authority,0.055
United Kingdom,Bioenergy,RWE AG,0.055
United Kingdom,Bioenergy,Sembcorp Industries Ltd,0.0548
United Kingdom,Bioenergy,Wgh Holding Corp,0.05
United Kingdom,Bioenergy,Holmen AB,0.049
United Kingdom,Bioenergy,MVV Energie AG,0.0475
United Kingdom,Bioenergy,UPM-Kymmene Oyj,0.046
United Kingdom,Bioenergy,European Development Corp,0.038
United Kingdom,Bioenergy,Others,0.5646842666666666
United Kingdom,Hydropower,ENGIE SA,2.4
United Kingdom,Hydropower,SSE PLC,1.069
United Kingdom,Hydropower,Drax,0.473
United Kingdom,Hydropower,SIMEC Group,0.09
United Kingdom,Hydropower,Statkraft AS,0.056
United Kingdom,Hydropower,RWE AG,0.032
United Kingdom,Hydropower,Equitix Holdings Ltd,0.03
United Kingdom,Hydropower,Nuclear Decommissioning Authority (United Kingdom),0.03
United Kingdom,Nuclear,EDF Energy Ltd,6.534
United Kingdom,Oil and gas,RWE AG,7.583
United Kingdom,Oil and gas,SSE PLC,5.2401333333333335
United Kingdom,Oil and gas,Energetický a průmyslový holding AS,4.869
United Kingdom,Oil and gas,Uniper SE,4.446
United Kingdom,Oil and gas,Creditas BV,2.56
United Kingdom,Oil and gas,Vpi Holding Ltd,2.0
United Kingdom,Oil and gas,Macquarie Group Ltd,1.669
United Kingdom,Oil and gas,Government of Ireland,1.3401269999999998
United Kingdom,Oil and gas,Vitol Holding II SA,1.33
United Kingdom,Oil and gas,TotalEnergies SE,0.68
United Kingdom,Oil and gas,Equinor ASA,0.6
United Kingdom,Oil and gas,Electricity Supply Board,0.44527999999999995
United Kingdom,Oil and gas,CK Infrastructure Holdings Ltd,0.4193333333333334
United Kingdom,Oil and gas,Electricity First Ltd,0.4193333333333334
United Kingdom,Oil and gas,Whitetower Holdings LLC,0.344
United Kingdom,Oil and gas,Rockland Capital LP,0.308
United Kingdom,Oil and gas,Tiger Infrastructure Associates GP III LP,0.29560000000000003
United Kingdom,Oil and gas,Essar Energy Ltd,0.2
United Kingdom,Oil and gas,Peak Gen Top Co Ltd,0.163
United Kingdom,Oil and gas,Sellafield Ltd,0.155
United Kingdom,Oil and gas,Unknown,0.057593000000000005
United Kingdom,Oil and gas,Others,1.8708
United Kingdom,Utility-scale solar,Unknown,6.7835310625
United Kingdom,Utility-scale solar,Quinbrook Infrastructure Partners Ltd,0.333601875
United Kingdom,Utility-scale solar,Foresight Solar Fund,0.272832
United Kingdom,Utility-scale solar,NextEnergy Solar Fund,0.236724
United Kingdom,Utility-scale solar,Low Carbon Investment Management Ltd,0.179952375
United Kingdom,Utility-scale solar,Bluefield Solar Income Fund,0.172830375
United Kingdom,Utility-scale solar,Octopus Investments Ltd,0.102787
United Kingdom,Utility-scale solar,JBM Solar,0.08804231249999998
United Kingdom,Utility-scale solar,Lightsource Renewable Energy,0.085784125
United Kingdom,Utility-scale solar,Greencoat Capital LLP,0.07125
United Kingdom,Utility-scale solar,Equitix Investment Management Ltd,0.07047
United Kingdom,Utility-scale solar,Low Carbon Storage,0.0446293125
United Kingdom,Utility-scale solar,Magnetar Solar,0.04437
United Kingdom,Utility-scale solar,EDF Renewables,0.043412999999999986
United Kingdom,Utility-scale solar,Enviromena,0.043412999999999986
United Kingdom,Utility-scale solar,Infinis Group,0.043412999999999986
United Kingdom,Utility-scale solar,Intelligent Alternatives Ltd,0.043412999999999986
United Kingdom,Utility-scale solar,Cubico Sustainable Investments,0.04176
United Kingdom,Utility-scale solar,Conrad Energy Ltd,0.040246875
United Kingdom,Utility-scale solar,Allianz Global Investors,0.03915
United Kingdom,Utility-scale solar,Lyceum Solar,0.038715
United Kingdom,Utility-scale solar,Others,1.1002817500000002
United Kingdom,Wind,Unknown,8.18312
United Kingdom,Wind,Ørsted A/S,3.0249
United Kingdom,Wind,ScottishPower Renewables,2.4126
United Kingdom,Wind,SSE Renewables,1.68495
United Kingdom,Wind,Scottish and Southern Energy (SSE),1.5395999999999999
United Kingdom,Wind,Vattenfall AB,1.2056
United Kingdom,Wind,RWE AG,1.05548
United Kingdom,Wind,E.ON UK Renewables Ltd,0.6332000000000001
United Kingdom,Wind,Equinor ASA,0.614
United Kingdom,Wind,Equitix Investment Management Ltd,0.60261
United Kingdom,Wind,TotalEnergies SE,0.54825
United Kingdom,Wind,Greencoat UK Wind,0.5468999999999999
United Kingdom,Wind,EDF Renewables,0.5189
United Kingdom,Wind,Ventient Energy,0.5015999999999999
United Kingdom,Wind,Fred Olsen Renewables AB,0.49760000000000004
United Kingdom,Wind,Global Infrastructure Partners,0.45066
United Kingdom,Wind,Ignitis Grupe AB,0.441
United Kingdom,Wind,Ocean Winds SL,0.441
United Kingdom,Wind,AXA IM Alts,0.33
United Kingdom,Wind,Crédit Agricole Assurances,0.33
United Kingdom,Wind,OnPath Energy Ltd,0.2487
United Kingdom,Wind,Others,4.86562
United States,Bioenergy,International Paper Co,1.3088
United States,Bioenergy,Koch Industries Inc,0.5592
United States,Bioenergy,EQT AB,0.5561666666666666
United States,Bioenergy,Westrock Co,0.533
United States,Bioenergy,Paper Excellence BV,0.526
United States,Bioenergy,Wheelabrator Technologies Holdings Inc,0.439
United States,Bioenergy,GIC Pte Ltd,0.3066666666666667
United States,Bioenergy,Packaging Corporation of America,0.2645
United States,Bioenergy,Solid Waste Authority of Palm Beach County Co,0.254
United States,Bioenergy,Smurfit Westrock PLC,0.24869999999999998
United States,Bioenergy,Dominion Energy Inc,0.213
United States,Bioenergy,Sappi Ltd,0.1953
United States,Bioenergy,DTE Energy Co,0.181
United States,Bioenergy,Clearwater Paper Corp,0.1675
United States,Bioenergy,Billerud AB,0.155
United States,Bioenergy,Sierra Pacific Industries Inc,0.15080000000000002
United States,Bioenergy,Unknown,0.1429
United States,Bioenergy,New Hope Power Co,0.129
United States,Bioenergy,City of Gainesville,0.116
United States,Bioenergy,Austin Energy Corp,0.114
United States,Bioenergy,Graphic Packaging Holding Co,0.11
United States,Bioenergy,Others,3.555766666666667
United States,Coal,Duke Energy Corp,15.03077843966034
United States,Coal,American Electric Power Company Inc,10.569397
United States,Coal,Southern Co,9.777336
United States,Coal,Vistra Corp,9.0852
United States,Coal,Berkshire Hathaway Inc,7.612996664535465
United States,Coal,Tennessee Valley Authority,7.130199999999999
United States,Coal,NRG Energy Inc,6.333
United States,Coal,Evergy Inc,6.1233580000000005
United States,Coal,PPL Corp,5.335
United States,Coal,Dominion Energy Inc,4.5762
United States,Coal,Xcel Energy Inc,4.3471882
United States,Coal,DTE Energy Co,3.8473650000000004
United States,Coal,South Carolina Public Service Authority,3.6501
United States,Coal,Talen Energy Corp,3.63194
United States,Coal,Union Electric Co,3.4888000000000003
United States,Coal,FirstEnergy Corp,3.204
United States,Coal,WEC Energy Group Inc,2.8827657999999996
United States,Coal,Basin Electric Power Cooperative,2.7302799999999996
United States,Coal,Commercial Development Company Inc,2.6
United States,Coal,OGE Energy Corp,2.06
United States,Coal,Unknown,1.3196597814185813
United States,Coal,Others,68.87364491438562
United States,Geothermal,Calpine Corp,1.163
United States,Geothermal,Ormat Technology Inc,0.747
United States,Geothermal,Unknown,0.397
United States,Geothermal,CalEnergy Operating Corp,0.381
United States,Geothermal,Atlantica Sustainable Infrastructure,0.27
United States,Geothermal,Geysers Power Co LLC,0.2
United States,Geothermal,ORCAL Geothermal Inc,0.074
United States,Geothermal,Terra-Gen,0.065
United States,Geothermal,Baseload Clean Energy Partners,0.055
United States,Geothermal,EnergySource,0.055
United States,Geothermal,US Geothermal Inc,0.051
United States,Geothermal,Cyrq Energy,0.048
United States,Geothermal,PacifiCorp,0.045
United States,Geothermal,Puna Geothermal Venture,0.038
United States,Geothermal,Steamboat Development Corp,0.036
United States,Geothermal,Amor 9 LLC,0.026
United States,Geothermal,Tungsten Mountain,0.026
United States,Geothermal,Zanskar Geothermal & Minerals,0.019
United States,Geothermal,Thermo No 1 BE 01 LLC,0.014
United States,Geothermal,USG Nevada LLC,0.012
United States,Geothermal,Amedee Gethrm Venture I LP,0.004
United States,Geothermal,Others,0.0075
United States,Hydropower,US Bureau of Reclamation,14.739
United States,Hydropower,US Army Corps of Engineers - Portland District,5.442
United States,Hydropower,Tennessee Valley Authority (TVA),4.989
United States,Hydropower,New York Power Authority,4.581
United States,Hydropower,US Army Corps of Engineers - Walla Walla District,4.489
United States,Hydropower,Duke Energy Carolinas LLC,3.704
United States,Hydropower,Pacific Gas and Electric Co,3.348
United States,Hydropower,US Army Corps of Engineers - Seattle District,2.981
United States,Hydropower,US Army Corps of Engineers - Omaha District,2.539
United States,Hydropower,Grant County Public Utility District,2.17
United States,Hydropower,Brookfield Renewable Partners LP,1.998
United States,Hydropower,Dominion Energy Inc,1.9952
United States,Hydropower,California Department of Water Resources,1.983
United States,Hydropower,Seattle City Light,1.958
United States,Hydropower,Chelan County Public Utility District,1.929
United States,Hydropower,Alabama Power Co,1.731
United States,Hydropower,Idaho Power Co,1.715
United States,Hydropower,LS Power Development LLC,1.6628
United States,Hydropower,Constellation Energy Corp,1.603
United States,Hydropower,US Army Corps of Engineers - Savannah District,1.41
United States,Hydropower,Unknown,0.079
United States,Hydropower,Others,28.347
United States,Nuclear,Exelon Corp,18.845
United States,Nuclear,Tennessee Valley Authority,8.624
United States,Nuclear,Georgia Power Co,6.79
United States,Nuclear,Duke Energy Corp,5.112
United States,Nuclear,PSEG Power Inc,5.106
United States,Nuclear,Arizona Public Service Co,4.242
United States,Nuclear,Dominion Resources Inc,3.978
United States,Nuclear,Florida Power & Light Co,3.753
United States,Nuclear,Progress Energy Carolinas Inc,3.71
United States,Nuclear,Constellation Energy Corp,2.708
United States,Nuclear,PPL CORP (former Pennsylvania Power & Light CO (PP&L)),2.66
United States,Nuclear,Nextera Energy Resources LLC,2.576
United States,Nuclear,Luminant Generation Company LLC,2.509
United States,Nuclear,Pacific Gas and Electric Co,2.394
United States,Nuclear,American Electric Power Company Inc,2.362
United States,Nuclear,Cleveland Electric Illuminating Co,2.228
United States,Nuclear,Virginia Electric and Power Co,2.001
United States,Nuclear,Entergy Arkansas Inc,1.968
United States,Nuclear,Alabama Power,1.846
United States,Nuclear,Xcel Energy Inc,1.817
United States,Nuclear,Others,17.246
United States,Oil and gas,Constellation Energy Corp,32.7139024
United States,Oil and gas,NextEra Energy Inc,28.2269
United States,Oil and gas,Vistra Corp,27.546
United States,Oil and gas,Southern Co,25.3291505
United States,Oil and gas,Duke Energy Corp,24.820249500000003
United States,Oil and gas,Entergy Corp,20.5835
United States,Oil and gas,LS Power Development LLC,14.9275
United States,Oil and gas,Berkshire Hathaway Inc,13.950218000000001
United States,Oil and gas,Tennessee Valley Authority,13.8497
United States,Oil and gas,Dominion Energy Inc,12.078
United States,Oil and gas,Xcel Energy Inc,10.2834
United States,Oil and gas,American Electric Power Company Inc,8.5815
United States,Oil and gas,Talen Energy Corp,7.3936
United States,Oil and gas,Midwood Holdings LLC,7.062
United States,Oil and gas,Salt River Project,6.6338
United States,Oil and gas,Capital Power Corp,6.223
United States,Oil and gas,NRG Energy Inc,6.20164
United States,Oil and gas,Oglethorpe Power Corp,5.871
United States,Oil and gas,OGE Energy Corp,5.32139
United States,Oil and gas,Emera Inc,5.039
United States,Oil and gas,Unknown,1.598318888888889
United States,Oil and gas,Others,264.37948871111115
United States,Utility-scale solar,Unknown,20.23151
United States,Utility-scale solar,NextEra Energy Inc,12.847299999999999
United States,Utility-scale solar,Florida Power & Light Co,5.052
United States,Utility-scale solar,Duke Energy Corp,3.718644117647059
United States,Utility-scale solar,Consolidated Edison Development Inc.,3.1311999999999998
United States,Utility-scale solar,Invenergy LLC,3.061
United States,Utility-scale solar,Dominion Energy Inc,2.972885294117647
United States,Utility-scale solar,Clearway Energy Group LLC,2.642755
United States,Utility-scale solar,DE Shaw Renewable Investments (DESRI),2.4539
United States,Utility-scale solar,EDF Renewables,2.3423499999999997
United States,Utility-scale solar,Intersect Power,2.328827450980392
United States,Utility-scale solar,EDPR Renewable Energy Sources of Greece 1 Sole Proprietorship,2.2506999999999997
United States,Utility-scale solar,Lightsource BP,2.1856999999999998
United States,Utility-scale solar,Ørsted A/S,2.098
United States,Utility-scale solar,AES Corp,2.0656
United States,Utility-scale solar,Silicon Ranch Corp,2.0213
United States,Utility-scale solar,ENGIE SA,1.7915
United States,Utility-scale solar,National Grid Renewables,1.667
United States,Utility-scale solar,Southern Power Co,1.624453
United States,Utility-scale solar,Capital Dynamics Inc,1.41085
United States,Utility-scale solar,BHE Solar LLC,1.3215
United States,Utility-scale solar,Others,72.6044591372549
United States,Wind,NextEra Energy Inc,24.5604
United States,Wind,Avangrid Renewables,8.0938
United States,Wind,MidAmerican Energy Co,7.4865
United States,Wind,EDPR Renewable Energy Sources of Greece 1 Sole Proprietorship,7.46566
United States,Wind,Enel Green Power SpA,7.05701
United States,Wind,RWE Renewables,4.97895
United States,Wind,Xcel Energy Inc,4.4685
United States,Wind,Invenergy LLC,4.25356
United States,Wind,EDF Renewables,4.2497
United States,Wind,Pattern Energy,3.6119
United States,Wind,Duke Energy Corp,3.30392
United States,Wind,Clearway Energy Group LLC,2.9148333333333336
United States,Wind,Ørsted A/S,2.8335500000000002
United States,Wind,PacifiCorp,2.6189
United States,Wind,AEP Renewables,2.47835
United States,Wind,Southern Power Co,2.3358600000000003
United States,Wind,Engie North America Inc,2.3182
United States,Wind,BHE Renewables LLC,2.3103000000000002
United States,Wind,Unknown,2.2553333333333336
United States,Wind,AES Corp,1.9467
United States,Wind,Alliant Energy Corp,1.8349000000000002
United States,Wind,Others,55.16454933333333
Uruguay,Bioenergy,UPM-Kymmene Oyj,0.4277
Uruguay,Bioenergy,Empresas Copec SA,0.09
Uruguay,Bioenergy,Stora Enso Oyj,0.09
Uruguay,Bioenergy,Unknown,0.024
Uruguay,Bioenergy,Bioener SA,0.012
Uruguay,Bioenergy,BTG Pactual G7 Holding SA,0.006
Uruguay,Bioenergy,Province of British Columbia,0.006
Uruguay,Bioenergy,Administracion Nacional de Combustibles Alcohol y Portland,0.005
Uruguay,Bioenergy,Petróleos de Venezuela SA,0.005
Uruguay,Hydropower,Comisión Técnica Mixta (CTM),0.945
Uruguay,Hydropower,UTE,0.593
Uruguay,Oil and gas,Administracion Nacional De Usinas y Trasmisiones Eléctricas,1.1022
Uruguay,Utility-scale solar,Unknown,0.09661703703703704
Uruguay,Utility-scale solar,Atlas Renewable Energy,0.065946
Uruguay,Utility-scale solar,Invenergy LLC,0.056549999999999996
Uruguay,Utility-scale solar,Administración Nacional de Usinas y Transmisiones Eléctricas CO LTD,0.03069037037037037
Uruguay,Utility-scale solar,Sky Solar Holdings Ltd,0.02625
Uruguay,Utility-scale solar,Solarpack,0.02262
Uruguay,Utility-scale solar,Solaria Energía y Medio Ambiente SA,0.009657
Uruguay,Utility-scale solar,Tecnova Renovables,0.00885
Uruguay,Wind,Unknown,0.2378
Uruguay,Wind,Administracion Nacional De Usinas y Trasmisiones Eléctricas,0.20725
Uruguay,Wind,Nordex,0.1416
Uruguay,Wind,Akuo Energy SAS,0.1415
Uruguay,Wind,Cubico Sustainable Investments,0.141
Uruguay,Wind,Atlantica Sustainable Infrastructure Ltd,0.1
Uruguay,Wind,Invenergy LLC,0.07
Uruguay,Wind,SOWITEC Group,0.0528
Uruguay,Wind,Abengoa SA,0.05
Uruguay,Wind,Alarde GmbH & Co KG,0.05
Uruguay,Wind,Luz de Rio SA,0.05
Uruguay,Wind,PlusPetrol SA,0.05
Uruguay,Wind,Cobra Group,0.0492
Uruguay,Wind,Grupo Fortuny,0.038
Uruguay,Wind,Eletrobras SA,0.032549999999999996
Uruguay,Wind,Banco Bilbao Vizcaya Argentaria SA (BBVA),0.0175
Uruguay,Wind,China Co-financing Fund for Latin America and the Caribbean (China - LAC Cooperation Fund),0.0175
Uruguay,Wind,Inter-American Investment Corporation (IIC),0.0175
Uruguay,Wind,Sudestada,0.0172
Uruguay,Wind,Nuevo Manantial SA,0.014
Uruguay,Wind,Barraca Deambrosi SA,0.0025
Uruguay,Wind,Others,0.0375
Uzbekistan,Coal,Central Asia Energy LLC,1.05
Uzbekistan,Coal,JSC Uzbekenergo,1.05
Uzbekistan,Coal,Thermal Power Stations JSC,0.286
Uzbekistan,Hydropower,JSC Uzbekgidroenergo,1.676
Uzbekistan,Hydropower,JSC Uzbekenergo,0.189
Uzbekistan,Hydropower,Uzbekhydroenergo JSC,0.037
Uzbekistan,Oil and gas,Thermal Power Stations JSC,10.4311
Uzbekistan,Oil and gas,Aksa Enerji Uretim AŞ,1.17
Uzbekistan,Oil and gas,Silk Road Fund,0.735
Uzbekistan,Oil and gas,Cengiz Holding AS,0.46
Uzbekistan,Oil and gas,ACWA Power Co,0.39
Uzbekistan,Oil and gas,The Silk Road Fund Co Ltd,0.375
Uzbekistan,Oil and gas,Abu Dhabi National Energy Company PJSC,0.36
Uzbekistan,Oil and gas,Mubadala Investment Company PJSC,0.36
Uzbekistan,Oil and gas,Odaş Elektrik Üretim Sanayi Ticaret AŞ,0.174
Uzbekistan,Oil and gas,Kor-Uz Gas Chemical Investment Ltd,0.0484
Uzbekistan,Oil and gas,Uzbekneftegaz JSC,0.0484
Uzbekistan,Utility-scale solar,China Gezhouba Group Oversea Investment Co Ltd,0.9370967741935485
Uzbekistan,Utility-scale solar,Masdar Clean Energy,0.5261612903225806
Uzbekistan,Utility-scale solar,Abu Dhabi Future Energy Co,0.25
Uzbekistan,Utility-scale solar,China Datang Overseas Investment Co Ltd,0.24645645161290325
Uzbekistan,Utility-scale solar,ACWA Power Co,0.1874193548387097
Uzbekistan,Utility-scale solar,Total Eren SA,0.1
Uzbekistan,Utility-scale solar,Voltalia SA,0.1
Uzbekistan,Utility-scale solar,Unknown,0.0707
Uzbekistan,Wind,ACWA Power Co,0.75
Uzbekistan,Wind,Masdar Clean Energy,0.5
Uzbekistan,Wind,China Southern Power Grid International (HK) Co Ltd,0.35
Vanuatu,Utility-scale solar,UNELCO Engie CO LTD,0.0009570000000000001
Vanuatu,Wind,UNELCO Engie CO LTD,0.0034
Venezuela,Hydropower,Corporación Eléctrica Nacional SA,16.01
Venezuela,Oil and gas,Corporación Eléctrica Nacional (Venezuela) SA,1.913
Venezuela,Oil and gas,Petróleos de Venezuela SA,0.41960000000000003
Venezuela,Utility-scale solar,Unknown,0.013900000000000001
Vietnam,Bioenergy,Unknown,0.196
Vietnam,Bioenergy,Quang Ngai Sugar Joint Stock Company JSC,0.095
Vietnam,Bioenergy,Thien Y Energy Environmental JSC,0.09
Vietnam,Bioenergy,eRex Co Ltd,0.07
Vietnam,Bioenergy,KCP Ltd,0.03
Vietnam,Bioenergy,China Everbright International Co Ltd,0.012
Vietnam,Coal,Vietnam Electricity LLC,9.088
Vietnam,Coal,PetroVietnam Power Corporation JSC,3.6
Vietnam,Coal,Government of Vietnam,2.169105
Vietnam,Coal,CLP Holdings Ltd,1.32
Vietnam,Coal,Power Generation 3 JSC,1.244
Vietnam,Coal,Malakoff Corporation Bhd,1.2
Vietnam,Coal,Quang Ninh Thermal Power JSC,1.2
Vietnam,Coal,Pha Lai Thermal Power JSC,1.04
Vietnam,Coal,Sumitomo Corp,0.716
Vietnam,Coal,Korea Electric Power Corp,0.66
Vietnam,Coal,Indenelem establishment,0.6324
Vietnam,Coal,China Power Engineering Consulting Group Co Ltd,0.6
Vietnam,Coal,China Southern Power Grid Co Ltd,0.6
Vietnam,Coal,Geleximco Group JSC,0.6
Vietnam,Coal,JAKS Resources Bhd,0.6
Vietnam,Coal,Marubeni Corp,0.528
Vietnam,Coal,POSCO International Corp,0.372
Vietnam,Coal,Aboitiz Power Corp,0.358
Vietnam,Coal,Electricity Generating Authority of Thailand,0.358
Vietnam,Coal,China Investment Corp,0.2356
Vietnam,Coal,Others,1.257385
Vietnam,Hydropower,Vietnam Electricity (EVN),11.447
Vietnam,Hydropower,Vietnam Electricity LLC,1.24366
Vietnam,Hydropower,Unknown,0.397
Vietnam,Hydropower,Nam Chien Hydropower JSC,0.2
Vietnam,Hydropower,PetroVietnam Power Corporation JSC,0.18
Vietnam,Hydropower,Central Hydropower JSC (EVNCHP),0.17
Vietnam,Hydropower,Vinh Son – Song Hinh Hydropower JSC,0.154
Vietnam,Hydropower,Vinacomin Power,0.15
Vietnam,Hydropower,IDICO,0.148
Vietnam,Hydropower,Construction Corporation No.1 Co Ltd,0.144
Vietnam,Hydropower,Ha Do Group,0.143
Vietnam,Hydropower,Hoang Anh Thanh Hoa Hydroelectric JSC,0.14
Vietnam,Hydropower,PV Power,0.125
Vietnam,Hydropower,Thac Ba Hydropower JSC,0.12
Vietnam,Hydropower,Bitexco Group,0.11
Vietnam,Hydropower,Se San 3A Power Investment and Development JSC,0.108
Vietnam,Hydropower,Viet Nam Power Development,0.1
Vietnam,Hydropower,Vietnam Construction Import Export JSC,0.097
Vietnam,Hydropower,Bac Ha Hydropower,0.09
Vietnam,Hydropower,Northern Electronics Development and Investment Co,0.084
Vietnam,Hydropower,Song Da 4,0.084
Vietnam,Hydropower,Others,2.50764
Vietnam,Oil and gas,Power Generation 3 JSC,2.93
Vietnam,Oil and gas,PetroVietnam Power Corporation JSC,2.839
Vietnam,Oil and gas,Vietnam Electricity LLC,2.126
Vietnam,Oil and gas,Vietnam Oil and Gas Group Co,1.5
Vietnam,Oil and gas,The Central Trading & Development Group Corp,0.375
Vietnam,Utility-scale solar,Unknown,5.145631345381527
Vietnam,Utility-scale solar,Super Energy Corporation PCL,1.0074630923694778
Vietnam,Utility-scale solar,Trungnam Group,0.795925
Vietnam,Utility-scale solar,B.Grimm Power PCL,0.6971118353413654
Vietnam,Utility-scale solar,Xuan Thien Group JSC,0.5
Vietnam,Utility-scale solar,Sao Mai Group (ASM),0.40442913654618473
Vietnam,Utility-scale solar,Xuan Cau Co Ltd,0.36335199999999995
Vietnam,Utility-scale solar,Xuan Cau Holdings,0.26413253012048193
Vietnam,Utility-scale solar,Hanwha – Bamboo Capital Group Bang Duong Energy JSC,0.23886831325301205
Vietnam,Utility-scale solar,Xinghai Group,0.23055220883534136
Vietnam,Utility-scale solar,A Chau Industrial Technology JSC,0.212925
Vietnam,Utility-scale solar,ACEN Corp,0.1921831325301205
Vietnam,Utility-scale solar,Loc Ninh 4 Energy JSC,0.1844417670682731
Vietnam,Utility-scale solar,BCG Energy JSC,0.1827
Vietnam,Utility-scale solar,Vietnam Electricity LLC,0.17313
Vietnam,Utility-scale solar,BIM Energy,0.14355
Vietnam,Utility-scale solar,Gulf Development PCL,0.136677
Vietnam,Utility-scale solar,Clean Energy Vision Development JSC,0.12528
Vietnam,Utility-scale solar,Truong Thanh Vietnam Group JSC,0.11850383534136547
Vietnam,Utility-scale solar,Gia Lai Electricity JSC,0.10978534136546185
Vietnam,Utility-scale solar,Tasco Energy JSC,0.10614
Vietnam,Utility-scale solar,Others,3.7602096827309235
Vietnam,Wind,Unknown,2.3163
Vietnam,Wind,Trung Nam Wind Power JSC,0.4
Vietnam,Wind,Trading Construction Works Organization (WTO),0.352
Vietnam,Wind,Trungnam Group,0.298
Vietnam,Wind,AC Energy CORP (ACEN),0.254
Vietnam,Wind,The Blue Circle,0.216
Vietnam,Wind,Gai Lai Electricity JSC (GEC),0.2
Vietnam,Wind,TRE Group,0.2
Vietnam,Wind,Vietnam Electricity LLC,0.127
Vietnam,Wind,AMI Renewables,0.126
Vietnam,Wind,T&T Group,0.124
Vietnam,Wind,Song Lam Investment Hydropower JSC,0.115
Vietnam,Wind,Bac Phuong Energy JSC,0.1
Vietnam,Wind,Phuong Anh International JSC,0.1
Vietnam,Wind,Cong Ly Construction - Trading - Tourism Co Ltd,0.099
Vietnam,Wind,Pacific Group JSC,0.09
Vietnam,Wind,BIM Group,0.088
Vietnam,Wind,Sermsang Power Corporation PLC,0.088
Vietnam,Wind,Power Construction JSC NO 1 (PCC1),0.0864
Vietnam,Wind,Hacom Bac Lieu Energy JSC,0.08
Vietnam,Wind,Thuan Binh Wind Power JSC,0.08
Vietnam,Wind,Others,1.5493000000000001
Virgin Islands (U.S.),Utility-scale solar,Unknown,0.013300000000000001
Virgin Islands (U.S.),Utility-scale solar,Virgin Islands Water and Power Authority,0.011508888888888888
Virgin Islands (U.S.),Utility-scale solar,BMR Energy,0.008236296296296297
Western Sahara,Oil and gas,Office National de l'Electricité et de l'Eau Potable (Morocco),0.072
Western Sahara,Utility-scale solar,ACWA Power Co,0.045675
Western Sahara,Utility-scale solar,MASEN,0.045675
Western Sahara,Utility-scale solar,Unknown,0.0011
Western Sahara,Wind,Moroccan Wind Energy Company (EEM),0.453
Western Sahara,Wind,Office National de l'Electricité et de l'Eau Potable (Morocco),0.3
Western Sahara,Wind,ENGIE SA,0.03
Western Sahara,Wind,Navera Group,0.03
Yemen,Oil and gas,Ministry of Electricity and Energy (Yemen),0.79
Yemen,Oil and gas,Public Electricity Corp,0.7898999999999999
Yemen,Oil and gas,Masila Petroleum Exploration & Production Co,0.264
Yemen,Oil and gas,Sabson Group,0.075
Yemen,Oil and gas,Al-Saadi Group,0.06
Yemen,Oil and gas,Zahid Group,0.054
Yemen,Oil and gas,Unknown,0.05
Yemen,Oil and gas,Jaied MHA Holding FZCO,0.04
Yemen,Oil and gas,Raysut Cement Company SAOG,0.04
Yemen,Utility-scale solar,Unknown,0.1409792857142857
Yemen,Utility-scale solar,Abu Dhabi Future Energy Co,0.055157142857142856
Yemen,Utility-scale solar,Yemen Energy Ministry,0.055157142857142856
Zambia,Bioenergy,Zambia Sugar Co,0.04
Zambia,Coal,Nava Ltd,0.195
Zambia,Coal,ZCCM Investments Holdings PLC,0.105
Zambia,Coal,Dangote Cement PLC,0.03
Zambia,Hydropower,ZESCO Ltd,2.988
Zambia,Hydropower,Tata Africa,0.06
Zambia,Hydropower,Lunsemfwa Hydro,0.03
Zambia,Oil and gas,GL Africa Energy Ltd,0.105
Zambia,Utility-scale solar,Unknown,0.09716683937823835
Zambia,Utility-scale solar,Copperbelt Energy Corporation (CEC),0.08526
Zambia,Utility-scale solar,Axian Energy,0.039933
Zambia,Utility-scale solar,Enel Green Power SpA,0.023663999999999998
Zambia,Utility-scale solar,Solarcentury Africa (SOCA),0.02175
Zambia,Utility-scale solar,Development Corporation of Zambia,0.006577199999999999
Zambia,Utility-scale solar,Industrial Development Corporation of South Africa Ltd,0.005915999999999999
Zimbabwe,Bioenergy,Hippo Valley Estates Ltd,0.039
Zimbabwe,Bioenergy,Triangle Pvt Ltd,0.035
Zimbabwe,Coal,ZESA Holdings Ltd,1.59
Zimbabwe,Coal,Zhongjin Heli Energy Pvt Ltd,0.1
Zimbabwe,Coal,Qualisave Mineral Resources,0.025
Zimbabwe,Coal,Yuxia ZhongXin Coking Co,0.025
Zimbabwe,Coal,TSINGSHAN Holding Group Co Ltd,0.020149999999999998
Zimbabwe,Coal,Unknown,0.01225
Zimbabwe,Coal,Shanghai Decent Investment (Group) Co Ltd,0.01185
Zimbabwe,Coal,Zhejiang Qingshan Business Management Co Ltd,0.00575
Zimbabwe,Hydropower,ZESCO Ltd,1.05
Zimbabwe,Utility-scale solar,New Sahara Ventures,0.013991360103626942
Zimbabwe,Utility-scale solar,National Social Security Authority (Zimbabwe),0.012411690414507771
Zimbabwe,Utility-scale solar,Old Mutual Ltd,0.012411690414507771
Zimbabwe,Utility-scale solar,CrossBoundary Energy (CBE),0.012199999999999999
Zimbabwe,Utility-scale solar,Unknown,0.011679746113989637
Zimbabwe,Utility-scale solar,Masvingo Solar Photovoltaic Company (Private) Limited,0.010832020725388601
Zimbabwe,Utility-scale solar,Solgas (Private) Limited,0.0045133419689119166
Zimbabwe,Utility-scale solar,Distributed Power Africa (DPA),0.004062007772020726
Zimbabwe,Utility-scale solar,E-quator Energy SA,0.003971740932642487
Zimbabwe,Utility-scale solar,Blockpower,0.002346937823834197
Zimbabwe,Utility-scale solar,Riverside Power Station (Private) Limited,0.0022566709844559583
Zimbabwe,Utility-scale solar,Nottingham Estates (Private) Limited,0.0019858704663212436
Zimbabwe,Utility-scale solar,Centragrid (Private) Limited,0.0018053367875647667
Zimbabwe,Utility-scale solar,Taganda Tea Company,0.0016248031088082903
Zimbabwe,Utility-scale solar,Hazedale Enterprises (Private) Limited,0.0009026683937823834
